component_id,relative_path,file_path,class_label,file_extension,split_assigned,file_size_bytes,sha256_hash,width,height,color_mode,aspect_ratio,channels,phash,dhash,is_valid,error_flag,image_format
t0_0001,Testing/glioma/Te-gl_129.jpg,C:\Users\pedro\Desktop\Projeto do TCC\Brain Tumor MRI Dataset\Testing\glioma\Te-gl_129.jpg,glioma,.jpg,test,14885,917cadd5aad4a8288a4f759d4f4a261e66c3187dbace1293b76aa8434b691b37,200,249,RGB,0.8032128514056225,3,d0486fb33d993c26,f1c0b8b8b898c8e0,True,,JPEG
t0_0001,Testing/glioma/Te-gl_303.jpg,C:\Users\pedro\Desktop\Projeto do TCC\Brain Tumor MRI Dataset\Testing\glioma\Te-gl_303.jpg,glioma,.jpg,test,14885,917cadd5aad4a8288a4f759d4f4a261e66c3187dbace1293b76aa8434b691b37,200,249,RGB,0.8032128514056225,3,d0486fb33d993c26,f1c0b8b8b898c8e0,True,,JPEG
t0_0002,Testing/glioma/Te-gl_140.jpg,C:\Users\pedro\Desktop\Projeto do TCC\Brain Tumor MRI Dataset\Testing\glioma\Te-gl_140.jpg,glioma,.jpg,test,52874,75a94d8802948910edc24b520257853ad379e8be91af1393bd6b5092b23e05b1,510,602,RGB,0.8471760797342193,3,91d14b920e2f7d65,f9d89269ec9cd878,True,,JPEG
t0_0002,Testing/glioma/Te-gl_238.jpg,C:\Users\pedro\Desktop\Projeto do TCC\Brain Tumor MRI Dataset\Testing\glioma\Te-gl_238.jpg,glioma,.jpg,test,52874,75a94d8802948910edc24b520257853ad379e8be91af1393bd6b5092b23e05b1,510,602,RGB,0.8471760797342193,3,91d14b920e2f7d65,f9d89269ec9cd878,True,,JPEG
t0_0002,Testing/glioma/Te-gl_76.jpg,C:\Users\pedro\Desktop\Projeto do TCC\Brain Tumor MRI Dataset\Testing\glioma\Te-gl_76.jpg,glioma,.jpg,test,71896,a146b63360e81168b723239f8c7395404d81c5cfdddb1a85feb9df8dfb46f535,564,665,RGB,0.8481203007518797,3,91d14b920e2f7d65,f9d89269ec9cd878,True,,JPEG
t0_0003,Testing/glioma/Te-gl_143.jpg,C:\Users\pedro\Desktop\Projeto do TCC\Brain Tumor MRI Dataset\Testing\glioma\Te-gl_143.jpg,glioma,.jpg,test,14413,8854fba4d018533127553c10ffebacf8d730192cb6f07d957ea5d3fb48421eea,236,298,RGB,0.7919463087248322,3,c5703a836b9f315c,69d4b0e0caeaf071,True,,JPEG
t0_0003,Testing/glioma/Te-gl_72.jpg,C:\Users\pedro\Desktop\Projeto do TCC\Brain Tumor MRI Dataset\Testing\glioma\Te-gl_72.jpg,glioma,.jpg,test,14413,8854fba4d018533127553c10ffebacf8d730192cb6f07d957ea5d3fb48421eea,236,298,RGB,0.7919463087248322,3,c5703a836b9f315c,69d4b0e0caeaf071,True,,JPEG
t0_0004,Testing/glioma/Te-gl_144.jpg,C:\Users\pedro\Desktop\Projeto do TCC\Brain Tumor MRI Dataset\Testing\glioma\Te-gl_144.jpg,glioma,.jpg,test,48294,9240553fcd8fe826ed548984db69d2d0178a14adb7aba345b6e7ba539e15d71f,544,564,RGB,0.9645390070921984,3,95d34a4b6b9d2d84,69dcaabaa8e8d471,True,,JPEG
t0_0004,Testing/glioma/Te-gl_59.jpg,C:\Users\pedro\Desktop\Projeto do TCC\Brain Tumor MRI Dataset\Testing\glioma\Te-gl_59.jpg,glioma,.jpg,test,48294,9240553fcd8fe826ed548984db69d2d0178a14adb7aba345b6e7ba539e15d71f,544,564,RGB,0.9645390070921984,3,95d34a4b6b9d2d84,69dcaabaa8e8d471,True,,JPEG
t0_0005,Testing/glioma/Te-gl_162.jpg,C:\Users\pedro\Desktop\Projeto do TCC\Brain Tumor MRI Dataset\Testing\glioma\Te-gl_162.jpg,glioma,.jpg,test,29836,c0c254d72361be063b495da81e77f92c7c6c8a5d1ba65b724049102be9529488,512,512,RGB,1.0,3,866939656cb173c6,8660c8e4e4ccecf4,True,,JPEG
t0_0005,Testing/glioma/Te-gl_359.jpg,C:\Users\pedro\Desktop\Projeto do TCC\Brain Tumor MRI Dataset\Testing\glioma\Te-gl_359.jpg,glioma,.jpg,test,22382,d9f4b45dbd6b4583a3a2a7f3e080221f0e80be285de21fe7e37bd32b5f5d220e,512,512,RGB,1.0,3,866939656cb173c6,8660c8e4e4ccecf4,True,,JPEG
t0_0006,Testing/glioma/Te-gl_166.jpg,C:\Users\pedro\Desktop\Projeto do TCC\Brain Tumor MRI Dataset\Testing\glioma\Te-gl_166.jpg,glioma,.jpg,test,36100,c3e0dfa4276ce9ec6db117fa83397c51ba751c0031b7ee044b682e34b5a82100,442,426,RGB,1.0375586854460097,3,95c55a0c6b3e6d70,79fcdeca9ef63cd9,True,,JPEG
t0_0006,Testing/glioma/Te-gl_278.jpg,C:\Users\pedro\Desktop\Projeto do TCC\Brain Tumor MRI Dataset\Testing\glioma\Te-gl_278.jpg,glioma,.jpg,test,36100,c3e0dfa4276ce9ec6db117fa83397c51ba751c0031b7ee044b682e34b5a82100,442,426,RGB,1.0375586854460097,3,95c55a0c6b3e6d70,79fcdeca9ef63cd9,True,,JPEG
t0_0007,Testing/glioma/Te-gl_169.jpg,C:\Users\pedro\Desktop\Projeto do TCC\Brain Tumor MRI Dataset\Testing\glioma\Te-gl_169.jpg,glioma,.jpg,test,33403,f39d7632b9967a19ba2c9475f88cfa007f2bf4aa33ea6d8f8ff09d522aadc5bb,512,512,RGB,1.0,3,936c2e7168b47372,b271e8d4dcc8ece0,True,,JPEG
t0_0007,Training/glioma/Tr-gl_1271.jpg,C:\Users\pedro\Desktop\Projeto do TCC\Brain Tumor MRI Dataset\Training\glioma\Tr-gl_1271.jpg,glioma,.jpg,train,25499,598cc0afe5393e23bd2088621622ade0ba7561a309aeb24167bf888dbe41b87e,512,512,RGB,1.0,3,936c2e7168b47372,b271e8d4dcc8ece0,True,,JPEG
t0_0008,Testing/glioma/Te-gl_170.jpg,C:\Users\pedro\Desktop\Projeto do TCC\Brain Tumor MRI Dataset\Testing\glioma\Te-gl_170.jpg,glioma,.jpg,test,37700,36d2f03fd5b0ffd8a3ac1d2fe9f2c3cf4967f82751629676198f774e0ee21a9c,620,415,RGB,1.4939759036144578,3,9a316dcc6c99986d,b069696969796969,True,,JPEG
t0_0008,Testing/glioma/Te-gl_178.jpg,C:\Users\pedro\Desktop\Projeto do TCC\Brain Tumor MRI Dataset\Testing\glioma\Te-gl_178.jpg,glioma,.jpg,test,37700,36d2f03fd5b0ffd8a3ac1d2fe9f2c3cf4967f82751629676198f774e0ee21a9c,620,415,RGB,1.4939759036144578,3,9a316dcc6c99986d,b069696969796969,True,,JPEG
t0_0009,Testing/glioma/Te-gl_171.jpg,C:\Users\pedro\Desktop\Projeto do TCC\Brain Tumor MRI Dataset\Testing\glioma\Te-gl_171.jpg,glioma,.jpg,test,28239,177abe5e79819aaca240e172e350d26a7b6e4d12c1c4c9f5a16c6cbb2e2a650d,310,380,RGB,0.8157894736842105,3,c687053f1abc8fb0,6ccced657568a6f0,True,,JPEG
t0_0009,Testing/glioma/Te-gl_228.jpg,C:\Users\pedro\Desktop\Projeto do TCC\Brain Tumor MRI Dataset\Testing\glioma\Te-gl_228.jpg,glioma,.jpg,test,28239,177abe5e79819aaca240e172e350d26a7b6e4d12c1c4c9f5a16c6cbb2e2a650d,310,380,RGB,0.8157894736842105,3,c687053f1abc8fb0,6ccced657568a6f0,True,,JPEG
t0_0010,Testing/glioma/Te-gl_177.jpg,C:\Users\pedro\Desktop\Projeto do TCC\Brain Tumor MRI Dataset\Testing\glioma\Te-gl_177.jpg,glioma,.jpg,test,25760,192cb19f45e0c2f320174ae32077f828514d07d101a3042b1064776e6bc28cd6,512,512,RGB,1.0,3,96d3396c61c566c9,92f8e8e8e8e4f092,True,,JPEG
t0_0010,Testing/glioma/Te-gl_36.jpg,C:\Users\pedro\Desktop\Projeto do TCC\Brain Tumor MRI Dataset\Testing\glioma\Te-gl_36.jpg,glioma,.jpg,test,25760,192cb19f45e0c2f320174ae32077f828514d07d101a3042b1064776e6bc28cd6,512,512,RGB,1.0,3,96d3396c61c566c9,92f8e8e8e8e4f092,True,,JPEG
t0_0011,Testing/glioma/Te-gl_204.jpg,C:\Users\pedro\Desktop\Projeto do TCC\Brain Tumor MRI Dataset\Testing\glioma\Te-gl_204.jpg,glioma,.jpg,test,13125,9c20281ccdd53888d2ebcecc9c71521ed2431500eb4448e1b63465c050a0e59f,256,256,RGB,1.0,3,931b6e64689939e3,71f8f8f8cceccc71,True,,JPEG
t0_0011,Testing/glioma/Te-gl_259.jpg,C:\Users\pedro\Desktop\Projeto do TCC\Brain Tumor MRI Dataset\Testing\glioma\Te-gl_259.jpg,glioma,.jpg,test,13125,9c20281ccdd53888d2ebcecc9c71521ed2431500eb4448e1b63465c050a0e59f,256,256,RGB,1.0,3,931b6e64689939e3,71f8f8f8cceccc71,True,,JPEG
t0_0012,Testing/glioma/Te-gl_212.jpg,C:\Users\pedro\Desktop\Projeto do TCC\Brain Tumor MRI Dataset\Testing\glioma\Te-gl_212.jpg,glioma,.jpg,test,47089,c711a606ec66e74a2bbe5721727a3deeb2fd9e4b20aa50c99afd65d7dea42541,524,581,RGB,0.9018932874354562,3,d40a51553bc60e7f,f0a661612bb48e8e,True,,JPEG
t0_0012,Testing/glioma/Te-gl_272.jpg,C:\Users\pedro\Desktop\Projeto do TCC\Brain Tumor MRI Dataset\Testing\glioma\Te-gl_272.jpg,glioma,.jpg,test,47089,c711a606ec66e74a2bbe5721727a3deeb2fd9e4b20aa50c99afd65d7dea42541,524,581,RGB,0.9018932874354562,3,d40a51553bc60e7f,f0a661612bb48e8e,True,,JPEG
t0_0012,Testing/glioma/Te-gl_338.jpg,C:\Users\pedro\Desktop\Projeto do TCC\Brain Tumor MRI Dataset\Testing\glioma\Te-gl_338.jpg,glioma,.jpg,test,47089,c711a606ec66e74a2bbe5721727a3deeb2fd9e4b20aa50c99afd65d7dea42541,524,581,RGB,0.9018932874354562,3,d40a51553bc60e7f,f0a661612bb48e8e,True,,JPEG
t0_0013,Testing/glioma/Te-gl_216.jpg,C:\Users\pedro\Desktop\Projeto do TCC\Brain Tumor MRI Dataset\Testing\glioma\Te-gl_216.jpg,glioma,.jpg,test,23156,b054e1575bd5254d904f86d413f93f7ede36b16f01ce8119e060b6f707c6871f,512,512,RGB,1.0,3,ce6c399364ce3319,94f079e0e0e07092,True,,JPEG
t0_0013,Testing/glioma/Te-gl_225.jpg,C:\Users\pedro\Desktop\Projeto do TCC\Brain Tumor MRI Dataset\Testing\glioma\Te-gl_225.jpg,glioma,.jpg,test,16385,6864a3e2f7406bdef32f33aecfeeb19b0a5fe0ac92a6f7b09be01c2ddc255278,512,512,RGB,1.0,3,ce6c399364ce3319,94f079e0e0e07092,True,,JPEG
t0_0014,Testing/glioma/Te-gl_233.jpg,C:\Users\pedro\Desktop\Projeto do TCC\Brain Tumor MRI Dataset\Testing\glioma\Te-gl_233.jpg,glioma,.jpg,test,35688,f99b13c4e56cbca5167f449103b92ca2d7d91c6e7bcd3edb03814ff03dec5a02,512,512,RGB,1.0,3,96493e2d3966387c,70e8d4d4d0c4ec7c,True,,JPEG
t0_0014,Training/glioma/Tr-gl_420.jpg,C:\Users\pedro\Desktop\Projeto do TCC\Brain Tumor MRI Dataset\Training\glioma\Tr-gl_420.jpg,glioma,.jpg,train,27448,37914bc658c50ba2ca1ae4f1a57a8ee9421edcd49159dba28d60212abd3a229b,512,512,RGB,1.0,3,96493e2d3966387c,70e8d4d4d0c4ec7c,True,,JPEG
t0_0015,Testing/glioma/Te-gl_253.jpg,C:\Users\pedro\Desktop\Projeto do TCC\Brain Tumor MRI Dataset\Testing\glioma\Te-gl_253.jpg,glioma,.jpg,test,23480,ae926d6c5e0601d1fd2d452de6eaa3a03b8cb0581d52114a1c0890b7c0a1ca56,512,512,RGB,1.0,3,851e7a6169a167e6,b2f8e4f0cee8d0d4,True,,JPEG
t0_0015,Testing/glioma/Te-gl_85.jpg,C:\Users\pedro\Desktop\Projeto do TCC\Brain Tumor MRI Dataset\Testing\glioma\Te-gl_85.jpg,glioma,.jpg,test,31080,dfe3ba072de070d1d78c367f8facb4680032ff69735adda54f57511090770be2,512,512,RGB,1.0,3,851e7a6169a167e6,b2f8e4f0cee8d0d4,True,,JPEG
t0_0016,Testing/glioma/Te-gl_270.jpg,C:\Users\pedro\Desktop\Projeto do TCC\Brain Tumor MRI Dataset\Testing\glioma\Te-gl_270.jpg,glioma,.jpg,test,38977,c2bd43b2b8cdb63dc5b6d86fa972dbc4d8395278a5e7fac7f1c972f01921a206,512,512,RGB,1.0,3,94633a6b65592567,b974d4f4c6f4f974,True,,JPEG
t0_0016,Testing/glioma/Te-gl_29.jpg,C:\Users\pedro\Desktop\Projeto do TCC\Brain Tumor MRI Dataset\Testing\glioma\Te-gl_29.jpg,glioma,.jpg,test,38977,c2bd43b2b8cdb63dc5b6d86fa972dbc4d8395278a5e7fac7f1c972f01921a206,512,512,RGB,1.0,3,94633a6b65592567,b974d4f4c6f4f974,True,,JPEG
t0_0017,Testing/glioma/Te-gl_299.jpg,C:\Users\pedro\Desktop\Projeto do TCC\Brain Tumor MRI Dataset\Testing\glioma\Te-gl_299.jpg,glioma,.jpg,test,33913,8872585c004347ea73fad063e407998e62786cc8d7a0938ad85792f19a55eb0a,512,512,RGB,1.0,3,96493e27396cf035,70e8d4d4d4ccecf4,True,,JPEG
t0_0017,Testing/glioma/Te-gl_364.jpg,C:\Users\pedro\Desktop\Projeto do TCC\Brain Tumor MRI Dataset\Testing\glioma\Te-gl_364.jpg,glioma,.jpg,test,33913,8872585c004347ea73fad063e407998e62786cc8d7a0938ad85792f19a55eb0a,512,512,RGB,1.0,3,96493e27396cf035,70e8d4d4d4ccecf4,True,,JPEG
t0_0017,Training/glioma/Tr-gl_361.jpg,C:\Users\pedro\Desktop\Projeto do TCC\Brain Tumor MRI Dataset\Training\glioma\Tr-gl_361.jpg,glioma,.jpg,train,25981,90551aa3ecdd39de63e7e0bd299a90ab0f8d542e5b69e57b129cd1742999efa3,512,512,RGB,1.0,3,96493e27396cf035,70e8d4d4d4ccecf4,True,,JPEG
t0_0018,Testing/glioma/Te-gl_311.jpg,C:\Users\pedro\Desktop\Projeto do TCC\Brain Tumor MRI Dataset\Testing\glioma\Te-gl_311.jpg,glioma,.jpg,test,34064,039687b8d459da27d82239679a8b862b07f90393adc5bd0f511a38a0b7baa04f,512,512,RGB,1.0,3,c6493f0f38e53478,71c8c4d0e8ece46c,True,,JPEG
t0_0018,Training/glioma/Tr-gl_1057.jpg,C:\Users\pedro\Desktop\Projeto do TCC\Brain Tumor MRI Dataset\Training\glioma\Tr-gl_1057.jpg,glioma,.jpg,train,26019,dcb8d6cb4496603b7d8757bef29fa39cf1d84a4e5d953b3135d19dbd788b7dff,512,512,RGB,1.0,3,c6493f0f38e53478,71c8c4d0e8ece46c,True,,JPEG
t0_0019,Testing/glioma/Te-gl_32.jpg,C:\Users\pedro\Desktop\Projeto do TCC\Brain Tumor MRI Dataset\Testing\glioma\Te-gl_32.jpg,glioma,.jpg,test,17778,04aa41d8514362877d7f8fd81e543bc8584e4a6ba1ac025c2f37515f32abd9b0,249,238,RGB,1.046218487394958,3,801f157e5bda9a98,68c6abc9494dad9a,True,,JPEG
t0_0019,Testing/glioma/Te-gl_389.jpg,C:\Users\pedro\Desktop\Projeto do TCC\Brain Tumor MRI Dataset\Testing\glioma\Te-gl_389.jpg,glioma,.jpg,test,17778,04aa41d8514362877d7f8fd81e543bc8584e4a6ba1ac025c2f37515f32abd9b0,249,238,RGB,1.046218487394958,3,801f157e5bda9a98,68c6abc9494dad9a,True,,JPEG
t0_0020,Testing/glioma/Te-gl_68.jpg,C:\Users\pedro\Desktop\Projeto do TCC\Brain Tumor MRI Dataset\Testing\glioma\Te-gl_68.jpg,glioma,.jpg,test,12469,7731e42be9ba3453360086cd91b77036dd5cacd848cb1c407887159c71222a7b,236,236,RGB,1.0,3,901a7f616de436a6,79f8f0f0e0c8cce4,True,,JPEG
t0_0020,Testing/meningioma/Te-me_50.jpg,C:\Users\pedro\Desktop\Projeto do TCC\Brain Tumor MRI Dataset\Testing\meningioma\Te-me_50.jpg,meningioma,.jpg,test,9781,189c6dfd75947dadad4abd3daff45ce9d5b1909c9eea812d796eca85896f39e2,225,225,RGB,1.0,3,901a7f616de532a6,79f8f0f0e0c8cce4,True,,JPEG
t0_0020,Testing/meningioma/Te-me_61.jpg,C:\Users\pedro\Desktop\Projeto do TCC\Brain Tumor MRI Dataset\Testing\meningioma\Te-me_61.jpg,meningioma,.jpg,test,33797,b8a42737f41cb71d02cc8f6ea840c15f91ec938639d089be773149eb7cd878a6,554,554,RGB,1.0,3,901a7f616de532a6,79f8f0f0e0c8cce4,True,,JPEG
t0_0020,Testing/meningioma/Te-me_96.jpg,C:\Users\pedro\Desktop\Projeto do TCC\Brain Tumor MRI Dataset\Testing\meningioma\Te-me_96.jpg,meningioma,.jpg,test,34400,ba6bb4c25be87a339ccfda7a83e3d3018a19a9f2d7d53321c9dcf7a41d7134ee,554,554,RGB,1.0,3,901a7f616de436a6,79f8f0f0e0c8cce4,True,,JPEG
t0_0020,Training/meningioma/Tr-me_458.jpg,C:\Users\pedro\Desktop\Projeto do TCC\Brain Tumor MRI Dataset\Training\meningioma\Tr-me_458.jpg,meningioma,.jpg,train,24063,ce8b974baddb2dc8bac4115b3f5c9c3006cd7a0134c3722906ef5c08d3294150,554,554,RGB,1.0,3,901a7f616de436a6,79f8f0f0e0c8cce4,True,,JPEG
t0_0020,Training/meningioma/Tr-me_468.jpg,C:\Users\pedro\Desktop\Projeto do TCC\Brain Tumor MRI Dataset\Training\meningioma\Tr-me_468.jpg,meningioma,.jpg,train,7007,e6ca19cc14a4c5dfaee656165c5b8c93608ab5adb96c354b15fec32fd3249857,225,225,RGB,1.0,3,901a7f616de532a6,79f8f0f0e0c8cce4,True,,JPEG
t0_0020,Training/meningioma/Tr-me_714.jpg,C:\Users\pedro\Desktop\Projeto do TCC\Brain Tumor MRI Dataset\Training\meningioma\Tr-me_714.jpg,meningioma,.jpg,train,23698,1db9c81ca21c0ec3f145865ef84c439d9e3fd951b8478cef6a3a2d31a6e7c5d1,554,554,RGB,1.0,3,901a7f616de532a6,79f8f0f0e0c8cce4,True,,JPEG
t0_0021,Testing/meningioma/Te-aug-me_1.jpg,C:\Users\pedro\Desktop\Projeto do TCC\Brain Tumor MRI Dataset\Testing\meningioma\Te-aug-me_1.jpg,meningioma,.jpg,test,18697,19119b197100eb343eef9eb1899e80a111d35b63e51060c53967a54d3bfacfb8,512,512,RGB,1.0,3,95947aca616b632d,b074c4cad0c87132,True,,JPEG
t0_0021,Training/meningioma/Tr-me_1285.jpg,C:\Users\pedro\Desktop\Projeto do TCC\Brain Tumor MRI Dataset\Training\meningioma\Tr-me_1285.jpg,meningioma,.jpg,train,17654,6c89bce8cc692a0e0e236a6a20ac23254999b2d719cd0b1598fa95005a0271f6,512,512,L,1.0,1,95947aca616b632d,b0f4e4d2d8c871b2,True,,JPEG
t0_0022,Testing/meningioma/Te-aug-me_83.jpg,C:\Users\pedro\Desktop\Projeto do TCC\Brain Tumor MRI Dataset\Testing\meningioma\Te-aug-me_83.jpg,meningioma,.jpg,test,22494,47579f26df36e2f2a4437b6f09f4ea7432a18c17572096c37dccd0aa2b882d4f,512,512,RGB,1.0,3,915e3e706bf06561,397cd2b8dace9cda,True,,JPEG
t0_0022,Training/meningioma/Tr-me_377.jpg,C:\Users\pedro\Desktop\Projeto do TCC\Brain Tumor MRI Dataset\Training\meningioma\Tr-me_377.jpg,meningioma,.jpg,train,27955,26c3f2d84d7fe79a5d0b207b17497b36e23d4141149fb52dbc254a53d2b9a303,512,512,RGB,1.0,3,915e3e706bf06561,397cd0b8daccd8ca,True,,JPEG
t0_0023,Testing/meningioma/Te-me_1.jpg,C:\Users\pedro\Desktop\Projeto do TCC\Brain Tumor MRI Dataset\Testing\meningioma\Te-me_1.jpg,meningioma,.jpg,test,33110,0d788a5156cb295ffdd9eefb5ca7f88a68d6e5e93fbee087d879d37a088c460a,442,442,RGB,1.0,3,d14b3f6c24646ef0,71f8c8c4ccb2aae8,True,,JPEG
t0_0023,Training/meningioma/Tr-me_36.jpg,C:\Users\pedro\Desktop\Projeto do TCC\Brain Tumor MRI Dataset\Training\meningioma\Tr-me_36.jpg,meningioma,.jpg,train,24945,e43e01934b68943651419d25cae4ccea04db2678db91b0e6a257c54732f920f8,442,442,RGB,1.0,3,d14b3f6c24646ef0,71f8c8c4ccb2aae8,True,,JPEG
t0_0024,Testing/meningioma/Te-me_101.jpg,C:\Users\pedro\Desktop\Projeto do TCC\Brain Tumor MRI Dataset\Testing\meningioma\Te-me_101.jpg,meningioma,.jpg,test,18534,32aeabe5bd8a77001d06adbb24a0c1727d110692d91e6a5143251f9719696b58,305,337,RGB,0.9050445103857568,3,91d91b216f656ce4,71f0f0c8d8cccc70,True,,JPEG
t0_0024,Training/meningioma/Tr-me_404.jpg,C:\Users\pedro\Desktop\Projeto do TCC\Brain Tumor MRI Dataset\Training\meningioma\Tr-me_404.jpg,meningioma,.jpg,train,16642,6dd5943d1831c3b133d5e8cbe5a3f87087256db4ac6af3e8878df2a0255efc87,305,337,RGB,0.9050445103857568,3,91d91b216f656ce4,71f0f0c8d8cccc70,True,,JPEG
t0_0025,Testing/meningioma/Te-me_105.jpg,C:\Users\pedro\Desktop\Projeto do TCC\Brain Tumor MRI Dataset\Testing\meningioma\Te-me_105.jpg,meningioma,.jpg,test,18203,935ba7f0696adb99b0bc47bd75e6ae0ae86426d1fb6922dac8b9569ddaea8a16,323,342,RGB,0.9444444444444444,3,907b6be53c9668c2,70e0dcccfcd4c471,True,,JPEG
t0_0025,Training/meningioma/Tr-me_530.jpg,C:\Users\pedro\Desktop\Projeto do TCC\Brain Tumor MRI Dataset\Training\meningioma\Tr-me_530.jpg,meningioma,.jpg,train,15821,c4eae93e7fb065a8f96e0c916bced76f23e218331d5c540451200114f1dc4084,323,342,RGB,0.9444444444444444,3,907b6be53c9668c2,70e0dcccfcd4c471,True,,JPEG
t0_0026,Testing/meningioma/Te-me_109.jpg,C:\Users\pedro\Desktop\Projeto do TCC\Brain Tumor MRI Dataset\Testing\meningioma\Te-me_109.jpg,meningioma,.jpg,test,19826,49123208b118fc9fea58265c4033396e264cbcac373ee2878076baf38aaf412b,239,224,RGB,1.0669642857142858,3,d10b466c9a9fdab0,e082d8589892e4e4,True,,JPEG
t0_0026,Training/meningioma/Tr-me_877.jpg,C:\Users\pedro\Desktop\Projeto do TCC\Brain Tumor MRI Dataset\Training\meningioma\Tr-me_877.jpg,meningioma,.jpg,train,17800,4dee52eb749d6ef80648eb84b951b084a60543ad6e60e878bfb8c5d5dcfab4bd,239,224,RGB,1.0669642857142858,3,d10b466c9a9fdab0,e082d8589892e4e4,True,,JPEG
t0_0027,Testing/meningioma/Te-me_111.jpg,C:\Users\pedro\Desktop\Projeto do TCC\Brain Tumor MRI Dataset\Testing\meningioma\Te-me_111.jpg,meningioma,.jpg,test,23802,d42c2063d877d317380155375c55a3f736e1202e404cbfa0d4507bef3350f4e3,290,342,RGB,0.847953216374269,3,811e63e81eb50fe9,70e0cec4b2aa8acc,True,,JPEG
t0_0027,Testing/meningioma/Te-me_174.jpg,C:\Users\pedro\Desktop\Projeto do TCC\Brain Tumor MRI Dataset\Testing\meningioma\Te-me_174.jpg,meningioma,.jpg,test,23465,fb2b0e33367c6b46c5aee62ff7fa335a1cd7f185792e84090f8a62e722d91d8b,290,339,RGB,0.855457227138643,3,811e63e81eb50bf9,70e0cec4b2aa8acc,True,,JPEG
t0_0027,Training/meningioma/Tr-me_110.jpg,C:\Users\pedro\Desktop\Projeto do TCC\Brain Tumor MRI Dataset\Training\meningioma\Tr-me_110.jpg,meningioma,.jpg,train,20927,7e93bc227b48e72c38365bbc077e3ac58b5be977cce4a752e09df9f1402c22fb,290,339,RGB,0.855457227138643,3,811e63e81eb50bf9,70e0cec4b2aa8acc,True,,JPEG
t0_0027,Training/meningioma/Tr-me_865.jpg,C:\Users\pedro\Desktop\Projeto do TCC\Brain Tumor MRI Dataset\Training\meningioma\Tr-me_865.jpg,meningioma,.jpg,train,21232,eb9fb089c64c264e1b69fa99df94d15eaeea7fe1e1abf02067a54bb2c7831900,290,342,RGB,0.847953216374269,3,811e63e81eb50fe9,70e0cec4b2aa8acc,True,,JPEG
t0_0028,Testing/meningioma/Te-me_113.jpg,C:\Users\pedro\Desktop\Projeto do TCC\Brain Tumor MRI Dataset\Testing\meningioma\Te-me_113.jpg,meningioma,.jpg,test,22020,39cabdc25d698ca1fbb4db79efa72184c0f92d854c553ee098d74ccbcfa38fef,257,307,RGB,0.8371335504885994,3,91d141921e2f7e6d,f9d802696cdcdcf8,True,,JPEG
t0_0028,Training/meningioma/Tr-me_962.jpg,C:\Users\pedro\Desktop\Projeto do TCC\Brain Tumor MRI Dataset\Training\meningioma\Tr-me_962.jpg,meningioma,.jpg,train,20242,560ac96dc3f7ab9c6b84af2cb3f6a4a7f510b75e865bafeaa95f705992846861,257,307,RGB,0.8371335504885994,3,91d141921e2f7e6d,f9d802696cdcdcf8,True,,JPEG
t0_0029,Testing/meningioma/Te-me_116.jpg,C:\Users\pedro\Desktop\Projeto do TCC\Brain Tumor MRI Dataset\Testing\meningioma\Te-me_116.jpg,meningioma,.jpg,test,37473,86847c6a4729a4b19bf1b3f58905c68812c6f75ea680c0ccb1621b94e165d16f,455,500,RGB,0.91,3,c4736ead39cc3984,69e8e0e0d0e4e070,True,,JPEG
t0_0029,Testing/meningioma/Te-me_235.jpg,C:\Users\pedro\Desktop\Projeto do TCC\Brain Tumor MRI Dataset\Testing\meningioma\Te-me_235.jpg,meningioma,.jpg,test,37473,86847c6a4729a4b19bf1b3f58905c68812c6f75ea680c0ccb1621b94e165d16f,455,500,RGB,0.91,3,c4736ead39cc3984,69e8e0e0d0e4e070,True,,JPEG
t0_0029,Training/meningioma/Tr-me_339.jpg,C:\Users\pedro\Desktop\Projeto do TCC\Brain Tumor MRI Dataset\Training\meningioma\Tr-me_339.jpg,meningioma,.jpg,train,26281,24f09f91af40e42f2798bbc29df353ce17e6a0c0b533fb923b2fa8f75df6b496,455,500,RGB,0.91,3,c4736ead39cc3984,69e8e0e0d0e4e070,True,,JPEG
t0_0029,Training/meningioma/Tr-me_534.jpg,C:\Users\pedro\Desktop\Projeto do TCC\Brain Tumor MRI Dataset\Training\meningioma\Tr-me_534.jpg,meningioma,.jpg,train,26281,24f09f91af40e42f2798bbc29df353ce17e6a0c0b533fb923b2fa8f75df6b496,455,500,RGB,0.91,3,c4736ead39cc3984,69e8e0e0d0e4e070,True,,JPEG
t0_0029,Training/meningioma/Tr-me_86.jpg,C:\Users\pedro\Desktop\Projeto do TCC\Brain Tumor MRI Dataset\Training\meningioma\Tr-me_86.jpg,meningioma,.jpg,train,26281,24f09f91af40e42f2798bbc29df353ce17e6a0c0b533fb923b2fa8f75df6b496,455,500,RGB,0.91,3,c4736ead39cc3984,69e8e0e0d0e4e070,True,,JPEG
t0_0030,Testing/meningioma/Te-me_117.jpg,C:\Users\pedro\Desktop\Projeto do TCC\Brain Tumor MRI Dataset\Testing\meningioma\Te-me_117.jpg,meningioma,.jpg,test,12968,776c01ae38336a0f10e1f54fc77e2f307a60c904daaf11713015db72378c54f8,209,241,RGB,0.8672199170124482,3,c1c33e3866c33b69,69d4d0c8c8f8f861,True,,JPEG
t0_0030,Training/meningioma/Tr-me_846.jpg,C:\Users\pedro\Desktop\Projeto do TCC\Brain Tumor MRI Dataset\Training\meningioma\Tr-me_846.jpg,meningioma,.jpg,train,9616,f1871bee9eb8abe560678ed1f1242f4b1e92dc78b99b183e9ac69ad7f147f8f4,209,241,RGB,0.8672199170124482,3,c1c33e3866c33b69,69d4d0c8c8f8f861,True,,JPEG
t0_0031,Testing/meningioma/Te-me_121.jpg,C:\Users\pedro\Desktop\Projeto do TCC\Brain Tumor MRI Dataset\Testing\meningioma\Te-me_121.jpg,meningioma,.jpg,test,11810,6a86bd97e2f696c93ab917bef8d9bf7ed7d151237e3bc437aedb265b793c0697,216,216,RGB,1.0,3,c13e1ee16a3479e1,71e0e8c8c88ae4f0,True,,JPEG
t0_0031,Training/meningioma/Tr-me_706.jpg,C:\Users\pedro\Desktop\Projeto do TCC\Brain Tumor MRI Dataset\Training\meningioma\Tr-me_706.jpg,meningioma,.jpg,train,8563,8ae6b462e807908c4ee9ed56dfedef1c5e0151e543d820be29803cd56e4c38ba,216,216,RGB,1.0,3,c13e1ee16a3479e1,71e0e8c8c88ae4f0,True,,JPEG
t0_0032,Testing/meningioma/Te-me_125.jpg,C:\Users\pedro\Desktop\Projeto do TCC\Brain Tumor MRI Dataset\Testing\meningioma\Te-me_125.jpg,meningioma,.jpg,test,42636,49c810e7ddca052ccb178d3cdd4cec11a9f80f06e091d0672fcb522a0b7fea47,480,480,RGB,1.0,3,c3b82fc218e6659b,cde8e8e8c0c0c0e1,True,,JPEG
t0_0032,Training/meningioma/Tr-me_1282.jpg,C:\Users\pedro\Desktop\Projeto do TCC\Brain Tumor MRI Dataset\Training\meningioma\Tr-me_1282.jpg,meningioma,.jpg,train,33754,5186f1029b7a4afa09dd8160cc196617d6950e8230e164e73598263736be95b2,480,480,RGB,1.0,3,c3b82fc218e6659b,cde8e8e8c0c4c0e1,True,,JPEG
t0_0033,Testing/meningioma/Te-me_126.jpg,C:\Users\pedro\Desktop\Projeto do TCC\Brain Tumor MRI Dataset\Testing\meningioma\Te-me_126.jpg,meningioma,.jpg,test,18058,15a557c6c92879340272c82ea514712faecbccf15b3f08c9070040b8e685d66f,200,236,RGB,0.847457627118644,3,8ffc544c0ef2c313,b6b649696949b2d4,True,,JPEG
t0_0033,Training/meningioma/Tr-me_845.jpg,C:\Users\pedro\Desktop\Projeto do TCC\Brain Tumor MRI Dataset\Training\meningioma\Tr-me_845.jpg,meningioma,.jpg,train,13451,699fa8d35abf23b9730f03bf92107d3414ce08bd874546a16825a3d5c4724f0c,200,236,RGB,0.847457627118644,3,8ffc544c0ef2c313,b6b649696949b2d4,True,,JPEG
t0_0034,Testing/meningioma/Te-me_137.jpg,C:\Users\pedro\Desktop\Projeto do TCC\Brain Tumor MRI Dataset\Testing\meningioma\Te-me_137.jpg,meningioma,.jpg,test,12529,960bb35fb0e7a91fba080e7b48cf93de2f16cec883d25c2579c0d170dc599b20,212,237,RGB,0.8945147679324894,3,91c21e976ecb4b8c,c8dccac8ecd8f8f0,True,,JPEG
t0_0034,Training/meningioma/Tr-me_666.jpg,C:\Users\pedro\Desktop\Projeto do TCC\Brain Tumor MRI Dataset\Training\meningioma\Tr-me_666.jpg,meningioma,.jpg,train,9272,5cb7df105e6f8ded5c798d540089ec9e5170b068992d8451881f872bcd46c41c,212,237,RGB,0.8945147679324894,3,91c21e976ecb4b8c,c8dccac8ecd8f8f0,True,,JPEG
t0_0035,Testing/meningioma/Te-me_138.jpg,C:\Users\pedro\Desktop\Projeto do TCC\Brain Tumor MRI Dataset\Testing\meningioma\Te-me_138.jpg,meningioma,.jpg,test,10120,8238d1f576cd9a0d6fb599baa2dec1f08b8d9355412d1cf91db367a8729da07f,226,214,RGB,1.0560747663551402,3,950a76796ae06b35,b97cdce4fa9a8eec,True,,JPEG
t0_0035,Training/meningioma/Tr-me_557.jpg,C:\Users\pedro\Desktop\Projeto do TCC\Brain Tumor MRI Dataset\Training\meningioma\Tr-me_557.jpg,meningioma,.jpg,train,7285,c8f4e6c756ce13736de8efe827079034e0265bd4dc9379f194c819c90dee49e1,226,214,RGB,1.0560747663551402,3,950a76796ae06b35,b97cdce4fa9a8eec,True,,JPEG
t0_0036,Testing/meningioma/Te-me_149.jpg,C:\Users\pedro\Desktop\Projeto do TCC\Brain Tumor MRI Dataset\Testing\meningioma\Te-me_149.jpg,meningioma,.jpg,test,8844,bb624454b04721a0bfe7e06c9bd2288c233f848603d9ae719ba2b052f530634a,225,225,RGB,1.0,3,9b986c6666499b95,b0f0f0f0e8e8f0b2,True,,JPEG
t0_0036,Training/meningioma/Tr-me_960.jpg,C:\Users\pedro\Desktop\Projeto do TCC\Brain Tumor MRI Dataset\Training\meningioma\Tr-me_960.jpg,meningioma,.jpg,train,6348,3e4fe94fcd8a70b5c029f7ea855604275ce818be383392b41ed37fb578678598,225,225,RGB,1.0,3,9b986c6666499b95,b0f0f0f0e8e8f0b2,True,,JPEG
t0_0037,Testing/meningioma/Te-me_152.jpg,C:\Users\pedro\Desktop\Projeto do TCC\Brain Tumor MRI Dataset\Testing\meningioma\Te-me_152.jpg,meningioma,.jpg,test,14692,c88bc40e0c589e1ea9b44de21425d12e602dd8d9a46378cac609f9867acacd0a,512,512,L,1.0,1,c23b2de074e336cc,82f0e8ccf4d4e172,True,,JPEG
t0_0037,Training/meningioma/Tr-me_586.jpg,C:\Users\pedro\Desktop\Projeto do TCC\Brain Tumor MRI Dataset\Training\meningioma\Tr-me_586.jpg,meningioma,.jpg,train,15653,ba26d02f1509302942f95c700fe0d657c70c029888020dd1aab74385a75087be,512,512,L,1.0,1,c23b2de074e336cc,82b068ccf4d4e1b2,True,,JPEG
t0_0038,Testing/meningioma/Te-me_156.jpg,C:\Users\pedro\Desktop\Projeto do TCC\Brain Tumor MRI Dataset\Testing\meningioma\Te-me_156.jpg,meningioma,.jpg,test,37660,85810ba8cb4b872c9b258e404db14581906135c54f678bc4ea4d8c706f8530af,341,377,RGB,0.9045092838196288,3,8b5a746e09ba6678,69d4e871534529ce,True,,JPEG
t0_0038,Training/meningioma/Tr-me_957.jpg,C:\Users\pedro\Desktop\Projeto do TCC\Brain Tumor MRI Dataset\Training\meningioma\Tr-me_957.jpg,meningioma,.jpg,train,34435,e4fcd381c28ede0f3199c3968f487571669726be146fe0ff4daa2a6716858a8a,341,377,RGB,0.9045092838196288,3,8b5a746e09ba6678,69d4e871534529ce,True,,JPEG
t0_0039,Testing/meningioma/Te-me_157.jpg,C:\Users\pedro\Desktop\Projeto do TCC\Brain Tumor MRI Dataset\Testing\meningioma\Te-me_157.jpg,meningioma,.jpg,test,26991,5c6da12069abad1ea0d958b7cbeec5b4ebed459dc9b1f2177246cc4e597b0b4b,366,395,RGB,0.9265822784810128,3,d11b136e646e6cb4,71d8f8eab433a88e,True,,JPEG
t0_0039,Testing/meningioma/Te-me_230.jpg,C:\Users\pedro\Desktop\Projeto do TCC\Brain Tumor MRI Dataset\Testing\meningioma\Te-me_230.jpg,meningioma,.jpg,test,26971,eadc6dd552a21452ea3a1f171e62f805c6f66927d6f8670961aac7e9495ded81,367,395,RGB,0.9291139240506328,3,d11b136e646e6cb4,71d8f8eab433a88e,True,,JPEG
t0_0039,Training/meningioma/Tr-me_1044.jpg,C:\Users\pedro\Desktop\Projeto do TCC\Brain Tumor MRI Dataset\Training\meningioma\Tr-me_1044.jpg,meningioma,.jpg,train,19476,45938b1b529e1075b171d940aabb0388b4f863984ab96af7879025f0b31a668c,366,395,RGB,0.9265822784810128,3,d11b136e646e6cb4,71d8f8eab433a88e,True,,JPEG
t0_0039,Training/meningioma/Tr-me_238.jpg,C:\Users\pedro\Desktop\Projeto do TCC\Brain Tumor MRI Dataset\Training\meningioma\Tr-me_238.jpg,meningioma,.jpg,train,19460,ad80fb721b5d5ee5b77ff2e29e3473a54db92a5004c7de810fe1353e89a65d33,367,395,RGB,0.9291139240506328,3,d11b136e646e6cb4,71d8f8eab433a88e,True,,JPEG
t0_0040,Testing/meningioma/Te-me_158.jpg,C:\Users\pedro\Desktop\Projeto do TCC\Brain Tumor MRI Dataset\Testing\meningioma\Te-me_158.jpg,meningioma,.jpg,test,12162,024bdc364dc642a401ddca2ba91863d0f07055ed69594942b24d5f9724e2d737,215,220,RGB,0.9772727272727272,3,926d459369a4b36b,aaccce2b795cfc92,True,,JPEG
t0_0040,Training/meningioma/Tr-me_1194.jpg,C:\Users\pedro\Desktop\Projeto do TCC\Brain Tumor MRI Dataset\Training\meningioma\Tr-me_1194.jpg,meningioma,.jpg,train,8803,49e13da805572838ee86f2e79b5bd620bf5d1284c62b70cc96599aeb01f115ff,215,220,RGB,0.9772727272727272,3,926d459369a4b36b,aaccce2b795cfc92,True,,JPEG
t0_0041,Testing/meningioma/Te-me_159.jpg,C:\Users\pedro\Desktop\Projeto do TCC\Brain Tumor MRI Dataset\Testing\meningioma\Te-me_159.jpg,meningioma,.jpg,test,28301,6f41b1588a32f33ec72b5d3a277d2a84a3bbc7b030b50dd54b3733f75653e926,300,345,RGB,0.8695652173913043,3,c0643b6f3cb070cf,3251d4b2b2f0cc79,True,,JPEG
t0_0041,Training/meningioma/Tr-me_1122.jpg,C:\Users\pedro\Desktop\Projeto do TCC\Brain Tumor MRI Dataset\Training\meningioma\Tr-me_1122.jpg,meningioma,.jpg,train,24340,faf979dc936e8bdda191a2af8b4790136ff54f4e9a3319ffaa9f06a3c8216b17,300,345,RGB,0.8695652173913043,3,c0643b6f3cb070cf,3251d4b2b2f0cc79,True,,JPEG
t0_0042,Testing/meningioma/Te-me_162.jpg,C:\Users\pedro\Desktop\Projeto do TCC\Brain Tumor MRI Dataset\Testing\meningioma\Te-me_162.jpg,meningioma,.jpg,test,9937,b328f1679bf050f684a0a1f3b33805551b2ad2858a604308dee607c4643b3571,201,251,RGB,0.8007968127490039,3,910666bb9acc6fb0,69ccf2b0795396f0,True,,JPEG
t0_0042,Training/meningioma/Tr-me_758.jpg,C:\Users\pedro\Desktop\Projeto do TCC\Brain Tumor MRI Dataset\Training\meningioma\Tr-me_758.jpg,meningioma,.jpg,train,7177,301c9f4242d3f7208d7099e307f6de9865b31d6b9d6d71a76e52344e9b84e90e,201,251,RGB,0.8007968127490039,3,910666bb9acc6fb0,69ccf2b0795396f0,True,,JPEG
t0_0043,Testing/meningioma/Te-me_165.jpg,C:\Users\pedro\Desktop\Projeto do TCC\Brain Tumor MRI Dataset\Testing\meningioma\Te-me_165.jpg,meningioma,.jpg,test,32492,b981ea69aea30d8a852c1eed9f64a190a101c6f2b9b1d26b16d0864251d5ecb9,402,396,RGB,1.0151515151515151,3,c50a1fdd2a1e2af8,74deaaab9296444e,True,,JPEG
t0_0043,Training/meningioma/Tr-me_1112.jpg,C:\Users\pedro\Desktop\Projeto do TCC\Brain Tumor MRI Dataset\Training\meningioma\Tr-me_1112.jpg,meningioma,.jpg,train,23295,fad1650afc5dc5512c9215f9f48dc1008498bba45510289e6df9922b120dcae7,402,396,RGB,1.0151515151515151,3,c50a1fdd2a1e2af8,74deaaab9296444e,True,,JPEG
t0_0044,Testing/meningioma/Te-me_167.jpg,C:\Users\pedro\Desktop\Projeto do TCC\Brain Tumor MRI Dataset\Testing\meningioma\Te-me_167.jpg,meningioma,.jpg,test,12380,0b2a2b578be6b8a5a897047a580f4c331a4ce7999585866bb41e22e46c536cd2,200,223,RGB,0.8968609865470852,3,80375f693ab07c65,71d48e8d8b86d070,True,,JPEG
t0_0044,Training/meningioma/Tr-me_239.jpg,C:\Users\pedro\Desktop\Projeto do TCC\Brain Tumor MRI Dataset\Training\meningioma\Tr-me_239.jpg,meningioma,.jpg,train,9268,96c69ebadfc6c5a736937c6bdf11983ebf111d0cd9f738b1c1aafa96dc61f551,200,223,RGB,0.8968609865470852,3,80375f693ab07c65,71d48e8d8b86d070,True,,JPEG
t0_0045,Testing/meningioma/Te-me_171.jpg,C:\Users\pedro\Desktop\Projeto do TCC\Brain Tumor MRI Dataset\Testing\meningioma\Te-me_171.jpg,meningioma,.jpg,test,24340,ea3bd80a786c4d44d3ed6c16fdcfd829fa7045d0227c623dc3ee1ef86f7adb39,306,306,RGB,1.0,3,c439594f3a6aca39,70c8ccccece0eac4,True,,JPEG
t0_0045,Training/meningioma/Tr-me_453.jpg,C:\Users\pedro\Desktop\Projeto do TCC\Brain Tumor MRI Dataset\Training\meningioma\Tr-me_453.jpg,meningioma,.jpg,train,18781,80dc72314701e8e722242e0e012c4c67f3a6d38b61138a9a01e251ae779190a4,306,306,RGB,1.0,3,c439594f3a6aca39,70c8ccccece0eac4,True,,JPEG
t0_0046,Testing/meningioma/Te-me_175.jpg,C:\Users\pedro\Desktop\Projeto do TCC\Brain Tumor MRI Dataset\Testing\meningioma\Te-me_175.jpg,meningioma,.jpg,test,13775,ce9682cf32ab75a300537fc7170a731c536079308142e167d949634b29034aec,212,238,RGB,0.8907563025210085,3,c04fc00b1b3f3fa5,e1a4a229f331ae8e,True,,JPEG
t0_0046,Training/meningioma/Tr-me_737.jpg,C:\Users\pedro\Desktop\Projeto do TCC\Brain Tumor MRI Dataset\Training\meningioma\Tr-me_737.jpg,meningioma,.jpg,train,10355,9baac7589f86296c10c7ba8cc026cd6f975fea93d53a82991baff3fee28af182,212,238,RGB,0.8907563025210085,3,c04fc00b1b3f3fa5,e1a4a229f331ae8e,True,,JPEG
t0_0047,Testing/meningioma/Te-me_179.jpg,C:\Users\pedro\Desktop\Projeto do TCC\Brain Tumor MRI Dataset\Testing\meningioma\Te-me_179.jpg,meningioma,.jpg,test,28353,f55311fb8ccf1b86450233262bd00b176bd1c404e5849b59c0a3cd5e4440626b,341,395,RGB,0.8632911392405064,3,c50c115b4e3f7ce2,d4c8a4c5c802ceca,True,,JPEG
t0_0047,Testing/meningioma/Te-me_198.jpg,C:\Users\pedro\Desktop\Projeto do TCC\Brain Tumor MRI Dataset\Testing\meningioma\Te-me_198.jpg,meningioma,.jpg,test,28353,f55311fb8ccf1b86450233262bd00b176bd1c404e5849b59c0a3cd5e4440626b,341,395,RGB,0.8632911392405064,3,c50c115b4e3f7ce2,d4c8a4c5c802ceca,True,,JPEG
t0_0047,Training/meningioma/Tr-me_432.jpg,C:\Users\pedro\Desktop\Projeto do TCC\Brain Tumor MRI Dataset\Training\meningioma\Tr-me_432.jpg,meningioma,.jpg,train,25923,e2c7bc9c2d735e5b584b329f5cda1aec1f2415b2972c4aa8efc8d0a61e61b280,341,395,RGB,0.8632911392405064,3,c50c115b4e3f7ce2,d4c8a4c5c802ceca,True,,JPEG
t0_0047,Training/meningioma/Tr-me_561.jpg,C:\Users\pedro\Desktop\Projeto do TCC\Brain Tumor MRI Dataset\Training\meningioma\Tr-me_561.jpg,meningioma,.jpg,train,25923,e2c7bc9c2d735e5b584b329f5cda1aec1f2415b2972c4aa8efc8d0a61e61b280,341,395,RGB,0.8632911392405064,3,c50c115b4e3f7ce2,d4c8a4c5c802ceca,True,,JPEG
t0_0048,Testing/meningioma/Te-me_18.jpg,C:\Users\pedro\Desktop\Projeto do TCC\Brain Tumor MRI Dataset\Testing\meningioma\Te-me_18.jpg,meningioma,.jpg,test,12491,cdc4d724a668388abc3657213ea91c3e8d849b2c7e155dc4676ca38a4396b618,204,249,RGB,0.8192771084337349,3,844e46ef3b313b31,60f4b22921a296f0,True,,JPEG
t0_0048,Training/meningioma/Tr-me_331.jpg,C:\Users\pedro\Desktop\Projeto do TCC\Brain Tumor MRI Dataset\Training\meningioma\Tr-me_331.jpg,meningioma,.jpg,train,11006,7cfaba22355b770b309b9e019fb8a86ad4e3f22f16c00b6c003940435bb8a913,204,249,RGB,0.8192771084337349,3,844e46ef3b313b31,60f4b22921a296f0,True,,JPEG
t0_0049,Testing/meningioma/Te-me_180.jpg,C:\Users\pedro\Desktop\Projeto do TCC\Brain Tumor MRI Dataset\Testing\meningioma\Te-me_180.jpg,meningioma,.jpg,test,15038,20c540c392630d5bba27c8a6c47a1933df2a9803135b061ef80652904e810432,200,235,RGB,0.851063829787234,3,954a4a97164f7f18,ecac2b6edccefad4,True,,JPEG
t0_0049,Training/meningioma/Tr-me_616.jpg,C:\Users\pedro\Desktop\Projeto do TCC\Brain Tumor MRI Dataset\Training\meningioma\Tr-me_616.jpg,meningioma,.jpg,train,13746,e29bcad3a9669e308de687b578cb0b414b4fd17020fc63b1f350b06026337139,200,235,RGB,0.851063829787234,3,954a4a97164f7f18,ecac2b6edccefad4,True,,JPEG
t0_0050,Testing/meningioma/Te-me_182.jpg,C:\Users\pedro\Desktop\Projeto do TCC\Brain Tumor MRI Dataset\Testing\meningioma\Te-me_182.jpg,meningioma,.jpg,test,10232,ad1982ac07eb702eb985f1e22e322cb353e24b8313cce4e5655acd8302837e04,210,240,RGB,0.875,3,901b1ef86ae5698d,79e8c6aaba92d474,True,,JPEG
t0_0050,Testing/meningioma/Te-me_45.jpg,C:\Users\pedro\Desktop\Projeto do TCC\Brain Tumor MRI Dataset\Testing\meningioma\Te-me_45.jpg,meningioma,.jpg,test,7624,f813b3d84d164a5b7e87174946eb5c7acaae34e62b480bb31bcb0d6d518986b1,210,240,RGB,0.875,3,901b1ef86ae5698d,79e8c6aaba92d474,True,,JPEG
t0_0051,Testing/meningioma/Te-me_184.jpg,C:\Users\pedro\Desktop\Projeto do TCC\Brain Tumor MRI Dataset\Testing\meningioma\Te-me_184.jpg,meningioma,.jpg,test,27770,065838e8c921af9cd741387fc62a1caf696e46c11fe15ac6ef95982cc9b74dee,374,370,RGB,1.0108108108108107,3,c7441b3b4cc36d71,71cce0e0aa4f4973,True,,JPEG
t0_0051,Training/meningioma/Tr-me_19.jpg,C:\Users\pedro\Desktop\Projeto do TCC\Brain Tumor MRI Dataset\Training\meningioma\Tr-me_19.jpg,meningioma,.jpg,train,24585,9c8572b3fb29d4a2467cdd2a8ef06efadb3430358234296b9e3e9fd6d8b31a0f,374,370,RGB,1.0108108108108107,3,c7441b3b4cc36d71,71cce0e0aa4f4973,True,,JPEG
t0_0052,Testing/meningioma/Te-me_187.jpg,C:\Users\pedro\Desktop\Projeto do TCC\Brain Tumor MRI Dataset\Testing\meningioma\Te-me_187.jpg,meningioma,.jpg,test,27186,9cae4b313ce3331190a0d872b36cd7b023737156a29c681e13ef9384828478f9,304,410,RGB,0.7414634146341463,3,91b34e4c3d9d6ce0,61cc8c189cc6d071,True,,JPEG
t0_0052,Training/meningioma/Tr-me_52.jpg,C:\Users\pedro\Desktop\Projeto do TCC\Brain Tumor MRI Dataset\Training\meningioma\Tr-me_52.jpg,meningioma,.jpg,train,24297,ac3b5057b4ed5d49532b1a442243bdb6cc9e5ccf417421c0a0fbf7478a50c504,304,410,RGB,0.7414634146341463,3,91b34e4c3d9d6ce0,61cc8c189cc6d071,True,,JPEG
t0_0053,Testing/meningioma/Te-me_19.jpg,C:\Users\pedro\Desktop\Projeto do TCC\Brain Tumor MRI Dataset\Testing\meningioma\Te-me_19.jpg,meningioma,.jpg,test,27286,560108cf47bf68a25d59b30642274cf8a2eef0596e6ce275e878652c3ab65f0d,341,372,RGB,0.9166666666666666,3,c4270ff80fc46cc7,e0ccce92b284c4f1,True,,JPEG
t0_0053,Training/meningioma/Tr-me_771.jpg,C:\Users\pedro\Desktop\Projeto do TCC\Brain Tumor MRI Dataset\Training\meningioma\Tr-me_771.jpg,meningioma,.jpg,train,24718,62de21ad35edc274140c0f364d02f6e9117af8dc98e56e344bce8b219657197b,341,372,RGB,0.9166666666666666,3,c4270ff80fc46cc7,e0ccce92b284c4f1,True,,JPEG
t0_0054,Testing/meningioma/Te-me_190.jpg,C:\Users\pedro\Desktop\Projeto do TCC\Brain Tumor MRI Dataset\Testing\meningioma\Te-me_190.jpg,meningioma,.jpg,test,12043,bbc7b2a45a317370ec1115cf902927adfcb71d569c1cf413fc4d1fd68fcdb763,212,237,RGB,0.8945147679324894,3,90764f6932cd6d32,71f0c0acccd2f0f8,True,,JPEG
t0_0054,Training/meningioma/Tr-me_472.jpg,C:\Users\pedro\Desktop\Projeto do TCC\Brain Tumor MRI Dataset\Training\meningioma\Tr-me_472.jpg,meningioma,.jpg,train,8791,bd694839a7b18d8a031c43a2e76ea7603925ba43ac1349cf094d88e8c76ded6a,212,237,RGB,0.8945147679324894,3,90764f6932cd6d32,71f0c0acccd2f0f8,True,,JPEG
t0_0055,Testing/meningioma/Te-me_195.jpg,C:\Users\pedro\Desktop\Projeto do TCC\Brain Tumor MRI Dataset\Testing\meningioma\Te-me_195.jpg,meningioma,.jpg,test,12137,cf13d1ba3994cea11a9c3ff8df2934c324f15b393c6aadc20235c2eaa784ac9a,238,212,RGB,1.1226415094339623,3,d57b404730cbc38f,ccb249333266628e,True,,JPEG
t0_0055,Training/meningioma/Tr-me_3.jpg,C:\Users\pedro\Desktop\Projeto do TCC\Brain Tumor MRI Dataset\Training\meningioma\Tr-me_3.jpg,meningioma,.jpg,train,8445,2f8546e485b635df17caf0595ffc29c1db3d87aaddc2681b8d6b6caa85ffd515,238,212,RGB,1.1226415094339623,3,d57b404730cbc38f,ccb249333266628e,True,,JPEG
t0_0056,Testing/meningioma/Te-me_197.jpg,C:\Users\pedro\Desktop\Projeto do TCC\Brain Tumor MRI Dataset\Testing\meningioma\Te-me_197.jpg,meningioma,.jpg,test,33987,d2e28f585c7aec0c59898578a258d64189c62a1845bde369407e3766b648d868,442,442,RGB,1.0,3,953b6a3c25e4708f,0778d8e6feb4a2c6,True,,JPEG
t0_0056,Training/meningioma/Tr-me_437.jpg,C:\Users\pedro\Desktop\Projeto do TCC\Brain Tumor MRI Dataset\Training\meningioma\Tr-me_437.jpg,meningioma,.jpg,train,26037,edaff90338db46c64d17412392dc68cd9493db0ebc3211c51a93021baa25ef09,442,442,RGB,1.0,3,953b6a3c25e4708f,0778d8e6feb4a2c6,True,,JPEG
t0_0057,Testing/meningioma/Te-me_2.jpg,C:\Users\pedro\Desktop\Projeto do TCC\Brain Tumor MRI Dataset\Testing\meningioma\Te-me_2.jpg,meningioma,.jpg,test,20735,bb916ba7fe525b5ba8f325bdfb2941bbb9119c84f0ae3662a59bcd342679cfe8,318,354,RGB,0.8983050847457628,3,c0e2193dc7e25d39,da95c5c5c412a3d2,True,,JPEG
t0_0057,Testing/meningioma/Te-me_252.jpg,C:\Users\pedro\Desktop\Projeto do TCC\Brain Tumor MRI Dataset\Testing\meningioma\Te-me_252.jpg,meningioma,.jpg,test,11881,67783a1aeb696e36c1be2bc1af3c0a02d3f61d32248b5bfa2840b22a72b8484e,213,237,RGB,0.8987341772151899,3,c0e2193dc7e25d39,da95c5c5c412a3d2,True,,JPEG
t0_0057,Training/meningioma/Tr-me_1069.jpg,C:\Users\pedro\Desktop\Projeto do TCC\Brain Tumor MRI Dataset\Training\meningioma\Tr-me_1069.jpg,meningioma,.jpg,train,14912,8fa0f1b0bad36d5bd71216ede76d56161464a390dd2600b0b1cbb81038188c39,318,354,RGB,0.8983050847457628,3,c0e2193dc7e25d39,da95c5c5c412a3d2,True,,JPEG
t0_0057,Training/meningioma/Tr-me_543.jpg,C:\Users\pedro\Desktop\Projeto do TCC\Brain Tumor MRI Dataset\Training\meningioma\Tr-me_543.jpg,meningioma,.jpg,train,8707,4951f7ba2e002020c835b3f50136c3249f3ae004624b35a262e65dd431d70e56,213,237,RGB,0.8987341772151899,3,c0e2193dc7e25d39,da95c5c5c412a3d2,True,,JPEG
t0_0057,Training/meningioma/Tr-me_726.jpg,C:\Users\pedro\Desktop\Projeto do TCC\Brain Tumor MRI Dataset\Training\meningioma\Tr-me_726.jpg,meningioma,.jpg,train,8707,4951f7ba2e002020c835b3f50136c3249f3ae004624b35a262e65dd431d70e56,213,237,RGB,0.8987341772151899,3,c0e2193dc7e25d39,da95c5c5c412a3d2,True,,JPEG
t0_0058,Testing/meningioma/Te-me_20.jpg,C:\Users\pedro\Desktop\Projeto do TCC\Brain Tumor MRI Dataset\Testing\meningioma\Te-me_20.jpg,meningioma,.jpg,test,20107,d50fe37de5cb0b6f97374864487a719fcaaca4e9ede3ef711b623314d64cdbc9,289,354,RGB,0.8163841807909604,3,815a5f28669d6997,f0f0f0aa8e96d6d2,True,,JPEG
t0_0058,Testing/meningioma/Te-me_39.jpg,C:\Users\pedro\Desktop\Projeto do TCC\Brain Tumor MRI Dataset\Testing\meningioma\Te-me_39.jpg,meningioma,.jpg,test,18704,deb3cf8255416bd3f24f48f7159965f9e48b5b346e5b22a41b11f8a7f22edec7,286,356,RGB,0.8033707865168539,3,815a5f28669d6a97,f0f0f0aa8e96d6d2,True,,JPEG
t0_0058,Training/meningioma/Tr-me_1225.jpg,C:\Users\pedro\Desktop\Projeto do TCC\Brain Tumor MRI Dataset\Training\meningioma\Tr-me_1225.jpg,meningioma,.jpg,train,16260,32e43c129cf6fef5fecb82419213685e652d4dbc524f7c7f9d11c42b91c28fa9,286,356,RGB,0.8033707865168539,3,815a5f28669d6a97,f0f0f0aa8e96d6d2,True,,JPEG
t0_0058,Training/meningioma/Tr-me_373.jpg,C:\Users\pedro\Desktop\Projeto do TCC\Brain Tumor MRI Dataset\Training\meningioma\Tr-me_373.jpg,meningioma,.jpg,train,18020,0393684019b077c8ca1612bffafae672b08a84ed5e66d5290eb93d541a9face9,289,354,RGB,0.8163841807909604,3,815a5f28669d6997,f0f0f0aa8e96d6d2,True,,JPEG
t0_0059,Testing/meningioma/Te-me_202.jpg,C:\Users\pedro\Desktop\Projeto do TCC\Brain Tumor MRI Dataset\Testing\meningioma\Te-me_202.jpg,meningioma,.jpg,test,11617,a63f2866a725f2b4a72deebd9399962fa5fd20a0a5a7b3c571bd97ba1365c857,225,225,RGB,1.0,3,c23f2df0700f36d8,107069ccd4cc71b2,True,,JPEG
t0_0059,Testing/meningioma/Te-me_208.jpg,C:\Users\pedro\Desktop\Projeto do TCC\Brain Tumor MRI Dataset\Testing\meningioma\Te-me_208.jpg,meningioma,.jpg,test,32046,b31d723ab6491c8da12fddc8b756b398e5f35cf08f063f092b1a8c7cbc2d78c3,442,442,RGB,1.0,3,c23f2df0700f36d8,107069ccd4cc71b2,True,,JPEG
t0_0059,Training/meningioma/Tr-me_421.jpg,C:\Users\pedro\Desktop\Projeto do TCC\Brain Tumor MRI Dataset\Training\meningioma\Tr-me_421.jpg,meningioma,.jpg,train,23728,f260fc621e5ae555a5eaaab2dcb29d491386a3849191b0ff9556bdf18a5ada76,442,442,RGB,1.0,3,c23f2df0700f36d8,107069ccd4cc71b2,True,,JPEG
t0_0059,Training/meningioma/Tr-me_465.jpg,C:\Users\pedro\Desktop\Projeto do TCC\Brain Tumor MRI Dataset\Training\meningioma\Tr-me_465.jpg,meningioma,.jpg,train,8899,e465760e8b0ca460951cfa70174020194061c32793bc236212be4280a8b25a6e,225,225,RGB,1.0,3,c23f2df0700f36d8,107069ccd4cc71b2,True,,JPEG
t0_0060,Testing/meningioma/Te-me_205.jpg,C:\Users\pedro\Desktop\Projeto do TCC\Brain Tumor MRI Dataset\Testing\meningioma\Te-me_205.jpg,meningioma,.jpg,test,11067,8aaadd0f631a11d4e11796b9afc422aea41548c3b9607b338377f3002747101e,225,225,RGB,1.0,3,954a473bb26d6893,71d4a8beb8aaaa8e,True,,JPEG
t0_0060,Training/meningioma/Tr-me_661.jpg,C:\Users\pedro\Desktop\Projeto do TCC\Brain Tumor MRI Dataset\Training\meningioma\Tr-me_661.jpg,meningioma,.jpg,train,7865,43d69187c66f53cf5bbfaad79bdeda18678b2bde8f1c144c051e4a8ae1f53fe5,225,225,RGB,1.0,3,954a473bb26d6893,71d4a8beb8aaaa8e,True,,JPEG
t0_0061,Testing/meningioma/Te-me_206.jpg,C:\Users\pedro\Desktop\Projeto do TCC\Brain Tumor MRI Dataset\Testing\meningioma\Te-me_206.jpg,meningioma,.jpg,test,17975,8288cd2152fc6daeaf7da557eca1d0f2e9e72367ee10b4c5e09248597637e82a,252,303,RGB,0.8316831683168316,3,a40b5b951f6ad239,7cceb9efdccce316,True,,JPEG
t0_0061,Training/meningioma/Tr-me_753.jpg,C:\Users\pedro\Desktop\Projeto do TCC\Brain Tumor MRI Dataset\Training\meningioma\Tr-me_753.jpg,meningioma,.jpg,train,16150,99f6632afb9629ee8b0f9994a819e797ff7f1513c471da4fda70e81420eb6f51,252,303,RGB,0.8316831683168316,3,a40b5b951f6ad239,7cceb9efdccce316,True,,JPEG
t0_0062,Testing/meningioma/Te-me_207.jpg,C:\Users\pedro\Desktop\Projeto do TCC\Brain Tumor MRI Dataset\Testing\meningioma\Te-me_207.jpg,meningioma,.jpg,test,13119,0e0691ddbafbb3de52d589c410cadc2279466b3a5d085c9af34140d407062f73,200,223,RGB,0.8968609865470852,3,856d47636e3c1eb0,cceab2334dcd9af0,True,,JPEG
t0_0062,Training/meningioma/Tr-me_1262.jpg,C:\Users\pedro\Desktop\Projeto do TCC\Brain Tumor MRI Dataset\Training\meningioma\Tr-me_1262.jpg,meningioma,.jpg,train,9737,9ef07d315f8bb789b47f544050569f2b3403ccfe603daf97f037b46f691a28d1,200,223,RGB,0.8968609865470852,3,856d47636e3c1eb0,cceab2334dcd9af0,True,,JPEG
t0_0063,Testing/meningioma/Te-me_213.jpg,C:\Users\pedro\Desktop\Projeto do TCC\Brain Tumor MRI Dataset\Testing\meningioma\Te-me_213.jpg,meningioma,.jpg,test,26970,c0ad227c9b3d1537b9264900413e3fe0a3ffdcded65a531450f1ba895ae1f8e2,295,394,RGB,0.748730964467005,3,97c24a6d3fbc64c0,31c88c2c4c8ef870,True,,JPEG
t0_0063,Training/meningioma/Tr-me_489.jpg,C:\Users\pedro\Desktop\Projeto do TCC\Brain Tumor MRI Dataset\Training\meningioma\Tr-me_489.jpg,meningioma,.jpg,train,23804,29f768db76550147701feec1b895611e5bf285b3d7908187ce65e1c7d1609ddc,295,394,RGB,0.748730964467005,3,97c24a6d3fbc64c0,31c88c2c4c8ef870,True,,JPEG
t0_0064,Testing/meningioma/Te-me_214.jpg,C:\Users\pedro\Desktop\Projeto do TCC\Brain Tumor MRI Dataset\Testing\meningioma\Te-me_214.jpg,meningioma,.jpg,test,42111,287e57e51279330fe35b02999f3e99c4a8d71a2982384edeb6dc21e65e69c853,528,581,RGB,0.9087779690189328,3,902d4bb26dda3dc2,78ece8aa8cccc8f1,True,,JPEG
t0_0064,Testing/meningioma/Te-me_262.jpg,C:\Users\pedro\Desktop\Projeto do TCC\Brain Tumor MRI Dataset\Testing\meningioma\Te-me_262.jpg,meningioma,.jpg,test,62465,d122fa995de9d5266344d97c7e2d6973210911f4c8e549575c873b82aee3ae2a,591,650,RGB,0.9092307692307692,3,902d4bb26dda3dc2,78ece8aa8cccc8f1,True,,JPEG
t0_0064,Training/meningioma/Tr-me_464.jpg,C:\Users\pedro\Desktop\Projeto do TCC\Brain Tumor MRI Dataset\Training\meningioma\Tr-me_464.jpg,meningioma,.jpg,train,56293,eca47283498dca90a78adbac146a0c95a7352e944d7364f3d3f46adf4c60357d,591,650,RGB,0.9092307692307692,3,902d4bb26dda3dc2,78ece8aa8cccc8f1,True,,JPEG
t0_0064,Training/meningioma/Tr-me_639.jpg,C:\Users\pedro\Desktop\Projeto do TCC\Brain Tumor MRI Dataset\Training\meningioma\Tr-me_639.jpg,meningioma,.jpg,train,29787,7145b21317f3aaaf1d5d68132cbaaca5b7cdf4042e1b7ecf3c4c95b405a06655,528,581,RGB,0.9087779690189328,3,902d4bb26dda3dc2,78ece8aa8cccc8f1,True,,JPEG
t0_0065,Testing/meningioma/Te-me_216.jpg,C:\Users\pedro\Desktop\Projeto do TCC\Brain Tumor MRI Dataset\Testing\meningioma\Te-me_216.jpg,meningioma,.jpg,test,26981,4cc66638107c582da061fb013badc87dfb5dbdb94deee50550a5df8b967d9947,300,412,RGB,0.7281553398058253,3,91364f6938b86cc7,31cc8cb8dcc6c878,True,,JPEG
t0_0065,Training/meningioma/Tr-me_330.jpg,C:\Users\pedro\Desktop\Projeto do TCC\Brain Tumor MRI Dataset\Training\meningioma\Tr-me_330.jpg,meningioma,.jpg,train,24073,3f485834e521c740f298d16190f0afa1209a0e2d01080015ca6a8b5f3febe1fe,300,412,RGB,0.7281553398058253,3,91364f6938b86cc7,31cc8cb8dcc6c878,True,,JPEG
t0_0066,Testing/meningioma/Te-me_219.jpg,C:\Users\pedro\Desktop\Projeto do TCC\Brain Tumor MRI Dataset\Testing\meningioma\Te-me_219.jpg,meningioma,.jpg,test,24573,10349e0d5645628fe11b685fdb2396ebb7100a8257cd5d8f1e488bb8d92c131b,262,308,RGB,0.8506493506493507,3,959a454e169b6b8b,f4ae555c6d2baaec,True,,JPEG
t0_0066,Training/meningioma/Tr-me_920.jpg,C:\Users\pedro\Desktop\Projeto do TCC\Brain Tumor MRI Dataset\Training\meningioma\Tr-me_920.jpg,meningioma,.jpg,train,22860,dcdedbce322da66be987e07d9595a8ed0f27df8ab9c06e450299c87caf20ead7,262,308,RGB,0.8506493506493507,3,959a454e169b6b8b,f4ae555c6d2baaec,True,,JPEG
t0_0067,Testing/meningioma/Te-me_223.jpg,C:\Users\pedro\Desktop\Projeto do TCC\Brain Tumor MRI Dataset\Testing\meningioma\Te-me_223.jpg,meningioma,.jpg,test,50763,03ce76b527d01938dde828aa4b9e3e882cee655017ea9ed27effa47790f184d2,722,690,RGB,1.046376811594203,3,c48e4e1f7b393138,60e4acd8cce8b4d1,True,,JPEG
t0_0067,Training/meningioma/Tr-me_965.jpg,C:\Users\pedro\Desktop\Projeto do TCC\Brain Tumor MRI Dataset\Training\meningioma\Tr-me_965.jpg,meningioma,.jpg,train,38709,0c7d71051f276819c1811d2cd311f32cf8c4618939f1f31bc7f64fb417950dbf,722,690,RGB,1.046376811594203,3,c48e4e1f7b393138,60e4acd8cce8b4d1,True,,JPEG
t0_0068,Testing/meningioma/Te-me_228.jpg,C:\Users\pedro\Desktop\Projeto do TCC\Brain Tumor MRI Dataset\Testing\meningioma\Te-me_228.jpg,meningioma,.jpg,test,16489,bd050c09c3c01a44d48094de9b613423722725e6af36246c60952b9f5c45c729,219,234,RGB,0.935897435897436,3,90524f9b3b253cda,e8d4d4d698b0c4f0,True,,JPEG
t0_0068,Training/meningioma/Tr-me_497.jpg,C:\Users\pedro\Desktop\Projeto do TCC\Brain Tumor MRI Dataset\Training\meningioma\Tr-me_497.jpg,meningioma,.jpg,train,14560,995eefcf311b352e0f1e8855db68f9c40e8aa033f422663b715860c76aa4b1db,219,234,RGB,0.935897435897436,3,90524f9b3b253cda,e8d4d4d698b0c4f0,True,,JPEG
t0_0069,Testing/meningioma/Te-me_229.jpg,C:\Users\pedro\Desktop\Projeto do TCC\Brain Tumor MRI Dataset\Testing\meningioma\Te-me_229.jpg,meningioma,.jpg,test,42446,80954652d15d172bfeddcc5cfbfef504b221e9c5378bbb195a06b2b6c486ce3f,441,427,RGB,1.0327868852459017,3,c73c1ac93ce1633c,71f4cca8f2c8c8c8,True,,JPEG
t0_0069,Testing/meningioma/Te-me_293.jpg,C:\Users\pedro\Desktop\Projeto do TCC\Brain Tumor MRI Dataset\Testing\meningioma\Te-me_293.jpg,meningioma,.jpg,test,14431,bf179c5981986242a58d0c3b3ddb9ec1a487e89979c9b8346d2412cc792b20d7,224,219,RGB,1.0228310502283104,3,c73c1ac93ce1633c,71f4cca8f2c8c8c8,True,,JPEG
t0_0069,Training/meningioma/Tr-me_688.jpg,C:\Users\pedro\Desktop\Projeto do TCC\Brain Tumor MRI Dataset\Training\meningioma\Tr-me_688.jpg,meningioma,.jpg,train,32429,ae8aa3c5ee2590c27b3ce8b795ee1d76d399da54bb4682fe01ea50f8fd15aac7,441,427,RGB,1.0327868852459017,3,c73c1ac93ce1633c,71f4cca8f2c8c8c8,True,,JPEG
t0_0069,Training/meningioma/Tr-me_799.jpg,C:\Users\pedro\Desktop\Projeto do TCC\Brain Tumor MRI Dataset\Training\meningioma\Tr-me_799.jpg,meningioma,.jpg,train,10596,f9d94f5dbe03a80e7725fbfd4927ef965bf852983da2497e40addfab16c94a3e,224,219,RGB,1.0228310502283104,3,c73c1ac93ce1633c,71f4cca8f2c8c8c8,True,,JPEG
t0_0070,Testing/meningioma/Te-me_23.jpg,C:\Users\pedro\Desktop\Projeto do TCC\Brain Tumor MRI Dataset\Testing\meningioma\Te-me_23.jpg,meningioma,.jpg,test,15529,c783e504efe4f8c1823acfb585691badba3e9df2566bbf27770a6b08d765c80c,512,512,L,1.0,1,966968b5319a63cd,c4b269d4d4d471b2,True,,JPEG
t0_0070,Training/meningioma/Tr-me_257.jpg,C:\Users\pedro\Desktop\Projeto do TCC\Brain Tumor MRI Dataset\Training\meningioma\Tr-me_257.jpg,meningioma,.jpg,train,19537,6609b05fcb96d96be79fd4ac42e71b9b7f9dde51d75806ba5c738010bfe7a51c,512,512,RGB,1.0,3,c33c3de064cf3698,c4b269d4d4d471b2,True,,JPEG
t0_0071,Testing/meningioma/Te-me_231.jpg,C:\Users\pedro\Desktop\Projeto do TCC\Brain Tumor MRI Dataset\Testing\meningioma\Te-me_231.jpg,meningioma,.jpg,test,44187,d04c10c4f3530ea0dc96002c117a18ed2252afe362b935aec1c673eec7fa0b4b,645,439,RGB,1.469248291571754,3,970f789c4b386dc1,b8646ac8e864bcd9,True,,JPEG
t0_0071,Training/meningioma/Tr-me_158.jpg,C:\Users\pedro\Desktop\Projeto do TCC\Brain Tumor MRI Dataset\Training\meningioma\Tr-me_158.jpg,meningioma,.jpg,train,33946,f17a463d83cc7fa4f2608f3791009e6bc87d73118755ed6043adaa054d94b695,645,439,RGB,1.469248291571754,3,970f789c4b386dc1,b8646ac8e864bcd9,True,,JPEG
t0_0072,Testing/meningioma/Te-me_232.jpg,C:\Users\pedro\Desktop\Projeto do TCC\Brain Tumor MRI Dataset\Testing\meningioma\Te-me_232.jpg,meningioma,.jpg,test,18999,096fe04df8baf322fa3033d1c8dcc769ce2c759d8872fba5f3b88646fa88b064,338,345,RGB,0.9797101449275364,3,d27b6fe53c922888,70e1dcccfcd4e471,True,,JPEG
t0_0072,Training/meningioma/Tr-me_205.jpg,C:\Users\pedro\Desktop\Projeto do TCC\Brain Tumor MRI Dataset\Training\meningioma\Tr-me_205.jpg,meningioma,.jpg,train,16515,c4d0ad53156cd1b77ce696394ebcf92492e1b19990e350438eac561f282a7405,338,345,RGB,0.9797101449275364,3,d27b6fe53c922888,70e1dcccfcd4e471,True,,JPEG
t0_0073,Testing/meningioma/Te-me_234.jpg,C:\Users\pedro\Desktop\Projeto do TCC\Brain Tumor MRI Dataset\Testing\meningioma\Te-me_234.jpg,meningioma,.jpg,test,26406,88db6aa1c085c4ed123b0550eb95f25d13bcd1ea4d0f23a44fb469ff8ae49540,314,358,RGB,0.8770949720670391,3,c5270f7c1be44ac6,e0ceee82daaa84e0,True,,JPEG
t0_0073,Training/meningioma/Tr-me_760.jpg,C:\Users\pedro\Desktop\Projeto do TCC\Brain Tumor MRI Dataset\Training\meningioma\Tr-me_760.jpg,meningioma,.jpg,train,23980,df3b60233bc68318448f9d2cc3ca4cfffe663807569eae0dc839e3a97d262117,314,358,RGB,0.8770949720670391,3,c5270f7c1be44ac6,e0ceee82daaa84e0,True,,JPEG
t0_0074,Testing/meningioma/Te-me_241.jpg,C:\Users\pedro\Desktop\Projeto do TCC\Brain Tumor MRI Dataset\Testing\meningioma\Te-me_241.jpg,meningioma,.jpg,test,13145,75de2e313a9570e899b592d69c150554c350699b058d3410e2eea78c6db8dc9a,206,249,RGB,0.8273092369477911,3,c4cc4ee53b333992,e0f4b22a23a2d4f1,True,,JPEG
t0_0074,Training/meningioma/Tr-me_1146.jpg,C:\Users\pedro\Desktop\Projeto do TCC\Brain Tumor MRI Dataset\Training\meningioma\Tr-me_1146.jpg,meningioma,.jpg,train,11824,a47bcad5ac91f50b2fb3590b03fd0e575cc10f3a0c06c1d35a61f397b6efaf39,206,249,RGB,0.8273092369477911,3,c4cc4ee53b333992,e0f4b22a23a2d4f1,True,,JPEG
t0_0075,Testing/meningioma/Te-me_243.jpg,C:\Users\pedro\Desktop\Projeto do TCC\Brain Tumor MRI Dataset\Testing\meningioma\Te-me_243.jpg,meningioma,.jpg,test,12919,2879fe07fda1859fa38e6b675d8fb6cb92addc19a467a5a66c4834e345734752,200,252,RGB,0.7936507936507936,3,923a6de4369bca2c,0870f8f8ecf8f871,True,,JPEG
t0_0075,Training/meningioma/Tr-me_880.jpg,C:\Users\pedro\Desktop\Projeto do TCC\Brain Tumor MRI Dataset\Training\meningioma\Tr-me_880.jpg,meningioma,.jpg,train,9172,2675eef8145df6693b593880acefd680b77d1fdb3d719ed36fc478f54baea924,200,252,RGB,0.7936507936507936,3,923a6de4369bca2c,0870f8f8ecf8f871,True,,JPEG
t0_0076,Testing/meningioma/Te-me_251.jpg,C:\Users\pedro\Desktop\Projeto do TCC\Brain Tumor MRI Dataset\Testing\meningioma\Te-me_251.jpg,meningioma,.jpg,test,12130,87886ae7a7ec7535a975fa0b267d5889a995699a4fd5d7672f5a7346659dff38,205,251,RGB,0.8167330677290837,3,c5cf3a382ec12d87,79e0e2e2e2b6d8e9,True,,JPEG
t0_0076,Training/meningioma/Tr-me_450.jpg,C:\Users\pedro\Desktop\Projeto do TCC\Brain Tumor MRI Dataset\Training\meningioma\Tr-me_450.jpg,meningioma,.jpg,train,8540,df42fa96f4e750ec67b95889f912770e0408328899912b9497691c99e3fb63c3,205,251,RGB,0.8167330677290837,3,c5cf3a382ec12d87,79e0e2e2e2b6d8e9,True,,JPEG
t0_0077,Testing/meningioma/Te-me_253.jpg,C:\Users\pedro\Desktop\Projeto do TCC\Brain Tumor MRI Dataset\Testing\meningioma\Te-me_253.jpg,meningioma,.jpg,test,16989,3b2ba8de971d62969e17bbb638dd8ab6ae3d3aa87edacaf28918e9ce8eb95dd9,291,340,RGB,0.8558823529411764,3,c11f156a3f3e4178,61ccaa69cdc92bc6,True,,JPEG
t0_0077,Training/meningioma/Tr-me_776.jpg,C:\Users\pedro\Desktop\Projeto do TCC\Brain Tumor MRI Dataset\Training\meningioma\Tr-me_776.jpg,meningioma,.jpg,train,12216,704920b952a5b39458c8878301a01e0a109fbdd81f06c502346f6c03913de5ca,291,340,RGB,0.8558823529411764,3,c11f156a3f3e4178,61ccaa69cdc92bc6,True,,JPEG
t0_0078,Testing/meningioma/Te-me_259.jpg,C:\Users\pedro\Desktop\Projeto do TCC\Brain Tumor MRI Dataset\Testing\meningioma\Te-me_259.jpg,meningioma,.jpg,test,14216,a147b1910d63258713da833522f6e321bed28401314d5248fbab73df9a46bcac,217,232,RGB,0.9353448275862069,3,841b57797a9668d2,7ceae5a5dd96e4cc,True,,JPEG
t0_0078,Training/meningioma/Tr-me_553.jpg,C:\Users\pedro\Desktop\Projeto do TCC\Brain Tumor MRI Dataset\Training\meningioma\Tr-me_553.jpg,meningioma,.jpg,train,10523,e06cbd846ceb5fc12ef5b7407d421fe2ed2641de68cdfc6ba64ea4bfa85d8fcc,217,232,RGB,0.9353448275862069,3,841b57797a9668d2,7ceae5a5dd96e4cc,True,,JPEG
t0_0079,Testing/meningioma/Te-me_26.jpg,C:\Users\pedro\Desktop\Projeto do TCC\Brain Tumor MRI Dataset\Testing\meningioma\Te-me_26.jpg,meningioma,.jpg,test,54825,8af45389729b1c164ceb212484e338aa6981922aaf14c78afc1d28762b19b2c9,507,605,RGB,0.8380165289256198,3,c4ce1ab14bc5cc9e,e194a6a22e8ecc60,True,,JPEG
t0_0079,Training/meningioma/Tr-me_99.jpg,C:\Users\pedro\Desktop\Projeto do TCC\Brain Tumor MRI Dataset\Training\meningioma\Tr-me_99.jpg,meningioma,.jpg,train,40788,6ad9d32cdae2045bb1b09e49987220483033847ecd38c2a369a63bf4fab0194c,507,605,RGB,0.8380165289256198,3,c4ce1ab14bc5cc9e,e194a6a22e8ecc60,True,,JPEG
t0_0080,Testing/meningioma/Te-me_265.jpg,C:\Users\pedro\Desktop\Projeto do TCC\Brain Tumor MRI Dataset\Testing\meningioma\Te-me_265.jpg,meningioma,.jpg,test,7607,51052c8439701c2832aaa26111104f4f7e03c0c99641205ee29cea957bf44a35,225,225,RGB,1.0,3,922e6de13493666e,b268ecd8e8d471b2,True,,JPEG
t0_0080,Training/meningioma/Tr-me_126.jpg,C:\Users\pedro\Desktop\Projeto do TCC\Brain Tumor MRI Dataset\Training\meningioma\Tr-me_126.jpg,meningioma,.jpg,train,5237,deaee0ac0187be63718484cd3a6bdc76a6bbdfedc10ea56e36045feb624bb24d,225,225,RGB,1.0,3,922e6de13493666e,b268ecd8e8d471b2,True,,JPEG
t0_0081,Testing/meningioma/Te-me_266.jpg,C:\Users\pedro\Desktop\Projeto do TCC\Brain Tumor MRI Dataset\Testing\meningioma\Te-me_266.jpg,meningioma,.jpg,test,14670,3f176b81b6978f4ba31f8414f7169886e0f8774ff831551d58929832c593e5cd,211,239,RGB,0.8828451882845189,3,844e5fba5ab26887,70d4a2a4a2aadc70,True,,JPEG
t0_0081,Training/meningioma/Tr-me_1249.jpg,C:\Users\pedro\Desktop\Projeto do TCC\Brain Tumor MRI Dataset\Training\meningioma\Tr-me_1249.jpg,meningioma,.jpg,train,10902,2e27f1fa36558c2356b50a6f437d33f07c9187b3adcba56977e04aa6f30b3d68,211,239,RGB,0.8828451882845189,3,844e5fba5ab26887,70d4a2a4a2aadc70,True,,JPEG
t0_0082,Testing/meningioma/Te-me_270.jpg,C:\Users\pedro\Desktop\Projeto do TCC\Brain Tumor MRI Dataset\Testing\meningioma\Te-me_270.jpg,meningioma,.jpg,test,14865,5ab5bc5e28a3587ddfd8561b8e78e74224eff95848411eb0405b39e5d516d34e,210,240,RGB,0.875,3,c46c0f767b633891,c4f4b2aa9094d4f0,True,,JPEG
t0_0082,Training/meningioma/Tr-me_1057.jpg,C:\Users\pedro\Desktop\Projeto do TCC\Brain Tumor MRI Dataset\Training\meningioma\Tr-me_1057.jpg,meningioma,.jpg,train,11372,141138c436ee1cfc6ca00fbef0a6bebb18fd9fa799992f6ddd1b99d315c107df,210,240,RGB,0.875,3,c46c0f767b633891,c4f4b2aa9094d4f0,True,,JPEG
t0_0083,Testing/meningioma/Te-me_272.jpg,C:\Users\pedro\Desktop\Projeto do TCC\Brain Tumor MRI Dataset\Testing\meningioma\Te-me_272.jpg,meningioma,.jpg,test,67638,5bf68ff9f2e5036539b29f1b87ef5df6f1314ab89ae7fe6d180efaec6394bd5e,534,674,RGB,0.7922848664688428,3,c14d1f3e6b2c38b1,60e08282ceacc4f8,True,,JPEG
t0_0083,Training/meningioma/Tr-me_1127.jpg,C:\Users\pedro\Desktop\Projeto do TCC\Brain Tumor MRI Dataset\Training\meningioma\Tr-me_1127.jpg,meningioma,.jpg,train,59684,fd96f61075f420f133b29b587e13aee2367858cf827052cafcc2e2bc93cc1725,534,674,RGB,0.7922848664688428,3,c54d1f3e6b2438b1,60e08282ceacc4f8,True,,JPEG
t0_0084,Testing/meningioma/Te-me_274.jpg,C:\Users\pedro\Desktop\Projeto do TCC\Brain Tumor MRI Dataset\Testing\meningioma\Te-me_274.jpg,meningioma,.jpg,test,12843,9d77e3a05ebb113dabfd559fb0840079b9fbd2d7ee52002f4dfccba75f2dbe71,201,251,RGB,0.8007968127490039,3,c6da2f8d343761b0,71e0c8eccce8e071,True,,JPEG
t0_0084,Training/meningioma/Tr-me_1163.jpg,C:\Users\pedro\Desktop\Projeto do TCC\Brain Tumor MRI Dataset\Training\meningioma\Tr-me_1163.jpg,meningioma,.jpg,train,9501,f3d00bbb942117c2fb62466414d3c466ca283b678200fe87424e4128b80b2dba,201,251,RGB,0.8007968127490039,3,c6da2f8d343761b0,71e0c8eccce8e071,True,,JPEG
t0_0085,Testing/meningioma/Te-me_276.jpg,C:\Users\pedro\Desktop\Projeto do TCC\Brain Tumor MRI Dataset\Testing\meningioma\Te-me_276.jpg,meningioma,.jpg,test,34945,64d6885599aa04ff6a12e8f961437ba39c355f66f67beac2992daedcf2f6e20e,416,395,RGB,1.0531645569620254,3,85181f7f62376e21,70f0f2ccc462ead8,True,,JPEG
t0_0085,Training/meningioma/Tr-me_167.jpg,C:\Users\pedro\Desktop\Projeto do TCC\Brain Tumor MRI Dataset\Training\meningioma\Tr-me_167.jpg,meningioma,.jpg,train,30960,44c5b942e58c6d70f1c96fdc7c9b3a0b960c2d41bb74546d96006f8d588c9b03,416,395,RGB,1.0531645569620254,3,85181f7f62376e21,70f0f2ccc462ead8,True,,JPEG
t0_0086,Testing/meningioma/Te-me_277.jpg,C:\Users\pedro\Desktop\Projeto do TCC\Brain Tumor MRI Dataset\Testing\meningioma\Te-me_277.jpg,meningioma,.jpg,test,51430,41bc0c7b4079d2fa8df7b97827a1d9fae68706e6c6457f43186d583da94c6df2,472,546,RGB,0.8644688644688645,3,954a4a92164f3bdb,e8a86a6e9c9c5ab4,True,,JPEG
t0_0086,Training/meningioma/Tr-me_50.jpg,C:\Users\pedro\Desktop\Projeto do TCC\Brain Tumor MRI Dataset\Training\meningioma\Tr-me_50.jpg,meningioma,.jpg,train,47179,9caa6d599f0ac5f111c5d81e3ac9c67be237310a05cad476d63e111b31725152,472,546,RGB,0.8644688644688645,3,954a4a92164f3bdb,e8a86a6e9c9c5ab4,True,,JPEG
t0_0087,Testing/meningioma/Te-me_278.jpg,C:\Users\pedro\Desktop\Projeto do TCC\Brain Tumor MRI Dataset\Testing\meningioma\Te-me_278.jpg,meningioma,.jpg,test,34176,efbb74c524ab95fae4c5ff626880c4a7f23d066111ff682ae04c32b5c422af13,530,526,RGB,1.0076045627376429,3,945a4b693e357865,71c896be9692d664,True,,JPEG
t0_0087,Training/meningioma/Tr-me_479.jpg,C:\Users\pedro\Desktop\Projeto do TCC\Brain Tumor MRI Dataset\Training\meningioma\Tr-me_479.jpg,meningioma,.jpg,train,24592,b7e81c22bf6e933905cee1abef434f59f4f597b36e290ed1952c8adf3e23652b,530,526,RGB,1.0076045627376429,3,945a4b693e357865,71c896be9692d664,True,,JPEG
t0_0088,Testing/meningioma/Te-me_279.jpg,C:\Users\pedro\Desktop\Projeto do TCC\Brain Tumor MRI Dataset\Testing\meningioma\Te-me_279.jpg,meningioma,.jpg,test,13220,dd744532f6d754160bbcb4b1c72a140d4f63874222ef8785d22d0ac046271bc9,300,258,RGB,1.162790697674419,3,c26f2fa42c3364ce,f069d8d4f4d4d870,True,,JPEG
t0_0088,Training/meningioma/Tr-me_897.jpg,C:\Users\pedro\Desktop\Projeto do TCC\Brain Tumor MRI Dataset\Training\meningioma\Tr-me_897.jpg,meningioma,.jpg,train,9972,102ec1a84a997171c48cea71d746215bea0fc31cbf51d3a6ba13bea5194b0bf3,300,258,RGB,1.162790697674419,3,c26f2fa42c3364ce,f069d8d4f4d4d870,True,,JPEG
t0_0089,Testing/meningioma/Te-me_280.jpg,C:\Users\pedro\Desktop\Projeto do TCC\Brain Tumor MRI Dataset\Testing\meningioma\Te-me_280.jpg,meningioma,.jpg,test,32794,de382067b21e04f72300a7acbe0d7c1c4b2cca4a65153f9816155f0c7afb4dc2,442,442,RGB,1.0,3,c6cc6e386133317b,70f0d8ccf0b8e8e8,True,,JPEG
t0_0089,Training/meningioma/Tr-me_954.jpg,C:\Users\pedro\Desktop\Projeto do TCC\Brain Tumor MRI Dataset\Training\meningioma\Tr-me_954.jpg,meningioma,.jpg,train,25925,589c2d7cc54da48a6870686143589d963f0c4d9da3d44c884ae61969f4239780,442,442,RGB,1.0,3,c6cc6e386133317b,70f0d8ccf0b8e8e8,True,,JPEG
t0_0090,Testing/meningioma/Te-me_285.jpg,C:\Users\pedro\Desktop\Projeto do TCC\Brain Tumor MRI Dataset\Testing\meningioma\Te-me_285.jpg,meningioma,.jpg,test,121564,125530a0b5968fe663f809962787246d3a5576167d38f493bcf82a97f4454779,1149,1019,RGB,1.1275760549558391,3,d4cc4a3b333919e9,71e4b4b2bab2aac8,True,,JPEG
t0_0090,Training/meningioma/Tr-me_1289.jpg,C:\Users\pedro\Desktop\Projeto do TCC\Brain Tumor MRI Dataset\Training\meningioma\Tr-me_1289.jpg,meningioma,.jpg,train,102858,0fb56074c33854864a2e00a4ffff662efcff4cbdd2970cbcb29963d05a1c1ad7,1149,1019,RGB,1.1275760549558391,3,d4cc4a3b333919e9,71e4b4b2bab2aac8,True,,JPEG
t0_0091,Testing/meningioma/Te-me_288.jpg,C:\Users\pedro\Desktop\Projeto do TCC\Brain Tumor MRI Dataset\Testing\meningioma\Te-me_288.jpg,meningioma,.jpg,test,13855,c1a08f474188d182e6243e1a4655f9731307c63399e7ada68048c588dfb990ed,239,248,RGB,0.9637096774193548,3,956e1e7863623963,38f0f0ccd4b0d0f8,True,,JPEG
t0_0091,Training/meningioma/Tr-me_980.jpg,C:\Users\pedro\Desktop\Projeto do TCC\Brain Tumor MRI Dataset\Training\meningioma\Tr-me_980.jpg,meningioma,.jpg,train,11209,5cf790ecbaf61047d2be14e69a561ed21192a69336555ddd0180096f75feb074,239,248,RGB,0.9637096774193548,3,956e1e7863623963,38f0f0ccd4b0d0f8,True,,JPEG
t0_0092,Testing/meningioma/Te-me_29.jpg,C:\Users\pedro\Desktop\Projeto do TCC\Brain Tumor MRI Dataset\Testing\meningioma\Te-me_29.jpg,meningioma,.jpg,test,29820,066502884d443971d71836da239f41751eefdbb164af957947ad82fa6f584944,313,393,RGB,0.7964376590330788,3,c5c74a3d3a383b38,e1eceacccc6ab4d4,True,,JPEG
t0_0092,Training/meningioma/Tr-me_684.jpg,C:\Users\pedro\Desktop\Projeto do TCC\Brain Tumor MRI Dataset\Training\meningioma\Tr-me_684.jpg,meningioma,.jpg,train,26580,7efcd87636c28a674f2abf3bc6255eb1e786c12f40e794e4a3292c7381be4f66,313,393,RGB,0.7964376590330788,3,c5c74a3d3a383b38,e1eceacccc6ab4d4,True,,JPEG
t0_0093,Testing/meningioma/Te-me_290.jpg,C:\Users\pedro\Desktop\Projeto do TCC\Brain Tumor MRI Dataset\Testing\meningioma\Te-me_290.jpg,meningioma,.jpg,test,14370,c5ec0715901e8f65020aeb24537aa586c2b89574687d446b6cac805cfe2f85ab,213,236,RGB,0.902542372881356,3,d34b2ea438e56593,7068d0d8d8ccec70,True,,JPEG
t0_0093,Training/meningioma/Tr-me_597.jpg,C:\Users\pedro\Desktop\Projeto do TCC\Brain Tumor MRI Dataset\Training\meningioma\Tr-me_597.jpg,meningioma,.jpg,train,10811,6340faba2fff3a8e99b8a8a08805383f95adf276c2468136af37199cdbd87f33,213,236,RGB,0.902542372881356,3,d34b2ea438e56593,7068d0d8d8ccec70,True,,JPEG
t0_0094,Testing/meningioma/Te-me_295.jpg,C:\Users\pedro\Desktop\Projeto do TCC\Brain Tumor MRI Dataset\Testing\meningioma\Te-me_295.jpg,meningioma,.jpg,test,11996,ab6340a63c76fe15809d9989b432bb6520301573452d9efed240c9e211e100f9,228,221,RGB,1.0316742081447965,3,c4f13a2f68b1a4e6,71e886b2aae0cc61,True,,JPEG
t0_0094,Testing/meningioma/Te-me_70.jpg,C:\Users\pedro\Desktop\Projeto do TCC\Brain Tumor MRI Dataset\Testing\meningioma\Te-me_70.jpg,meningioma,.jpg,test,8737,69c1c453795ef46d2c171bafe4d4af47b0f059026d3e231227668cd7c8928068,228,221,RGB,1.0316742081447965,3,c4f13a2f68b1a4e6,71e886b2aae0cc61,True,,JPEG
t0_0095,Testing/meningioma/Te-me_296.jpg,C:\Users\pedro\Desktop\Projeto do TCC\Brain Tumor MRI Dataset\Testing\meningioma\Te-me_296.jpg,meningioma,.jpg,test,25945,664c8e8cd61fc28844149e95bf4c7b75bc9012d92869446f94d4dc8f8c7bece9,315,315,RGB,1.0,3,d24d2f60747ca476,a2e8acac888c4d4d,True,,JPEG
t0_0095,Training/meningioma/Tr-me_145.jpg,C:\Users\pedro\Desktop\Projeto do TCC\Brain Tumor MRI Dataset\Training\meningioma\Tr-me_145.jpg,meningioma,.jpg,train,23516,fcfe7634ac373c6839916f9cce74ce6369249bd96bd55aa3ae3d0050d2119410,315,315,RGB,1.0,3,d24d2f60747ca476,a2e8acac888c4d4d,True,,JPEG
t0_0096,Testing/meningioma/Te-me_30.jpg,C:\Users\pedro\Desktop\Projeto do TCC\Brain Tumor MRI Dataset\Testing\meningioma\Te-me_30.jpg,meningioma,.jpg,test,27715,f9c7519fa1b025afb6c7dcb3e7ac3807ab36ffaa535b8dbf72ed6b418303f486,369,395,RGB,0.9341772151898734,3,801f5ffa29687d21,71ccb2b28a8eb2ce,True,,JPEG
t0_0096,Training/meningioma/Tr-me_109.jpg,C:\Users\pedro\Desktop\Projeto do TCC\Brain Tumor MRI Dataset\Training\meningioma\Tr-me_109.jpg,meningioma,.jpg,train,19823,c22c1029b1f5d3b96679b64527073e0b5f575d492094578a9eff022649af84ec,369,395,RGB,0.9341772151898734,3,801f5ffa29687d21,71ccb2b28a8eb2ce,True,,JPEG
t0_0097,Testing/meningioma/Te-me_31.jpg,C:\Users\pedro\Desktop\Projeto do TCC\Brain Tumor MRI Dataset\Testing\meningioma\Te-me_31.jpg,meningioma,.jpg,test,14579,d92efa88092779d3c25197e69bdc238ff39cc37befc438b2a1a0f5cb5f1946d2,225,225,RGB,1.0,3,871e3ae168b469cd,6970f0d4c4c8f471,True,,JPEG
t0_0097,Training/meningioma/Tr-me_1166.jpg,C:\Users\pedro\Desktop\Projeto do TCC\Brain Tumor MRI Dataset\Training\meningioma\Tr-me_1166.jpg,meningioma,.jpg,train,10992,c70dc85daacdc0227c689b1945a83b0e026425721769070db8eb664bb274b569,225,225,RGB,1.0,3,871e3ae168b469cd,6970f0d4c4c8f471,True,,JPEG
t0_0098,Testing/meningioma/Te-me_37.jpg,C:\Users\pedro\Desktop\Projeto do TCC\Brain Tumor MRI Dataset\Testing\meningioma\Te-me_37.jpg,meningioma,.jpg,test,51353,9dcd34c5328623dc7c0f06cbb7598017efbb3b6b59d3a70c099343922290de99,630,423,RGB,1.4893617021276595,3,811f5e722e6b6c19,78d8faeadac6c8e2,True,,JPEG
t0_0098,Training/meningioma/Tr-me_1290.jpg,C:\Users\pedro\Desktop\Projeto do TCC\Brain Tumor MRI Dataset\Training\meningioma\Tr-me_1290.jpg,meningioma,.jpg,train,37460,a70f40c8cfc4a3811c80f6f00cc80d890c602ccdd5cb610c4e77db115e2195c1,630,423,RGB,1.4893617021276595,3,811f5e722e6b6c19,78d8faeadac6c8e2,True,,JPEG
t0_0099,Testing/meningioma/Te-me_4.jpg,C:\Users\pedro\Desktop\Projeto do TCC\Brain Tumor MRI Dataset\Testing\meningioma\Te-me_4.jpg,meningioma,.jpg,test,14807,790486755f0d3a02e2de284d3b28d5c238080836afad61cfbd60b8b8bf9820d8,201,207,RGB,0.9710144927536232,3,e740309b63c61f67,d4a245c1496b550f,True,,JPEG
t0_0099,Training/meningioma/Tr-me_1286.jpg,C:\Users\pedro\Desktop\Projeto do TCC\Brain Tumor MRI Dataset\Training\meningioma\Tr-me_1286.jpg,meningioma,.jpg,train,13439,8014da7bd1038ca29824ab595a45f36d1bf1316872250c8c3110a05c74ac0d3b,201,207,RGB,0.9710144927536232,3,e740309b63c61f67,d4a245c1496b550f,True,,JPEG
t0_0100,Testing/meningioma/Te-me_42.jpg,C:\Users\pedro\Desktop\Projeto do TCC\Brain Tumor MRI Dataset\Testing\meningioma\Te-me_42.jpg,meningioma,.jpg,test,12668,19f85781d3642a0c0a9d3831265070195500ff2f41feb84cf72bb87b12060e7e,214,235,RGB,0.9106382978723404,3,902d4bb26dda39c3,78ece8aa8ccce8f1,True,,JPEG
t0_0100,Training/meningioma/Tr-me_1110.jpg,C:\Users\pedro\Desktop\Projeto do TCC\Brain Tumor MRI Dataset\Training\meningioma\Tr-me_1110.jpg,meningioma,.jpg,train,9233,6b436fb29f9dd27c8e6a2f30c8d516947c3b856bad43c45b7722e8360e517cbf,214,235,RGB,0.9106382978723404,3,902d4bb26dda39c3,78ece8aa8ccce8f1,True,,JPEG
t0_0101,Testing/meningioma/Te-me_49.jpg,C:\Users\pedro\Desktop\Projeto do TCC\Brain Tumor MRI Dataset\Testing\meningioma\Te-me_49.jpg,meningioma,.jpg,test,35979,1940c7f8e7f72ab5b9e674953238fcb4b63ccf6d3d320661e57511070655b5aa,343,367,RGB,0.9346049046321526,3,9492166b794e6ae9,7cdcf56a9eed2264,True,,JPEG
t0_0101,Training/meningioma/Tr-me_424.jpg,C:\Users\pedro\Desktop\Projeto do TCC\Brain Tumor MRI Dataset\Training\meningioma\Tr-me_424.jpg,meningioma,.jpg,train,33124,09efecdd6ab7be71c5bce1f0b9d293ca126d1b49c5f1c7c6baff17a65fbbf8c9,343,367,RGB,0.9346049046321526,3,9492166b794e6ae9,7cdcf56a9eed2264,True,,JPEG
t0_0102,Testing/meningioma/Te-me_5.jpg,C:\Users\pedro\Desktop\Projeto do TCC\Brain Tumor MRI Dataset\Testing\meningioma\Te-me_5.jpg,meningioma,.jpg,test,15615,56cf9f66248d14af34d23eaa420b0c509a94f19c63b1937f8bf63f92cca301f5,257,248,RGB,1.0362903225806452,3,815e5f2a70e957a1,f1e0e2b28fcbd3c6,True,,JPEG
t0_0102,Training/meningioma/Tr-me_1083.jpg,C:\Users\pedro\Desktop\Projeto do TCC\Brain Tumor MRI Dataset\Training\meningioma\Tr-me_1083.jpg,meningioma,.jpg,train,14166,3dda830ebaa3389847012b51952891707f147df53645461c849dda635a9bb3dc,257,248,RGB,1.0362903225806452,3,815e5f2a70e957a1,f1e0e2b28fcbd3c6,True,,JPEG
t0_0103,Testing/meningioma/Te-me_52.jpg,C:\Users\pedro\Desktop\Projeto do TCC\Brain Tumor MRI Dataset\Testing\meningioma\Te-me_52.jpg,meningioma,.jpg,test,42301,96d13f31ce2855d42059c938bca3fbe684753e76f98c67d0d9aaae0e8d0fbd90,351,398,RGB,0.8819095477386935,3,8ffc544c16d2c31e,b6b64d6969c9a996,True,,JPEG
t0_0103,Training/meningioma/Tr-me_154.jpg,C:\Users\pedro\Desktop\Projeto do TCC\Brain Tumor MRI Dataset\Training\meningioma\Tr-me_154.jpg,meningioma,.jpg,train,33098,820dbfd9b7449559802740a08ded8d506dbbad2abdda7293d3595bd9dcf4e746,351,398,RGB,0.8819095477386935,3,8ffc544c16d2c31e,b6b64d6969c9a996,True,,JPEG
t0_0104,Testing/meningioma/Te-me_54.jpg,C:\Users\pedro\Desktop\Projeto do TCC\Brain Tumor MRI Dataset\Testing\meningioma\Te-me_54.jpg,meningioma,.jpg,test,27277,4b341616b6b9a8c0060988aa8174ee101aca4f96ae8007a2df0137ff2c33d5dd,312,401,RGB,0.7780548628428927,3,96c64b6d3cb861c5,31ccccac4e8ef871,True,,JPEG
t0_0104,Training/meningioma/Tr-me_200.jpg,C:\Users\pedro\Desktop\Projeto do TCC\Brain Tumor MRI Dataset\Training\meningioma\Tr-me_200.jpg,meningioma,.jpg,train,23965,7ae82ad05ee2fd7dc4d6ee5f4793ac4fc8c416bba68b698a2df7d59d76b1cd2b,312,401,RGB,0.7780548628428927,3,96c64b6d3cb861c5,31ccccac4e8ef871,True,,JPEG
t0_0105,Testing/meningioma/Te-me_62.jpg,C:\Users\pedro\Desktop\Projeto do TCC\Brain Tumor MRI Dataset\Testing\meningioma\Te-me_62.jpg,meningioma,.jpg,test,17125,4061e76d26b82a92d71bd6440dad3bb875b36fc8443f6d48c1e33d16f6658729,206,245,RGB,0.8408163265306122,3,c4ca3b692fa738b0,70e8ace8b2b2cccc,True,,JPEG
t0_0105,Training/meningioma/Tr-me_678.jpg,C:\Users\pedro\Desktop\Projeto do TCC\Brain Tumor MRI Dataset\Training\meningioma\Tr-me_678.jpg,meningioma,.jpg,train,13337,51354c7bdca6dd0d7a03ed215d768df8ab0db7f7831226e3b90af30e5863bc8d,206,245,RGB,0.8408163265306122,3,c4ca3b692fa738b0,70e8ace8b2b2cccc,True,,JPEG
t0_0106,Testing/meningioma/Te-me_66.jpg,C:\Users\pedro\Desktop\Projeto do TCC\Brain Tumor MRI Dataset\Testing\meningioma\Te-me_66.jpg,meningioma,.jpg,test,17710,535e5fd3284fb948f3b07147480899b2df00c0705e3ff3e5808d96bd30be2057,278,306,RGB,0.9084967320261438,3,c5372acc33f04df0,69c4e2ced072f0d0,True,,JPEG
t0_0106,Training/meningioma/Tr-me_1198.jpg,C:\Users\pedro\Desktop\Projeto do TCC\Brain Tumor MRI Dataset\Training\meningioma\Tr-me_1198.jpg,meningioma,.jpg,train,15883,556f561ec1c7743e7a8dfec5de7d34c0ab28e60352c21c677b2bb7354baeff1f,278,306,RGB,0.9084967320261438,3,c5372acc33f04df0,69c4e2ced072f0d0,True,,JPEG
t0_0107,Testing/meningioma/Te-me_71.jpg,C:\Users\pedro\Desktop\Projeto do TCC\Brain Tumor MRI Dataset\Testing\meningioma\Te-me_71.jpg,meningioma,.jpg,test,26771,b576353f83cb34f2c43fc58122209388e2a12e64864e9b967d496ff79bb10927,273,326,RGB,0.8374233128834356,3,c53910c62f656f87,f1987a326662e4e9,True,,JPEG
t0_0107,Training/meningioma/Tr-me_1168.jpg,C:\Users\pedro\Desktop\Projeto do TCC\Brain Tumor MRI Dataset\Training\meningioma\Tr-me_1168.jpg,meningioma,.jpg,train,24412,989297d05b6c7b2c798c7efeccfff51fdf412e9e774b87cbe25d9f3909d49111,273,326,RGB,0.8374233128834356,3,c53910c62f656f87,f1987a326662e4e9,True,,JPEG
t0_0108,Testing/meningioma/Te-me_75.jpg,C:\Users\pedro\Desktop\Projeto do TCC\Brain Tumor MRI Dataset\Testing\meningioma\Te-me_75.jpg,meningioma,.jpg,test,18762,49938c1a7f37ea232898c06615f57fef3e9a8a464c93a20206394a1aa2360e46,315,341,RGB,0.9237536656891496,3,d0d90ba16b676566,71f0f0c8cccccc71,True,,JPEG
t0_0108,Training/meningioma/Tr-me_717.jpg,C:\Users\pedro\Desktop\Projeto do TCC\Brain Tumor MRI Dataset\Training\meningioma\Tr-me_717.jpg,meningioma,.jpg,train,16767,bdcb36433384ba17ee22c69a3e4f9149b20b69ecd85dd272a80dda704aff0aa8,315,341,RGB,0.9237536656891496,3,d0d90ba16b676566,71f0f0c8cccccc71,True,,JPEG
t0_0109,Testing/meningioma/Te-me_8.jpg,C:\Users\pedro\Desktop\Projeto do TCC\Brain Tumor MRI Dataset\Testing\meningioma\Te-me_8.jpg,meningioma,.jpg,test,10921,65a902fcdd43caafbfd32f996cda5eb70f49870ae04b457e63b4e12149168225,214,216,RGB,0.9907407407407408,3,947a4b693e257865,71c896be9692d674,True,,JPEG
t0_0109,Training/meningioma/Tr-me_486.jpg,C:\Users\pedro\Desktop\Projeto do TCC\Brain Tumor MRI Dataset\Training\meningioma\Tr-me_486.jpg,meningioma,.jpg,train,7925,f3fec5bf88028bff924a9866b3efc5711b6a4f4f1bce52692ddef89db1d2996b,214,216,RGB,0.9907407407407408,3,947a4b693e257865,71c896be9692d674,True,,JPEG
t0_0110,Testing/meningioma/Te-me_81.jpg,C:\Users\pedro\Desktop\Projeto do TCC\Brain Tumor MRI Dataset\Testing\meningioma\Te-me_81.jpg,meningioma,.jpg,test,17464,36f571bbd7db967e68e0e0bddba8f81ee825221e166dad668c8323c557129f9b,221,228,RGB,0.9692982456140352,3,d50b1b9b2ae46ce4,71d0a6aab2baaaaa,True,,JPEG
t0_0110,Training/meningioma/Tr-me_740.jpg,C:\Users\pedro\Desktop\Projeto do TCC\Brain Tumor MRI Dataset\Training\meningioma\Tr-me_740.jpg,meningioma,.jpg,train,13287,18f69cb88362d858b70ef6e119ad2676bb82a0e5e4103352949fc6ee8a2d9b8d,221,228,RGB,0.9692982456140352,3,d50b1b9b2ae46ce4,71d0a6aab2baaaaa,True,,JPEG
t0_0111,Testing/meningioma/Te-me_82.jpg,C:\Users\pedro\Desktop\Projeto do TCC\Brain Tumor MRI Dataset\Testing\meningioma\Te-me_82.jpg,meningioma,.jpg,test,7177,59d5ca6397cbfb618d05b0e240b138fb61c3f3832b6a70b3f7b9a96806ef4582,225,225,RGB,1.0,3,9b6c6c933166c399,44b269d1d0d96900,True,,JPEG
t0_0111,Training/meningioma/Tr-me_583.jpg,C:\Users\pedro\Desktop\Projeto do TCC\Brain Tumor MRI Dataset\Training\meningioma\Tr-me_583.jpg,meningioma,.jpg,train,4919,8a78218d3ea57c7e537c14609d48154a1cee9748243fff43f287db8c1957d11f,225,225,RGB,1.0,3,9b6c6c933166c399,44b269d1d0d96900,True,,JPEG
t0_0112,Testing/meningioma/Te-me_83.jpg,C:\Users\pedro\Desktop\Projeto do TCC\Brain Tumor MRI Dataset\Testing\meningioma\Te-me_83.jpg,meningioma,.jpg,test,29322,ca02d2e726540598237ff366f8a9d4078f5f045bc85b2a996c8c044228fb8cf7,369,398,RGB,0.9271356783919598,3,81e0566f3d257e34,f1c8aeb2b2e9dce8,True,,JPEG
t0_0112,Training/meningioma/Tr-me_905.jpg,C:\Users\pedro\Desktop\Projeto do TCC\Brain Tumor MRI Dataset\Training\meningioma\Tr-me_905.jpg,meningioma,.jpg,train,25681,d3dc17e9beb57b30ad2dee3323cb2a7a7e893bcc0666b7938600f71decf5fb39,369,398,RGB,0.9271356783919598,3,81e0566f3d257e34,f1c8aeb2b2e9dce8,True,,JPEG
t0_0113,Testing/meningioma/Te-me_86.jpg,C:\Users\pedro\Desktop\Projeto do TCC\Brain Tumor MRI Dataset\Testing\meningioma\Te-me_86.jpg,meningioma,.jpg,test,17271,2c9f7f2d80eac2f53f5a58d8a45f5e29aa942b5f9899dffa56592aeec66c3975,256,256,RGB,1.0,3,c51b1f622e3669f0,21d0d2e49086c4e4,True,,JPEG
t0_0113,Training/meningioma/Tr-me_1121.jpg,C:\Users\pedro\Desktop\Projeto do TCC\Brain Tumor MRI Dataset\Training\meningioma\Tr-me_1121.jpg,meningioma,.jpg,train,12755,887770a828d268a2487b833f31281d0291951557c1ecd96ed38f3e8966d0def0,256,256,RGB,1.0,3,c51b1f622e3669f0,21d0d2e49086c4e4,True,,JPEG
t0_0114,Testing/meningioma/Te-me_9.jpg,C:\Users\pedro\Desktop\Projeto do TCC\Brain Tumor MRI Dataset\Testing\meningioma\Te-me_9.jpg,meningioma,.jpg,test,23280,6ad191b6525adf85064c08ec3ab520ca7fc28acb73bd31781d54d8e03315e139,330,355,RGB,0.9295774647887324,3,81d0175bb22ee66e,f0b2a60f0b33614d,True,,JPEG
t0_0114,Training/meningioma/Tr-me_715.jpg,C:\Users\pedro\Desktop\Projeto do TCC\Brain Tumor MRI Dataset\Training\meningioma\Tr-me_715.jpg,meningioma,.jpg,train,20661,7aed0c5305f66cb3c67a0d617ef6e73e3f965cff91bedcc3bc074fba768d152e,330,355,RGB,0.9295774647887324,3,81d0175bb22ee66e,f0b2a60f0b33614d,True,,JPEG
t0_0115,Testing/meningioma/Te-me_93.jpg,C:\Users\pedro\Desktop\Projeto do TCC\Brain Tumor MRI Dataset\Testing\meningioma\Te-me_93.jpg,meningioma,.jpg,test,38271,52f5ab2cd9062f8345c03115db0773650ebae255d3f2c8561a9f2336cabbb5a8,491,624,RGB,0.7868589743589743,3,d4690a1e6ff43361,f1c88a32d0ccfcf0,True,,JPEG
t0_0115,Training/meningioma/Tr-me_131.jpg,C:\Users\pedro\Desktop\Projeto do TCC\Brain Tumor MRI Dataset\Training\meningioma\Tr-me_131.jpg,meningioma,.jpg,train,26509,37f56b108bf51b46843a02ee76d310daebdf2d9fcbbd0d8554514689203b7d90,491,624,RGB,0.7868589743589743,3,d4690a1e6ff43361,f1c88a32d0ccfcf0,True,,JPEG
t0_0116,Testing/meningioma/Te-me_94.jpg,C:\Users\pedro\Desktop\Projeto do TCC\Brain Tumor MRI Dataset\Testing\meningioma\Te-me_94.jpg,meningioma,.jpg,test,12103,7912b475d4fe70819a6982a63f4487ade1f9ea600b1bdf99c60c1019facd9e02,215,234,RGB,0.9188034188034188,3,c7c33a386ac33939,69ccc0c4c4f4ec60,True,,JPEG
t0_0116,Training/meningioma/Tr-me_946.jpg,C:\Users\pedro\Desktop\Projeto do TCC\Brain Tumor MRI Dataset\Training\meningioma\Tr-me_946.jpg,meningioma,.jpg,train,9125,20b8d58afcccf5666c37e7daed3ebbbcd71665ee7f87b4d3ca502705beb7e1e4,215,234,RGB,0.9188034188034188,3,c7c33a386ac33939,69ccc0c4c4f4ec60,True,,JPEG
t0_0117,Testing/meningioma/Te-me_95.jpg,C:\Users\pedro\Desktop\Projeto do TCC\Brain Tumor MRI Dataset\Testing\meningioma\Te-me_95.jpg,meningioma,.jpg,test,13951,8e3337290795e87f60d3aae62e5dc24891c709967907fb85545364a8682a368b,208,243,RGB,0.8559670781893004,3,811e1fe87aa53ac5,7068e0c4d4e9d270,True,,JPEG
t0_0117,Training/meningioma/Tr-me_1091.jpg,C:\Users\pedro\Desktop\Projeto do TCC\Brain Tumor MRI Dataset\Training\meningioma\Tr-me_1091.jpg,meningioma,.jpg,train,10078,4c3af3bbaa0e4fef239bd973509aeda877af2ba720a3d469a1d5438a9e55a910,208,243,RGB,0.8559670781893004,3,811e1fe87aa53ac5,7068e0c4d4e9d270,True,,JPEG
t0_0118,Testing/notumor/Te-no_1.jpg,C:\Users\pedro\Desktop\Projeto do TCC\Brain Tumor MRI Dataset\Testing\notumor\Te-no_1.jpg,notumor,.jpg,test,9447,dc8a25950f072b9830140f60f08958ea8bea1716b96d5f8c7b09017bd4ad67e7,200,252,RGB,0.7936507936507936,3,d15a48ed4ea56ea4,71d8c8c8ec4caac0,True,,JPEG
t0_0118,Testing/notumor/Te-no_63.jpg,C:\Users\pedro\Desktop\Projeto do TCC\Brain Tumor MRI Dataset\Testing\notumor\Te-no_63.jpg,notumor,.jpg,test,9572,42f959715b9af7d2a9d14016c89e3175d574c10b7e2f510d1025ac588657069a,200,252,RGB,0.7936507936507936,3,d15a48ed4ea56ea4,71d8c8c9ec4caac0,True,,JPEG
t0_0118,Training/notumor/Tr-no_151.jpg,C:\Users\pedro\Desktop\Projeto do TCC\Brain Tumor MRI Dataset\Training\notumor\Tr-no_151.jpg,notumor,.jpg,train,7119,16d05c87bffe4fdd3313816728a6bcd3dbf3fa69a337a261937bffff184828dc,200,252,RGB,0.7936507936507936,3,d55a48ec4ea56ea4,71d8c8c8ec4caac0,True,,JPEG
t0_0119,Testing/notumor/Te-no_10.jpg,C:\Users\pedro\Desktop\Projeto do TCC\Brain Tumor MRI Dataset\Testing\notumor\Te-no_10.jpg,notumor,.jpg,test,9892,24886192c0b8853b52660fe46f93f24fb12d3fe2b5a8cfa78d2f8d3e0102dd23,225,225,RGB,1.0,3,c2d02ccf3b4d6ccc,61d4f4d0e8e071b2,True,,JPEG
t0_0119,Training/notumor/Tr-no_468.jpg,C:\Users\pedro\Desktop\Projeto do TCC\Brain Tumor MRI Dataset\Training\notumor\Tr-no_468.jpg,notumor,.jpg,train,10073,a03a70e8f62edf2dd3e60adf6f1c193075ee0c0b8ddef1e16151cd27e0c23746,225,225,RGB,1.0,3,c2d02ccf3b4d6ccc,61d4f4d0e8e071b2,True,,JPEG
t0_0120,Testing/notumor/Te-no_100.jpg,C:\Users\pedro\Desktop\Projeto do TCC\Brain Tumor MRI Dataset\Testing\notumor\Te-no_100.jpg,notumor,.jpg,test,17282,c62ea2526aa74964a12d7faf2a4446e3adc01f2429c0a2439deb8de115447d7f,442,442,RGB,1.0,3,c66b3fa43896619a,32e1e8e8ccc4e871,True,,JPEG
t0_0120,Testing/notumor/Te-no_160.jpg,C:\Users\pedro\Desktop\Projeto do TCC\Brain Tumor MRI Dataset\Testing\notumor\Te-no_160.jpg,notumor,.jpg,test,17321,d6b226a893ebd76213c88be9ed2027949f992d8143e179b7d610049cf1760fc5,442,442,RGB,1.0,3,c66b3fa43896619a,32e1e8e8ccc4e871,True,,JPEG
t0_0121,Testing/notumor/Te-no_101.jpg,C:\Users\pedro\Desktop\Projeto do TCC\Brain Tumor MRI Dataset\Testing\notumor\Te-no_101.jpg,notumor,.jpg,test,8328,11d37b7c3a723327a2e7414f575e9de4d2b7a03fdbb1a0d42e37615e73a3e404,227,222,RGB,1.0225225225225223,3,d03f0ef02fe05cc3,79e8c8ce8c8ccce1,True,,JPEG
t0_0121,Testing/notumor/Te-no_185.jpg,C:\Users\pedro\Desktop\Projeto do TCC\Brain Tumor MRI Dataset\Testing\notumor\Te-no_185.jpg,notumor,.jpg,test,21942,033b1d33ec791d3888f4cf483521bb26c46a27b81a6cbb8384974d8239c5ca7c,428,417,RGB,1.026378896882494,3,d03f0ef02fe05cc3,69e8c8ce8c8ccce1,True,,JPEG
t0_0121,Testing/notumor/Te-no_195.jpg,C:\Users\pedro\Desktop\Projeto do TCC\Brain Tumor MRI Dataset\Testing\notumor\Te-no_195.jpg,notumor,.jpg,test,22376,529ab1461e2488a2edb72328502a693d9e049b5d9c0b520a4401c4ac35fc1561,428,417,RGB,1.026378896882494,3,d03f0ef02fe05cc3,69e8c8ce8c8ccce1,True,,JPEG
t0_0121,Testing/notumor/Te-no_303.jpg,C:\Users\pedro\Desktop\Projeto do TCC\Brain Tumor MRI Dataset\Testing\notumor\Te-no_303.jpg,notumor,.jpg,test,8551,2b3d1ac43a7301b6c36c5c94fa07df37a2f31e5b90b476c8457b2406aabc4797,227,222,RGB,1.0225225225225223,3,d03f0ef02fe05cc3,79e8c8ce8c8ccce1,True,,JPEG
t0_0121,Testing/notumor/Te-no_89.jpg,C:\Users\pedro\Desktop\Projeto do TCC\Brain Tumor MRI Dataset\Testing\notumor\Te-no_89.jpg,notumor,.jpg,test,8622,56ad54c38a86ce30a656f7ca7e8d471ac2c610bf18998a479ec24dcc642ea37d,227,222,RGB,1.0225225225225223,3,d03f0ef02fe05cc3,79e8c8ce8c8ccce1,True,,JPEG
t0_0121,Training/notumor/Tr-no_1356.jpg,C:\Users\pedro\Desktop\Projeto do TCC\Brain Tumor MRI Dataset\Training\notumor\Tr-no_1356.jpg,notumor,.jpg,train,22278,1244107d98c9a8b438a226dbed6e776517b9e2a38e1704c7dea6283f9d493758,428,417,RGB,1.026378896882494,3,d03f0ef02fe05cc3,69e8c8ce8c8ccce1,True,,JPEG
t0_0122,Testing/notumor/Te-no_102.jpg,C:\Users\pedro\Desktop\Projeto do TCC\Brain Tumor MRI Dataset\Testing\notumor\Te-no_102.jpg,notumor,.jpg,test,34539,7d01bbb2636442ded3fb98c6419e9afcdf9437d1b29c41dada9a693eafa185a4,428,417,RGB,1.026378896882494,3,c2c00e0f2fde3c3d,e9cc8c8ccec8f869,True,,JPEG
t0_0122,Testing/notumor/Te-no_12.jpg,C:\Users\pedro\Desktop\Projeto do TCC\Brain Tumor MRI Dataset\Testing\notumor\Te-no_12.jpg,notumor,.jpg,test,13537,c0f887e78c46dbfe1db490d2bc83cb13907814f18efde3725cc89bf072aa1af7,227,222,RGB,1.0225225225225223,3,c2c00e0f2fde3c3d,e9cc8c88cec8f869,True,,JPEG
t0_0122,Training/notumor/Tr-no_1276.jpg,C:\Users\pedro\Desktop\Projeto do TCC\Brain Tumor MRI Dataset\Training\notumor\Tr-no_1276.jpg,notumor,.jpg,train,35408,672390a6f25f986ea8d9f6469ca9cad06e0be86a5712e99fce2139e0a909805c,428,417,RGB,1.026378896882494,3,c2c00e0f2fde3c3d,e9cc8c8ccec8f869,True,,JPEG
t0_0122,Training/notumor/Tr-no_504.jpg,C:\Users\pedro\Desktop\Projeto do TCC\Brain Tumor MRI Dataset\Training\notumor\Tr-no_504.jpg,notumor,.jpg,train,12963,fd1cdad6cbf8fa8dc2f67f5bf931313042ab22e0246488d120a7d51a760e8875,227,222,RGB,1.0225225225225223,3,c2c00e0f2fde3c3d,e9cc8c8ccec8f869,True,,JPEG
t0_0123,Testing/notumor/Te-no_103.jpg,C:\Users\pedro\Desktop\Projeto do TCC\Brain Tumor MRI Dataset\Testing\notumor\Te-no_103.jpg,notumor,.jpg,test,5845,c95cc473f65c7aaa2c846463783fd14b0a0ef232b74bf6bc2e77a316b6bea61a,275,183,RGB,1.5027322404371584,3,9bc66d1c61b836b2,306969e9796979b0,True,,JPEG
t0_0123,Testing/notumor/Te-no_230.jpg,C:\Users\pedro\Desktop\Projeto do TCC\Brain Tumor MRI Dataset\Testing\notumor\Te-no_230.jpg,notumor,.jpg,test,10096,60fda5f0fd5cd620e8438d5ea355dffb418758231259c12c020f29003aacbbf9,420,280,RGB,1.5,3,9bc66d1c619836b3,306969e9796979b0,True,,JPEG
t0_0124,Testing/notumor/Te-no_104.jpg,C:\Users\pedro\Desktop\Projeto do TCC\Brain Tumor MRI Dataset\Testing\notumor\Te-no_104.jpg,notumor,.jpg,test,8640,5686520a02cc01b823225b241c449c32086b9847f2cf1ef2febf81db8f6077c2,225,225,RGB,1.0,3,c64b3b943157e159,7969e8e8eccc7033,True,,JPEG
t0_0124,Training/notumor/Tr-no_1386.jpg,C:\Users\pedro\Desktop\Projeto do TCC\Brain Tumor MRI Dataset\Training\notumor\Tr-no_1386.jpg,notumor,.jpg,train,8883,51dd3cfab8c5fd3f9222390f595f9559d5d7ba2c8469a01e7c4e74bc3e6691f5,225,225,RGB,1.0,3,c64b3b943157e159,6969e8e8eccc7033,True,,JPEG
t0_0124,Training/notumor/Tr-no_823.jpg,C:\Users\pedro\Desktop\Projeto do TCC\Brain Tumor MRI Dataset\Training\notumor\Tr-no_823.jpg,notumor,.jpg,train,8838,80e8ad1c7729005d2b8472f9419d38c0bf6ed9906376bd44b0ac5a06cfe032cb,225,225,RGB,1.0,3,c64b3b943956e159,6969e8e8eccc7033,True,,JPEG
t0_0125,Testing/notumor/Te-no_105.jpg,C:\Users\pedro\Desktop\Projeto do TCC\Brain Tumor MRI Dataset\Testing\notumor\Te-no_105.jpg,notumor,.jpg,test,8404,c74ecaa2c41bba17655dac6c942aab121527259616a6622b4fc62edd21e4ab7d,232,217,RGB,1.0691244239631337,3,9e30694b67cd9698,007870e4ec697110,True,,JPEG
t0_0125,Testing/notumor/Te-no_259.jpg,C:\Users\pedro\Desktop\Projeto do TCC\Brain Tumor MRI Dataset\Testing\notumor\Te-no_259.jpg,notumor,.jpg,test,7097,2e2c8b134bcec613ecddda8c40fc604dc8bafe125692d894eee3c25b756fd719,232,217,RGB,1.0691244239631337,3,9e30694b67cd9698,007870e4f4717000,True,,JPEG
t0_0125,Testing/notumor/Te-no_328.jpg,C:\Users\pedro\Desktop\Projeto do TCC\Brain Tumor MRI Dataset\Testing\notumor\Te-no_328.jpg,notumor,.jpg,test,8127,c3aac0bc3d75c26d387ae4c38337d1e5eabc28359e9dac087a9268a3de9a7e3b,232,217,RGB,1.0691244239631337,3,9e30694b67cd9698,007870e4ec697110,True,,JPEG
t0_0125,Training/notumor/Tr-no_294.jpg,C:\Users\pedro\Desktop\Projeto do TCC\Brain Tumor MRI Dataset\Training\notumor\Tr-no_294.jpg,notumor,.jpg,train,6931,d2766e3fcb581dc53fcda4bf40b7e9eae2e524e71c5ac4601da745923699e2ff,232,217,RGB,1.0691244239631337,3,9e30694b67cd9698,007070e4f4717000,True,,JPEG
t0_0126,Testing/notumor/Te-no_106.jpg,C:\Users\pedro\Desktop\Projeto do TCC\Brain Tumor MRI Dataset\Testing\notumor\Te-no_106.jpg,notumor,.jpg,test,9546,47d04966746d27a884a0a94ef820b3442199321d7cb2a385f2c9ed12f9ada160,150,198,RGB,0.7575757575757576,3,c2ba5cd547584e8b,d4aa554d4de8b2c4,True,,JPEG
t0_0126,Training/notumor/Tr-no_1249.jpg,C:\Users\pedro\Desktop\Projeto do TCC\Brain Tumor MRI Dataset\Training\notumor\Tr-no_1249.jpg,notumor,.jpg,train,9269,c74e4880a72b8e540582bbbfa648f10a129b661651e61b23c7a0c8534e0229a5,150,198,RGB,0.7575757575757576,3,c6ba4cd547584e8b,d4aa554d4de8b2c4,True,,JPEG
t0_0127,Testing/notumor/Te-no_107.jpg,C:\Users\pedro\Desktop\Projeto do TCC\Brain Tumor MRI Dataset\Testing\notumor\Te-no_107.jpg,notumor,.jpg,test,9894,846f56ed235636d20b2484d6bebef36869982ad90ab4b2e49ea99e554812d46e,232,217,RGB,1.0691244239631337,3,969579da61394c66,70f8e8e8ece87831,True,,JPEG
t0_0127,Training/notumor/Tr-no_1182.jpg,C:\Users\pedro\Desktop\Projeto do TCC\Brain Tumor MRI Dataset\Training\notumor\Tr-no_1182.jpg,notumor,.jpg,train,15004,27ae033b50d7841f4418ed2ad22cd57dfac9b8518673e4d21509a2051c0ca342,232,217,RGB,1.0691244239631337,3,9685789e61396c76,70f8e8e8ece87831,True,,JPEG
t0_0127,Training/notumor/Tr-no_68.jpg,C:\Users\pedro\Desktop\Projeto do TCC\Brain Tumor MRI Dataset\Training\notumor\Tr-no_68.jpg,notumor,.jpg,train,10062,38fe0004cd2687faff096d4f69f781dd10e03b4950129d38023ac46a701ad402,232,217,RGB,1.0691244239631337,3,969579da61394c66,70f8e8e8ece87831,True,,JPEG
t0_0128,Testing/notumor/Te-no_108.jpg,C:\Users\pedro\Desktop\Projeto do TCC\Brain Tumor MRI Dataset\Testing\notumor\Te-no_108.jpg,notumor,.jpg,test,6117,c9a25aa1846eeba7f1b93f04450e4e539c23f72487d4d3f480a4070e41b94279,225,225,RGB,1.0,3,d2a56b4a2d33349d,70f0ccccececf070,True,,JPEG
t0_0128,Training/notumor/Tr-no_458.jpg,C:\Users\pedro\Desktop\Projeto do TCC\Brain Tumor MRI Dataset\Training\notumor\Tr-no_458.jpg,notumor,.jpg,train,6096,098eadaf0e35aef92003ca4352795e7156a19f303b9516cb371efda69eece18d,225,225,RGB,1.0,3,d2a46b4a2d73349d,70f0ccccececf070,True,,JPEG
t0_0129,Testing/notumor/Te-no_109.jpg,C:\Users\pedro\Desktop\Projeto do TCC\Brain Tumor MRI Dataset\Testing\notumor\Te-no_109.jpg,notumor,.jpg,test,25151,6802e005b6a69a8d9b5445afa0af0653dd2f1ebfe64be0164d8e57b7ade82b40,356,474,RGB,0.7510548523206751,3,d3853b193c92b569,31f0e8e8e8e8e831,True,,JPEG
t0_0129,Training/notumor/Tr-no_939.jpg,C:\Users\pedro\Desktop\Projeto do TCC\Brain Tumor MRI Dataset\Training\notumor\Tr-no_939.jpg,notumor,.jpg,train,25418,a95b8b97b1987417234f09cf286460225e2f7b6b5ed1b9de00435a16e4947b93,356,474,RGB,0.7510548523206751,3,d3853b193c92b569,31f0e8e8e8e8f831,True,,JPEG
t0_0130,Testing/notumor/Te-no_11.jpg,C:\Users\pedro\Desktop\Projeto do TCC\Brain Tumor MRI Dataset\Testing\notumor\Te-no_11.jpg,notumor,.jpg,test,13722,03489779af4617033a1c8136c1fa838b590907eeab1d8a705ee69442427678b6,220,275,L,0.8,1,d4d24b8d2f713c29,71f0d4d4f2b0f0f0,True,,JPEG
t0_0130,Training/notumor/Tr-no_1371.jpg,C:\Users\pedro\Desktop\Projeto do TCC\Brain Tumor MRI Dataset\Training\notumor\Tr-no_1371.jpg,notumor,.jpg,train,12082,14c87d2077e57a62532215c91e53e34ed51f6a784f5750a917ef91852d2ce9dc,201,251,RGB,0.8007968127490039,3,d4d24b8d2f713c29,71f4d4d4f2b0f0f0,True,,JPEG
t0_0130,Training/notumor/Tr-no_234.jpg,C:\Users\pedro\Desktop\Projeto do TCC\Brain Tumor MRI Dataset\Training\notumor\Tr-no_234.jpg,notumor,.jpg,train,25251,4eb5e748bc65552cad06a39372536dad3d835e34a17b81318a2e0c902947b207,359,449,RGB,0.799554565701559,3,c4d24b8d2f713c2d,71f0d4d4f2b0f0f0,True,,JPEG
t0_0130,Training/notumor/Tr-no_402.jpg,C:\Users\pedro\Desktop\Projeto do TCC\Brain Tumor MRI Dataset\Training\notumor\Tr-no_402.jpg,notumor,.jpg,train,12924,bc802bac8ff69922680339822c1e173b9c28ad6979a1a648a314a4592ae828af,201,251,RGB,0.8007968127490039,3,d4d24b8d2f713c29,71f4d4d4f2b0f0f0,True,,JPEG
t0_0130,Training/notumor/Tr-no_488.jpg,C:\Users\pedro\Desktop\Projeto do TCC\Brain Tumor MRI Dataset\Training\notumor\Tr-no_488.jpg,notumor,.jpg,train,12914,aab9ec9463f3e8f60063d37cad6b04ed800571f074ae8e4dbab728e935bc98b5,201,251,RGB,0.8007968127490039,3,d4d24b8d2f713c29,71f4d4d4f2b0f0f0,True,,JPEG
t0_0130,Training/notumor/Tr-no_643.jpg,C:\Users\pedro\Desktop\Projeto do TCC\Brain Tumor MRI Dataset\Training\notumor\Tr-no_643.jpg,notumor,.jpg,train,24948,cd96b1d5fbe7d99976c7622fabcb89896c25c07f9837f9ff3756b4effdcbed7f,359,449,RGB,0.799554565701559,3,c4d24b8d2f713c2d,71f0d4d4f2b0f0f0,True,,JPEG
t0_0131,Testing/notumor/Te-no_110.jpg,C:\Users\pedro\Desktop\Projeto do TCC\Brain Tumor MRI Dataset\Testing\notumor\Te-no_110.jpg,notumor,.jpg,test,6047,2b67bb1ece83952bb4b2c9ec59d54c7a518995482879719460ffbb81ca778f73,300,168,RGB,1.7857142857142858,3,9a6d69966132cdc6,b0717168687069f0,True,,JPEG
t0_0131,Testing/notumor/Te-no_342.jpg,C:\Users\pedro\Desktop\Projeto do TCC\Brain Tumor MRI Dataset\Testing\notumor\Te-no_342.jpg,notumor,.jpg,test,18465,b1689e9d0dde9a84bb4ed0ad1441ffcf6f13a32943dd3ffdbd2ebb357bcb68ac,642,361,RGB,1.778393351800554,3,9a6d69966132cdc6,b0717168687069f0,True,,JPEG
t0_0131,Training/notumor/Tr-no_1136.jpg,C:\Users\pedro\Desktop\Projeto do TCC\Brain Tumor MRI Dataset\Training\notumor\Tr-no_1136.jpg,notumor,.jpg,train,30762,98b975e302443759272d6d112532913d72094fa5f9fe318b2384243c1fd39bfe,642,361,RGB,1.778393351800554,3,9a6d69966132cdc6,b0717168687069f0,True,,JPEG
t0_0131,Training/notumor/Tr-no_480.jpg,C:\Users\pedro\Desktop\Projeto do TCC\Brain Tumor MRI Dataset\Training\notumor\Tr-no_480.jpg,notumor,.jpg,train,6166,42a3e40414c55e0c9ad1b9e091d33f5808d2e43d63fccc673778779975825ae5,300,168,RGB,1.7857142857142858,3,9a6d69966132cdc6,b0717168687069f0,True,,JPEG
t0_0132,Testing/notumor/Te-no_111.jpg,C:\Users\pedro\Desktop\Projeto do TCC\Brain Tumor MRI Dataset\Testing\notumor\Te-no_111.jpg,notumor,.jpg,test,10311,b2294911cd2da98ce460f115495f94ea25b1fca8fcd1375beb9f35cb118bb6c2,420,280,RGB,1.5,3,ce93384934cd63e6,3069686861696132,True,,JPEG
t0_0132,Testing/notumor/Te-no_361.jpg,C:\Users\pedro\Desktop\Projeto do TCC\Brain Tumor MRI Dataset\Testing\notumor\Te-no_361.jpg,notumor,.jpg,test,5902,79e8802ebe62b2e256414bba747211992151631efdc4ccf1eb78760bf4cf564b,275,183,RGB,1.5027322404371584,3,ce93384934cd6367,3069686861696132,True,,JPEG
t0_0132,Testing/notumor/Te-no_80.jpg,C:\Users\pedro\Desktop\Projeto do TCC\Brain Tumor MRI Dataset\Testing\notumor\Te-no_80.jpg,notumor,.jpg,test,5817,1e44b71c22ab1a43fb2a826ffd891836f4da274a1cc1592eba5874740a0da375,275,183,RGB,1.5027322404371584,3,ce93384934cd6367,3069686861696132,True,,JPEG
t0_0132,Training/notumor/Tr-no_177.jpg,C:\Users\pedro\Desktop\Projeto do TCC\Brain Tumor MRI Dataset\Training\notumor\Tr-no_177.jpg,notumor,.jpg,train,9867,0790454183ebd29490578919e0dc9d91909bd39679b70cd1aba0ba3e5f61e160,420,280,RGB,1.5,3,ce93384934cd6367,3069686861696132,True,,JPEG
t0_0132,Training/notumor/Tr-no_888.jpg,C:\Users\pedro\Desktop\Projeto do TCC\Brain Tumor MRI Dataset\Training\notumor\Tr-no_888.jpg,notumor,.jpg,train,10020,a0cb6052d255d5932ea2df3aba1f86071f28cba129fa567b96b346977f85e43d,420,280,RGB,1.5,3,ce93384934cd6367,3069686861696132,True,,JPEG
t0_0133,Testing/notumor/Te-no_112.jpg,C:\Users\pedro\Desktop\Projeto do TCC\Brain Tumor MRI Dataset\Testing\notumor\Te-no_112.jpg,notumor,.jpg,test,8488,a45633b3a8d8401df054d9cfe854a381ea92b7a126c1aa724dcb32d7dd64360c,225,225,RGB,1.0,3,97c1783661796497,7170e8d4ccec7031,True,,JPEG
t0_0133,Testing/notumor/Te-no_123.jpg,C:\Users\pedro\Desktop\Projeto do TCC\Brain Tumor MRI Dataset\Testing\notumor\Te-no_123.jpg,notumor,.jpg,test,8161,b7921b268bd83a7dff08c9a5403f0998a508f902a324733d357194f1df6715b4,225,225,RGB,1.0,3,97c1783661796497,7170e8d4ccec7031,True,,JPEG
t0_0133,Training/notumor/Tr-no_1229.jpg,C:\Users\pedro\Desktop\Projeto do TCC\Brain Tumor MRI Dataset\Training\notumor\Tr-no_1229.jpg,notumor,.jpg,train,8341,d8aa0c290788373a5806b52c23736910308ca19e0164bd1984ec30eb67a7ab22,225,225,RGB,1.0,3,97c1783661796497,7170e8d4ccec7031,True,,JPEG
t0_0134,Testing/notumor/Te-no_113.jpg,C:\Users\pedro\Desktop\Projeto do TCC\Brain Tumor MRI Dataset\Testing\notumor\Te-no_113.jpg,notumor,.jpg,test,9225,2d29b3697261f7cc096374f4d829c4c1b1c283d39b420a4fb3cedcd7fbdf7cc8,225,225,RGB,1.0,3,93e56a5a2d393493,70f0d4d4d4d4f070,True,,JPEG
t0_0134,Testing/notumor/Te-no_140.jpg,C:\Users\pedro\Desktop\Projeto do TCC\Brain Tumor MRI Dataset\Testing\notumor\Te-no_140.jpg,notumor,.jpg,test,9408,0bffedfc1df973bdc13f059b95acf515f49f922aa7f4df30a1d4c7629d201f9f,225,225,RGB,1.0,3,c64f3fb078936129,70f0d4d4d4d4f070,True,,JPEG
t0_0134,Testing/notumor/Te-no_189.jpg,C:\Users\pedro\Desktop\Projeto do TCC\Brain Tumor MRI Dataset\Testing\notumor\Te-no_189.jpg,notumor,.jpg,test,9325,55138badbfeeb9cfb71bb334803d3d8ec4c04526a3642bd96e10535af8de288e,225,225,RGB,1.0,3,931a6ae52dc6347c,70f0d4d4d4d4f070,True,,JPEG
t0_0134,Testing/notumor/Te-no_209.jpg,C:\Users\pedro\Desktop\Projeto do TCC\Brain Tumor MRI Dataset\Testing\notumor\Te-no_209.jpg,notumor,.jpg,test,7156,223b04f04b521e9c8bc13138eab633c03010c2ad883b5c651bef8f329bf55ee1,225,225,RGB,1.0,3,93e56a5a2d393495,70f0d4d4d4d4f070,True,,JPEG
t0_0134,Testing/notumor/Te-no_260.jpg,C:\Users\pedro\Desktop\Projeto do TCC\Brain Tumor MRI Dataset\Testing\notumor\Te-no_260.jpg,notumor,.jpg,test,8707,d721612a89ca5408c199219d5a33441bf912d5357921e6086f7addbc836401ca,225,225,RGB,1.0,3,921a6ae52dc6347e,70f0d4d4d4d4f070,True,,JPEG
t0_0134,Testing/notumor/Te-no_271.jpg,C:\Users\pedro\Desktop\Projeto do TCC\Brain Tumor MRI Dataset\Testing\notumor\Te-no_271.jpg,notumor,.jpg,test,40291,7ac609a2f0e02e360f3793f8a02be46502ae4dd737c43829e3972e82dc8c8b05,630,630,L,1.0,1,921a6ae52dc6347e,70f0d4d4d4d4f070,True,,JPEG
t0_0134,Testing/notumor/Te-no_275.jpg,C:\Users\pedro\Desktop\Projeto do TCC\Brain Tumor MRI Dataset\Testing\notumor\Te-no_275.jpg,notumor,.jpg,test,7113,d4a0013422890229eb540f461ddc0dd0066df275044a7efbdcdc08e45a92e22e,225,225,RGB,1.0,3,921a6ae52dc6347e,70f0d4d4d4d4f070,True,,JPEG
t0_0134,Testing/notumor/Te-no_334.jpg,C:\Users\pedro\Desktop\Projeto do TCC\Brain Tumor MRI Dataset\Testing\notumor\Te-no_334.jpg,notumor,.jpg,test,9094,d6d19ac66d1fdd18db5284e7393520387235e3c61fdbe9ddbb42062da5380edc,225,225,RGB,1.0,3,93e56a5a2d393493,70f0d4d4d4d4f070,True,,JPEG
t0_0134,Testing/notumor/Te-no_351.jpg,C:\Users\pedro\Desktop\Projeto do TCC\Brain Tumor MRI Dataset\Testing\notumor\Te-no_351.jpg,notumor,.jpg,test,9371,d78d041bbb9b1dc514b2bbd052bd797a6b580416e6e1db94f93334f8dec29901,225,225,RGB,1.0,3,c7b03f0f786c61c4,70f0d4d4d4d4f070,True,,JPEG
t0_0134,Testing/notumor/Te-no_388.jpg,C:\Users\pedro\Desktop\Projeto do TCC\Brain Tumor MRI Dataset\Testing\notumor\Te-no_388.jpg,notumor,.jpg,test,8851,16cbcd4b6ff959fe9b0dcb022d3c72fd9223eae56b82b1b6d7f94b4311ae9b13,225,225,RGB,1.0,3,c74f3fb078926129,70f0d4d4d4d4f070,True,,JPEG
t0_0134,Training/notumor/Tr-no_1027.jpg,C:\Users\pedro\Desktop\Projeto do TCC\Brain Tumor MRI Dataset\Training\notumor\Tr-no_1027.jpg,notumor,.jpg,train,8716,153620cd50478c8e2cf60eb8b853c5e02e3f1bd1a34a596d119ab65779eca867,225,225,RGB,1.0,3,c6b03f0f786c61d4,70f0d4d4d4d4f070,True,,JPEG
t0_0134,Training/notumor/Tr-no_1060.jpg,C:\Users\pedro\Desktop\Projeto do TCC\Brain Tumor MRI Dataset\Training\notumor\Tr-no_1060.jpg,notumor,.jpg,train,6931,03e248ffc72dc76fa9bec9e742867f1ed95fac71faf30b2e6249eee1b1e2a766,225,225,RGB,1.0,3,c7b03f0f786c61c4,70f0d4d4d4d4f070,True,,JPEG
t0_0134,Training/notumor/Tr-no_1062.jpg,C:\Users\pedro\Desktop\Projeto do TCC\Brain Tumor MRI Dataset\Training\notumor\Tr-no_1062.jpg,notumor,.jpg,train,55697,c1bf41ddb56396fd0e74b2eb7212c96a6a915ee86737c060c9db8e1439ff0390,630,630,RGB,1.0,3,c74f3fb078926129,70f0d4d4d4d4f070,True,,JPEG
t0_0134,Training/notumor/Tr-no_1071.jpg,C:\Users\pedro\Desktop\Projeto do TCC\Brain Tumor MRI Dataset\Training\notumor\Tr-no_1071.jpg,notumor,.jpg,train,9191,2b79ef9856ccc1d8c850634eed1304cd937563662d35fa77f8e26c3991d4bc1a,225,225,RGB,1.0,3,92e56a5a2d393497,70f0d4d4d4d4f070,True,,JPEG
t0_0134,Training/notumor/Tr-no_109.jpg,C:\Users\pedro\Desktop\Projeto do TCC\Brain Tumor MRI Dataset\Training\notumor\Tr-no_109.jpg,notumor,.jpg,train,61345,72f5f6723c7b92f641fb5d44513b6111c348e43005f8c1f4829f28eebd1117b2,630,630,RGB,1.0,3,c74f3fb078926129,70f0d4d4d4d4f070,True,,JPEG
t0_0134,Training/notumor/Tr-no_1102.jpg,C:\Users\pedro\Desktop\Projeto do TCC\Brain Tumor MRI Dataset\Training\notumor\Tr-no_1102.jpg,notumor,.jpg,train,8767,46b3792a79c61057a09aff260024f7919e41e13308a1417dae4d74785cb5da35,225,225,RGB,1.0,3,c7b03f0f786c61c4,70f0d4d4d4d4f070,True,,JPEG
t0_0134,Training/notumor/Tr-no_1124.jpg,C:\Users\pedro\Desktop\Projeto do TCC\Brain Tumor MRI Dataset\Training\notumor\Tr-no_1124.jpg,notumor,.jpg,train,7165,bb7c3d6df2afe69ac893860e9177883a5a6cd60ebc70de8c3ae996ddb185ce2f,225,225,RGB,1.0,3,93e56a5a2d393495,70f0d4d4d4d4f070,True,,JPEG
t0_0134,Training/notumor/Tr-no_1138.jpg,C:\Users\pedro\Desktop\Projeto do TCC\Brain Tumor MRI Dataset\Training\notumor\Tr-no_1138.jpg,notumor,.jpg,train,9238,eafd3887b242e6ec2db6b0646d1e9cf817e2ed17a6b2d196cd7cb3c85c035cb1,225,225,RGB,1.0,3,93e56a5a2d393493,70f0d4d4d4d4f070,True,,JPEG
t0_0134,Training/notumor/Tr-no_1183.jpg,C:\Users\pedro\Desktop\Projeto do TCC\Brain Tumor MRI Dataset\Training\notumor\Tr-no_1183.jpg,notumor,.jpg,train,61345,72f5f6723c7b92f641fb5d44513b6111c348e43005f8c1f4829f28eebd1117b2,630,630,RGB,1.0,3,c74f3fb078926129,70f0d4d4d4d4f070,True,,JPEG
t0_0134,Training/notumor/Tr-no_1252.jpg,C:\Users\pedro\Desktop\Projeto do TCC\Brain Tumor MRI Dataset\Training\notumor\Tr-no_1252.jpg,notumor,.jpg,train,8806,7fc77a030dc7e2098bc82150d298940040ab470f13fc7eeeb0e5bb876e767b84,225,225,RGB,1.0,3,c64f3fb078936129,70f0d4d4d4d4f070,True,,JPEG
t0_0134,Training/notumor/Tr-no_1257.jpg,C:\Users\pedro\Desktop\Projeto do TCC\Brain Tumor MRI Dataset\Training\notumor\Tr-no_1257.jpg,notumor,.jpg,train,6766,0f89225efd176c55d0a06bdeb4c54b455a42921f86aa1f41deebc23f32e9275c,225,225,RGB,1.0,3,c64f3fb07892612b,70f0d4d4d4d4f070,True,,JPEG
t0_0134,Training/notumor/Tr-no_203.jpg,C:\Users\pedro\Desktop\Projeto do TCC\Brain Tumor MRI Dataset\Training\notumor\Tr-no_203.jpg,notumor,.jpg,train,7058,23377addb366a253955df1e43c887b3202da5f23967f0bc20d5c1cdd4a11d3fb,225,225,RGB,1.0,3,c7b03f0f786c61c4,70f0d4d4d4d4f070,True,,JPEG
t0_0134,Training/notumor/Tr-no_21.jpg,C:\Users\pedro\Desktop\Projeto do TCC\Brain Tumor MRI Dataset\Training\notumor\Tr-no_21.jpg,notumor,.jpg,train,6828,325eb22cf5cd99f6c571b8df642f96dc5fa1ea1bbeb3962e0eb12066510e1dc4,225,225,RGB,1.0,3,c64f3fb07892612b,70f0d4d4d4d4f070,True,,JPEG
t0_0134,Training/notumor/Tr-no_224.jpg,C:\Users\pedro\Desktop\Projeto do TCC\Brain Tumor MRI Dataset\Training\notumor\Tr-no_224.jpg,notumor,.jpg,train,10180,20b0c7de1c131e75deff54e8f0c51eef6c48116cdcbf7bb1f47fc7e4c7f07ab1,225,225,RGB,1.0,3,c64f3fb07892612b,70f0d4d4d4d4f070,True,,JPEG
t0_0134,Training/notumor/Tr-no_232.jpg,C:\Users\pedro\Desktop\Projeto do TCC\Brain Tumor MRI Dataset\Training\notumor\Tr-no_232.jpg,notumor,.jpg,train,10180,20b0c7de1c131e75deff54e8f0c51eef6c48116cdcbf7bb1f47fc7e4c7f07ab1,225,225,RGB,1.0,3,c64f3fb07892612b,70f0d4d4d4d4f070,True,,JPEG
t0_0134,Training/notumor/Tr-no_241.jpg,C:\Users\pedro\Desktop\Projeto do TCC\Brain Tumor MRI Dataset\Training\notumor\Tr-no_241.jpg,notumor,.jpg,train,9238,402fcfa164480358b2e92c40c9d41a18fbb132dca3a09cebe9a24d26cde2ea87,225,225,RGB,1.0,3,931a6ae52dc6347c,70f0d4d4d4d4f070,True,,JPEG
t0_0134,Training/notumor/Tr-no_249.jpg,C:\Users\pedro\Desktop\Projeto do TCC\Brain Tumor MRI Dataset\Training\notumor\Tr-no_249.jpg,notumor,.jpg,train,7066,2fb6e98cd2077f00fb30d374250aec5186ce7ab75f38b16f5e3a906c44756f8a,225,225,RGB,1.0,3,c64f3fb07892612b,70f0d4d4d4d4f070,True,,JPEG
t0_0134,Training/notumor/Tr-no_251.jpg,C:\Users\pedro\Desktop\Projeto do TCC\Brain Tumor MRI Dataset\Training\notumor\Tr-no_251.jpg,notumor,.jpg,train,54027,ff327029647fe54de0a6bcf042b5f4914eb71fa7d60647fd6aafefedf9fc7fdb,630,630,L,1.0,1,c34f3fb07892612b,70f0d4d4d4d4f070,True,,JPEG
t0_0134,Training/notumor/Tr-no_267.jpg,C:\Users\pedro\Desktop\Projeto do TCC\Brain Tumor MRI Dataset\Training\notumor\Tr-no_267.jpg,notumor,.jpg,train,8729,1f55f2b11d511fb1cc425db152b7932ad057c3783674512875ea9f4435787902,225,225,RGB,1.0,3,921a6ae52dc6347e,70f0d4d4d4d4f070,True,,JPEG
t0_0134,Training/notumor/Tr-no_29.jpg,C:\Users\pedro\Desktop\Projeto do TCC\Brain Tumor MRI Dataset\Training\notumor\Tr-no_29.jpg,notumor,.jpg,train,10180,20b0c7de1c131e75deff54e8f0c51eef6c48116cdcbf7bb1f47fc7e4c7f07ab1,225,225,RGB,1.0,3,c64f3fb07892612b,70f0d4d4d4d4f070,True,,JPEG
t0_0134,Training/notumor/Tr-no_322.jpg,C:\Users\pedro\Desktop\Projeto do TCC\Brain Tumor MRI Dataset\Training\notumor\Tr-no_322.jpg,notumor,.jpg,train,30907,b2b557367e280104aa990ff5b1116471c9a0895e48c6bad01725b8b14c138fb2,630,630,L,1.0,1,921a6ae52dc6347e,70f0d4d4d4d4f070,True,,JPEG
t0_0134,Training/notumor/Tr-no_339.jpg,C:\Users\pedro\Desktop\Projeto do TCC\Brain Tumor MRI Dataset\Training\notumor\Tr-no_339.jpg,notumor,.jpg,train,7161,0da2d14203ca846b6299fc07a0f42a3918afb25fbffeb573f491036b4d6f628e,225,225,RGB,1.0,3,c7b03f0f786c61c4,70f0d4d4d4d4f070,True,,JPEG
t0_0134,Training/notumor/Tr-no_371.jpg,C:\Users\pedro\Desktop\Projeto do TCC\Brain Tumor MRI Dataset\Training\notumor\Tr-no_371.jpg,notumor,.jpg,train,61345,72f5f6723c7b92f641fb5d44513b6111c348e43005f8c1f4829f28eebd1117b2,630,630,RGB,1.0,3,c74f3fb078926129,70f0d4d4d4d4f070,True,,JPEG
t0_0134,Training/notumor/Tr-no_46.jpg,C:\Users\pedro\Desktop\Projeto do TCC\Brain Tumor MRI Dataset\Training\notumor\Tr-no_46.jpg,notumor,.jpg,train,9149,ec6b7f977398cbd6e50c45a93032026314cef1d4414bc719f6c4e5146f313fac,225,225,RGB,1.0,3,c6b03f0f786c61d4,70f0d4d4d4d4f070,True,,JPEG
t0_0134,Training/notumor/Tr-no_5.jpg,C:\Users\pedro\Desktop\Projeto do TCC\Brain Tumor MRI Dataset\Training\notumor\Tr-no_5.jpg,notumor,.jpg,train,55697,c1bf41ddb56396fd0e74b2eb7212c96a6a915ee86737c060c9db8e1439ff0390,630,630,RGB,1.0,3,c74f3fb078926129,70f0d4d4d4d4f070,True,,JPEG
t0_0134,Training/notumor/Tr-no_611.jpg,C:\Users\pedro\Desktop\Projeto do TCC\Brain Tumor MRI Dataset\Training\notumor\Tr-no_611.jpg,notumor,.jpg,train,46099,3d2e27086db6e9797258b3d352df32cc3a4a20f6038a9bf18dbc1472915177a6,630,630,L,1.0,1,921a6ae52dc6347e,70f0d4d4d4d4f070,True,,JPEG
t0_0134,Training/notumor/Tr-no_693.jpg,C:\Users\pedro\Desktop\Projeto do TCC\Brain Tumor MRI Dataset\Training\notumor\Tr-no_693.jpg,notumor,.jpg,train,55697,c1bf41ddb56396fd0e74b2eb7212c96a6a915ee86737c060c9db8e1439ff0390,630,630,RGB,1.0,3,c74f3fb078926129,70f0d4d4d4d4f070,True,,JPEG
t0_0134,Training/notumor/Tr-no_709.jpg,C:\Users\pedro\Desktop\Projeto do TCC\Brain Tumor MRI Dataset\Training\notumor\Tr-no_709.jpg,notumor,.jpg,train,7131,102fa3d1e695596fe1dc29e98c8f75c4790a9ad436186fd18c628ad36f517531,225,225,RGB,1.0,3,931a6aa52dc6347e,70f0d4d4d4d4f070,True,,JPEG
t0_0134,Training/notumor/Tr-no_82.jpg,C:\Users\pedro\Desktop\Projeto do TCC\Brain Tumor MRI Dataset\Training\notumor\Tr-no_82.jpg,notumor,.jpg,train,5188,a638ba6f81ce54a12698eeb5abda3ad60665ecb817d3d94ebeb5ffc73aff5a38,225,225,RGB,1.0,3,c64f3fb07892612b,70f0d4d4d4d4f070,True,,JPEG
t0_0135,Testing/notumor/Te-no_114.jpg,C:\Users\pedro\Desktop\Projeto do TCC\Brain Tumor MRI Dataset\Testing\notumor\Te-no_114.jpg,notumor,.jpg,test,35594,727fdb903dca705969e7a0f037e2b2e6b8ffd920f0128cead1244ee1350eaf02,428,417,RGB,1.026378896882494,3,c23f0ef02f613cc3,69f8c8ce8c8ccce9,True,,JPEG
t0_0135,Training/notumor/Tr-no_1103.jpg,C:\Users\pedro\Desktop\Projeto do TCC\Brain Tumor MRI Dataset\Training\notumor\Tr-no_1103.jpg,notumor,.jpg,train,13517,da05e4b5b22623aa68cc760f36103e65eaabbae42674fa5c9f0ff676fa5e253c,227,222,RGB,1.0225225225225223,3,c23f0ef02f613cc3,69f8c8ce8c8ccce9,True,,JPEG
t0_0135,Training/notumor/Tr-no_811.jpg,C:\Users\pedro\Desktop\Projeto do TCC\Brain Tumor MRI Dataset\Training\notumor\Tr-no_811.jpg,notumor,.jpg,train,34543,5865295199900345459fc27f5627714da942a67d44d5005f43fb7d31d1f6889c,428,417,RGB,1.026378896882494,3,c23f0ef02f613cc3,69f8c8ce8c8ccce9,True,,JPEG
t0_0135,Training/notumor/Tr-no_948.jpg,C:\Users\pedro\Desktop\Projeto do TCC\Brain Tumor MRI Dataset\Training\notumor\Tr-no_948.jpg,notumor,.jpg,train,12606,ba0eb3efd6559c9ca78d043c9e7d29646f87eda93d6e0966b0b4e2edbb74f210,227,222,RGB,1.0225225225225223,3,c23f0ef02fe13cc2,69f8c8ce8c8ccce9,True,,JPEG
t0_0136,Testing/notumor/Te-no_115.jpg,C:\Users\pedro\Desktop\Projeto do TCC\Brain Tumor MRI Dataset\Testing\notumor\Te-no_115.jpg,notumor,.jpg,test,6174,13ab175f3e5208b2501ac569960dfcd3487a7797bfb6d3c0109adba85c8b75ef,150,198,RGB,0.7575757575757576,3,d312197f12fa1b25,dcb2c94d4d558ad0,True,,JPEG
t0_0136,Testing/notumor/Te-no_304.jpg,C:\Users\pedro\Desktop\Projeto do TCC\Brain Tumor MRI Dataset\Testing\notumor\Te-no_304.jpg,notumor,.jpg,test,5929,d7dadef50e1d0969ade23dc91d13046d6b033ba468ea8ef183852f90410f3824,150,198,RGB,0.7575757575757576,3,9712197f12fa1b25,dcb2c94d4d558ad0,True,,JPEG
t0_0136,Training/notumor/Tr-no_293.jpg,C:\Users\pedro\Desktop\Projeto do TCC\Brain Tumor MRI Dataset\Training\notumor\Tr-no_293.jpg,notumor,.jpg,train,4386,2db2426323e2d116ddfd79ca17da4f0c3861a527eba11414ce1ffe403b5810bd,150,198,RGB,0.7575757575757576,3,9712197f12fa1b25,dcb2c94d4d558ad0,True,,JPEG
t0_0136,Training/notumor/Tr-no_60.jpg,C:\Users\pedro\Desktop\Projeto do TCC\Brain Tumor MRI Dataset\Training\notumor\Tr-no_60.jpg,notumor,.jpg,train,4386,2db2426323e2d116ddfd79ca17da4f0c3861a527eba11414ce1ffe403b5810bd,150,198,RGB,0.7575757575757576,3,9712197f12fa1b25,dcb2c94d4d558ad0,True,,JPEG
t0_0136,Training/notumor/Tr-no_885.jpg,C:\Users\pedro\Desktop\Projeto do TCC\Brain Tumor MRI Dataset\Training\notumor\Tr-no_885.jpg,notumor,.jpg,train,5919,1c3e63f75925d079060da9dcad74463d1ef6f7c4055fb0ff2d4daa2001711425,150,198,RGB,0.7575757575757576,3,9712197f12fa1b25,dcb2c94d4d558ad0,True,,JPEG
t0_0137,Testing/notumor/Te-no_116.jpg,C:\Users\pedro\Desktop\Projeto do TCC\Brain Tumor MRI Dataset\Testing\notumor\Te-no_116.jpg,notumor,.jpg,test,8633,3bda9ccc56d506972551e0ece135cbcebf5e5baa3850ab2fb0db3d2afabab36b,225,225,RGB,1.0,3,c3963c49313cf665,30f1e8e8c8e17000,True,,JPEG
t0_0137,Training/notumor/Tr-no_207.jpg,C:\Users\pedro\Desktop\Projeto do TCC\Brain Tumor MRI Dataset\Training\notumor\Tr-no_207.jpg,notumor,.jpg,train,8639,8a47d6d488d122406a6af786e347f342089b6dc2b763895324f9fedac98b6026,225,225,RGB,1.0,3,c3963c49313cf665,30f1e8e8c8e17000,True,,JPEG
t0_0138,Testing/notumor/Te-no_117.jpg,C:\Users\pedro\Desktop\Projeto do TCC\Brain Tumor MRI Dataset\Testing\notumor\Te-no_117.jpg,notumor,.jpg,test,7868,e7e10cd4bd501d80d95bc36dde99c4d4acf5559cbb55edbd40e47bead70700e3,225,225,RGB,1.0,3,9b6c69936493a66c,337170f0f8e87933,True,,JPEG
t0_0138,Testing/notumor/Te-no_202.jpg,C:\Users\pedro\Desktop\Projeto do TCC\Brain Tumor MRI Dataset\Testing\notumor\Te-no_202.jpg,notumor,.jpg,test,7970,22e804f0d7e5a3fbd2fcb81c3a2b6bacf756284a5c8b75b7da6d13de2c8e3911,225,225,RGB,1.0,3,9b6c69936493a66c,337170f0f8e87933,True,,JPEG
t0_0138,Testing/notumor/Te-no_382.jpg,C:\Users\pedro\Desktop\Projeto do TCC\Brain Tumor MRI Dataset\Testing\notumor\Te-no_382.jpg,notumor,.jpg,test,8056,7f69024063af1eae26d8e5130be2a6759bbbe9d65868c4118d16d94578e3b87d,225,225,RGB,1.0,3,9b6c69936493b26c,337170f0f8e87933,True,,JPEG
t0_0139,Testing/notumor/Te-no_118.jpg,C:\Users\pedro\Desktop\Projeto do TCC\Brain Tumor MRI Dataset\Testing\notumor\Te-no_118.jpg,notumor,.jpg,test,5293,afe63d04ecd312962bc94970b8f620b34852dabd6615a87103fd0cbb0e07eecd,173,201,RGB,0.8606965174129353,3,c3433eb87a87701b,e8e8e8e8e8d4e8f0,True,,JPEG
t0_0139,Testing/notumor/Te-no_158.jpg,C:\Users\pedro\Desktop\Projeto do TCC\Brain Tumor MRI Dataset\Testing\notumor\Te-no_158.jpg,notumor,.jpg,test,5583,9c83e0a0be08e43bb596822caf1bc8c534851e17e93863bdde8760e475749536,173,201,RGB,0.8606965174129353,3,96166aed2fd2250e,e8e8e8e8e8d4e8f0,True,,JPEG
t0_0139,Testing/notumor/Te-no_171.jpg,C:\Users\pedro\Desktop\Projeto do TCC\Brain Tumor MRI Dataset\Testing\notumor\Te-no_171.jpg,notumor,.jpg,test,7100,38fbdf5a92e342a807e00b9fd622c72f379d6addcf01244ff721a2dad00e34db,173,201,RGB,0.8606965174129353,3,96166aed2fd2250e,e8e8e8e8e8d4e8f0,True,,JPEG
t0_0139,Testing/notumor/Te-no_262.jpg,C:\Users\pedro\Desktop\Projeto do TCC\Brain Tumor MRI Dataset\Testing\notumor\Te-no_262.jpg,notumor,.jpg,test,7200,d9a86295c85f4d01298103ff41c927489464c3188b6c6b55a6f3e693a51c7497,173,201,RGB,0.8606965174129353,3,94166be52fd2254e,e8e8e8e8e8d4e8f0,True,,JPEG
t0_0139,Testing/notumor/Te-no_397.jpg,C:\Users\pedro\Desktop\Projeto do TCC\Brain Tumor MRI Dataset\Testing\notumor\Te-no_397.jpg,notumor,.jpg,test,7665,2c000cfc8d3325be871344a66bea3f21fe7dfce4f456895f0b2d00f52340f866,173,201,RGB,0.8606965174129353,3,96166aed2fd2250e,e8e8e8e8e8d4e8f0,True,,JPEG
t0_0139,Testing/notumor/Te-no_44.jpg,C:\Users\pedro\Desktop\Projeto do TCC\Brain Tumor MRI Dataset\Testing\notumor\Te-no_44.jpg,notumor,.jpg,test,7115,0ccd5c41bc34ca5a5d786304ea205e5853b53a0c9910647fbf94bdab4d18a2f8,173,201,RGB,0.8606965174129353,3,c3433eb87a87701b,e8e8e8e8e8d4e8f0,True,,JPEG
t0_0139,Training/notumor/Tr-no_1053.jpg,C:\Users\pedro\Desktop\Projeto do TCC\Brain Tumor MRI Dataset\Training\notumor\Tr-no_1053.jpg,notumor,.jpg,train,5732,6ced304ed3adbe48aeba4e5d4731d7702b9afd5ec8564588335ef0db4e37ee4d,173,201,RGB,0.8606965174129353,3,94166bed2fd2250e,e8e8e8e8e8d4e8f0,True,,JPEG
t0_0139,Training/notumor/Tr-no_1161.jpg,C:\Users\pedro\Desktop\Projeto do TCC\Brain Tumor MRI Dataset\Training\notumor\Tr-no_1161.jpg,notumor,.jpg,train,11274,f5544e8c132575583b8ae8825062f1344f718a051d4c41f06e07a5a6cf983faa,173,201,RGB,0.8606965174129353,3,c1433ebc7a87781a,e8e8e8e8e8d4e8f0,True,,JPEG
t0_0139,Training/notumor/Tr-no_1299.jpg,C:\Users\pedro\Desktop\Projeto do TCC\Brain Tumor MRI Dataset\Training\notumor\Tr-no_1299.jpg,notumor,.jpg,train,7057,580738fcbb7a6e65340fbdaea4ee0132ec6bacde94a82139d80c5cd4d9291524,173,201,RGB,0.8606965174129353,3,c3433eb87a87701b,e8e8e8e8e8d4e8f0,True,,JPEG
t0_0139,Training/notumor/Tr-no_213.jpg,C:\Users\pedro\Desktop\Projeto do TCC\Brain Tumor MRI Dataset\Training\notumor\Tr-no_213.jpg,notumor,.jpg,train,7521,ad230bf0aebb24de6ceeb950bb13077474db5226b3944333fe425795012f62ac,173,201,RGB,0.8606965174129353,3,96166aed2fd2250e,e8e8e8e8e8d4e8f0,True,,JPEG
t0_0139,Training/notumor/Tr-no_254.jpg,C:\Users\pedro\Desktop\Projeto do TCC\Brain Tumor MRI Dataset\Training\notumor\Tr-no_254.jpg,notumor,.jpg,train,5706,7b7fcf8f635b7328153076258bd5fddc6562c43bf24614148c2440a1d2062d26,173,201,RGB,0.8606965174129353,3,94166bed2fd2250e,e8e8e8e8e8d4e8f0,True,,JPEG
t0_0139,Training/notumor/Tr-no_35.jpg,C:\Users\pedro\Desktop\Projeto do TCC\Brain Tumor MRI Dataset\Training\notumor\Tr-no_35.jpg,notumor,.jpg,train,5316,5933c7d02ae930f37d29bbe67bff5dd2890344a5c839c03ce3281a428a9c514d,173,201,RGB,0.8606965174129353,3,c3433eb87a87701b,e8e8e8e8e8d4e8f0,True,,JPEG
t0_0139,Training/notumor/Tr-no_424.jpg,C:\Users\pedro\Desktop\Projeto do TCC\Brain Tumor MRI Dataset\Training\notumor\Tr-no_424.jpg,notumor,.jpg,train,6406,29ccdffcab86e68a3c02fa995b2d9702a8726a3897722e059155618a39be6612,173,201,RGB,0.8606965174129353,3,c3433eb87a87701b,e8e8e8e8e8d4e8f0,True,,JPEG
t0_0139,Training/notumor/Tr-no_53.jpg,C:\Users\pedro\Desktop\Projeto do TCC\Brain Tumor MRI Dataset\Training\notumor\Tr-no_53.jpg,notumor,.jpg,train,7525,03b62d5927d31725332f245f09cd57a5c8fb8008dc87c1a26ee2af3b552c1016,173,201,RGB,0.8606965174129353,3,c3433eb87a87701b,e8e8e8e8e8d4e8f0,True,,JPEG
t0_0139,Training/notumor/Tr-no_624.jpg,C:\Users\pedro\Desktop\Projeto do TCC\Brain Tumor MRI Dataset\Training\notumor\Tr-no_624.jpg,notumor,.jpg,train,11858,0f0fff78a8c8823d5cca151edd446de6f2c774546efae63487b7cbd08aa134e6,173,201,RGB,0.8606965174129353,3,94166be92fd02d0f,e8e8e8e8e8d4e8f0,True,,JPEG
t0_0139,Training/notumor/Tr-no_66.jpg,C:\Users\pedro\Desktop\Projeto do TCC\Brain Tumor MRI Dataset\Training\notumor\Tr-no_66.jpg,notumor,.jpg,train,3848,3c3bdbcf86cd640b0efb1f4a95726f65664a2b760cf385302947c2549ac78eba,173,201,RGB,0.8606965174129353,3,c3433eb87a87701b,e8e8e8e8e8d4e8f0,True,,JPEG
t0_0139,Training/notumor/Tr-no_773.jpg,C:\Users\pedro\Desktop\Projeto do TCC\Brain Tumor MRI Dataset\Training\notumor\Tr-no_773.jpg,notumor,.jpg,train,5628,c4a3cf42c2c5a22ae6017faebad04c285331b375c6916a7f59564231b9ef19b2,173,201,RGB,0.8606965174129353,3,c3433eb87a87701b,e8e8e8e8e8d4e8f0,True,,JPEG
t0_0140,Testing/notumor/Te-no_119.jpg,C:\Users\pedro\Desktop\Projeto do TCC\Brain Tumor MRI Dataset\Testing\notumor\Te-no_119.jpg,notumor,.jpg,test,30564,f83556aba135d959162ce3d677c3346ff0cde6683cd6eded32be53f51bcc7925,504,540,RGB,0.9333333333333332,3,c3c62d3f3461709d,f2e0d4ccccc8f0b2,True,,JPEG
t0_0140,Testing/notumor/Te-no_206.jpg,C:\Users\pedro\Desktop\Projeto do TCC\Brain Tumor MRI Dataset\Testing\notumor\Te-no_206.jpg,notumor,.jpg,test,24187,61074d5748252bceda041cf7ffdd8541a8f73fdf1d5e1ee2cb761cd6d42b8d2e,504,540,RGB,0.9333333333333332,3,c3c62d3f3461709d,f2e0d4ccccc8f0b2,True,,JPEG
t0_0140,Training/notumor/Tr-no_127.jpg,C:\Users\pedro\Desktop\Projeto do TCC\Brain Tumor MRI Dataset\Training\notumor\Tr-no_127.jpg,notumor,.jpg,train,50366,442fe13dc6571735614894ecc8eef641357445b2276c4bf58a2324307c5df6fb,504,540,RGB,0.9333333333333332,3,c3c62d3f34717099,f2e0d4ccccc8f0b2,True,,JPEG
t0_0140,Training/notumor/Tr-no_236.jpg,C:\Users\pedro\Desktop\Projeto do TCC\Brain Tumor MRI Dataset\Training\notumor\Tr-no_236.jpg,notumor,.jpg,train,24385,05bb8561d5f9e49dcad37ed13eaa6fda5803109d9c2ed02023bb7eb0d0f82095,504,540,RGB,0.9333333333333332,3,c3c62d3f34717099,f2e0d4ccccc8f0b2,True,,JPEG
t0_0140,Training/notumor/Tr-no_409.jpg,C:\Users\pedro\Desktop\Projeto do TCC\Brain Tumor MRI Dataset\Training\notumor\Tr-no_409.jpg,notumor,.jpg,train,32004,0c4a4a499be2d6e2bdaf587a6b722d014c0675ed9999f571d829ad72d0724439,504,540,RGB,0.9333333333333332,3,c3c62d3f34717099,f2e0d4ccccc8f0b2,True,,JPEG
t0_0141,Testing/notumor/Te-no_120.jpg,C:\Users\pedro\Desktop\Projeto do TCC\Brain Tumor MRI Dataset\Testing\notumor\Te-no_120.jpg,notumor,.jpg,test,12785,dbffa5c4e2c2d166fa8f6f8fa3a5eed519e724ec1bb29d9b102060c410fa065b,227,262,RGB,0.8664122137404581,3,c17b2ef03d753484,71e8e8c8ccc8e0f0,True,,JPEG
t0_0141,Testing/notumor/Te-no_399.jpg,C:\Users\pedro\Desktop\Projeto do TCC\Brain Tumor MRI Dataset\Testing\notumor\Te-no_399.jpg,notumor,.jpg,test,12172,83844b3d670274f2974a21e3340c8fddd779179062bfa20c7776597945c9fcfb,227,262,RGB,0.8664122137404581,3,c17b2ef03d653c84,71e8e8c8ccc8e0f0,True,,JPEG
t0_0141,Training/notumor/Tr-no_1112.jpg,C:\Users\pedro\Desktop\Projeto do TCC\Brain Tumor MRI Dataset\Training\notumor\Tr-no_1112.jpg,notumor,.jpg,train,9299,cf67016627aedb51ffebc80d18bd21cba9dd61030788044907229b758e75d004,227,262,RGB,0.8664122137404581,3,c13b2ef03d75348c,71e8e8c8ccc8e0f0,True,,JPEG
t0_0141,Training/notumor/Tr-no_1113.jpg,C:\Users\pedro\Desktop\Projeto do TCC\Brain Tumor MRI Dataset\Training\notumor\Tr-no_1113.jpg,notumor,.jpg,train,9505,0d6d6f95c76758e01fc927fc0656f84b38fbdab1ac34efdbfe4b88c3100d68d6,227,262,RGB,0.8664122137404581,3,c17b2ef03d65348c,71e8e8c8ccc8e0f0,True,,JPEG
t0_0141,Training/notumor/Tr-no_200.jpg,C:\Users\pedro\Desktop\Projeto do TCC\Brain Tumor MRI Dataset\Training\notumor\Tr-no_200.jpg,notumor,.jpg,train,9230,9e76a3bb0eee7e347d9c9ffb43350326d3e8eafa266aec9ad54f181cc3c7e8b7,227,262,RGB,0.8664122137404581,3,c17b2ef03d65348c,71e8e8c8ccc8e0f0,True,,JPEG
t0_0141,Training/notumor/Tr-no_437.jpg,C:\Users\pedro\Desktop\Projeto do TCC\Brain Tumor MRI Dataset\Training\notumor\Tr-no_437.jpg,notumor,.jpg,train,17058,094d704894ade3c741e4468742b44b7e404cb3896f3735a3dce775b2ed2f1a51,227,262,RGB,0.8664122137404581,3,c13b2ef03d75348c,71e8e8c8ccc8e0f0,True,,JPEG
t0_0141,Training/notumor/Tr-no_473.jpg,C:\Users\pedro\Desktop\Projeto do TCC\Brain Tumor MRI Dataset\Training\notumor\Tr-no_473.jpg,notumor,.jpg,train,14360,2bcf7f2051a470cc90e74522c8141783f4e6e3b36b033e622bb446070804fbce,227,262,RGB,0.8664122137404581,3,c13b2ef03d75348c,71e8e8c8ccc8e0f0,True,,JPEG
t0_0141,Training/notumor/Tr-no_778.jpg,C:\Users\pedro\Desktop\Projeto do TCC\Brain Tumor MRI Dataset\Training\notumor\Tr-no_778.jpg,notumor,.jpg,train,14360,2bcf7f2051a470cc90e74522c8141783f4e6e3b36b033e622bb446070804fbce,227,262,RGB,0.8664122137404581,3,c13b2ef03d75348c,71e8e8c8ccc8e0f0,True,,JPEG
t0_0141,Training/notumor/Tr-no_791.jpg,C:\Users\pedro\Desktop\Projeto do TCC\Brain Tumor MRI Dataset\Training\notumor\Tr-no_791.jpg,notumor,.jpg,train,12128,b40c80842358663ba771d188038e44454bf6fcb5654ba953a6a2b946f9c65c3f,227,262,RGB,0.8664122137404581,3,c17b2ef03d653c84,71e8e8c8ccc8e0f0,True,,JPEG
t0_0142,Testing/notumor/Te-no_121.jpg,C:\Users\pedro\Desktop\Projeto do TCC\Brain Tumor MRI Dataset\Testing\notumor\Te-no_121.jpg,notumor,.jpg,test,12375,0ac00682257258ee21f7c81af7bc22efbbbb4385e67e4d005f2000ad3b85561b,236,236,RGB,1.0,3,942f7a606bfc6143,397cd0f4d8aeb4fd,True,,JPEG
t0_0142,Training/notumor/Tr-no_832.jpg,C:\Users\pedro\Desktop\Projeto do TCC\Brain Tumor MRI Dataset\Training\notumor\Tr-no_832.jpg,notumor,.jpg,train,9821,9e4d567cc1c9654db6c31518f61e6f3832fd18f2c07551468ab0becf30ccd345,236,236,RGB,1.0,3,942f7a606bfc6143,397cd0f4d8aeb4fd,True,,JPEG
t0_0143,Testing/notumor/Te-no_122.jpg,C:\Users\pedro\Desktop\Projeto do TCC\Brain Tumor MRI Dataset\Testing\notumor\Te-no_122.jpg,notumor,.jpg,test,55185,d7bdf79e2e359e716992b14783ea46e6e6df1edaac904aa7cc85712b0bfaa4b6,680,680,RGB,1.0,3,c33f6cb037903c72,62f1f8e8c8f0f061,True,,JPEG
t0_0143,Training/notumor/Tr-no_373.jpg,C:\Users\pedro\Desktop\Projeto do TCC\Brain Tumor MRI Dataset\Training\notumor\Tr-no_373.jpg,notumor,.jpg,train,95946,3ddeea6a885fe0abe47b3ae14f4694a85e7b4a5cc2b43cb5407288ffc585a62c,680,680,RGB,1.0,3,c33f6cb037903c72,62f1f8e8c8f0f061,True,,JPEG
t0_0144,Testing/notumor/Te-no_124.jpg,C:\Users\pedro\Desktop\Projeto do TCC\Brain Tumor MRI Dataset\Testing\notumor\Te-no_124.jpg,notumor,.jpg,test,7625,2aae70b027900227e8231bcbe96add1b1db0e5cb133921b7c6f2843772883ddb,225,225,RGB,1.0,3,d23f2b642dc03d93,b269f8e8e8e8cc79,True,,JPEG
t0_0144,Testing/notumor/Te-no_203.jpg,C:\Users\pedro\Desktop\Projeto do TCC\Brain Tumor MRI Dataset\Testing\notumor\Te-no_203.jpg,notumor,.jpg,test,7606,c6f1c9f0e2c2a8a3ed29c39abb6ae1a138b60a8ef362c2822176fca1ee7a2361,225,225,RGB,1.0,3,d23f2b642dc03d93,b269f8e8e8e8cc79,True,,JPEG
t0_0144,Testing/notumor/Te-no_374.jpg,C:\Users\pedro\Desktop\Projeto do TCC\Brain Tumor MRI Dataset\Testing\notumor\Te-no_374.jpg,notumor,.jpg,test,7464,1d72c942ca546e56143c9fe62da4c0b80b44d5a3452aa47c0b19ea6890243032,225,225,RGB,1.0,3,d23f2b642dc03d93,b269f8e8e8e8cc79,True,,JPEG
t0_0145,Testing/notumor/Te-no_125.jpg,C:\Users\pedro\Desktop\Projeto do TCC\Brain Tumor MRI Dataset\Testing\notumor\Te-no_125.jpg,notumor,.jpg,test,43559,716d7d3a5cbe64d8597a9ddd2b21b98fc57e49444a0d129a2cd4aca1b3d4a0be,630,630,RGB,1.0,3,c56f3a9039c76159,b2e0c4c4d4d4f0b0,True,,JPEG
t0_0145,Testing/notumor/Te-no_276.jpg,C:\Users\pedro\Desktop\Projeto do TCC\Brain Tumor MRI Dataset\Testing\notumor\Te-no_276.jpg,notumor,.jpg,test,29589,2b2ea092113b72d563711d1d06b629af9c60987399a948743b02aa57e343548a,630,630,RGB,1.0,3,c56f3e9039c76119,b2e0c4c4d4d4f0b0,True,,JPEG
t0_0145,Testing/notumor/Te-no_33.jpg,C:\Users\pedro\Desktop\Projeto do TCC\Brain Tumor MRI Dataset\Testing\notumor\Te-no_33.jpg,notumor,.jpg,test,7549,d83c5d1311f5b18f9e0999258477c14d760ef3f15759c3d6e14ed7867726a78f,225,225,RGB,1.0,3,c56f3a9039c76159,b2e0c4c4d4d4f0b2,True,,JPEG
t0_0145,Testing/notumor/Te-no_46.jpg,C:\Users\pedro\Desktop\Projeto do TCC\Brain Tumor MRI Dataset\Testing\notumor\Te-no_46.jpg,notumor,.jpg,test,6213,e88e5efd0191d523297dd00553316ae84d6a3df4fbb6dac7de6bc12531f5568e,225,225,RGB,1.0,3,c56f3e9039c76119,b260c4c4d4d4f0b2,True,,JPEG
t0_0145,Training/notumor/Tr-no_1029.jpg,C:\Users\pedro\Desktop\Projeto do TCC\Brain Tumor MRI Dataset\Training\notumor\Tr-no_1029.jpg,notumor,.jpg,train,30699,55cad599c8f082abc58fad6aa16a2bdcdd846d93fdbbebcf753df3ab76e2d748,630,630,RGB,1.0,3,c56f3e9039c76119,b2e0c4c4d4d4f0b0,True,,JPEG
t0_0145,Training/notumor/Tr-no_1151.jpg,C:\Users\pedro\Desktop\Projeto do TCC\Brain Tumor MRI Dataset\Training\notumor\Tr-no_1151.jpg,notumor,.jpg,train,8260,5efe78bafe3aa63b1c6950c4997a01df4bc4c8bf4dbee57305bb44f7a3606715,225,225,RGB,1.0,3,c52f3a9039c76559,b2e0c4c4d4d4f0b2,True,,JPEG
t0_0145,Training/notumor/Tr-no_1256.jpg,C:\Users\pedro\Desktop\Projeto do TCC\Brain Tumor MRI Dataset\Training\notumor\Tr-no_1256.jpg,notumor,.jpg,train,6234,fe24daa88baf76924782a693df2e59e39ffceaa4ff75212ffbc8d3a5d25aaef0,225,225,RGB,1.0,3,c56f3e9039c76119,b260c4c4d4d4f0b2,True,,JPEG
t0_0145,Training/notumor/Tr-no_1315.jpg,C:\Users\pedro\Desktop\Projeto do TCC\Brain Tumor MRI Dataset\Training\notumor\Tr-no_1315.jpg,notumor,.jpg,train,42735,f8a4175365b64fbd9d2af3c2629748d5a9758df85555c1e254d89d57783413bc,630,630,RGB,1.0,3,c56f3a9039c76159,b2e0c4c4d4d4f0b0,True,,JPEG
t0_0145,Training/notumor/Tr-no_253.jpg,C:\Users\pedro\Desktop\Projeto do TCC\Brain Tumor MRI Dataset\Training\notumor\Tr-no_253.jpg,notumor,.jpg,train,30673,b79ec74d5f7686394f48d176332f0db7cc86f4d2f4f6aed6a474b7ac2f464002,630,630,RGB,1.0,3,c52f3e9039c76159,b2e0c4c4d4d4f0b0,True,,JPEG
t0_0145,Training/notumor/Tr-no_270.jpg,C:\Users\pedro\Desktop\Projeto do TCC\Brain Tumor MRI Dataset\Training\notumor\Tr-no_270.jpg,notumor,.jpg,train,37689,de3ece9dae81af89c99aec5bf08e92b5dcd97a2e266572b1cbf39bf6b067c6c2,630,630,RGB,1.0,3,c56f3a9039c76159,b2e0c4c4d4d4f0b0,True,,JPEG
t0_0145,Training/notumor/Tr-no_476.jpg,C:\Users\pedro\Desktop\Projeto do TCC\Brain Tumor MRI Dataset\Training\notumor\Tr-no_476.jpg,notumor,.jpg,train,52256,9fad6d5f45ef9a1342e0a6bef1a6dae547f2f20115fc800dd1c88f88bf06df01,630,630,RGB,1.0,3,c56f3a9039c76159,b0e0c4c4d4d4f0f0,True,,JPEG
t0_0146,Testing/notumor/Te-no_126.jpg,C:\Users\pedro\Desktop\Projeto do TCC\Brain Tumor MRI Dataset\Testing\notumor\Te-no_126.jpg,notumor,.jpg,test,5703,0690cee012a313480aa1c85b98917d3b531cce6fa89cff0a48ad392e2184c4ef,192,192,RGB,1.0,3,c26d3db630d93287,b271d0d0ccd4f170,True,,JPEG
t0_0146,Training/notumor/Tr-no_10.jpg,C:\Users\pedro\Desktop\Projeto do TCC\Brain Tumor MRI Dataset\Training\notumor\Tr-no_10.jpg,notumor,.jpg,train,6004,c69f02452d498465d7c2da27b4e04a64ddacd7f51bbb4e1cba181e4befa0913d,192,192,RGB,1.0,3,c24d3db630d932b6,b271d0d0ccd4f170,True,,JPEG
t0_0147,Testing/notumor/Te-no_127.jpg,C:\Users\pedro\Desktop\Projeto do TCC\Brain Tumor MRI Dataset\Testing\notumor\Te-no_127.jpg,notumor,.jpg,test,36174,126dfd897c221b725f9838540f66f2eb1f2546f94017580ce4673b482d76d5c0,428,417,RGB,1.026378896882494,3,976a5ba57a242996,69e0ec8ccececc68,True,,JPEG
t0_0147,Testing/notumor/Te-no_357.jpg,C:\Users\pedro\Desktop\Projeto do TCC\Brain Tumor MRI Dataset\Testing\notumor\Te-no_357.jpg,notumor,.jpg,test,35462,c328848117fddb89865115c33abc9f37fe7e20b1796f63b6d32a41f5c3864534,428,417,RGB,1.026378896882494,3,976a5ba578342996,69e0ec8ccececc68,True,,JPEG
t0_0147,Training/notumor/Tr-no_223.jpg,C:\Users\pedro\Desktop\Projeto do TCC\Brain Tumor MRI Dataset\Training\notumor\Tr-no_223.jpg,notumor,.jpg,train,11679,3bdea941af422f4ce83048fd3f8b2eef9d07ea639e87e061b6a2d56ff63df7ab,227,222,RGB,1.0225225225225223,3,976a5ba578342996,69e0ec8ccececc68,True,,JPEG
t0_0147,Training/notumor/Tr-no_585.jpg,C:\Users\pedro\Desktop\Projeto do TCC\Brain Tumor MRI Dataset\Training\notumor\Tr-no_585.jpg,notumor,.jpg,train,12796,bad0f688c4ed9d93d3933b95bb003a54063d833b8beaec7c0d5436abbaf4c8d2,227,222,RGB,1.0225225225225223,3,976a5ba578342996,69e0ec8ccececc68,True,,JPEG
t0_0148,Testing/notumor/Te-no_128.jpg,C:\Users\pedro\Desktop\Projeto do TCC\Brain Tumor MRI Dataset\Testing\notumor\Te-no_128.jpg,notumor,.jpg,test,29974,a4f7ffa0151517981caac09cca4147ecec0c3b7b870f94bc3527c9347da91b7c,630,630,RGB,1.0,3,90856b3a6d6d34b3,b0f0d4d4dcdcf8b0,True,,JPEG
t0_0148,Testing/notumor/Te-no_256.jpg,C:\Users\pedro\Desktop\Projeto do TCC\Brain Tumor MRI Dataset\Testing\notumor\Te-no_256.jpg,notumor,.jpg,test,29709,2cb17e0b64010e0dbe87f9509c1901b37bd685025f77e6a7de68e848824b63ac,630,630,RGB,1.0,3,90856b3a6d6d34b3,b0f0d4d4dcdcf8b2,True,,JPEG
t0_0148,Training/notumor/Tr-no_320.jpg,C:\Users\pedro\Desktop\Projeto do TCC\Brain Tumor MRI Dataset\Training\notumor\Tr-no_320.jpg,notumor,.jpg,train,30804,7aa1699982c823d0f2de7f11f0a946404d6aa59903639b6c841322d9ee40f1a0,630,630,RGB,1.0,3,90c56b3a6c6d34b3,b0f0d4d4dcdcf8b2,True,,JPEG
t0_0149,Testing/notumor/Te-no_129.jpg,C:\Users\pedro\Desktop\Projeto do TCC\Brain Tumor MRI Dataset\Testing\notumor\Te-no_129.jpg,notumor,.jpg,test,10789,2257551885c49ea89de39796426612e72afc4b8dfbae41de3b48b7d6172d355c,227,222,RGB,1.0225225225225223,3,d03f0ef02fe03cc3,69e8c8ce8c8ccce9,True,,JPEG
t0_0149,Testing/notumor/Te-no_131.jpg,C:\Users\pedro\Desktop\Projeto do TCC\Brain Tumor MRI Dataset\Testing\notumor\Te-no_131.jpg,notumor,.jpg,test,28078,0e1eeb0a5c28d0b74aca27f1ec212932f73d57032592ef4f5038d40709ec77c4,428,417,RGB,1.026378896882494,3,d03f0ef02fe03cc3,69e8c8ce8c8ccce9,True,,JPEG
t0_0149,Testing/notumor/Te-no_147.jpg,C:\Users\pedro\Desktop\Projeto do TCC\Brain Tumor MRI Dataset\Testing\notumor\Te-no_147.jpg,notumor,.jpg,test,11439,baf4e05e1f3eb36f638e12fa5843537b361ba2a82f874c4c49c3c0f1020c010e,227,222,RGB,1.0225225225225223,3,d03f0ef02fe03cc3,69e8c8ce8c8ccce9,True,,JPEG
t0_0149,Testing/notumor/Te-no_395.jpg,C:\Users\pedro\Desktop\Projeto do TCC\Brain Tumor MRI Dataset\Testing\notumor\Te-no_395.jpg,notumor,.jpg,test,10546,9fd937ce596e6574b36755b6a30ff2d1f691345a39b1218b50fc8d0ec9a7785e,227,222,RGB,1.0225225225225223,3,d03f0ef02fe03cc3,69e8c8ce8c8ccce9,True,,JPEG
t0_0149,Training/notumor/Tr-no_1195.jpg,C:\Users\pedro\Desktop\Projeto do TCC\Brain Tumor MRI Dataset\Training\notumor\Tr-no_1195.jpg,notumor,.jpg,train,29220,751d2b331faaa59454c4ee8b5e012ad1c495c1be7813057bec6f9cdfb77f71b7,428,417,RGB,1.026378896882494,3,d03f0ef02fe03cc3,69e8c8ce8c8ccce9,True,,JPEG
t0_0149,Training/notumor/Tr-no_1232.jpg,C:\Users\pedro\Desktop\Projeto do TCC\Brain Tumor MRI Dataset\Training\notumor\Tr-no_1232.jpg,notumor,.jpg,train,29714,08e096f199049b3f1b99f6531e49b09898220f7aa37b7f8f45a55e34c8aed6e0,428,417,RGB,1.026378896882494,3,d03f0ef02fe03cc3,69e8c8ce8c8ccce9,True,,JPEG
t0_0149,Training/notumor/Tr-no_145.jpg,C:\Users\pedro\Desktop\Projeto do TCC\Brain Tumor MRI Dataset\Training\notumor\Tr-no_145.jpg,notumor,.jpg,train,28739,ae6286c9c96c4ffdf341ea4225bad64f222fdce3992bcf82de500dda991273b9,428,417,RGB,1.026378896882494,3,d03f0ef02fe03cc3,69e8c8ce8c8ccce9,True,,JPEG
t0_0149,Training/notumor/Tr-no_892.jpg,C:\Users\pedro\Desktop\Projeto do TCC\Brain Tumor MRI Dataset\Training\notumor\Tr-no_892.jpg,notumor,.jpg,train,11227,ce6093596321b795e9c3eaeddba59cf700e766b11731592c4d9389383b5598ad,227,222,RGB,1.0225225225225223,3,d03f0ef02fe03cc3,69e8c8ce8c8ccce9,True,,JPEG
t0_0150,Testing/notumor/Te-no_13.jpg,C:\Users\pedro\Desktop\Projeto do TCC\Brain Tumor MRI Dataset\Testing\notumor\Te-no_13.jpg,notumor,.jpg,test,10445,ae9bc89a633d4319bcae3d87d143932f21944f9f36009a33f023623a3e096b03,225,225,RGB,1.0,3,c2962d4b356d71c3,71f1d4d4ccc8f173,True,,JPEG
t0_0150,Training/notumor/Tr-no_449.jpg,C:\Users\pedro\Desktop\Projeto do TCC\Brain Tumor MRI Dataset\Training\notumor\Tr-no_449.jpg,notumor,.jpg,train,10498,8e1c4b47069ea594a974470089f7e7487605e9bc636910af4a0596ddf52e2b03,225,225,RGB,1.0,3,c2962d4b356d71c3,71f1d4d4ccc8f173,True,,JPEG
t0_0151,Testing/notumor/Te-no_130.jpg,C:\Users\pedro\Desktop\Projeto do TCC\Brain Tumor MRI Dataset\Testing\notumor\Te-no_130.jpg,notumor,.jpg,test,11251,964d0e2de9852c639b1acfb798d9ce5f5a755506b74485993892f12f40b7e9e6,206,244,RGB,0.8442622950819673,3,c0350e996fd13ada,e8f4ccd4d094f0e1,True,,JPEG
t0_0151,Training/notumor/Tr-no_952.jpg,C:\Users\pedro\Desktop\Projeto do TCC\Brain Tumor MRI Dataset\Training\notumor\Tr-no_952.jpg,notumor,.jpg,train,12465,61f9ff0caf5f1a1a84743aec1ef38f6760e2d3feca81875c89cbbaefa31d2d23,206,244,RGB,0.8442622950819673,3,c0350e996fd13ada,e8f4ccd4d094f0e1,True,,JPEG
t0_0152,Testing/notumor/Te-no_133.jpg,C:\Users\pedro\Desktop\Projeto do TCC\Brain Tumor MRI Dataset\Testing\notumor\Te-no_133.jpg,notumor,.jpg,test,7144,22db103cd92605f57bd607dba921ae6c5f9ef94d26af43118f2a689cece6da32,228,221,RGB,1.0316742081447965,3,9d856a9a69da2ccc,79f4e0f0f4f07831,True,,JPEG
t0_0152,Testing/notumor/Te-no_60.jpg,C:\Users\pedro\Desktop\Projeto do TCC\Brain Tumor MRI Dataset\Testing\notumor\Te-no_60.jpg,notumor,.jpg,test,6902,4a810bbe522cc589396dc971873705d5e9061cdd5819edc0b7a669286f18474d,228,221,RGB,1.0316742081447965,3,9d856a9a69da2ccc,79f4e0f0f4f07831,True,,JPEG
t0_0152,Training/notumor/Tr-no_838.jpg,C:\Users\pedro\Desktop\Projeto do TCC\Brain Tumor MRI Dataset\Training\notumor\Tr-no_838.jpg,notumor,.jpg,train,7229,07fcf1564f15ce96e1589d7186878ce55bec37950736fdb356d656ac1be21629,228,221,RGB,1.0316742081447965,3,9d856a9a69da2ccc,79f4e0f0f4f07831,True,,JPEG
t0_0153,Testing/notumor/Te-no_134.jpg,C:\Users\pedro\Desktop\Projeto do TCC\Brain Tumor MRI Dataset\Testing\notumor\Te-no_134.jpg,notumor,.jpg,test,7342,8b5517f37c7a532df452ce22c6114e874d6101cb785d0e967d2982641c0b3192,225,225,RGB,1.0,3,876a7e31789568c6,b269e0e8e8e8cc61,True,,JPEG
t0_0153,Testing/notumor/Te-no_58.jpg,C:\Users\pedro\Desktop\Projeto do TCC\Brain Tumor MRI Dataset\Testing\notumor\Te-no_58.jpg,notumor,.jpg,test,7528,a7979c3b28a191e14c80e5f58d9943c30d80b8b868ee415683f412ebb25b800d,225,225,RGB,1.0,3,876a7e31789568c6,b269e0e8e8e8cc61,True,,JPEG
t0_0153,Training/notumor/Tr-no_1203.jpg,C:\Users\pedro\Desktop\Projeto do TCC\Brain Tumor MRI Dataset\Training\notumor\Tr-no_1203.jpg,notumor,.jpg,train,10979,840e12a9d0fc509d61fab11db74d1716234312bd96939b632e19b8f102ace3cf,225,225,RGB,1.0,3,876a7e31789568c6,b269e0e8e8e8cc61,True,,JPEG
t0_0153,Training/notumor/Tr-no_154.jpg,C:\Users\pedro\Desktop\Projeto do TCC\Brain Tumor MRI Dataset\Training\notumor\Tr-no_154.jpg,notumor,.jpg,train,10979,840e12a9d0fc509d61fab11db74d1716234312bd96939b632e19b8f102ace3cf,225,225,RGB,1.0,3,876a7e31789568c6,b269e0e8e8e8cc61,True,,JPEG
t0_0153,Training/notumor/Tr-no_347.jpg,C:\Users\pedro\Desktop\Projeto do TCC\Brain Tumor MRI Dataset\Training\notumor\Tr-no_347.jpg,notumor,.jpg,train,5758,3b098b0d2bee33d7fc3864ad7367a71538983f2b06eb83a23d72fa49a7ff5d3c,225,225,RGB,1.0,3,876a7e31789568c6,b269e0e8e8e8cc61,True,,JPEG
t0_0153,Training/notumor/Tr-no_365.jpg,C:\Users\pedro\Desktop\Projeto do TCC\Brain Tumor MRI Dataset\Training\notumor\Tr-no_365.jpg,notumor,.jpg,train,26145,45f94977b8dcdda3912f51dd1f12e6d58ad625545d37ce1771ac3b3fdd155c81,350,350,RGB,1.0,3,876a7e31789568c6,b269e0e8e8e8cc61,True,,JPEG
t0_0153,Training/notumor/Tr-no_386.jpg,C:\Users\pedro\Desktop\Projeto do TCC\Brain Tumor MRI Dataset\Training\notumor\Tr-no_386.jpg,notumor,.jpg,train,7266,008621858a0f998debf392faccc3b430b2971ec9ff7f8108391b22f35f787d16,225,225,RGB,1.0,3,876a7e31789568c6,b269e0e8e8e8cc61,True,,JPEG
t0_0153,Training/notumor/Tr-no_725.jpg,C:\Users\pedro\Desktop\Projeto do TCC\Brain Tumor MRI Dataset\Training\notumor\Tr-no_725.jpg,notumor,.jpg,train,10979,840e12a9d0fc509d61fab11db74d1716234312bd96939b632e19b8f102ace3cf,225,225,RGB,1.0,3,876a7e31789568c6,b269e0e8e8e8cc61,True,,JPEG
t0_0154,Testing/notumor/Te-no_135.jpg,C:\Users\pedro\Desktop\Projeto do TCC\Brain Tumor MRI Dataset\Testing\notumor\Te-no_135.jpg,notumor,.jpg,test,8016,c025f3273aa36fff1f376470bd49d748c390309689a2da35e286e518ca287423,232,217,RGB,1.0691244239631337,3,9ec969b467329661,107169ece4707800,True,,JPEG
t0_0154,Training/notumor/Tr-no_1087.jpg,C:\Users\pedro\Desktop\Projeto do TCC\Brain Tumor MRI Dataset\Training\notumor\Tr-no_1087.jpg,notumor,.jpg,train,6910,54e5ce4998356731dc854e82110bf8480f60323fcf900f4195f06081050f1802,232,217,RGB,1.0691244239631337,3,9ec969b467329661,007071f4e4707000,True,,JPEG
t0_0154,Training/notumor/Tr-no_540.jpg,C:\Users\pedro\Desktop\Projeto do TCC\Brain Tumor MRI Dataset\Training\notumor\Tr-no_540.jpg,notumor,.jpg,train,10393,79b6fe05b46ee2a734c4da64cd109bc508bfd1b76f46e9c496dbb406f86139f9,232,217,RGB,1.0691244239631337,3,9ec969b467329661,007071f4e4707000,True,,JPEG
t0_0154,Training/notumor/Tr-no_714.jpg,C:\Users\pedro\Desktop\Projeto do TCC\Brain Tumor MRI Dataset\Training\notumor\Tr-no_714.jpg,notumor,.jpg,train,8183,f9650a60cedb447d86bbb6a8b7678487aace1d134171f384856a3b7569fd03f3,232,217,RGB,1.0691244239631337,3,9ec969b467329661,107169ece4707800,True,,JPEG
t0_0154,Training/notumor/Tr-no_723.jpg,C:\Users\pedro\Desktop\Projeto do TCC\Brain Tumor MRI Dataset\Training\notumor\Tr-no_723.jpg,notumor,.jpg,train,8175,e1b254a21bc888bd0a4ecfc378a9416b7844b06baaa7f7a13d63bcaae871e5e9,232,217,RGB,1.0691244239631337,3,9ec969b467329661,107169ece4707800,True,,JPEG
t0_0154,Training/notumor/Tr-no_753.jpg,C:\Users\pedro\Desktop\Projeto do TCC\Brain Tumor MRI Dataset\Training\notumor\Tr-no_753.jpg,notumor,.jpg,train,10393,79b6fe05b46ee2a734c4da64cd109bc508bfd1b76f46e9c496dbb406f86139f9,232,217,RGB,1.0691244239631337,3,9ec969b467329661,007071f4e4707000,True,,JPEG
t0_0154,Training/notumor/Tr-no_96.jpg,C:\Users\pedro\Desktop\Projeto do TCC\Brain Tumor MRI Dataset\Training\notumor\Tr-no_96.jpg,notumor,.jpg,train,6878,7b7215fe7c1ff69732f367c385a03875e532d020bfed81085759df47199c21b2,232,217,RGB,1.0691244239631337,3,9ec969b467329661,007071f4e4707000,True,,JPEG
t0_0155,Testing/notumor/Te-no_136.jpg,C:\Users\pedro\Desktop\Projeto do TCC\Brain Tumor MRI Dataset\Testing\notumor\Te-no_136.jpg,notumor,.jpg,test,6161,7bbdbbe3be5a0ffad79572688dd2d7ed1f3d25ed8e0411598a652714544c8f41,150,198,RGB,0.7575757575757576,3,c6b84cd547505f8b,f4ae554d4d48b0c4,True,,JPEG
t0_0155,Testing/notumor/Te-no_267.jpg,C:\Users\pedro\Desktop\Projeto do TCC\Brain Tumor MRI Dataset\Testing\notumor\Te-no_267.jpg,notumor,.jpg,test,7750,7ae81216a482c2ed3f01ded4a70f9bf7e480405ff04811b42f17fbc054000002,150,198,RGB,0.7575757575757576,3,c6b84cd547505f8b,d4ae554d4d6cb0c4,True,,JPEG
t0_0155,Training/notumor/Tr-no_324.jpg,C:\Users\pedro\Desktop\Projeto do TCC\Brain Tumor MRI Dataset\Training\notumor\Tr-no_324.jpg,notumor,.jpg,train,7971,b822c242fa5306ff05e75ec790644fd975c95712638e1da8186643224b53c112,150,198,RGB,0.7575757575757576,3,c6b84cd547505f8b,d4ae554d4decb0c0,True,,JPEG
t0_0155,Training/notumor/Tr-no_570.jpg,C:\Users\pedro\Desktop\Projeto do TCC\Brain Tumor MRI Dataset\Training\notumor\Tr-no_570.jpg,notumor,.jpg,train,7969,eb24722154a51b65511c985ab4989d7b85d6da4c4b92118c9d451589e22ed859,150,198,RGB,0.7575757575757576,3,c6b84cd547505f8b,d4ae554d4decb0c4,True,,JPEG
t0_0155,Training/notumor/Tr-no_903.jpg,C:\Users\pedro\Desktop\Projeto do TCC\Brain Tumor MRI Dataset\Training\notumor\Tr-no_903.jpg,notumor,.jpg,train,6164,8c8a599794a2d0c950d35630524037ff3411d4741086084b9c6e3152cd401ff0,150,198,RGB,0.7575757575757576,3,c6b84cd547505f8b,f4ae554d4d48b2c4,True,,JPEG
t0_0156,Testing/notumor/Te-no_137.jpg,C:\Users\pedro\Desktop\Projeto do TCC\Brain Tumor MRI Dataset\Testing\notumor\Te-no_137.jpg,notumor,.jpg,test,8742,0b62aa7c8babd850d6e93b06450e7d91a0bda087d4c7006e5f318ae8effcb47d,215,234,RGB,0.9188034188034188,3,85b17a5e68e861a7,f1e8caccececf0f1,True,,JPEG
t0_0156,Testing/notumor/Te-no_366.jpg,C:\Users\pedro\Desktop\Projeto do TCC\Brain Tumor MRI Dataset\Testing\notumor\Te-no_366.jpg,notumor,.jpg,test,8603,ffc0d1e85155bb79dcdb98e4c785759566f5fe6be5d04bdea056151371d97e45,215,234,RGB,0.9188034188034188,3,85b17a5e68e861a7,f1e8caccececf0f1,True,,JPEG
t0_0156,Testing/notumor/Te-no_91.jpg,C:\Users\pedro\Desktop\Projeto do TCC\Brain Tumor MRI Dataset\Testing\notumor\Te-no_91.jpg,notumor,.jpg,test,8403,430ee4f67fa7d1d810985e2aa1080e7da56d7a41a2e54ac05517c41d20ab8069,215,234,RGB,0.9188034188034188,3,85b17a5e68e861a7,f1e8caccececf0f1,True,,JPEG
t0_0157,Testing/notumor/Te-no_138.jpg,C:\Users\pedro\Desktop\Projeto do TCC\Brain Tumor MRI Dataset\Testing\notumor\Te-no_138.jpg,notumor,.jpg,test,32337,295b7eed34bc5f362455f02775fe431cca4ba43bd3931777f6902e8e09ccfce7,468,444,RGB,1.054054054054054,3,97787a616a356a25,3170e0e8e8d4d468,True,,JPEG
t0_0157,Training/notumor/Tr-no_1049.jpg,C:\Users\pedro\Desktop\Projeto do TCC\Brain Tumor MRI Dataset\Training\notumor\Tr-no_1049.jpg,notumor,.jpg,train,32298,9665a634778add156fdc68dd68695ced8f9fa37b606398dc169b31938aa2d7f2,468,444,RGB,1.054054054054054,3,97787a616a356a25,3170e0e8e8d4d468,True,,JPEG
t0_0157,Training/notumor/Tr-no_85.jpg,C:\Users\pedro\Desktop\Projeto do TCC\Brain Tumor MRI Dataset\Training\notumor\Tr-no_85.jpg,notumor,.jpg,train,52384,216144235f80341092abdc4fd447133b0981352ced3a46f0edc78ba423031585,468,444,RGB,1.054054054054054,3,97787a616a356a25,b170e0e8e8d4d468,True,,JPEG
t0_0158,Testing/notumor/Te-no_139.jpg,C:\Users\pedro\Desktop\Projeto do TCC\Brain Tumor MRI Dataset\Testing\notumor\Te-no_139.jpg,notumor,.jpg,test,7549,5c6697c6cdabf02a143aeaeb8d8324dc09bd56f7f2986ef3d6fac9be52cb92c6,173,201,RGB,0.8606965174129353,3,c1bc3e477a7870a4,f0e8d4e8e8e8e8e8,True,,JPEG
t0_0158,Testing/notumor/Te-no_296.jpg,C:\Users\pedro\Desktop\Projeto do TCC\Brain Tumor MRI Dataset\Testing\notumor\Te-no_296.jpg,notumor,.jpg,test,7680,b761e0656a497d6ecabfa1e7179de8c31d77abeb4b2e775dc8ec35bb4fdddec5,173,201,RGB,0.8606965174129353,3,96e96b122f2d25b1,f0e8d4e8e8e8e8e8,True,,JPEG
t0_0158,Testing/notumor/Te-no_360.jpg,C:\Users\pedro\Desktop\Projeto do TCC\Brain Tumor MRI Dataset\Testing\notumor\Te-no_360.jpg,notumor,.jpg,test,7327,ec2314a74699373fbe7aa757449a7c788804eb79aeebd23b0ae58fd80f83a906,173,201,RGB,0.8606965174129353,3,96e96b122f2d25b1,f0e8d4e8e8e8e8e8,True,,JPEG
t0_0158,Training/notumor/Tr-no_1076.jpg,C:\Users\pedro\Desktop\Projeto do TCC\Brain Tumor MRI Dataset\Training\notumor\Tr-no_1076.jpg,notumor,.jpg,train,7488,fb431dc337cae81d48acf600434614115bb4e972a550395b396ff317f8e8523d,173,201,RGB,0.8606965174129353,3,96e96b122f2d25b1,f0e8d4e8e8e8e8e8,True,,JPEG
t0_0158,Training/notumor/Tr-no_1078.jpg,C:\Users\pedro\Desktop\Projeto do TCC\Brain Tumor MRI Dataset\Training\notumor\Tr-no_1078.jpg,notumor,.jpg,train,7466,b401d726da1dbef46d36d0034e3db46968b28ce7e6898c955b7608851420845a,173,201,RGB,0.8606965174129353,3,c3bc3e477a6870a4,f0e8d4e8e8e8e8e8,True,,JPEG
t0_0158,Training/notumor/Tr-no_1202.jpg,C:\Users\pedro\Desktop\Projeto do TCC\Brain Tumor MRI Dataset\Training\notumor\Tr-no_1202.jpg,notumor,.jpg,train,5538,66569a97b24135d247166c11fe175dce65f9679a2cb9e949e0cd1fa8beb9989d,173,201,RGB,0.8606965174129353,3,c1bc3e477a7870a4,f0e8d4e8e8e8e8e8,True,,JPEG
t0_0158,Training/notumor/Tr-no_1241.jpg,C:\Users\pedro\Desktop\Projeto do TCC\Brain Tumor MRI Dataset\Training\notumor\Tr-no_1241.jpg,notumor,.jpg,train,8849,238498fbbf7fa7715a69ca463c2696a27043f88c213975b232c10e938ce0ef21,173,201,RGB,0.8606965174129353,3,94e96a122f2f2db1,f0e8d4e8e8e8e8e8,True,,JPEG
t0_0158,Training/notumor/Tr-no_1370.jpg,C:\Users\pedro\Desktop\Projeto do TCC\Brain Tumor MRI Dataset\Training\notumor\Tr-no_1370.jpg,notumor,.jpg,train,5596,59050685601147d937789be7d96a7077bd2262f66146d0b1c72910d6fc14a53d,173,201,RGB,0.8606965174129353,3,c1bc3e477a7870a4,f0e8d4e8e8e8e8e8,True,,JPEG
t0_0158,Training/notumor/Tr-no_16.jpg,C:\Users\pedro\Desktop\Projeto do TCC\Brain Tumor MRI Dataset\Training\notumor\Tr-no_16.jpg,notumor,.jpg,train,5760,6c2c4fcb9923392d2c2f6daeeb71897ef36e64ae54a1289136f07cdf079a0e1c,173,201,RGB,0.8606965174129353,3,96e96b122f2d25b1,f0e8d4e8e8e8e8e8,True,,JPEG
t0_0158,Training/notumor/Tr-no_497.jpg,C:\Users\pedro\Desktop\Projeto do TCC\Brain Tumor MRI Dataset\Training\notumor\Tr-no_497.jpg,notumor,.jpg,train,5721,c318738441125eabe7c3a6b2e3da11c6962416f340001b646d453f891668fd50,173,201,RGB,0.8606965174129353,3,96e96b122f2d25b1,f0e8d4e8e8e8e8e8,True,,JPEG
t0_0158,Training/notumor/Tr-no_521.jpg,C:\Users\pedro\Desktop\Projeto do TCC\Brain Tumor MRI Dataset\Training\notumor\Tr-no_521.jpg,notumor,.jpg,train,7047,216effa15cdd3f403ec9c5423d503cb8081c11123e02952b2068fe80b68eef4d,173,201,RGB,0.8606965174129353,3,c1bc3e477a7870a4,f0e8d4e8e8e8e8e8,True,,JPEG
t0_0158,Training/notumor/Tr-no_529.jpg,C:\Users\pedro\Desktop\Projeto do TCC\Brain Tumor MRI Dataset\Training\notumor\Tr-no_529.jpg,notumor,.jpg,train,11716,1c2d997d9cd3b3168e84b8ffcd041e8e1ab826ba77f8bca07b88d0e5ec684334,173,201,RGB,0.8606965174129353,3,94e96b122f2f2da1,f0e8d4e8e8e8e8e8,True,,JPEG
t0_0158,Training/notumor/Tr-no_583.jpg,C:\Users\pedro\Desktop\Projeto do TCC\Brain Tumor MRI Dataset\Training\notumor\Tr-no_583.jpg,notumor,.jpg,train,5655,896fc66682646e451ed9b2626bdc6241d2216b44c4b08607e134448b7f412184,173,201,RGB,0.8606965174129353,3,c1bc3e477a7870a4,f0e8d4e8e8e8e8e8,True,,JPEG
t0_0158,Training/notumor/Tr-no_776.jpg,C:\Users\pedro\Desktop\Projeto do TCC\Brain Tumor MRI Dataset\Training\notumor\Tr-no_776.jpg,notumor,.jpg,train,8623,e3d870254afb4646ef9c8ed65add1e52e4614142600fdae3d7f9cfbf8caf05e2,173,201,RGB,0.8606965174129353,3,c1bc3e457a7a78a0,f0e8d4e8e8e8e8e8,True,,JPEG
t0_0158,Training/notumor/Tr-no_780.jpg,C:\Users\pedro\Desktop\Projeto do TCC\Brain Tumor MRI Dataset\Training\notumor\Tr-no_780.jpg,notumor,.jpg,train,7476,93f59c5b88dca15896cc04f9ee23a7ed580d2f46b1162e62f28e2026324fe002,173,201,RGB,0.8606965174129353,3,96e96b122f2d25b1,f0e8d4e8e8e8e8e8,True,,JPEG
t0_0158,Training/notumor/Tr-no_89.jpg,C:\Users\pedro\Desktop\Projeto do TCC\Brain Tumor MRI Dataset\Training\notumor\Tr-no_89.jpg,notumor,.jpg,train,11122,0bddde2da4588961ac9a1b5a8dd73496c7dbac62a6b56cebd0e04ac7d0e56788,173,201,RGB,0.8606965174129353,3,c1bc3e437a7a78a0,f0e8d4e8e8e8e8e8,True,,JPEG
t0_0159,Testing/notumor/Te-no_14.jpg,C:\Users\pedro\Desktop\Projeto do TCC\Brain Tumor MRI Dataset\Testing\notumor\Te-no_14.jpg,notumor,.jpg,test,9879,48f077e1ad306a369c2545f5a5af229e5e221fa94771d64be50d6d3b661e5287,232,217,RGB,1.0691244239631337,3,c33f2d70349319dc,72e1e8c8e8e8e0f1,True,,JPEG
t0_0159,Testing/notumor/Te-no_222.jpg,C:\Users\pedro\Desktop\Projeto do TCC\Brain Tumor MRI Dataset\Testing\notumor\Te-no_222.jpg,notumor,.jpg,test,9947,bda5c19bcba8c9e60f42ea8b9f49a505193b9a1db9cbd9d9c8c319c8ec9b7465,232,217,RGB,1.0691244239631337,3,c33f2d70359319cc,72e1e8c8e8e8e0f1,True,,JPEG
t0_0159,Training/notumor/Tr-no_1126.jpg,C:\Users\pedro\Desktop\Projeto do TCC\Brain Tumor MRI Dataset\Training\notumor\Tr-no_1126.jpg,notumor,.jpg,train,14958,3a34904d65c8cc7579373460050623901047e49eec67a5d635390374c5b48634,232,217,RGB,1.0691244239631337,3,c33f2d70359319cc,72e1e8c8e8e8e0f1,True,,JPEG
t0_0159,Training/notumor/Tr-no_4.jpg,C:\Users\pedro\Desktop\Projeto do TCC\Brain Tumor MRI Dataset\Training\notumor\Tr-no_4.jpg,notumor,.jpg,train,14730,7c0124081a4ec0c5a2df2f72738fa5bb4ea5658f7d3454215225bab2d550030a,232,217,RGB,1.0691244239631337,3,c32f2d74349339cc,72e1e8c8e8e8e0f1,True,,JPEG
t0_0159,Training/notumor/Tr-no_564.jpg,C:\Users\pedro\Desktop\Projeto do TCC\Brain Tumor MRI Dataset\Training\notumor\Tr-no_564.jpg,notumor,.jpg,train,14958,3a34904d65c8cc7579373460050623901047e49eec67a5d635390374c5b48634,232,217,RGB,1.0691244239631337,3,c33f2d70359319cc,72e1e8c8e8e8e0f1,True,,JPEG
t0_0159,Training/notumor/Tr-no_694.jpg,C:\Users\pedro\Desktop\Projeto do TCC\Brain Tumor MRI Dataset\Training\notumor\Tr-no_694.jpg,notumor,.jpg,train,7882,3e7a6a53891855f9773da2427b7621464e87e48634af7203ae4416761d087b60,232,217,RGB,1.0691244239631337,3,c33f2d70359319cc,72e1e8c8e8e8e0f1,True,,JPEG
t0_0159,Training/notumor/Tr-no_878.jpg,C:\Users\pedro\Desktop\Projeto do TCC\Brain Tumor MRI Dataset\Training\notumor\Tr-no_878.jpg,notumor,.jpg,train,9861,684796fa57521bf38e64647b6b68ada66d4e8aeb30cafcfec67cb70b674b977d,232,217,RGB,1.0691244239631337,3,c33f2d70349319dc,72e1e8c8e8e8e0f1,True,,JPEG
t0_0160,Testing/notumor/Te-no_141.jpg,C:\Users\pedro\Desktop\Projeto do TCC\Brain Tumor MRI Dataset\Testing\notumor\Te-no_141.jpg,notumor,.jpg,test,7590,688f68eb9ce54f8ce6619604fb7984244c6f2d15186c37af709c2c0b7e068f01,225,225,RGB,1.0,3,c3d03b0f3d6d3065,71e8c4c4e0e06960,True,,JPEG
t0_0160,Testing/notumor/Te-no_42.jpg,C:\Users\pedro\Desktop\Projeto do TCC\Brain Tumor MRI Dataset\Testing\notumor\Te-no_42.jpg,notumor,.jpg,test,7564,d37292c2ae57928abb7f819330c117bd7dc36fa73e5254129175e79c0596ab12,225,225,RGB,1.0,3,c3d03b0f3d6d3065,71e8c4c4e0e06960,True,,JPEG
t0_0161,Testing/notumor/Te-no_142.jpg,C:\Users\pedro\Desktop\Projeto do TCC\Brain Tumor MRI Dataset\Testing\notumor\Te-no_142.jpg,notumor,.jpg,test,10057,7078872cc229f95a29a64be19cfc8031525e45c9553c10d238edc794385b5c30,232,217,RGB,1.0691244239631337,3,c3d02dcf346c1973,f1e0e8e8c8e8e172,True,,JPEG
t0_0161,Testing/notumor/Te-no_173.jpg,C:\Users\pedro\Desktop\Projeto do TCC\Brain Tumor MRI Dataset\Testing\notumor\Te-no_173.jpg,notumor,.jpg,test,9900,d4a63c560b06deec6d4e858321fc4c6e39d964a967ecc4c5018e3266f9e08c6d,232,217,RGB,1.0691244239631337,3,c3d02dcf346c1973,f1e0e8e8c8e8e172,True,,JPEG
t0_0161,Training/notumor/Tr-no_1167.jpg,C:\Users\pedro\Desktop\Projeto do TCC\Brain Tumor MRI Dataset\Training\notumor\Tr-no_1167.jpg,notumor,.jpg,train,9901,aa5165096afb739d38e983db067fd1269d3efab00ccd94d3a7b25ac1b01b64d6,232,217,RGB,1.0691244239631337,3,c3d02dcf346c1973,f1e0e8e8c8e8e172,True,,JPEG
t0_0161,Training/notumor/Tr-no_807.jpg,C:\Users\pedro\Desktop\Projeto do TCC\Brain Tumor MRI Dataset\Training\notumor\Tr-no_807.jpg,notumor,.jpg,train,14831,82272975b1bc03cc0b9a0816d6a2f9a8d1c3833fe4d359853aa4bcf19ddd1322,232,217,RGB,1.0691244239631337,3,c3d02dcf346c3933,f1e0e8e8c8e8e172,True,,JPEG
t0_0162,Testing/notumor/Te-no_143.jpg,C:\Users\pedro\Desktop\Projeto do TCC\Brain Tumor MRI Dataset\Testing\notumor\Te-no_143.jpg,notumor,.jpg,test,7409,58beca790e51f5b0edb6d50827aba16ee6dd340b6276eafa9355fb6b9c476068,236,213,RGB,1.107981220657277,3,9f87781a79196519,7868e0e8e8707870,True,,JPEG
t0_0162,Training/notumor/Tr-no_609.jpg,C:\Users\pedro\Desktop\Projeto do TCC\Brain Tumor MRI Dataset\Training\notumor\Tr-no_609.jpg,notumor,.jpg,train,7366,92a322e56c4901f5f15ccbae7c8be951d73ac18f882c7b7bdbb8992d481904f3,236,213,RGB,1.107981220657277,3,9f87781a79196519,7868e0e8e8787870,True,,JPEG
t0_0163,Testing/notumor/Te-no_144.jpg,C:\Users\pedro\Desktop\Projeto do TCC\Brain Tumor MRI Dataset\Testing\notumor\Te-no_144.jpg,notumor,.jpg,test,49223,475702d7d3bf7ac06c1da51c2dd307c93bdc40f09e29af65e5f9ee7193391469,630,630,RGB,1.0,3,92c56f3a642d30f3,30f0d4d4dcdc79b2,True,,JPEG
t0_0163,Training/notumor/Tr-no_1153.jpg,C:\Users\pedro\Desktop\Projeto do TCC\Brain Tumor MRI Dataset\Training\notumor\Tr-no_1153.jpg,notumor,.jpg,train,8564,7062b5cacb6694c4b54fd799a8744d8a1f3f7a89110cc75a9fec2375f7fbb92b,225,225,RGB,1.0,3,92c56f3a642d30f3,30f0d4d4dcdc79b2,True,,JPEG
t0_0164,Testing/notumor/Te-no_145.jpg,C:\Users\pedro\Desktop\Projeto do TCC\Brain Tumor MRI Dataset\Testing\notumor\Te-no_145.jpg,notumor,.jpg,test,7616,df4d9fdaa7eec746b20ee55e90bb7ab457b15f6bf1cf0e94dc246d20509216c5,225,225,RGB,1.0,3,9ccc6e3339946333,b260f4f0f0d4e8b0,True,,JPEG
t0_0164,Training/notumor/Tr-no_1108.jpg,C:\Users\pedro\Desktop\Projeto do TCC\Brain Tumor MRI Dataset\Training\notumor\Tr-no_1108.jpg,notumor,.jpg,train,5816,f6b9367846473d64daf63aac8580e1c9ba73d2000d8aaa1d715a118a3a8f0ca9,225,225,RGB,1.0,3,9ccc6e3339946333,b260f4f0f0d4e8b0,True,,JPEG
t0_0164,Training/notumor/Tr-no_1150.jpg,C:\Users\pedro\Desktop\Projeto do TCC\Brain Tumor MRI Dataset\Training\notumor\Tr-no_1150.jpg,notumor,.jpg,train,7529,3cbf4e24aff52873c213e089a22ed6a66125c6d1155675741948a3f27583de5e,225,225,RGB,1.0,3,9ccc6e3339946333,b260f4f0f0d4e8b0,True,,JPEG
t0_0164,Training/notumor/Tr-no_721.jpg,C:\Users\pedro\Desktop\Projeto do TCC\Brain Tumor MRI Dataset\Training\notumor\Tr-no_721.jpg,notumor,.jpg,train,11391,f932387c00c74ebaede60e0b5e0d79dbff6b944e066d510f4c95834f05050e3e,225,225,RGB,1.0,3,9ccc6e33399c6332,b260f4f0f0d4e8b0,True,,JPEG
t0_0164,Training/notumor/Tr-no_751.jpg,C:\Users\pedro\Desktop\Projeto do TCC\Brain Tumor MRI Dataset\Training\notumor\Tr-no_751.jpg,notumor,.jpg,train,7869,2edca8bd01b8925e4d30afddedf7f1c95fcd76fc78debac448eaa8b43b415ee7,225,225,RGB,1.0,3,9ccc6e3339946333,b260f4f0f0d4e8b0,True,,JPEG
t0_0164,Training/notumor/Tr-no_81.jpg,C:\Users\pedro\Desktop\Projeto do TCC\Brain Tumor MRI Dataset\Training\notumor\Tr-no_81.jpg,notumor,.jpg,train,11391,f932387c00c74ebaede60e0b5e0d79dbff6b944e066d510f4c95834f05050e3e,225,225,RGB,1.0,3,9ccc6e33399c6332,b260f4f0f0d4e8b0,True,,JPEG
t0_0165,Testing/notumor/Te-no_146.jpg,C:\Users\pedro\Desktop\Projeto do TCC\Brain Tumor MRI Dataset\Testing\notumor\Te-no_146.jpg,notumor,.jpg,test,7810,746ccb63ba3cae205efe71cb17fb0fe6dcce2c5d32eccc114938d7c9ea9dcee4,300,168,RGB,1.7857142857142858,3,9a92696963cdcc39,f0797068697171b0,True,,JPEG
t0_0165,Testing/notumor/Te-no_83.jpg,C:\Users\pedro\Desktop\Projeto do TCC\Brain Tumor MRI Dataset\Testing\notumor\Te-no_83.jpg,notumor,.jpg,test,22829,b81012ff4dc4fc662b480ffa65af02235b86a7e98859309cedd2d0cd4741b8c4,642,361,RGB,1.778393351800554,3,9a92696963cdcc39,f0797068697171b0,True,,JPEG
t0_0165,Training/notumor/Tr-no_1017.jpg,C:\Users\pedro\Desktop\Projeto do TCC\Brain Tumor MRI Dataset\Training\notumor\Tr-no_1017.jpg,notumor,.jpg,train,23375,31146276bf6960c1c794841ef32a785e1623eb456d2bd22ac79c501cc6385803,642,361,RGB,1.778393351800554,3,9a92696963cdcc39,f0797068697171b0,True,,JPEG
t0_0166,Testing/notumor/Te-no_148.jpg,C:\Users\pedro\Desktop\Projeto do TCC\Brain Tumor MRI Dataset\Testing\notumor\Te-no_148.jpg,notumor,.jpg,test,9725,b3f1f58a76c665d55957444023f3e70524846123b940a918e24014092e104fbd,207,243,RGB,0.8518518518518519,3,d3d40e223fcc2cc7,f1d8c8ccc8c8c861,True,,JPEG
t0_0166,Training/notumor/Tr-no_1204.jpg,C:\Users\pedro\Desktop\Projeto do TCC\Brain Tumor MRI Dataset\Training\notumor\Tr-no_1204.jpg,notumor,.jpg,train,9741,d5e2a3c0f54875c7f3291a7c651b091db54d4aa1a6a7bc39a00b97cf3b3e3494,207,243,RGB,0.8518518518518519,3,d3d40e223fcc2cc7,f1d8c8ccc8c8c861,True,,JPEG
t0_0167,Testing/notumor/Te-no_15.jpg,C:\Users\pedro\Desktop\Projeto do TCC\Brain Tumor MRI Dataset\Testing\notumor\Te-no_15.jpg,notumor,.jpg,test,8003,62c541f95af8df01298430229472ec2222aee1b3e86fb5db0514b3f21ceba18a,225,225,RGB,1.0,3,97857a9a6e183999,69d4f0f4ecf87132,True,,JPEG
t0_0167,Testing/notumor/Te-no_305.jpg,C:\Users\pedro\Desktop\Projeto do TCC\Brain Tumor MRI Dataset\Testing\notumor\Te-no_305.jpg,notumor,.jpg,test,8146,4e260b551ffe7a45c16961670b34d1d9801933159a683196973e0838d2919209,225,225,RGB,1.0,3,97857a9a6e183999,69d4f0f4e8f87132,True,,JPEG
t0_0167,Training/notumor/Tr-no_309.jpg,C:\Users\pedro\Desktop\Projeto do TCC\Brain Tumor MRI Dataset\Training\notumor\Tr-no_309.jpg,notumor,.jpg,train,7915,eb5c5214771cb99a9041862ae16f2bcc9bb8aa8f56e784ff380905cb2f802a2c,225,225,RGB,1.0,3,97857a9a6e183999,69d4f0f4e8f87132,True,,JPEG
t0_0168,Testing/notumor/Te-no_150.jpg,C:\Users\pedro\Desktop\Projeto do TCC\Brain Tumor MRI Dataset\Testing\notumor\Te-no_150.jpg,notumor,.jpg,test,13813,82a16900fbf15df713cae2a5d2c941f846c62322cc04ed7d01c313aada509c0f,236,251,RGB,0.9402390438247012,3,d0322f0d6ce0f2cf,3279cc96b2d8e132,True,,JPEG
t0_0168,Training/notumor/Tr-no_247.jpg,C:\Users\pedro\Desktop\Projeto do TCC\Brain Tumor MRI Dataset\Training\notumor\Tr-no_247.jpg,notumor,.jpg,train,10938,9eb2f206cd2e88f015f4b08bd4a399ba5f8d97b263306205c1cf54385c7dd352,236,251,RGB,0.9402390438247012,3,d0322f0d6ce0f2cf,3279cc96b2d8e132,True,,JPEG
t0_0169,Testing/notumor/Te-no_151.jpg,C:\Users\pedro\Desktop\Projeto do TCC\Brain Tumor MRI Dataset\Testing\notumor\Te-no_151.jpg,notumor,.jpg,test,10511,607c82b15de2a706845aed2b626f063763fb088650568ff9d90045fc607bf4e3,194,259,RGB,0.749034749034749,3,82667b0d2db3711b,71e0cccce8e8d879,True,,JPEG
t0_0169,Testing/notumor/Te-no_393.jpg,C:\Users\pedro\Desktop\Projeto do TCC\Brain Tumor MRI Dataset\Testing\notumor\Te-no_393.jpg,notumor,.jpg,test,10588,c5db9542e1109eae3a41e8c86617bc8641275991d0c96c642d80f725d8ed9265,194,259,RGB,0.749034749034749,3,82667b0d2db3711b,71e0cccce8e8d879,True,,JPEG
t0_0170,Testing/notumor/Te-no_152.jpg,C:\Users\pedro\Desktop\Projeto do TCC\Brain Tumor MRI Dataset\Testing\notumor\Te-no_152.jpg,notumor,.jpg,test,8137,9992b65d188a1316edcca1272833faa8c27ac2d4acf11c822d0f477974722be9,225,225,RGB,1.0,3,9b93696c6468b693,3379e8f8f0707133,True,,JPEG
t0_0170,Training/notumor/Tr-no_495.jpg,C:\Users\pedro\Desktop\Projeto do TCC\Brain Tumor MRI Dataset\Training\notumor\Tr-no_495.jpg,notumor,.jpg,train,8154,c38c368116fc00a41aa598c97a4a6d3d89ec8e52a63a8d55ecf74c1dc05f1cfe,225,225,RGB,1.0,3,9b93696c6468b693,3379e8f8f0707133,True,,JPEG
t0_0171,Testing/notumor/Te-no_153.jpg,C:\Users\pedro\Desktop\Projeto do TCC\Brain Tumor MRI Dataset\Testing\notumor\Te-no_153.jpg,notumor,.jpg,test,15423,5ca4859201a4a4ed3dcfe4814440e9678f3ced1837ca2daf5677ae8eb6372e86,276,326,RGB,0.8466257668711656,3,d4b54b480db633cb,e8e494b6b2b6f471,True,,JPEG
t0_0171,Testing/notumor/Te-no_270.jpg,C:\Users\pedro\Desktop\Projeto do TCC\Brain Tumor MRI Dataset\Testing\notumor\Te-no_270.jpg,notumor,.jpg,test,15185,e8ff2f90f986eb46e5a02e44eb7ebccee745351e39e2dea56f5f5478b2846bf4,276,326,RGB,0.8466257668711656,3,d4b54b480db633cb,e8e494b6b2b6f471,True,,JPEG
t0_0172,Testing/notumor/Te-no_154.jpg,C:\Users\pedro\Desktop\Projeto do TCC\Brain Tumor MRI Dataset\Testing\notumor\Te-no_154.jpg,notumor,.jpg,test,15898,008ea33cb5f3f25d975003f55795e758ddf6abf853ff352daa770b7c9662b228,339,340,RGB,0.9970588235294118,3,8e7f29a721a274aa,3370f0f0f0f0f133,True,,JPEG
t0_0172,Training/notumor/Tr-no_971.jpg,C:\Users\pedro\Desktop\Projeto do TCC\Brain Tumor MRI Dataset\Training\notumor\Tr-no_971.jpg,notumor,.jpg,train,16148,dcec21068465d771bb815fe25baafbe607a6452e4d3d35060aaff7f1748dbf4d,339,340,RGB,0.9970588235294118,3,8e7f29a721a274aa,3370f0f0f0f0e133,True,,JPEG
t0_0173,Testing/notumor/Te-no_155.jpg,C:\Users\pedro\Desktop\Projeto do TCC\Brain Tumor MRI Dataset\Testing\notumor\Te-no_155.jpg,notumor,.jpg,test,6988,c4f0a102942afa9db975be8c329ba502857a69045f12b49609d8b2605c21cdff,228,221,RGB,1.0316742081447965,3,c80f3f703c707966,7061f0d0f0f8d061,True,,JPEG
t0_0173,Testing/notumor/Te-no_32.jpg,C:\Users\pedro\Desktop\Projeto do TCC\Brain Tumor MRI Dataset\Testing\notumor\Te-no_32.jpg,notumor,.jpg,test,7173,8eb98358b4393d26b59ff612cee184820af6e2317fdf37c737f1972e7e57b780,228,221,RGB,1.0316742081447965,3,c80f3f703c707966,7061f0d0f0f8d061,True,,JPEG
t0_0173,Training/notumor/Tr-no_549.jpg,C:\Users\pedro\Desktop\Projeto do TCC\Brain Tumor MRI Dataset\Training\notumor\Tr-no_549.jpg,notumor,.jpg,train,7214,5822193726fefe5c96d1bbd23b51d328dcde13167d5d1a7cdc3e93ba545a3e03,228,221,RGB,1.0316742081447965,3,c80f3f703c707966,7061f0d0f0f8d061,True,,JPEG
t0_0174,Testing/notumor/Te-no_156.jpg,C:\Users\pedro\Desktop\Projeto do TCC\Brain Tumor MRI Dataset\Testing\notumor\Te-no_156.jpg,notumor,.jpg,test,10142,18947ac94e2b34115816ad609b3945088b7df2d66328fb923bd2bd4b126813ba,200,252,RGB,0.7936507936507936,3,82f01d571a5f3a4e,f8aacdc86cece471,True,,JPEG
t0_0174,Training/notumor/Tr-no_1337.jpg,C:\Users\pedro\Desktop\Projeto do TCC\Brain Tumor MRI Dataset\Training\notumor\Tr-no_1337.jpg,notumor,.jpg,train,10186,384faba98e97f13d58c91f82db66f2c6588b9fc1639d6498feec62604f45ec5e,200,252,RGB,0.7936507936507936,3,82f01d571a5f3a4e,f4aacdc86cece471,True,,JPEG
t0_0175,Testing/notumor/Te-no_157.jpg,C:\Users\pedro\Desktop\Projeto do TCC\Brain Tumor MRI Dataset\Testing\notumor\Te-no_157.jpg,notumor,.jpg,test,7858,8585360a5835205e84ad79cee891ee9bc461f3888e89644b052d598237345f13,225,225,RGB,1.0,3,c9993a666ce13666,b271d0f0f0d4e8f2,True,,JPEG
t0_0175,Testing/notumor/Te-no_75.jpg,C:\Users\pedro\Desktop\Projeto do TCC\Brain Tumor MRI Dataset\Testing\notumor\Te-no_75.jpg,notumor,.jpg,test,7673,6f6a93a27b1d3bbf8976bae6d8d01f3ec146d8519e37415bdc91cc1e028656a4,225,225,RGB,1.0,3,c9993a666cc93666,b271d0f0f0d4e8f2,True,,JPEG
t0_0175,Training/notumor/Tr-no_1313.jpg,C:\Users\pedro\Desktop\Projeto do TCC\Brain Tumor MRI Dataset\Training\notumor\Tr-no_1313.jpg,notumor,.jpg,train,7890,b8952666dd8feebb54954be18277298c7861c098e64d0063abfc5ec4a8eca2b6,225,225,RGB,1.0,3,c9993a666cc93666,b271d0f0f0d4e8f2,True,,JPEG
t0_0176,Testing/notumor/Te-no_159.jpg,C:\Users\pedro\Desktop\Projeto do TCC\Brain Tumor MRI Dataset\Testing\notumor\Te-no_159.jpg,notumor,.jpg,test,12408,8a5052ac55d7ffc4175768aeda33c7178bcbf0015e9e44c901d40ac9660f6fd6,236,236,RGB,1.0,3,918d5a5a3d333cca,78e4e6d6a8f4d9c8,True,,JPEG
t0_0176,Training/notumor/Tr-no_970.jpg,C:\Users\pedro\Desktop\Projeto do TCC\Brain Tumor MRI Dataset\Training\notumor\Tr-no_970.jpg,notumor,.jpg,train,9825,848319fa803a07c09363808d245bba2de5e74d769cf46770d39d357a3dad6b0b,236,236,RGB,1.0,3,918d5a5a3d333cca,78e4e6d6a8f4d9c8,True,,JPEG
t0_0177,Testing/notumor/Te-no_16.jpg,C:\Users\pedro\Desktop\Projeto do TCC\Brain Tumor MRI Dataset\Testing\notumor\Te-no_16.jpg,notumor,.jpg,test,18833,b2f171a3f939e132a777872248fd47094a537f02def7a15c6bf6c4e59cd8dc37,380,530,RGB,0.7169811320754716,3,d1b16b6a25e634cc,00f8d4ded4d4f130,True,,JPEG
t0_0177,Testing/notumor/Te-no_5.jpg,C:\Users\pedro\Desktop\Projeto do TCC\Brain Tumor MRI Dataset\Testing\notumor\Te-no_5.jpg,notumor,.jpg,test,18972,9ed3de03c7379a7fd28e058a35174113ad8770fc99ea7d7bddbb71941e2bda0b,380,530,RGB,0.7169811320754716,3,d1b16b6a25e634cc,00f8d4ded4d4f130,True,,JPEG
t0_0177,Training/notumor/Tr-no_302.jpg,C:\Users\pedro\Desktop\Projeto do TCC\Brain Tumor MRI Dataset\Training\notumor\Tr-no_302.jpg,notumor,.jpg,train,29004,2ced89e5989f75f70abe892181d5fb9ce00d06b8af4849ad145ec5590ceaef36,380,530,RGB,0.7169811320754716,3,d1b16b6a25e634cc,00f8d4ded4d4f130,True,,JPEG
t0_0178,Testing/notumor/Te-no_161.jpg,C:\Users\pedro\Desktop\Projeto do TCC\Brain Tumor MRI Dataset\Testing\notumor\Te-no_161.jpg,notumor,.jpg,test,29200,25ec79f41a81254e4294290bbba9009612df147f783c57b780c187ebbd590bdd,428,417,RGB,1.026378896882494,3,856a5ba57ab42996,69e8ec8ccececc68,True,,JPEG
t0_0178,Testing/notumor/Te-no_24.jpg,C:\Users\pedro\Desktop\Projeto do TCC\Brain Tumor MRI Dataset\Testing\notumor\Te-no_24.jpg,notumor,.jpg,test,8577,fd983400128760bcec5401c7c4d0f4b1fd9a479b898ac63d48eaea6a98a5fbda,227,222,RGB,1.0225225225225223,3,856a5ba57ab50996,61e8ec8ccecacc70,True,,JPEG
t0_0178,Testing/notumor/Te-no_329.jpg,C:\Users\pedro\Desktop\Projeto do TCC\Brain Tumor MRI Dataset\Testing\notumor\Te-no_329.jpg,notumor,.jpg,test,10709,280636ea1e5488c70436db9f892bfacbb86840a995599d258f82c6fb71b558ec,227,222,RGB,1.0225225225225223,3,856a5ba57ab42996,69e8ec8ccececc68,True,,JPEG
t0_0178,Testing/notumor/Te-no_396.jpg,C:\Users\pedro\Desktop\Projeto do TCC\Brain Tumor MRI Dataset\Testing\notumor\Te-no_396.jpg,notumor,.jpg,test,8047,68c50d0be891e784f7dca8123b8c47824152b5de2c6e62675388b0c97f49fb9c,227,222,RGB,1.0225225225225223,3,856a5ba57ab50996,61e8ec8ccecacc68,True,,JPEG
t0_0178,Testing/notumor/Te-no_71.jpg,C:\Users\pedro\Desktop\Projeto do TCC\Brain Tumor MRI Dataset\Testing\notumor\Te-no_71.jpg,notumor,.jpg,test,11419,41712b18349f2d5c5402f18c717baa970c5c93ca74f977899b6ad1b8ac1f2ddc,227,222,RGB,1.0225225225225223,3,856a5ba57ab42996,61e8ec8ccececc68,True,,JPEG
t0_0178,Training/notumor/Tr-no_11.jpg,C:\Users\pedro\Desktop\Projeto do TCC\Brain Tumor MRI Dataset\Training\notumor\Tr-no_11.jpg,notumor,.jpg,train,8048,f3805b7f17523c0c05f1ef5abea8e8995e853ab9e8bda289bcfe81a48034b743,227,222,RGB,1.0225225225225223,3,856a5ba57ab50996,61e8ec8ccececc60,True,,JPEG
t0_0178,Training/notumor/Tr-no_1338.jpg,C:\Users\pedro\Desktop\Projeto do TCC\Brain Tumor MRI Dataset\Training\notumor\Tr-no_1338.jpg,notumor,.jpg,train,28967,5e74a27d2103751a8dc39c59bc9a8effacb82c3914a6fc78c2d55e3c77703f84,428,417,RGB,1.026378896882494,3,856a5ba57ab42996,69e8ec8ccececc68,True,,JPEG
t0_0178,Training/notumor/Tr-no_1355.jpg,C:\Users\pedro\Desktop\Projeto do TCC\Brain Tumor MRI Dataset\Training\notumor\Tr-no_1355.jpg,notumor,.jpg,train,10526,68e4a6e2fa36af0cda6ca472fd6f94eb84b7fbc4d808032b0ebf9952727c164d,227,222,RGB,1.0225225225225223,3,856a5ba57ab42996,69e8ec8ccececc68,True,,JPEG
t0_0178,Training/notumor/Tr-no_19.jpg,C:\Users\pedro\Desktop\Projeto do TCC\Brain Tumor MRI Dataset\Training\notumor\Tr-no_19.jpg,notumor,.jpg,train,76351,4cfec6cb822f28e3e61f07804637656fa1545a67e0c6e54f38cfea363c33e35c,428,417,RGB,1.026378896882494,3,856a5ba57ab50996,61e8ec8ccececc60,True,,JPEG
t0_0178,Training/notumor/Tr-no_334.jpg,C:\Users\pedro\Desktop\Projeto do TCC\Brain Tumor MRI Dataset\Training\notumor\Tr-no_334.jpg,notumor,.jpg,train,6144,e068f498bea26909af4a8a27973cbcf12680252b353288f2f17f92e6bea663a8,227,222,RGB,1.0225225225225223,3,856a5ba57ab50996,61e8ec8ccececc60,True,,JPEG
t0_0178,Training/notumor/Tr-no_447.jpg,C:\Users\pedro\Desktop\Projeto do TCC\Brain Tumor MRI Dataset\Training\notumor\Tr-no_447.jpg,notumor,.jpg,train,38799,ac76ca3b933520e9519c3fa096e38e281e467ae4bda0412daa34cb966954ff68,428,417,RGB,1.026378896882494,3,856a5ba57ab50996,61e8ec8ccececc60,True,,JPEG
t0_0178,Training/notumor/Tr-no_499.jpg,C:\Users\pedro\Desktop\Projeto do TCC\Brain Tumor MRI Dataset\Training\notumor\Tr-no_499.jpg,notumor,.jpg,train,12235,41efe60c9486d5c559d6ede0449c1da09b12bfbf8241ba4f28c60f82634cfe04,227,222,RGB,1.0225225225225223,3,856a5ba57ab50996,61e8ec8ccececc60,True,,JPEG
t0_0178,Training/notumor/Tr-no_628.jpg,C:\Users\pedro\Desktop\Projeto do TCC\Brain Tumor MRI Dataset\Training\notumor\Tr-no_628.jpg,notumor,.jpg,train,28630,a1661a8202874ff2a6a244a3e1a96978a7d994b30b9ce857a3e677089295f72e,428,417,RGB,1.026378896882494,3,856a5ba57ab42996,69e8ec8ccececc68,True,,JPEG
t0_0178,Training/notumor/Tr-no_651.jpg,C:\Users\pedro\Desktop\Projeto do TCC\Brain Tumor MRI Dataset\Training\notumor\Tr-no_651.jpg,notumor,.jpg,train,22573,21fd26b23c30b4f39052dd1cccfaa6a73e453d300bcf4dd64e5491022c799acc,428,417,RGB,1.026378896882494,3,856a5ba57ab50996,61e8ec8ccececc68,True,,JPEG
t0_0178,Training/notumor/Tr-no_716.jpg,C:\Users\pedro\Desktop\Projeto do TCC\Brain Tumor MRI Dataset\Training\notumor\Tr-no_716.jpg,notumor,.jpg,train,22081,a323163a029cffe0d7d5320c9662a6e83b11904ce894976c38f068de83dcb82b,428,417,RGB,1.026378896882494,3,856a5ba57ab50996,61e8cc8ccececc60,True,,JPEG
t0_0178,Training/notumor/Tr-no_720.jpg,C:\Users\pedro\Desktop\Projeto do TCC\Brain Tumor MRI Dataset\Training\notumor\Tr-no_720.jpg,notumor,.jpg,train,38799,ac76ca3b933520e9519c3fa096e38e281e467ae4bda0412daa34cb966954ff68,428,417,RGB,1.026378896882494,3,856a5ba57ab50996,61e8ec8ccececc60,True,,JPEG
t0_0178,Training/notumor/Tr-no_734.jpg,C:\Users\pedro\Desktop\Projeto do TCC\Brain Tumor MRI Dataset\Training\notumor\Tr-no_734.jpg,notumor,.jpg,train,12235,41efe60c9486d5c559d6ede0449c1da09b12bfbf8241ba4f28c60f82634cfe04,227,222,RGB,1.0225225225225223,3,856a5ba57ab50996,61e8ec8ccececc60,True,,JPEG
t0_0178,Training/notumor/Tr-no_839.jpg,C:\Users\pedro\Desktop\Projeto do TCC\Brain Tumor MRI Dataset\Training\notumor\Tr-no_839.jpg,notumor,.jpg,train,38799,ac76ca3b933520e9519c3fa096e38e281e467ae4bda0412daa34cb966954ff68,428,417,RGB,1.026378896882494,3,856a5ba57ab50996,61e8ec8ccececc60,True,,JPEG
t0_0178,Training/notumor/Tr-no_986.jpg,C:\Users\pedro\Desktop\Projeto do TCC\Brain Tumor MRI Dataset\Training\notumor\Tr-no_986.jpg,notumor,.jpg,train,22067,cf295c8a79eac47c584277004796711036d122ae829ceaca90099f1ec93f3884,428,417,RGB,1.026378896882494,3,856a5ba57ab50996,61e8ec8ccececc60,True,,JPEG
t0_0179,Testing/notumor/Te-no_162.jpg,C:\Users\pedro\Desktop\Projeto do TCC\Brain Tumor MRI Dataset\Testing\notumor\Te-no_162.jpg,notumor,.jpg,test,29025,6cbe8f179993b963c68b30b932414fcfdc7a1e4d65f8a889393786ca52b12e42,504,540,RGB,0.9333333333333332,3,966e789561cb2533,b2f0ecccccd4f8b0,True,,JPEG
t0_0179,Training/notumor/Tr-no_1118.jpg,C:\Users\pedro\Desktop\Projeto do TCC\Brain Tumor MRI Dataset\Training\notumor\Tr-no_1118.jpg,notumor,.jpg,train,42697,1e44c67ea903803998454afc6c962b949f58d86eb4d07d66676fe3da4ccb27e6,504,540,RGB,0.9333333333333332,3,966c789561db2533,b0f0ecccccd4f8b0,True,,JPEG
t0_0179,Training/notumor/Tr-no_1224.jpg,C:\Users\pedro\Desktop\Projeto do TCC\Brain Tumor MRI Dataset\Training\notumor\Tr-no_1224.jpg,notumor,.jpg,train,23504,f99dd2123cf3911d172622afe0541ad5048b98bcd1ac78a4acc55732a3167c8f,504,540,RGB,0.9333333333333332,3,966e789561cb2533,b0f0ecccccd4f8b0,True,,JPEG
t0_0179,Training/notumor/Tr-no_1341.jpg,C:\Users\pedro\Desktop\Projeto do TCC\Brain Tumor MRI Dataset\Training\notumor\Tr-no_1341.jpg,notumor,.jpg,train,33344,edbe8c19cf555eef1c295aa167bca4cef36d6504b9119116da0f9c145b2bb8b7,504,540,RGB,0.9333333333333332,3,966e789561cb2533,b2f0ecccccd4f8b0,True,,JPEG
t0_0179,Training/notumor/Tr-no_1349.jpg,C:\Users\pedro\Desktop\Projeto do TCC\Brain Tumor MRI Dataset\Training\notumor\Tr-no_1349.jpg,notumor,.jpg,train,25113,ed9b6842a0d0369d3525a8b78e8d7a54b64eb39efd68df8646e0c39c33454c75,504,540,RGB,0.9333333333333332,3,966c789561db2533,b0f0ecccccd4f8b0,True,,JPEG
t0_0179,Training/notumor/Tr-no_352.jpg,C:\Users\pedro\Desktop\Projeto do TCC\Brain Tumor MRI Dataset\Training\notumor\Tr-no_352.jpg,notumor,.jpg,train,33222,ed3d377bbe7b539af48204acad6a3c6089978f523bb8e4934e9dc367f95ab8ab,504,540,RGB,0.9333333333333332,3,966e789561cb2533,b0f0ecccccd4f8b0,True,,JPEG
t0_0179,Training/notumor/Tr-no_369.jpg,C:\Users\pedro\Desktop\Projeto do TCC\Brain Tumor MRI Dataset\Training\notumor\Tr-no_369.jpg,notumor,.jpg,train,38903,8de36f55e8e7f663a6f422607541e77cec76b367718c8dfe82164c8f46d1d3a6,504,540,RGB,0.9333333333333332,3,966e789561cb2533,b070ecccccd4f8b0,True,,JPEG
t0_0179,Training/notumor/Tr-no_443.jpg,C:\Users\pedro\Desktop\Projeto do TCC\Brain Tumor MRI Dataset\Training\notumor\Tr-no_443.jpg,notumor,.jpg,train,51639,7b48cc47c3fe1e92857bb93ca2ee73802c61ad8325b0e0be83bcdb85a8dc0719,504,540,RGB,0.9333333333333332,3,966e789561cb2533,b2f0ecccccd4f8b0,True,,JPEG
t0_0180,Testing/notumor/Te-no_163.jpg,C:\Users\pedro\Desktop\Projeto do TCC\Brain Tumor MRI Dataset\Testing\notumor\Te-no_163.jpg,notumor,.jpg,test,42436,2dfc7033d3ccba1b5fbe075921fea29859529d21601c056d5d1cbdd243544575,630,630,RGB,1.0,3,907a6fc56d92344d,b2f8dcdcd4d4f0b2,True,,JPEG
t0_0180,Testing/notumor/Te-no_285.jpg,C:\Users\pedro\Desktop\Projeto do TCC\Brain Tumor MRI Dataset\Testing\notumor\Te-no_285.jpg,notumor,.jpg,test,6189,8da6f924a0264e5951a3d79773a53c9f19ab6c4c8cda248f66042a7de91f8cf7,225,225,RGB,1.0,3,907a6fc56d92344d,b2f8dcdcd4d4f0b0,True,,JPEG
t0_0180,Testing/notumor/Te-no_344.jpg,C:\Users\pedro\Desktop\Projeto do TCC\Brain Tumor MRI Dataset\Testing\notumor\Te-no_344.jpg,notumor,.jpg,test,31155,b4554a2dc71c84746ed357e54d395b0fb6635d00920d0de0bff4c51ba6d69088,630,630,RGB,1.0,3,907a6fc56d92344d,b2f8dcdcd4d4f0b0,True,,JPEG
t0_0180,Testing/notumor/Te-no_372.jpg,C:\Users\pedro\Desktop\Projeto do TCC\Brain Tumor MRI Dataset\Testing\notumor\Te-no_372.jpg,notumor,.jpg,test,41805,d447776611a16c2a81540a1975a71afaeedf55a4b11cb0eed9b6971cff8853fb,630,630,RGB,1.0,3,907a6fc56d92344d,b2f8dcdcd4d4f0b2,True,,JPEG
t0_0180,Testing/notumor/Te-no_391.jpg,C:\Users\pedro\Desktop\Projeto do TCC\Brain Tumor MRI Dataset\Testing\notumor\Te-no_391.jpg,notumor,.jpg,test,8323,5cdcdb76b13cfc5a09d32920bc2c6027beba04427f73ec32763ed25f23439f14,225,225,RGB,1.0,3,907a6fc56d92344d,b2f8dcdcd4d4f0b2,True,,JPEG
t0_0180,Training/notumor/Tr-no_1039.jpg,C:\Users\pedro\Desktop\Projeto do TCC\Brain Tumor MRI Dataset\Training\notumor\Tr-no_1039.jpg,notumor,.jpg,train,58801,dc811fda9f7bc3506f21d4094da84c5e3a81d3878b28967b830536fda342a33e,630,630,RGB,1.0,3,907a6fc56d92344d,b2f8dcdcd4d4f0b0,True,,JPEG
t0_0180,Training/notumor/Tr-no_1051.jpg,C:\Users\pedro\Desktop\Projeto do TCC\Brain Tumor MRI Dataset\Training\notumor\Tr-no_1051.jpg,notumor,.jpg,train,8733,fd701e8cdd7a47b2b7198334e09d7947edf3d2efdd68b73b8d47282256f9f475,225,225,RGB,1.0,3,907a6fc56d92344d,b2f8dcdcd4d4f0b2,True,,JPEG
t0_0180,Training/notumor/Tr-no_1086.jpg,C:\Users\pedro\Desktop\Projeto do TCC\Brain Tumor MRI Dataset\Training\notumor\Tr-no_1086.jpg,notumor,.jpg,train,41939,cec34d92b64b61517c2c75bbd070177af3e5262b739b36e90d82f646277bf762,630,630,RGB,1.0,3,907a6fc56d92344d,b2f8dcdcd4d4f0b2,True,,JPEG
t0_0180,Training/notumor/Tr-no_1091.jpg,C:\Users\pedro\Desktop\Projeto do TCC\Brain Tumor MRI Dataset\Training\notumor\Tr-no_1091.jpg,notumor,.jpg,train,30093,075121ef05dad5a6adeae9ddc9c6d02e099e9890e100ca8f66cea83b0f4045a5,630,630,RGB,1.0,3,907a6fc56d92344d,b2f8dcdcd4d4f0b0,True,,JPEG
t0_0180,Training/notumor/Tr-no_1158.jpg,C:\Users\pedro\Desktop\Projeto do TCC\Brain Tumor MRI Dataset\Training\notumor\Tr-no_1158.jpg,notumor,.jpg,train,8733,fd701e8cdd7a47b2b7198334e09d7947edf3d2efdd68b73b8d47282256f9f475,225,225,RGB,1.0,3,907a6fc56d92344d,b2f8dcdcd4d4f0b2,True,,JPEG
t0_0180,Training/notumor/Tr-no_1222.jpg,C:\Users\pedro\Desktop\Projeto do TCC\Brain Tumor MRI Dataset\Training\notumor\Tr-no_1222.jpg,notumor,.jpg,train,7655,a965bc16995def531b0b94dcf46eb46ebcb15e1c485efebcaed5081aea06b23d,225,225,RGB,1.0,3,907a6fc56d92345c,b2f8dcdcd4d4f0b2,True,,JPEG
t0_0180,Training/notumor/Tr-no_1385.jpg,C:\Users\pedro\Desktop\Projeto do TCC\Brain Tumor MRI Dataset\Training\notumor\Tr-no_1385.jpg,notumor,.jpg,train,58801,dc811fda9f7bc3506f21d4094da84c5e3a81d3878b28967b830536fda342a33e,630,630,RGB,1.0,3,907a6fc56d92344d,b2f8dcdcd4d4f0b0,True,,JPEG
t0_0180,Training/notumor/Tr-no_184.jpg,C:\Users\pedro\Desktop\Projeto do TCC\Brain Tumor MRI Dataset\Training\notumor\Tr-no_184.jpg,notumor,.jpg,train,7806,549b72eb02e5a44e4d70d73a6bd92f676109522053877267cde4701b8590ea85,225,225,RGB,1.0,3,907a6fc56d92344d,b2f8dcdcd4d4f0b2,True,,JPEG
t0_0180,Training/notumor/Tr-no_199.jpg,C:\Users\pedro\Desktop\Projeto do TCC\Brain Tumor MRI Dataset\Training\notumor\Tr-no_199.jpg,notumor,.jpg,train,5908,8f4cf973bfd136232b43355b77f880e958cb6f5abd0f4f27bab19519deb794b2,225,225,RGB,1.0,3,907a6fc56d92345c,b2f8dcd4d4d4f0b0,True,,JPEG
t0_0180,Training/notumor/Tr-no_330.jpg,C:\Users\pedro\Desktop\Projeto do TCC\Brain Tumor MRI Dataset\Training\notumor\Tr-no_330.jpg,notumor,.jpg,train,8733,fd701e8cdd7a47b2b7198334e09d7947edf3d2efdd68b73b8d47282256f9f475,225,225,RGB,1.0,3,907a6fc56d92344d,b2f8dcdcd4d4f0b2,True,,JPEG
t0_0180,Training/notumor/Tr-no_538.jpg,C:\Users\pedro\Desktop\Projeto do TCC\Brain Tumor MRI Dataset\Training\notumor\Tr-no_538.jpg,notumor,.jpg,train,4437,5cf2ebb7d8f93d7919b38b2e52a8d08a8843fbc3a019e10dda1e5fd24d2b6c9f,225,225,RGB,1.0,3,907a6fc56d92344d,b2f8dcdcd4d4f0b2,True,,JPEG
t0_0180,Training/notumor/Tr-no_600.jpg,C:\Users\pedro\Desktop\Projeto do TCC\Brain Tumor MRI Dataset\Training\notumor\Tr-no_600.jpg,notumor,.jpg,train,58801,dc811fda9f7bc3506f21d4094da84c5e3a81d3878b28967b830536fda342a33e,630,630,RGB,1.0,3,907a6fc56d92344d,b2f8dcdcd4d4f0b0,True,,JPEG
t0_0180,Training/notumor/Tr-no_622.jpg,C:\Users\pedro\Desktop\Projeto do TCC\Brain Tumor MRI Dataset\Training\notumor\Tr-no_622.jpg,notumor,.jpg,train,70850,ea2ef5b7033dc31e1f0dce350279139d6f2c25b154f547a10fa19275646058a4,630,630,RGB,1.0,3,907a6fc56d92345c,b2f8dcdcd4d4f0b0,True,,JPEG
t0_0180,Training/notumor/Tr-no_675.jpg,C:\Users\pedro\Desktop\Projeto do TCC\Brain Tumor MRI Dataset\Training\notumor\Tr-no_675.jpg,notumor,.jpg,train,44244,ec4bf9270aa3ef29260745b1bd95ca6577dee7c388d41999fb9eb2acd6874de1,630,630,RGB,1.0,3,907a6fc56d92344d,b2f8dcdcd4d4f0b2,True,,JPEG
t0_0180,Training/notumor/Tr-no_715.jpg,C:\Users\pedro\Desktop\Projeto do TCC\Brain Tumor MRI Dataset\Training\notumor\Tr-no_715.jpg,notumor,.jpg,train,79678,3163618e3155c4d97bfb4719da81fcc720a161d43a4c2a853e9b7d07064849fe,630,630,RGB,1.0,3,907a6fc56d92344d,b2f8dcdcd4d4f0b0,True,,JPEG
t0_0180,Training/notumor/Tr-no_936.jpg,C:\Users\pedro\Desktop\Projeto do TCC\Brain Tumor MRI Dataset\Training\notumor\Tr-no_936.jpg,notumor,.jpg,train,63842,6e19d56c4541641458145227f5d6ce8970d34f5555df32b06a041401bcb90838,630,630,RGB,1.0,3,907a6fc56d92344d,b2f8dcdcd4d4f0f0,True,,JPEG
t0_0181,Testing/notumor/Te-no_164.jpg,C:\Users\pedro\Desktop\Projeto do TCC\Brain Tumor MRI Dataset\Testing\notumor\Te-no_164.jpg,notumor,.jpg,test,18422,258c4034102a30d0f445403b87f6f75d576a81016efcf40dc2a9f0dae37dc1bf,642,361,RGB,1.778393351800554,3,cf383cc334679893,f0707169e8f169f0,True,,JPEG
t0_0181,Testing/notumor/Te-no_349.jpg,C:\Users\pedro\Desktop\Projeto do TCC\Brain Tumor MRI Dataset\Testing\notumor\Te-no_349.jpg,notumor,.jpg,test,6138,bfd5da402bf774d86a07b6f91e2b33b2fb03fe6ffae51edaa70b746072e195d3,300,168,RGB,1.7857142857142858,3,cf383cc334679893,f0707169e8f169f0,True,,JPEG
t0_0181,Testing/notumor/Te-no_66.jpg,C:\Users\pedro\Desktop\Projeto do TCC\Brain Tumor MRI Dataset\Testing\notumor\Te-no_66.jpg,notumor,.jpg,test,18347,1e0c0f00d676732a9e96bee09e2007bfb3e74a38e23cc83bb7eb35f21b4d28d2,642,361,RGB,1.778393351800554,3,cf383cc334679893,f0707169e8f169f0,True,,JPEG
t0_0181,Training/notumor/Tr-no_835.jpg,C:\Users\pedro\Desktop\Projeto do TCC\Brain Tumor MRI Dataset\Training\notumor\Tr-no_835.jpg,notumor,.jpg,train,6293,f2de2f425f3bb3992229478d49d3ca7e10d1a0a32f301d88c8e5b93873538e12,300,168,RGB,1.7857142857142858,3,cf383cc334679893,f0707169e8f169f0,True,,JPEG
t0_0182,Testing/notumor/Te-no_165.jpg,C:\Users\pedro\Desktop\Projeto do TCC\Brain Tumor MRI Dataset\Testing\notumor\Te-no_165.jpg,notumor,.jpg,test,29163,86fd88b29277a9b4a3c030bc08d812487e57bbe9546316b5a8677374be01307b,400,442,RGB,0.9049773755656108,3,86c57a1f65383336,71e8ecc4cce87032,True,,JPEG
t0_0182,Testing/notumor/Te-no_34.jpg,C:\Users\pedro\Desktop\Projeto do TCC\Brain Tumor MRI Dataset\Testing\notumor\Te-no_34.jpg,notumor,.jpg,test,27772,e7c6c088b19bfd19972e94a53002be30e60687a53069b491432c683d8b512b46,400,442,RGB,0.9049773755656108,3,86c57a1f65383336,71e8ecc4cce870b2,True,,JPEG
t0_0182,Training/notumor/Tr-no_64.jpg,C:\Users\pedro\Desktop\Projeto do TCC\Brain Tumor MRI Dataset\Training\notumor\Tr-no_64.jpg,notumor,.jpg,train,20996,2d0c621b0f3868cd99c6f80a27d871ac054259363582d143fce392ba7d75e6d0,400,442,RGB,0.9049773755656108,3,86c57a1f65383336,70e8eccccce870b3,True,,JPEG
t0_0182,Training/notumor/Tr-no_788.jpg,C:\Users\pedro\Desktop\Projeto do TCC\Brain Tumor MRI Dataset\Training\notumor\Tr-no_788.jpg,notumor,.jpg,train,21197,e16a2a24b2764e4719eb40895cd29937f5d5efca5a2fe9f7c9bac3810ef21348,400,442,RGB,0.9049773755656108,3,86c57a1f65383336,71e8eccccce870b2,True,,JPEG
t0_0183,Testing/notumor/Te-no_166.jpg,C:\Users\pedro\Desktop\Projeto do TCC\Brain Tumor MRI Dataset\Testing\notumor\Te-no_166.jpg,notumor,.jpg,test,36641,6704decba9d274a14f6782f894c2442ca11bcc28fdd50b2d9900fdcc4e895148,630,630,RGB,1.0,3,c36d3f34389461b6,7271d4d4c4d4d471,True,,JPEG
t0_0183,Testing/notumor/Te-no_74.jpg,C:\Users\pedro\Desktop\Projeto do TCC\Brain Tumor MRI Dataset\Testing\notumor\Te-no_74.jpg,notumor,.jpg,test,8789,95ca879ebc84c46066a4bbcd5ccb93d915a902563925c5e4cca24960c6e8db7a,225,225,RGB,1.0,3,c36d3f34389461b6,7271d4d4c4d4d471,True,,JPEG
t0_0183,Training/notumor/Tr-no_314.jpg,C:\Users\pedro\Desktop\Projeto do TCC\Brain Tumor MRI Dataset\Training\notumor\Tr-no_314.jpg,notumor,.jpg,train,36796,781facc8c7496205fa19266d803d315c55fb0e9e250f436433ea6642753c348a,630,630,RGB,1.0,3,c36d3f343c9061b6,7271d4d4c4d4d471,True,,JPEG
t0_0183,Training/notumor/Tr-no_626.jpg,C:\Users\pedro\Desktop\Projeto do TCC\Brain Tumor MRI Dataset\Training\notumor\Tr-no_626.jpg,notumor,.jpg,train,9061,29273d7176d172d331108aabfa065c4ae7ca6dd366549a9b141259b3967b33df,225,225,RGB,1.0,3,c36d3f243c9461b6,7271d4d4c4d4d471,True,,JPEG
t0_0183,Training/notumor/Tr-no_665.jpg,C:\Users\pedro\Desktop\Projeto do TCC\Brain Tumor MRI Dataset\Training\notumor\Tr-no_665.jpg,notumor,.jpg,train,9008,5b78a3ddd88c805610aee8a4bc247021c97e0133aab8c43966d8142f0b742ea6,225,225,RGB,1.0,3,c36d3f243c9461b6,7271d4d4c4d4d471,True,,JPEG
t0_0184,Testing/notumor/Te-no_167.jpg,C:\Users\pedro\Desktop\Projeto do TCC\Brain Tumor MRI Dataset\Testing\notumor\Te-no_167.jpg,notumor,.jpg,test,11110,3a4344d358c8faf37824a990ee88b70b6af511ac1925c3d96a831dc579d620db,236,236,RGB,1.0,3,c23d0d303cf3c9cb,8472e9cd8c84cd61,True,,JPEG
t0_0184,Training/notumor/Tr-no_147.jpg,C:\Users\pedro\Desktop\Projeto do TCC\Brain Tumor MRI Dataset\Training\notumor\Tr-no_147.jpg,notumor,.jpg,train,8717,bb9c025c5eb356f3320db5c35e8d2b0ce4489ca23cb78b5c9735d33db6ed6d61,236,236,RGB,1.0,3,c23d0d303cf3c9cb,8472e9cd8c84cd61,True,,JPEG
t0_0185,Testing/notumor/Te-no_168.jpg,C:\Users\pedro\Desktop\Projeto do TCC\Brain Tumor MRI Dataset\Testing\notumor\Te-no_168.jpg,notumor,.jpg,test,13129,a16507909382c23981a07aa844425d4c95f975a4432ce0f7a939b93a198b1049,227,222,RGB,1.0225225225225223,3,97955b5a780b6968,68cccece8cece069,True,,JPEG
t0_0185,Testing/notumor/Te-no_211.jpg,C:\Users\pedro\Desktop\Projeto do TCC\Brain Tumor MRI Dataset\Testing\notumor\Te-no_211.jpg,notumor,.jpg,test,36112,e042ba72a37077feea0a93aa0be5f18acec5c67acd069c5f50178bdfc1145593,428,417,RGB,1.026378896882494,3,97955b5a7a0b2968,68cccece8cece069,True,,JPEG
t0_0185,Testing/notumor/Te-no_235.jpg,C:\Users\pedro\Desktop\Projeto do TCC\Brain Tumor MRI Dataset\Testing\notumor\Te-no_235.jpg,notumor,.jpg,test,12482,3d89050c04bdf8ff01872dca2745e7b3eb4619408a91895af501f261396aacdc,227,222,RGB,1.0225225225225223,3,97955b5a7a0b2968,68cccece8cece069,True,,JPEG
t0_0185,Training/notumor/Tr-no_1052.jpg,C:\Users\pedro\Desktop\Projeto do TCC\Brain Tumor MRI Dataset\Training\notumor\Tr-no_1052.jpg,notumor,.jpg,train,34533,fc8d2e8c53d6064d35e157f89339c8dd167757cc667c0cbe31e1d4402ac18e1e,428,417,RGB,1.026378896882494,3,97955b5a7a0b2968,68cccece8cece069,True,,JPEG
t0_0186,Testing/notumor/Te-no_169.jpg,C:\Users\pedro\Desktop\Projeto do TCC\Brain Tumor MRI Dataset\Testing\notumor\Te-no_169.jpg,notumor,.jpg,test,20280,087372e4a26a25cdb85b53cc04a5bcd76fd1901d58deb09a6db4bf8d46eaca78,512,512,RGB,1.0,3,97856e5a693c6570,71e8dcdce8f06931,True,,JPEG
t0_0186,Training/notumor/Tr-no_587.jpg,C:\Users\pedro\Desktop\Projeto do TCC\Brain Tumor MRI Dataset\Training\notumor\Tr-no_587.jpg,notumor,.jpg,train,7459,0caead2bd1bf8539acf2d0b949e6df138bff80a6fc8d004ae3757d9a0ee3e16e,225,225,RGB,1.0,3,97856e5a693c6570,71e8dcdce8f86931,True,,JPEG
t0_0186,Training/notumor/Tr-no_696.jpg,C:\Users\pedro\Desktop\Projeto do TCC\Brain Tumor MRI Dataset\Training\notumor\Tr-no_696.jpg,notumor,.jpg,train,7159,233edd18fdd991f4fd5960eb0076de22f3347afe983cf303f40f7bf154ac4bd6,225,225,RGB,1.0,3,97856e5a693c6570,71e8dcdce8f06931,True,,JPEG
t0_0186,Training/notumor/Tr-no_765.jpg,C:\Users\pedro\Desktop\Projeto do TCC\Brain Tumor MRI Dataset\Training\notumor\Tr-no_765.jpg,notumor,.jpg,train,7322,44c821a4b213d1b3d353f91393fdeb7fa076335610371436c3e3c450c0ba979e,225,225,RGB,1.0,3,97856e5a69786570,71e8dcdce8f06931,True,,JPEG
t0_0187,Testing/notumor/Te-no_17.jpg,C:\Users\pedro\Desktop\Projeto do TCC\Brain Tumor MRI Dataset\Testing\notumor\Te-no_17.jpg,notumor,.jpg,test,9495,5be76f126b6d2cdf17bc2d380d579e3ff030873529c62c9a4530eed2f1cb55fa,228,221,RGB,1.0316742081447965,3,95856ada69da2ccc,79f4e0f0f4f078b0,True,,JPEG
t0_0187,Training/notumor/Tr-no_491.jpg,C:\Users\pedro\Desktop\Projeto do TCC\Brain Tumor MRI Dataset\Training\notumor\Tr-no_491.jpg,notumor,.jpg,train,9404,4de334efcbc030b2c983f0f527254fecd00a26f0c313aedd9883f506847529b3,228,221,RGB,1.0316742081447965,3,95856ada69da2ccc,79f4e0f0f4f078b1,True,,JPEG
t0_0187,Training/notumor/Tr-no_991.jpg,C:\Users\pedro\Desktop\Projeto do TCC\Brain Tumor MRI Dataset\Training\notumor\Tr-no_991.jpg,notumor,.jpg,train,8640,e55bb9a6583a9504dbc7db02b03c81ff314943755f5b14faf4b405a61daf4edc,228,221,RGB,1.0316742081447965,3,95856ada69da2ccc,79f4e0f0f4f078b0,True,,JPEG
t0_0188,Testing/notumor/Te-no_170.jpg,C:\Users\pedro\Desktop\Projeto do TCC\Brain Tumor MRI Dataset\Testing\notumor\Te-no_170.jpg,notumor,.jpg,test,8552,09780e2f773e7a8b532725d2cd508d56e6588e81d5a953b9ed88bbf0a6387957,225,225,RGB,1.0,3,c72f39f03c8e7098,7269e0e0c4cce071,True,,JPEG
t0_0188,Testing/notumor/Te-no_207.jpg,C:\Users\pedro\Desktop\Projeto do TCC\Brain Tumor MRI Dataset\Testing\notumor\Te-no_207.jpg,notumor,.jpg,test,9295,57eb21ad1952877b74a35f8bf69fc5e007661fd539a18125d0ba9f4b5ae483c3,225,225,RGB,1.0,3,c72f39f03c8b7098,7269e0e0c4cce071,True,,JPEG
t0_0188,Training/notumor/Tr-no_239.jpg,C:\Users\pedro\Desktop\Projeto do TCC\Brain Tumor MRI Dataset\Training\notumor\Tr-no_239.jpg,notumor,.jpg,train,40900,e46f5d85df72f56bc2aa6204f83f8951b5c015ad8cf726ae231f41cee5ab3580,512,512,RGB,1.0,3,c72f39f03c8e7098,7269e0e8c4cce871,True,,JPEG
t0_0188,Training/notumor/Tr-no_404.jpg,C:\Users\pedro\Desktop\Projeto do TCC\Brain Tumor MRI Dataset\Training\notumor\Tr-no_404.jpg,notumor,.jpg,train,24654,c021a736b725b0269c03f235df99c88ee35431a429d519c4445d8ea34ab2948c,512,512,RGB,1.0,3,c72f39f03d8e3098,7269e0e0c4cce071,True,,JPEG
t0_0188,Training/notumor/Tr-no_759.jpg,C:\Users\pedro\Desktop\Projeto do TCC\Brain Tumor MRI Dataset\Training\notumor\Tr-no_759.jpg,notumor,.jpg,train,9293,b1b258f417fb1dd61e6c530031e231bd351464c402ac80ada15642ed3cdbdf71,225,225,RGB,1.0,3,c72f39f03cca7098,7269e0e0c4cce071,True,,JPEG
t0_0189,Testing/notumor/Te-no_172.jpg,C:\Users\pedro\Desktop\Projeto do TCC\Brain Tumor MRI Dataset\Testing\notumor\Te-no_172.jpg,notumor,.jpg,test,22547,47f24b9ea43b9b11b0fc09bfca10fd9c19ff5b3d23007ae7cb42fe92e0539fae,442,454,RGB,0.973568281938326,3,969e78c9610e6765,7171ececcccc7133,True,,JPEG
t0_0189,Training/notumor/Tr-no_1120.jpg,C:\Users\pedro\Desktop\Projeto do TCC\Brain Tumor MRI Dataset\Training\notumor\Tr-no_1120.jpg,notumor,.jpg,train,30591,2cbcad258c5d791aa285b1fcaee532ca53b7b3c1b5aa98e29058655b56157c2c,442,454,RGB,0.973568281938326,3,969e78c9611e6764,7171ececcccc7133,True,,JPEG
t0_0189,Training/notumor/Tr-no_318.jpg,C:\Users\pedro\Desktop\Projeto do TCC\Brain Tumor MRI Dataset\Training\notumor\Tr-no_318.jpg,notumor,.jpg,train,22467,34d45fb699f5183b9b859f9bc071e1f23d9b0d3ca77129699c25191c313d22ae,442,454,RGB,0.973568281938326,3,969e78c9618e6764,7171ececcccc7133,True,,JPEG
t0_0189,Training/notumor/Tr-no_679.jpg,C:\Users\pedro\Desktop\Projeto do TCC\Brain Tumor MRI Dataset\Training\notumor\Tr-no_679.jpg,notumor,.jpg,train,49850,64db7ecf017244f551f8757fef667bc2b3b233dfcdad83fcaf14e70f899d2533,442,454,RGB,0.973568281938326,3,969e78c9618e6764,7169ececcccc7133,True,,JPEG
t0_0189,Training/notumor/Tr-no_921.jpg,C:\Users\pedro\Desktop\Projeto do TCC\Brain Tumor MRI Dataset\Training\notumor\Tr-no_921.jpg,notumor,.jpg,train,30991,59fb3e772b92db63f473d2a2678efa29bb3ea681a1d7f8650127f03fc74ded3c,442,454,RGB,0.973568281938326,3,969e78c9611e6764,7171ececcccc7133,True,,JPEG
t0_0190,Testing/notumor/Te-no_174.jpg,C:\Users\pedro\Desktop\Projeto do TCC\Brain Tumor MRI Dataset\Testing\notumor\Te-no_174.jpg,notumor,.jpg,test,19417,391580e4804890a0b4042bb9074a317effb608741579194fad3b71de73becf21,441,442,RGB,0.997737556561086,3,97a17a7a78c87131,71ecc8e8ccece871,True,,JPEG
t0_0190,Training/notumor/Tr-no_1022.jpg,C:\Users\pedro\Desktop\Projeto do TCC\Brain Tumor MRI Dataset\Training\notumor\Tr-no_1022.jpg,notumor,.jpg,train,19614,5bdfd59e12a3a107c6999a12a7ed907b68f6bf8ad1e8b80fb61879590eb5e2b6,441,442,RGB,0.997737556561086,3,97a17a7a78c87131,71ecc8e8ccece871,True,,JPEG
t0_0190,Training/notumor/Tr-no_785.jpg,C:\Users\pedro\Desktop\Projeto do TCC\Brain Tumor MRI Dataset\Training\notumor\Tr-no_785.jpg,notumor,.jpg,train,30683,dc0ad1165fb8c0844c1404d3e4fe805b32ca654ddfec7909c91873c0df92aa03,441,442,RGB,0.997737556561086,3,97a17a7a78c87131,71ecc8e8ccece871,True,,JPEG
t0_0190,Training/notumor/Tr-no_981.jpg,C:\Users\pedro\Desktop\Projeto do TCC\Brain Tumor MRI Dataset\Training\notumor\Tr-no_981.jpg,notumor,.jpg,train,19860,0a716d5b83133cb727381d1383d5c59e23c11b7fabdbf7dbc579acb879f6efa7,441,442,RGB,0.997737556561086,3,97a17a7a78c87131,71ecc8e8ccece871,True,,JPEG
t0_0191,Testing/notumor/Te-no_175.jpg,C:\Users\pedro\Desktop\Projeto do TCC\Brain Tumor MRI Dataset\Testing\notumor\Te-no_175.jpg,notumor,.jpg,test,8553,28dd84064a1f064a084ca92a4cbbdabf786ad3b3036feac9e612550962c21094,227,222,RGB,1.0225225225225223,3,85955f5a7a4a4969,68cccace8cece861,True,,JPEG
t0_0191,Testing/notumor/Te-no_327.jpg,C:\Users\pedro\Desktop\Projeto do TCC\Brain Tumor MRI Dataset\Testing\notumor\Te-no_327.jpg,notumor,.jpg,test,8246,4bcf391b563ecb51e506efbcbf5217028bc7f71eb10e588990bdfd743decb7db,227,222,RGB,1.0225225225225223,3,85955f5a7a4a4969,60cccece8cece861,True,,JPEG
t0_0191,Training/notumor/Tr-no_771.jpg,C:\Users\pedro\Desktop\Projeto do TCC\Brain Tumor MRI Dataset\Training\notumor\Tr-no_771.jpg,notumor,.jpg,train,22304,69c42f6c43bd792901c446df8bb12bcd3c49b4f40dfcba623c7e8ffcdb52aa24,428,417,RGB,1.026378896882494,3,85955f5a7a4a4969,60cccece8cece861,True,,JPEG
t0_0191,Training/notumor/Tr-no_852.jpg,C:\Users\pedro\Desktop\Projeto do TCC\Brain Tumor MRI Dataset\Training\notumor\Tr-no_852.jpg,notumor,.jpg,train,8408,efb3c3916e81dfe696832d0a8f8192b95b150930e856582ab241e04897c30098,227,222,RGB,1.0225225225225223,3,85955f5a7a4a4969,60cccace8cece861,True,,JPEG
t0_0192,Testing/notumor/Te-no_176.jpg,C:\Users\pedro\Desktop\Projeto do TCC\Brain Tumor MRI Dataset\Testing\notumor\Te-no_176.jpg,notumor,.jpg,test,7558,d57e5bdb3139c3226b6ffce5dd86a81afe7ff5ef06f461a56e9cb9ac228777f1,218,231,RGB,0.9437229437229436,3,d36b2f253b943c30,61e8e8e8ccc4e8e8,True,,JPEG
t0_0192,Testing/notumor/Te-no_387.jpg,C:\Users\pedro\Desktop\Projeto do TCC\Brain Tumor MRI Dataset\Testing\notumor\Te-no_387.jpg,notumor,.jpg,test,7680,32e7f860a1978259902ffda3bbd657bcb315a5adae61a8c47e2eb86c424990d8,218,231,RGB,0.9437229437229436,3,d36b2f253b943c30,61e8e8e8ccc4e8e8,True,,JPEG
t0_0192,Training/notumor/Tr-no_1396.jpg,C:\Users\pedro\Desktop\Projeto do TCC\Brain Tumor MRI Dataset\Training\notumor\Tr-no_1396.jpg,notumor,.jpg,train,7708,4e64b29b7ca606c525409384c4b947ebf415bcd065bd739f1f95c2e74b261046,218,231,RGB,0.9437229437229436,3,d36b2f253b943c30,61e8e8e8ccc4e8e8,True,,JPEG
t0_0192,Training/notumor/Tr-no_276.jpg,C:\Users\pedro\Desktop\Projeto do TCC\Brain Tumor MRI Dataset\Training\notumor\Tr-no_276.jpg,notumor,.jpg,train,9548,f51b11bbf066cdb7d4841474e4c4cced014228f6e64586066c35658fd807ab8f,218,231,RGB,0.9437229437229436,3,d36b2e253f942cb0,61e8e8e8ccc4e8e8,True,,JPEG
t0_0192,Training/notumor/Tr-no_395.jpg,C:\Users\pedro\Desktop\Projeto do TCC\Brain Tumor MRI Dataset\Training\notumor\Tr-no_395.jpg,notumor,.jpg,train,15269,a8009ea052d58b75559e9e5d5c99cc183e8b92ec80d7597d569c678ca33efd0b,218,231,RGB,0.9437229437229436,3,d36b2e253f942cb0,71e8e8e8ccc4e8e8,True,,JPEG
t0_0192,Training/notumor/Tr-no_947.jpg,C:\Users\pedro\Desktop\Projeto do TCC\Brain Tumor MRI Dataset\Training\notumor\Tr-no_947.jpg,notumor,.jpg,train,9954,5f6bdd7669245dd73ea4024663fa2240a13ba3bfc812c6442a23d9067aa96d8d,218,231,RGB,0.9437229437229436,3,d36b2e253b943cb0,61e8e8e8ccc4e8e8,True,,JPEG
t0_0193,Testing/notumor/Te-no_178.jpg,C:\Users\pedro\Desktop\Projeto do TCC\Brain Tumor MRI Dataset\Testing\notumor\Te-no_178.jpg,notumor,.jpg,test,9005,b7e2936db41a242ad87eb24730819014becebb2185ad89d87bb1200e6afa4dd8,201,250,RGB,0.804,3,d50e4aed2fc43d90,71d4d49696aad4e9,True,,JPEG
t0_0193,Training/notumor/Tr-no_36.jpg,C:\Users\pedro\Desktop\Projeto do TCC\Brain Tumor MRI Dataset\Training\notumor\Tr-no_36.jpg,notumor,.jpg,train,11592,a28f2397c962d7e4207c9239404af0ae174a5e5ef4045ad85e929ad58f721bf8,201,250,RGB,0.804,3,d50e4aed2fc43d90,71d4d49696aad4e8,True,,JPEG
t0_0193,Training/notumor/Tr-no_573.jpg,C:\Users\pedro\Desktop\Projeto do TCC\Brain Tumor MRI Dataset\Training\notumor\Tr-no_573.jpg,notumor,.jpg,train,11559,8ecda324dfa8c3f67097bc3d520ae91b1ef587796bcab7ae3bd03f44c7ad539b,201,250,RGB,0.804,3,d50e4aed2fc43d90,71d4d49696aad4e8,True,,JPEG
t0_0193,Training/notumor/Tr-no_914.jpg,C:\Users\pedro\Desktop\Projeto do TCC\Brain Tumor MRI Dataset\Training\notumor\Tr-no_914.jpg,notumor,.jpg,train,8633,e130cfc24e95713dda3b1d5df0143d1a50a63e68c0e915f64d2a83a65a8e7524,201,250,RGB,0.804,3,d50e4aed2fc43d90,71d4d49696aad4e9,True,,JPEG
t0_0194,Testing/notumor/Te-no_18.jpg,C:\Users\pedro\Desktop\Projeto do TCC\Brain Tumor MRI Dataset\Testing\notumor\Te-no_18.jpg,notumor,.jpg,test,8775,8b38243b308cd7d7b955c9a5956f975013b6a1ec0ace0649baad609cd3e5efef,230,282,RGB,0.8156028368794326,3,d4c16e1a393b656c,71f4c4cccce8e833,True,,JPEG
t0_0194,Training/notumor/Tr-no_1094.jpg,C:\Users\pedro\Desktop\Projeto do TCC\Brain Tumor MRI Dataset\Training\notumor\Tr-no_1094.jpg,notumor,.jpg,train,11496,3d8986475bbd0ec0b9219ebf916831272f408a194edd9696d992d1f1617bceec,230,282,RGB,0.8156028368794326,3,d4c16a1a393f656c,71f4c4cccce8e833,True,,JPEG
t0_0194,Training/notumor/Tr-no_357.jpg,C:\Users\pedro\Desktop\Projeto do TCC\Brain Tumor MRI Dataset\Training\notumor\Tr-no_357.jpg,notumor,.jpg,train,8790,4eee49e2f60ad31735106ffcdce241a02c08303bf8fd4dbc4641c4dd48133a27,230,282,RGB,0.8156028368794326,3,d4c16e1a393b656c,71f4c4cccce8e833,True,,JPEG
t0_0195,Testing/notumor/Te-no_180.jpg,C:\Users\pedro\Desktop\Projeto do TCC\Brain Tumor MRI Dataset\Testing\notumor\Te-no_180.jpg,notumor,.jpg,test,38379,ee9320541d7937f20bc491a67e8ded70a6e190f0d24a0369259c81443e322ea2,630,630,RGB,1.0,3,c5d03a6f393865a6,b0f0d4d4c4c4e0b2,True,,JPEG
t0_0195,Testing/notumor/Te-no_379.jpg,C:\Users\pedro\Desktop\Projeto do TCC\Brain Tumor MRI Dataset\Testing\notumor\Te-no_379.jpg,notumor,.jpg,test,6235,b503ab8b3be562f780d371b05a80742ae20900cafa78df8b8fd66e0c593c9860,225,225,RGB,1.0,3,c5d03a6f393861e6,b2f0d4d4c4c460b2,True,,JPEG
t0_0195,Testing/notumor/Te-no_72.jpg,C:\Users\pedro\Desktop\Projeto do TCC\Brain Tumor MRI Dataset\Testing\notumor\Te-no_72.jpg,notumor,.jpg,test,30044,0b9de205c7d1d5572a4ef50aa83c1a54a3664a653f98ed470d9fe5af82bb8772,630,630,RGB,1.0,3,c5903e6f393861e6,b0f0d4d4c4c4e0b2,True,,JPEG
t0_0195,Testing/notumor/Te-no_88.jpg,C:\Users\pedro\Desktop\Projeto do TCC\Brain Tumor MRI Dataset\Testing\notumor\Te-no_88.jpg,notumor,.jpg,test,41794,1f658d6c5ccfe82dc6964698acd49df741c13e379d6a9bf0e93f193bc5c370e0,630,630,RGB,1.0,3,c5d03a6f393861e6,b0f0d4d4c4c4e0b2,True,,JPEG
t0_0195,Training/notumor/Tr-no_1050.jpg,C:\Users\pedro\Desktop\Projeto do TCC\Brain Tumor MRI Dataset\Training\notumor\Tr-no_1050.jpg,notumor,.jpg,train,8015,414705b05592d4ac130c7e518f8ed6372819e8be0b7d6e6d7a706fb96503047b,225,225,RGB,1.0,3,c5d03a6f393861e6,b0f0d4d4c4c4e0b2,True,,JPEG
t0_0195,Training/notumor/Tr-no_1066.jpg,C:\Users\pedro\Desktop\Projeto do TCC\Brain Tumor MRI Dataset\Training\notumor\Tr-no_1066.jpg,notumor,.jpg,train,6237,dd7af9f5e54b40896c522ab0d6b7042d5d58a98bbaf9cf2c4541f3358bd5e06e,225,225,RGB,1.0,3,c5903e6f393861e6,b0f0d4d4c4c460b2,True,,JPEG
t0_0195,Training/notumor/Tr-no_1297.jpg,C:\Users\pedro\Desktop\Projeto do TCC\Brain Tumor MRI Dataset\Training\notumor\Tr-no_1297.jpg,notumor,.jpg,train,70613,dd5e0845bfd97f6b294f6b2788067c35b034dd9331e6cf1f441cabe753eb8c78,630,630,RGB,1.0,3,c5d03a6f393865a6,f0f0d4d4c4c4e0b2,True,,JPEG
t0_0195,Training/notumor/Tr-no_272.jpg,C:\Users\pedro\Desktop\Projeto do TCC\Brain Tumor MRI Dataset\Training\notumor\Tr-no_272.jpg,notumor,.jpg,train,43622,a9dc1b9d61bdf2bcc9ff786cc211774f8e05a97343c837d6da93fce545e1f09e,630,630,RGB,1.0,3,c5d03a6f393861e6,b0f0d4d4c4c4e0b2,True,,JPEG
t0_0195,Training/notumor/Tr-no_794.jpg,C:\Users\pedro\Desktop\Projeto do TCC\Brain Tumor MRI Dataset\Training\notumor\Tr-no_794.jpg,notumor,.jpg,train,30086,78c0ff19b71d9c8bef0458fe599f6dd7e7f452b257988b19a36852e160c5ecf5,630,630,RGB,1.0,3,c5d03e6f383861e6,b0f0d4d4c4c4e0b2,True,,JPEG
t0_0195,Training/notumor/Tr-no_797.jpg,C:\Users\pedro\Desktop\Projeto do TCC\Brain Tumor MRI Dataset\Training\notumor\Tr-no_797.jpg,notumor,.jpg,train,41831,473ca73a3383ab0c3be65edf0afd0d24739cf53086fea2236221a84161ce13b3,630,630,RGB,1.0,3,c5d03a6f393861e6,b0f0d4d4c4c4e0b2,True,,JPEG
t0_0196,Testing/notumor/Te-no_181.jpg,C:\Users\pedro\Desktop\Projeto do TCC\Brain Tumor MRI Dataset\Testing\notumor\Te-no_181.jpg,notumor,.jpg,test,7750,5a270fa464a65a28efa387eded79c7f88f53cd1e6d317cb93c58a0487b92fc10,218,231,RGB,0.9437229437229436,3,d3942eda3b632c0b,e8e8c4cce8e8e861,True,,JPEG
t0_0196,Testing/notumor/Te-no_255.jpg,C:\Users\pedro\Desktop\Projeto do TCC\Brain Tumor MRI Dataset\Testing\notumor\Te-no_255.jpg,notumor,.jpg,test,10012,ef2090ad142b1f2de51dba879f4bf668b9ba3440a66f6bdcbdd86a018b2e7e59,218,231,RGB,0.9437229437229436,3,d3942eca3b6b2c0d,e8e8c4cce8e8e861,True,,JPEG
t0_0196,Testing/notumor/Te-no_368.jpg,C:\Users\pedro\Desktop\Projeto do TCC\Brain Tumor MRI Dataset\Testing\notumor\Te-no_368.jpg,notumor,.jpg,test,7705,d92598dc2f94e16665374dff404f086feaf0c9a9f0078c213bfdf9784d0abf19,218,231,RGB,0.9437229437229436,3,d3942eda3b632c0b,e8e8c4cce8e8e861,True,,JPEG
t0_0197,Testing/notumor/Te-no_183.jpg,C:\Users\pedro\Desktop\Projeto do TCC\Brain Tumor MRI Dataset\Testing\notumor\Te-no_183.jpg,notumor,.jpg,test,8027,99e32039bddfa35a59379f7c4d850012b4a988ad95711b8a188f7c67cf71e063,150,198,RGB,0.7575757575757576,3,97121d7f12fa1b21,dcf2c84d4d558ad4,True,,JPEG
t0_0197,Training/notumor/Tr-no_259.jpg,C:\Users\pedro\Desktop\Projeto do TCC\Brain Tumor MRI Dataset\Training\notumor\Tr-no_259.jpg,notumor,.jpg,train,7640,3bd47e803ac5f4bc6c0d8821e46960901335fcaff222459a3b118ca508e7ecf2,150,198,RGB,0.7575757575757576,3,97121d7f12fa5a21,dcf2c84d4d558ad4,True,,JPEG
t0_0197,Training/notumor/Tr-no_517.jpg,C:\Users\pedro\Desktop\Projeto do TCC\Brain Tumor MRI Dataset\Training\notumor\Tr-no_517.jpg,notumor,.jpg,train,7602,bea200d27010c2b30d2c813ffef8686efd02924314cba7d72b9dcb333c8a59f8,150,198,RGB,0.7575757575757576,3,97121d7f12fa5a21,dcf2c84d4d558ad4,True,,JPEG
t0_0198,Testing/notumor/Te-no_184.jpg,C:\Users\pedro\Desktop\Projeto do TCC\Brain Tumor MRI Dataset\Testing\notumor\Te-no_184.jpg,notumor,.jpg,test,12381,4afc550b85d145cdff8a9b9f734aa7fe76268082ea2663a62f61fe2dc80e9bcd,201,251,RGB,0.8007968127490039,3,d42d4b722f8e2cd2,f0f0b0f2d4d4f471,True,,JPEG
t0_0198,Testing/notumor/Te-no_283.jpg,C:\Users\pedro\Desktop\Projeto do TCC\Brain Tumor MRI Dataset\Testing\notumor\Te-no_283.jpg,notumor,.jpg,test,12621,a3d34725edf1377a6226461a80b3b07247c13e96d709793e0a327a3600839606,201,251,RGB,0.8007968127490039,3,d42d4b722f8e2cd2,f0f0b0f2d4d4f471,True,,JPEG
t0_0198,Testing/notumor/Te-no_338.jpg,C:\Users\pedro\Desktop\Projeto do TCC\Brain Tumor MRI Dataset\Testing\notumor\Te-no_338.jpg,notumor,.jpg,test,23754,ed09971821af521d9dd6c2c97d02ffe8b118b80b65b4dd0ffe14965d3f037c6d,359,449,RGB,0.799554565701559,3,c42d4b722f8e3cd2,f0f0b0f2d4d4f071,True,,JPEG
t0_0198,Training/notumor/Tr-no_1.jpg,C:\Users\pedro\Desktop\Projeto do TCC\Brain Tumor MRI Dataset\Training\notumor\Tr-no_1.jpg,notumor,.jpg,train,12807,6ce57e5943e2753a1642f6520d7b0b783af337fec0623e2cd4a8c604c17550c6,201,251,RGB,0.8007968127490039,3,c42d4b722f8e3cd2,f0f0b2f2d4d4f471,True,,JPEG
t0_0198,Training/notumor/Tr-no_403.jpg,C:\Users\pedro\Desktop\Projeto do TCC\Brain Tumor MRI Dataset\Training\notumor\Tr-no_403.jpg,notumor,.jpg,train,12637,717e52b12db9e89261fc353e2a86313e73c1fc9df5e6f503bbc8586d93a63283,201,251,RGB,0.8007968127490039,3,c42d4b722f8e3cd2,f0f0b0f2d4d4f471,True,,JPEG
t0_0198,Training/notumor/Tr-no_690.jpg,C:\Users\pedro\Desktop\Projeto do TCC\Brain Tumor MRI Dataset\Training\notumor\Tr-no_690.jpg,notumor,.jpg,train,24534,183a45ce31d8c56ccb92b044538fc221d7842b1c27cbdf9e1b8d1caf1fa747c9,359,449,RGB,0.799554565701559,3,c42d4b722f8e3cd2,f0f0b0f2d4d4f071,True,,JPEG
t0_0199,Testing/notumor/Te-no_186.jpg,C:\Users\pedro\Desktop\Projeto do TCC\Brain Tumor MRI Dataset\Testing\notumor\Te-no_186.jpg,notumor,.jpg,test,8529,c6015c1900cd1ed60ad2b0f1fefef8de6f70d65d40e8a03d3918cc82235055c9,173,201,RGB,0.8606965174129353,3,c1433eb87a85781f,e8e8e8e8e8d0e8f0,True,,JPEG
t0_0199,Training/notumor/Tr-no_1174.jpg,C:\Users\pedro\Desktop\Projeto do TCC\Brain Tumor MRI Dataset\Training\notumor\Tr-no_1174.jpg,notumor,.jpg,train,8533,88637fd4d0216cdb054acc0fa39a0725a0b4a1a6e195ed24a5c956bf665b8f33,173,201,RGB,0.8606965174129353,3,c1433eba7a85781e,e8e8e8e8e8d0e8f0,True,,JPEG
t0_0199,Training/notumor/Tr-no_883.jpg,C:\Users\pedro\Desktop\Projeto do TCC\Brain Tumor MRI Dataset\Training\notumor\Tr-no_883.jpg,notumor,.jpg,train,8895,f51d0fd545e66208eab8dd175f613462addcfb0d5dbdb6d493aedb8fa8cc11b6,173,201,RGB,0.8606965174129353,3,94167bec2fd02d4a,e8e8e8e8e8d0e8f0,True,,JPEG
t0_0200,Testing/notumor/Te-no_187.jpg,C:\Users\pedro\Desktop\Projeto do TCC\Brain Tumor MRI Dataset\Testing\notumor\Te-no_187.jpg,notumor,.jpg,test,23397,b703c66346fe60a9d59f7716c69a08352d4811712c086ab67ed98043d3c6ea00,468,444,RGB,1.054054054054054,3,c2c02bcb3b8f2c8f,c9d4c4a8e8e8f170,True,,JPEG
t0_0200,Training/notumor/Tr-no_137.jpg,C:\Users\pedro\Desktop\Projeto do TCC\Brain Tumor MRI Dataset\Training\notumor\Tr-no_137.jpg,notumor,.jpg,train,23781,662f93904d8ba56d840fc2898552e8adc95a635d368d0b1d0f6bd41a28738722,468,444,RGB,1.054054054054054,3,c2c02bcb3b8f2c8f,c9d4c4a8e8e8f170,True,,JPEG
t0_0201,Testing/notumor/Te-no_188.jpg,C:\Users\pedro\Desktop\Projeto do TCC\Brain Tumor MRI Dataset\Testing\notumor\Te-no_188.jpg,notumor,.jpg,test,9726,f3f8b9bd7ed4c92a598f34715ec57acb286ac1bee9018110d3326a94a86be378,206,244,RGB,0.8442622950819673,3,c0c80f476f2e3b35,e1f094d0c4ccf4f9,True,,JPEG
t0_0201,Training/notumor/Tr-no_1155.jpg,C:\Users\pedro\Desktop\Projeto do TCC\Brain Tumor MRI Dataset\Training\notumor\Tr-no_1155.jpg,notumor,.jpg,train,7644,9c8edb64bca8f43dd9b46acebf522300161150324c4071fa9545208d9e60301a,206,244,RGB,0.8442622950819673,3,c0c80e476f2f3e35,e1f090d0c4ccf4f9,True,,JPEG
t0_0201,Training/notumor/Tr-no_1263.jpg,C:\Users\pedro\Desktop\Projeto do TCC\Brain Tumor MRI Dataset\Training\notumor\Tr-no_1263.jpg,notumor,.jpg,train,7684,e5996ba69ce3955174a4ac90bb72484b6260914348c59e3c5dec7aa53a7ba973,206,244,RGB,0.8442622950819673,3,c0c80e476f2f3e35,e1f094d0c4ccf4f9,True,,JPEG
t0_0201,Training/notumor/Tr-no_556.jpg,C:\Users\pedro\Desktop\Projeto do TCC\Brain Tumor MRI Dataset\Training\notumor\Tr-no_556.jpg,notumor,.jpg,train,10076,66505d78eec85bed4a8a78e9afe09c9e226a5bd0f7e1b4eb904ac6781ed107ef,206,244,RGB,0.8442622950819673,3,c0c80e476f2e3f35,e1f094d0ccccf4f9,True,,JPEG
t0_0201,Training/notumor/Tr-no_739.jpg,C:\Users\pedro\Desktop\Projeto do TCC\Brain Tumor MRI Dataset\Training\notumor\Tr-no_739.jpg,notumor,.jpg,train,10068,6961473365de7b6378f5572fe8556b980ca08140c23210c7d77533430fa904aa,206,244,RGB,0.8442622950819673,3,c0c80e476f2e3f35,e1f094d0c4ccf4f9,True,,JPEG
t0_0202,Testing/notumor/Te-no_190.jpg,C:\Users\pedro\Desktop\Projeto do TCC\Brain Tumor MRI Dataset\Testing\notumor\Te-no_190.jpg,notumor,.jpg,test,7645,0974b904462498043bd2c2445fb36b3cee3106704dbc5efd72d58fc2185e3a38,300,168,RGB,1.7857142857142858,3,9a6d69966332cd86,b0717169687079f0,True,,JPEG
t0_0202,Testing/notumor/Te-no_200.jpg,C:\Users\pedro\Desktop\Projeto do TCC\Brain Tumor MRI Dataset\Testing\notumor\Te-no_200.jpg,notumor,.jpg,test,23663,ca1e2c84aee3afd6bdab4ef8211e25227794b1733947a5a2dda8aa39918c55c0,642,361,RGB,1.778393351800554,3,9a6d69966332cd86,b0717169687079f0,True,,JPEG
t0_0203,Testing/notumor/Te-no_193.jpg,C:\Users\pedro\Desktop\Projeto do TCC\Brain Tumor MRI Dataset\Testing\notumor\Te-no_193.jpg,notumor,.jpg,test,7615,379e628dcef2c16fb0e235fe11fa1cdb8c1933ba90b50450ad09ca582818c607,206,244,RGB,0.8442622950819673,3,959d5b123a7a6b60,78f0d2f4ccccd060,True,,JPEG
t0_0203,Testing/notumor/Te-no_239.jpg,C:\Users\pedro\Desktop\Projeto do TCC\Brain Tumor MRI Dataset\Testing\notumor\Te-no_239.jpg,notumor,.jpg,test,7317,4027f57058e5a0c1588162fc70b04a2662d37b194561b7c2345a1022572b1039,206,244,RGB,0.8442622950819673,3,959d5b123a7a6b60,78f0d2f4c4ccd060,True,,JPEG
t0_0203,Training/notumor/Tr-no_1387.jpg,C:\Users\pedro\Desktop\Projeto do TCC\Brain Tumor MRI Dataset\Training\notumor\Tr-no_1387.jpg,notumor,.jpg,train,7480,c87ac0be7cb4716bca03b19476d0c76211a89091694922d833682205e2871ebc,206,244,RGB,0.8442622950819673,3,959d5b123a7a6b60,78f0d2f4c4ccd060,True,,JPEG
t0_0204,Testing/notumor/Te-no_194.jpg,C:\Users\pedro\Desktop\Projeto do TCC\Brain Tumor MRI Dataset\Testing\notumor\Te-no_194.jpg,notumor,.jpg,test,10991,eaf5b3298bb7bd6f729b87c54e69eea87626d55f5853cba81ce2b7a537c4b344,234,224,RGB,1.0446428571428572,3,d2386de53687309b,027178e8e0e0e068,True,,JPEG
t0_0204,Training/notumor/Tr-no_1004.jpg,C:\Users\pedro\Desktop\Projeto do TCC\Brain Tumor MRI Dataset\Training\notumor\Tr-no_1004.jpg,notumor,.jpg,train,9609,5974b1c4f3ed366ad867c794efc2ff3e2d7d47df283d5b25818f7b20d02f1081,234,224,RGB,1.0446428571428572,3,d2386de53687309b,027178e8e0e0e068,True,,JPEG
t0_0205,Testing/notumor/Te-no_196.jpg,C:\Users\pedro\Desktop\Projeto do TCC\Brain Tumor MRI Dataset\Testing\notumor\Te-no_196.jpg,notumor,.jpg,test,6134,65faf6f1ed96358f3345a8d62a9b5725b8cc25e6e4cecde4913e4cc258284b24,300,168,RGB,1.7857142857142858,3,cfc73c3c3498986c,f069f1e8697170f0,True,,JPEG
t0_0205,Testing/notumor/Te-no_274.jpg,C:\Users\pedro\Desktop\Projeto do TCC\Brain Tumor MRI Dataset\Testing\notumor\Te-no_274.jpg,notumor,.jpg,test,6293,5e97761193409b958825fbb6fd5ee754810eca21276228508b44b8f01daeefff,300,168,RGB,1.7857142857142858,3,cfc73c3c3498986c,f069f1e8697170f0,True,,JPEG
t0_0205,Testing/notumor/Te-no_306.jpg,C:\Users\pedro\Desktop\Projeto do TCC\Brain Tumor MRI Dataset\Testing\notumor\Te-no_306.jpg,notumor,.jpg,test,18190,abba31588ca61e0e187b96df582a163065acb504330099fb6481e1d4a0dfd410,642,361,RGB,1.778393351800554,3,cfc73c3c3498986c,f069f1e8697170f0,True,,JPEG
t0_0206,Testing/notumor/Te-no_197.jpg,C:\Users\pedro\Desktop\Projeto do TCC\Brain Tumor MRI Dataset\Testing\notumor\Te-no_197.jpg,notumor,.jpg,test,19807,59fb7aa11aec3c86dbfe14affbd13ddfc5e62c4c194894e49703804840e95f80,441,442,RGB,0.997737556561086,3,c25f2bd02d722c9b,71e8c8ccc8ecc871,True,,JPEG
t0_0206,Testing/notumor/Te-no_353.jpg,C:\Users\pedro\Desktop\Projeto do TCC\Brain Tumor MRI Dataset\Testing\notumor\Te-no_353.jpg,notumor,.jpg,test,19617,bc54b86b73a644a2c67585c4d6b556ececc4713548066067779c86cd461db1bf,441,442,RGB,0.997737556561086,3,c25f2bd02d722c9b,71e8c8ccc8ecc871,True,,JPEG
t0_0206,Training/notumor/Tr-no_1362.jpg,C:\Users\pedro\Desktop\Projeto do TCC\Brain Tumor MRI Dataset\Training\notumor\Tr-no_1362.jpg,notumor,.jpg,train,31600,efbf14514572ed899be487bedbc3a9ea627f89639a10c7f706a7a8a402732c14,441,442,RGB,0.997737556561086,3,c25f2bd02d522cdb,71e8c8ccc8ecc871,True,,JPEG
t0_0206,Training/notumor/Tr-no_561.jpg,C:\Users\pedro\Desktop\Projeto do TCC\Brain Tumor MRI Dataset\Training\notumor\Tr-no_561.jpg,notumor,.jpg,train,20039,c1865a7d0979fb7726e1ec00bf23c6a32cd0592dd4777baa4bc8129e8e18621c,441,442,RGB,0.997737556561086,3,c25f2bd02d722c9b,71e8c8ccc8ecc871,True,,JPEG
t0_0207,Testing/notumor/Te-no_198.jpg,C:\Users\pedro\Desktop\Projeto do TCC\Brain Tumor MRI Dataset\Testing\notumor\Te-no_198.jpg,notumor,.jpg,test,10890,7b04a004841b4302bd06435e1aef24008fffcf2bfb097dab54766bd29f4a1ab4,227,222,RGB,1.0225225225225223,3,d0c00f0f2f1f7c3c,e9cc8c8ccec8e869,True,,JPEG
t0_0207,Testing/notumor/Te-no_25.jpg,C:\Users\pedro\Desktop\Projeto do TCC\Brain Tumor MRI Dataset\Testing\notumor\Te-no_25.jpg,notumor,.jpg,test,11219,0705d27363749ece8ac8ae0a550003ea1f0b94e8418c3ed54b8a4f3ad0664b33,227,222,RGB,1.0225225225225223,3,d0c00f0f2f1f7c3c,e9cc8c8ccec8e869,True,,JPEG
t0_0207,Testing/notumor/Te-no_336.jpg,C:\Users\pedro\Desktop\Projeto do TCC\Brain Tumor MRI Dataset\Testing\notumor\Te-no_336.jpg,notumor,.jpg,test,22002,f19ab4de4fa5a22408dbf01a56ac6dcb8fe41642670f43f8aae478d35a6f7a57,428,417,RGB,1.026378896882494,3,d0c00f0f2f1f7c3c,e1cc8c8ccec8e869,True,,JPEG
t0_0207,Testing/notumor/Te-no_85.jpg,C:\Users\pedro\Desktop\Projeto do TCC\Brain Tumor MRI Dataset\Testing\notumor\Te-no_85.jpg,notumor,.jpg,test,28148,94fe51aa3ce858ac74db6af3d0e63cc2f6865616113ad1e93402d3807ed1fd4e,428,417,RGB,1.026378896882494,3,d0c00f0f2f1f7c3c,e9cc8c8ccec8e869,True,,JPEG
t0_0207,Testing/notumor/Te-no_90.jpg,C:\Users\pedro\Desktop\Projeto do TCC\Brain Tumor MRI Dataset\Testing\notumor\Te-no_90.jpg,notumor,.jpg,test,11344,fbc75558a261df5c9f6ed8567f89214691bff537afd5b273a9f9da424de53242,227,222,RGB,1.0225225225225223,3,d0c00f0f2f1f7c3c,e9cc8c8ccec8e869,True,,JPEG
t0_0207,Training/notumor/Tr-no_1084.jpg,C:\Users\pedro\Desktop\Projeto do TCC\Brain Tumor MRI Dataset\Training\notumor\Tr-no_1084.jpg,notumor,.jpg,train,22009,e61f300036ee5e2db6a0e4df462189d41b39323efb6a7cffe2b454fffd2c18f0,428,417,RGB,1.026378896882494,3,d0c00f0f2f1f7c3c,e1cc8c8ccec8e869,True,,JPEG
t0_0207,Training/notumor/Tr-no_24.jpg,C:\Users\pedro\Desktop\Projeto do TCC\Brain Tumor MRI Dataset\Training\notumor\Tr-no_24.jpg,notumor,.jpg,train,29116,86e086bc3b54fedf7ee6ee9a8d464b5fa68857083e71167674b6384b0c53a97b,428,417,RGB,1.026378896882494,3,d0c00f0f2f1f7c3c,e9cc8c8ccec8e869,True,,JPEG
t0_0207,Training/notumor/Tr-no_469.jpg,C:\Users\pedro\Desktop\Projeto do TCC\Brain Tumor MRI Dataset\Training\notumor\Tr-no_469.jpg,notumor,.jpg,train,28908,b1baea653235312bb0772cce442121b75030b839ce123dd830e264af4f54f59c,428,417,RGB,1.026378896882494,3,d0c00f0f2f1f7c3c,e9cc8c8ccec8e869,True,,JPEG
t0_0207,Training/notumor/Tr-no_470.jpg,C:\Users\pedro\Desktop\Projeto do TCC\Brain Tumor MRI Dataset\Training\notumor\Tr-no_470.jpg,notumor,.jpg,train,11155,02c2f0e942534a18965e8bf30f8d17df35b265d5587e8c920d8faed6032e537b,227,222,RGB,1.0225225225225223,3,d0c00f0f2f1f7c3c,e9cc8c8ccec8e869,True,,JPEG
t0_0207,Training/notumor/Tr-no_704.jpg,C:\Users\pedro\Desktop\Projeto do TCC\Brain Tumor MRI Dataset\Training\notumor\Tr-no_704.jpg,notumor,.jpg,train,8544,7023c4dcf7120a2bd4dd9064ea400f14aa323af508bd805eadee4c928e021ff8,227,222,RGB,1.0225225225225223,3,d0c00f0f2f1f7c3c,e1cc8c8ccec8e879,True,,JPEG
t0_0207,Training/notumor/Tr-no_772.jpg,C:\Users\pedro\Desktop\Projeto do TCC\Brain Tumor MRI Dataset\Training\notumor\Tr-no_772.jpg,notumor,.jpg,train,29026,ba7002495f10faabd61751b0acda4545a4c7e95f2f2a09b002f4ee3a572a5031,428,417,RGB,1.026378896882494,3,d0c00f0f2f1f7c3c,e9cc8c8ccec8e869,True,,JPEG
t0_0207,Training/notumor/Tr-no_994.jpg,C:\Users\pedro\Desktop\Projeto do TCC\Brain Tumor MRI Dataset\Training\notumor\Tr-no_994.jpg,notumor,.jpg,train,8596,c6deb2680ade67d4dd9abecb7e6c3fa420dab1022d8b3678a48d9ac66fd5ddce,227,222,RGB,1.0225225225225223,3,d0e00f0f2f1f5c3c,e1cc8c8ccec8e879,True,,JPEG
t0_0208,Testing/notumor/Te-no_199.jpg,C:\Users\pedro\Desktop\Projeto do TCC\Brain Tumor MRI Dataset\Testing\notumor\Te-no_199.jpg,notumor,.jpg,test,8758,56b5fd97f6dce850ce9c704527410dfac94dec28f85638516bc1cd97242c773d,215,234,RGB,0.9188034188034188,3,d01b2ff43d42346d,70f0c8c8c8a4e870,True,,JPEG
t0_0208,Testing/notumor/Te-no_370.jpg,C:\Users\pedro\Desktop\Projeto do TCC\Brain Tumor MRI Dataset\Testing\notumor\Te-no_370.jpg,notumor,.jpg,test,8412,d45422237960316e6944889b7796756e0b96def02be9749c2b79ae91956ea6cf,215,234,RGB,0.9188034188034188,3,d01b2ff43d42346d,70f0c8c8c8a4e870,True,,JPEG
t0_0208,Training/notumor/Tr-no_1399.jpg,C:\Users\pedro\Desktop\Projeto do TCC\Brain Tumor MRI Dataset\Training\notumor\Tr-no_1399.jpg,notumor,.jpg,train,8683,06b29e3d2fae28dad1e139950a7cbe2a5a688568d89ca92c82d9fada127a9df3,215,234,RGB,0.9188034188034188,3,d01b2ff43d42346d,70f0c8c8c8a4e870,True,,JPEG
t0_0209,Testing/notumor/Te-no_2.jpg,C:\Users\pedro\Desktop\Projeto do TCC\Brain Tumor MRI Dataset\Testing\notumor\Te-no_2.jpg,notumor,.jpg,test,9840,2ba8a8c5aadf195716236aa30721a043a84973661bd271f394860a2c3081e83c,232,217,RGB,1.0691244239631337,3,967a786561c64cd9,3178e8ece8e8f870,True,,JPEG
t0_0209,Testing/notumor/Te-no_317.jpg,C:\Users\pedro\Desktop\Projeto do TCC\Brain Tumor MRI Dataset\Testing\notumor\Te-no_317.jpg,notumor,.jpg,test,9953,0af60c47354b99743ce9bde809d51ab3013dfff2525959f8abfac8f66444efd6,232,217,RGB,1.0691244239631337,3,967a796561c64c99,3178e8ece8e8f870,True,,JPEG
t0_0209,Training/notumor/Tr-no_368.jpg,C:\Users\pedro\Desktop\Projeto do TCC\Brain Tumor MRI Dataset\Training\notumor\Tr-no_368.jpg,notumor,.jpg,train,9873,910fb825186027431acdc9664e9afb2ddbea0736c3be1214c9c2d2d3f9316c56,232,217,RGB,1.0691244239631337,3,967a786561c64cd9,3178e8ece8e8f870,True,,JPEG
t0_0210,Testing/notumor/Te-no_201.jpg,C:\Users\pedro\Desktop\Projeto do TCC\Brain Tumor MRI Dataset\Testing\notumor\Te-no_201.jpg,notumor,.jpg,test,11738,a166849da7c11fa637dfa5c3d05b0ff31687c70b611830bed9e71e6d8300dfc4,227,262,RGB,0.8664122137404581,3,946e7be5687061d1,71e8e8ecccecf8f0,True,,JPEG
t0_0210,Testing/notumor/Te-no_36.jpg,C:\Users\pedro\Desktop\Projeto do TCC\Brain Tumor MRI Dataset\Testing\notumor\Te-no_36.jpg,notumor,.jpg,test,9423,6b5436107209281c10de4f5cb40add614f63f98608e86e1b3321820f81b6df9f,227,262,RGB,0.8664122137404581,3,946e7ba5687061d9,71e8e8ecccecf8f0,True,,JPEG
t0_0210,Training/notumor/Tr-no_1081.jpg,C:\Users\pedro\Desktop\Projeto do TCC\Brain Tumor MRI Dataset\Training\notumor\Tr-no_1081.jpg,notumor,.jpg,train,12475,4580b59f02f21e9873f8183f2237a3e489d37061cfd2c4442c3748312af6a8b0,227,262,RGB,0.8664122137404581,3,946e7ba5687161d1,71e8e8ecccecf8f0,True,,JPEG
t0_0210,Training/notumor/Tr-no_1259.jpg,C:\Users\pedro\Desktop\Projeto do TCC\Brain Tumor MRI Dataset\Training\notumor\Tr-no_1259.jpg,notumor,.jpg,train,9125,4e2da5e2fcdf333fce0bc4b5c7f641178b6325c40c4d1119e609cf7dee719873,227,262,RGB,0.8664122137404581,3,946e7be5687061d1,71e8e8ecccecf8f0,True,,JPEG
t0_0210,Training/notumor/Tr-no_645.jpg,C:\Users\pedro\Desktop\Projeto do TCC\Brain Tumor MRI Dataset\Training\notumor\Tr-no_645.jpg,notumor,.jpg,train,9422,bfb2ba1aaacaa90bf7eac52cf8953ca98abbb7070f91051a908e092d294bdb8c,227,262,RGB,0.8664122137404581,3,946e7be5687061d1,71e8e8ecccecf8f0,True,,JPEG
t0_0211,Testing/notumor/Te-no_204.jpg,C:\Users\pedro\Desktop\Projeto do TCC\Brain Tumor MRI Dataset\Testing\notumor\Te-no_204.jpg,notumor,.jpg,test,18895,83247f5e7555d6c1460155fa86831957dc168b9aefa161ad4d4697348e6b3f9a,380,530,RGB,0.7169811320754716,3,84e43f3f70b16199,0060d484d4d47030,True,,JPEG
t0_0211,Testing/notumor/Te-no_50.jpg,C:\Users\pedro\Desktop\Projeto do TCC\Brain Tumor MRI Dataset\Testing\notumor\Te-no_50.jpg,notumor,.jpg,test,19156,ab913d73a29f0bcead33685b0b0aa29a17fdcfc8d1a007e947036dba8b3e5385,380,530,RGB,0.7169811320754716,3,84e43e3f70b36199,0060d484d4d47030,True,,JPEG
t0_0211,Training/notumor/Tr-no_191.jpg,C:\Users\pedro\Desktop\Projeto do TCC\Brain Tumor MRI Dataset\Training\notumor\Tr-no_191.jpg,notumor,.jpg,train,28313,7087d682b94b0a82180650da2e29a129588f3e6a479fe942783cb5cd99708941,380,530,RGB,0.7169811320754716,3,84e43e3f70b36199,0060d484d4d47030,True,,JPEG
t0_0211,Training/notumor/Tr-no_290.jpg,C:\Users\pedro\Desktop\Projeto do TCC\Brain Tumor MRI Dataset\Training\notumor\Tr-no_290.jpg,notumor,.jpg,train,18734,6cbb1f1cf0aa91c28f78bbc17fe11b65af8d21f071e4f8c7c0fc3982a36e068b,380,530,RGB,0.7169811320754716,3,84e43f3f70b16199,0060d484d4d47030,True,,JPEG
t0_0212,Testing/notumor/Te-no_208.jpg,C:\Users\pedro\Desktop\Projeto do TCC\Brain Tumor MRI Dataset\Testing\notumor\Te-no_208.jpg,notumor,.jpg,test,10959,0892b9c76082b705d85bb8aebc274ecf30eaa6cdecd995d9b05c43da39a61921,225,225,RGB,1.0,3,93e16c3e64a8b4e3,3371c8c8e8e86961,True,,JPEG
t0_0212,Training/notumor/Tr-no_1236.jpg,C:\Users\pedro\Desktop\Projeto do TCC\Brain Tumor MRI Dataset\Training\notumor\Tr-no_1236.jpg,notumor,.jpg,train,10664,b3194148761c0169717896116725e38e430812e6d5a6b6c62c9cf06e7cf00916,225,225,RGB,1.0,3,93e16c3e64a8b4e3,3371c8c8e8e86961,True,,JPEG
t0_0212,Training/notumor/Tr-no_382.jpg,C:\Users\pedro\Desktop\Projeto do TCC\Brain Tumor MRI Dataset\Training\notumor\Tr-no_382.jpg,notumor,.jpg,train,10435,c48e0a107f985bec88dd81d6f27432ad61539aa516c4396a71fe9e55cdce351d,225,225,RGB,1.0,3,93e16c3e64a8b4e3,3371c8c8e8e86971,True,,JPEG
t0_0213,Testing/notumor/Te-no_21.jpg,C:\Users\pedro\Desktop\Projeto do TCC\Brain Tumor MRI Dataset\Testing\notumor\Te-no_21.jpg,notumor,.jpg,test,7578,53c4bf03fe86d32c6360a9ee7e449d52e48d1577b7ca0fca279cc6fdeb09c446,225,225,RGB,1.0,3,87953ece786a6819,61cce8e8e8e069b2,True,,JPEG
t0_0213,Testing/notumor/Te-no_213.jpg,C:\Users\pedro\Desktop\Projeto do TCC\Brain Tumor MRI Dataset\Testing\notumor\Te-no_213.jpg,notumor,.jpg,test,7453,2ab3a688db57e9a3254bcce98816ab1f595692507fdc67ff1f34115137d2deed,225,225,RGB,1.0,3,87953ece786a6819,61cce8e8e8e069b2,True,,JPEG
t0_0213,Testing/notumor/Te-no_337.jpg,C:\Users\pedro\Desktop\Projeto do TCC\Brain Tumor MRI Dataset\Testing\notumor\Te-no_337.jpg,notumor,.jpg,test,7348,16ab208a9c6b5abc07b1e95560877726818015426d83fbb71430edd1f52a2f8c,225,225,RGB,1.0,3,87953ece786a6819,61cce8e8e8e069b2,True,,JPEG
t0_0214,Testing/notumor/Te-no_210.jpg,C:\Users\pedro\Desktop\Projeto do TCC\Brain Tumor MRI Dataset\Testing\notumor\Te-no_210.jpg,notumor,.jpg,test,18314,c5f33f23dde6d620be3f6fd9a3bf1e4661060d1cb3d63eaf8a2319c8f4fdef99,642,361,RGB,1.778393351800554,3,9a92696961cdcd39,f0697068687171b0,True,,JPEG
t0_0214,Training/notumor/Tr-no_548.jpg,C:\Users\pedro\Desktop\Projeto do TCC\Brain Tumor MRI Dataset\Training\notumor\Tr-no_548.jpg,notumor,.jpg,train,9127,13381c74d56280505c88d48afe0c1bc1eb801aa6386ad9758611132db17ce676,300,168,RGB,1.7857142857142858,3,9e92694969cd8d39,f0697068687171b0,True,,JPEG
t0_0214,Training/notumor/Tr-no_621.jpg,C:\Users\pedro\Desktop\Projeto do TCC\Brain Tumor MRI Dataset\Training\notumor\Tr-no_621.jpg,notumor,.jpg,train,6034,b1da8fe4e26b93b3fadab285538d4578e25cd114bb6e763477657f2be5688f95,300,168,RGB,1.7857142857142858,3,9e92696961c9cd39,f0697068687171b0,True,,JPEG
t0_0215,Testing/notumor/Te-no_212.jpg,C:\Users\pedro\Desktop\Projeto do TCC\Brain Tumor MRI Dataset\Testing\notumor\Te-no_212.jpg,notumor,.jpg,test,7592,88948e4fe187de80e7f60913f1aaf8c6d3f3580a0347ae801f0661c52e571dbf,225,225,RGB,1.0,3,d2c02b8b2d3f3d4c,79cce8e8e8f869b2,True,,JPEG
t0_0215,Training/notumor/Tr-no_429.jpg,C:\Users\pedro\Desktop\Projeto do TCC\Brain Tumor MRI Dataset\Training\notumor\Tr-no_429.jpg,notumor,.jpg,train,7629,9ec249b45f842e1e6d5b4f5d12684174f890135bb82393cbeda04557e7ac693c,225,225,RGB,1.0,3,d2c02b8b2d3f3d4c,79cce8e8e8f869b2,True,,JPEG
t0_0216,Testing/notumor/Te-no_215.jpg,C:\Users\pedro\Desktop\Projeto do TCC\Brain Tumor MRI Dataset\Testing\notumor\Te-no_215.jpg,notumor,.jpg,test,7495,e65a413e33264db1d6cbbec1f03e6b43d7084514460e252f8a93874768a06424,236,213,RGB,1.107981220657277,3,cad22d4f3c5c344d,e1e9f8e8e8e1e1f1,True,,JPEG
t0_0216,Training/notumor/Tr-no_446.jpg,C:\Users\pedro\Desktop\Projeto do TCC\Brain Tumor MRI Dataset\Training\notumor\Tr-no_446.jpg,notumor,.jpg,train,7274,465860197b4ccc00fe717b90731d81699bcfd15f2e6d3768fd201ea34ae7910d,236,213,RGB,1.107981220657277,3,cad22d4f3c5c344d,61e9f8e8e8e1e1f1,True,,JPEG
t0_0217,Testing/notumor/Te-no_216.jpg,C:\Users\pedro\Desktop\Projeto do TCC\Brain Tumor MRI Dataset\Testing\notumor\Te-no_216.jpg,notumor,.jpg,test,9869,3a7d8f1f3d8918535f9c0c635eeb1c11988e7535e92b7900456233ea4f751658,200,252,RGB,0.7936507936507936,3,85434baf2fc37d04,e8c8ccce8e94cce0,True,,JPEG
t0_0217,Training/notumor/Tr-no_500.jpg,C:\Users\pedro\Desktop\Projeto do TCC\Brain Tumor MRI Dataset\Training\notumor\Tr-no_500.jpg,notumor,.jpg,train,9879,6f52961b316f3072bcc798a1178866f44d3f601ee1b5527dfa51907d02a95699,200,252,RGB,0.7936507936507936,3,85434baf2fc37d04,e8c8ccce8e94cce0,True,,JPEG
t0_0218,Testing/notumor/Te-no_218.jpg,C:\Users\pedro\Desktop\Projeto do TCC\Brain Tumor MRI Dataset\Testing\notumor\Te-no_218.jpg,notumor,.jpg,test,11323,ed0fcbbc6d436f8544a6f821920635e5b9b9ccaa5a3c6eb79be0976df19e0bdb,206,244,RGB,0.8442622950819673,3,95605bcc3a846f8f,e0d0ccd4f4d6f078,True,,JPEG
t0_0218,Training/notumor/Tr-no_1359.jpg,C:\Users\pedro\Desktop\Projeto do TCC\Brain Tumor MRI Dataset\Training\notumor\Tr-no_1359.jpg,notumor,.jpg,train,11611,08f619571de6da9c1c6f14ee658eeaac3085687e6ec61183f18f579e5faa6145,206,244,RGB,0.8442622950819673,3,95605bcc3a846f8f,e0d0ccd4f4d4f078,True,,JPEG
t0_0219,Testing/notumor/Te-no_219.jpg,C:\Users\pedro\Desktop\Projeto do TCC\Brain Tumor MRI Dataset\Testing\notumor\Te-no_219.jpg,notumor,.jpg,test,10375,79fe7b03b0852aeebe9517e699423f02c498ff1c4232c07aac6bd24a3df97f1e,194,259,RGB,0.749034749034749,3,d7cc2ee76a1920b1,61e4e8e8ccccf871,True,,JPEG
t0_0219,Training/notumor/Tr-no_146.jpg,C:\Users\pedro\Desktop\Projeto do TCC\Brain Tumor MRI Dataset\Training\notumor\Tr-no_146.jpg,notumor,.jpg,train,10321,7779387d140bce1db722f1c938c6597dd716c7730fd5f904b7723ee7bdaee886,194,259,RGB,0.749034749034749,3,d7cc2ee7681928b1,61e4e8e8ccccf871,True,,JPEG
t0_0219,Training/notumor/Tr-no_793.jpg,C:\Users\pedro\Desktop\Projeto do TCC\Brain Tumor MRI Dataset\Training\notumor\Tr-no_793.jpg,notumor,.jpg,train,10668,8c62230cc10cac39b064259eb489eb8ef4b9789ce95b13f13aa0e7ee959a3fdf,194,259,RGB,0.749034749034749,3,d7cc2ea76a1928b1,61e4e8e8ccccf871,True,,JPEG
t0_0220,Testing/notumor/Te-no_220.jpg,C:\Users\pedro\Desktop\Projeto do TCC\Brain Tumor MRI Dataset\Testing\notumor\Te-no_220.jpg,notumor,.jpg,test,17697,242ee1264a90bdbdcae4407c3b19c92cea55a539f91684fbbca3053b1e8575e5,350,393,RGB,0.8905852417302799,3,85795a156ef63982,71c88aa2b2b2cc69,True,,JPEG
t0_0220,Training/notumor/Tr-no_1032.jpg,C:\Users\pedro\Desktop\Projeto do TCC\Brain Tumor MRI Dataset\Training\notumor\Tr-no_1032.jpg,notumor,.jpg,train,9258,425c40074835a12e058bcc81694b824021ecc04363fb21cc3c91fe04163bd64b,212,238,RGB,0.8907563025210085,3,85695a156ef63992,71e88aa2b2b2cc69,True,,JPEG
t0_0220,Training/notumor/Tr-no_510.jpg,C:\Users\pedro\Desktop\Projeto do TCC\Brain Tumor MRI Dataset\Training\notumor\Tr-no_510.jpg,notumor,.jpg,train,8955,a55539d13d137f43a7af01f6ad97a8a88b4e495fbe9d0a5803611c908b03f5a2,212,238,RGB,0.8907563025210085,3,85695a156ef63992,71e88aa2b2b2cc69,True,,JPEG
t0_0220,Training/notumor/Tr-no_730.jpg,C:\Users\pedro\Desktop\Projeto do TCC\Brain Tumor MRI Dataset\Training\notumor\Tr-no_730.jpg,notumor,.jpg,train,17433,e22d67d921a2663d6bf14de06248488fcc2feb8984ba1fd2a3951f02057b3206,350,393,RGB,0.8905852417302799,3,85695a156ef63992,71c88aa2b2b2cc69,True,,JPEG
t0_0221,Testing/notumor/Te-no_221.jpg,C:\Users\pedro\Desktop\Projeto do TCC\Brain Tumor MRI Dataset\Testing\notumor\Te-no_221.jpg,notumor,.jpg,test,19081,0d5a11f8145fbaf4a93a817b52f97bb07632b3e594641ccd9bed80b0f2d8e6c7,380,530,RGB,0.7169811320754716,3,d14e6b95255b3433,30f1d4d4ded4f800,True,,JPEG
t0_0221,Training/notumor/Tr-no_560.jpg,C:\Users\pedro\Desktop\Projeto do TCC\Brain Tumor MRI Dataset\Training\notumor\Tr-no_560.jpg,notumor,.jpg,train,29189,80e201fae2dae2953697e104658c5fa26260cb81c624b464c0cc50428babda66,380,530,RGB,0.7169811320754716,3,d14e6f95251b3433,30f1d4d4ded4f800,True,,JPEG
t0_0221,Training/notumor/Tr-no_958.jpg,C:\Users\pedro\Desktop\Projeto do TCC\Brain Tumor MRI Dataset\Training\notumor\Tr-no_958.jpg,notumor,.jpg,train,19042,0a832deee2b11878df626c5873e48ec32f206016d3d5e0492d6b32fc929e6c2c,380,530,RGB,0.7169811320754716,3,d14e6b95255b3433,30f1d4d4ded4f900,True,,JPEG
t0_0222,Testing/notumor/Te-no_223.jpg,C:\Users\pedro\Desktop\Projeto do TCC\Brain Tumor MRI Dataset\Testing\notumor\Te-no_223.jpg,notumor,.jpg,test,41946,84240ec60b33618eac7ffda5a505321f22dddb0be10ade2a418f999403e3f4d7,630,630,RGB,1.0,3,c36d3fb438266196,3371d4d4d4d4f071,True,,JPEG
t0_0222,Testing/notumor/Te-no_59.jpg,C:\Users\pedro\Desktop\Projeto do TCC\Brain Tumor MRI Dataset\Testing\notumor\Te-no_59.jpg,notumor,.jpg,test,44271,a1f09043e38e394875bfc6cb98f603ebbf04cca45b72acb1b862cb936a0c9f3c,630,630,RGB,1.0,3,c36d3fb438266196,3371d4d4d4d4f071,True,,JPEG
t0_0222,Training/notumor/Tr-no_1144.jpg,C:\Users\pedro\Desktop\Projeto do TCC\Brain Tumor MRI Dataset\Training\notumor\Tr-no_1144.jpg,notumor,.jpg,train,44385,84524f431db761466c684c75f26cd438b9ec9c2cc926ae9c87692f2ddb095248,630,630,RGB,1.0,3,c36d3fb438266196,3371d4d4d4d4f071,True,,JPEG
t0_0223,Testing/notumor/Te-no_224.jpg,C:\Users\pedro\Desktop\Projeto do TCC\Brain Tumor MRI Dataset\Testing\notumor\Te-no_224.jpg,notumor,.jpg,test,7992,6a0773c8ba10d0bbc1e1b49f045dd7bbf2b5b42a860ea8d83934335d80ea16b6,225,225,RGB,1.0,3,c0cd2f723b298dc9,e0d4f0b0d4d4d4c8,True,,JPEG
t0_0223,Testing/notumor/Te-no_386.jpg,C:\Users\pedro\Desktop\Projeto do TCC\Brain Tumor MRI Dataset\Testing\notumor\Te-no_386.jpg,notumor,.jpg,test,8224,46db6d5982ece69de9b45ff83ab2f1cfb97aee8b65311cbe54cac2bdf6c14de5,225,225,RGB,1.0,3,c0cd2f723b298dc9,e8d4f0b0d4d4d4c8,True,,JPEG
t0_0224,Testing/notumor/Te-no_225.jpg,C:\Users\pedro\Desktop\Projeto do TCC\Brain Tumor MRI Dataset\Testing\notumor\Te-no_225.jpg,notumor,.jpg,test,24652,67647d90e32510a072c7b69bf670b128f8fe5ac150de427ff9f0c71d27dfd8c0,512,512,RGB,1.0,3,c7d0390f3d713067,71e0ccc4e0e06972,True,,JPEG
t0_0224,Training/notumor/Tr-no_1041.jpg,C:\Users\pedro\Desktop\Projeto do TCC\Brain Tumor MRI Dataset\Training\notumor\Tr-no_1041.jpg,notumor,.jpg,train,9304,7c9d6460de08492cb945d38d884e54a035d58f89ff65a87831d9bfa2cd9b3ec9,225,225,RGB,1.0,3,c7d0390f3c717067,71e0ccc4e0e06972,True,,JPEG
t0_0224,Training/notumor/Tr-no_924.jpg,C:\Users\pedro\Desktop\Projeto do TCC\Brain Tumor MRI Dataset\Training\notumor\Tr-no_924.jpg,notumor,.jpg,train,9314,531e6649cb61bc0642c26701799dad7ef2551fa122e88218106c52a30204f4a8,225,225,RGB,1.0,3,c7d0390f3c747067,71e0ccc4e0e06972,True,,JPEG
t0_0225,Testing/notumor/Te-no_226.jpg,C:\Users\pedro\Desktop\Projeto do TCC\Brain Tumor MRI Dataset\Testing\notumor\Te-no_226.jpg,notumor,.jpg,test,9568,2d77796b66b2f1d24e87e9f6276bbb6ad8ad41f5f0d1041bccbc1081bf311243,207,243,RGB,0.8518518518518519,3,86a15b676a997992,70e4ecccececec78,True,,JPEG
t0_0225,Testing/notumor/Te-no_320.jpg,C:\Users\pedro\Desktop\Projeto do TCC\Brain Tumor MRI Dataset\Testing\notumor\Te-no_320.jpg,notumor,.jpg,test,9789,2ff546ca2e2dae4d9999713f8764b3564c1d3b89efba9d7c196dd2ab82d3a1c9,207,243,RGB,0.8518518518518519,3,86a15b676a997992,70e4ecccececec78,True,,JPEG
t0_0225,Testing/notumor/Te-no_340.jpg,C:\Users\pedro\Desktop\Projeto do TCC\Brain Tumor MRI Dataset\Testing\notumor\Te-no_340.jpg,notumor,.jpg,test,9611,3a07225676b2a75f78fab580e0687ca5845e6949299f3fafb39943dbf3dd276c,207,243,RGB,0.8518518518518519,3,86a15b676a997992,70e4ecccececec78,True,,JPEG
t0_0225,Testing/notumor/Te-no_359.jpg,C:\Users\pedro\Desktop\Projeto do TCC\Brain Tumor MRI Dataset\Testing\notumor\Te-no_359.jpg,notumor,.jpg,test,15345,726ad20e94b322ba2f51164f015b6972b5b5d080280998d643c622a45bd3a381,207,243,RGB,0.8518518518518519,3,86a15b676a997992,70e4ecccececec78,True,,JPEG
t0_0226,Testing/notumor/Te-no_228.jpg,C:\Users\pedro\Desktop\Projeto do TCC\Brain Tumor MRI Dataset\Testing\notumor\Te-no_228.jpg,notumor,.jpg,test,8236,e88ca0907de6df1d3cfca80151d184ccf5f76cdf997cc58f02d1905899daf938,235,214,RGB,1.0981308411214954,3,d00b2fb52e346bf0,71e8d8d4d4c8e8f0,True,,JPEG
t0_0226,Training/notumor/Tr-no_117.jpg,C:\Users\pedro\Desktop\Projeto do TCC\Brain Tumor MRI Dataset\Training\notumor\Tr-no_117.jpg,notumor,.jpg,train,5882,b494332cd5c534f3c093f5f26b9dacabad2119be1d8a0e955843adf647c9315d,235,214,RGB,1.0981308411214954,3,d00b2fb52e346bf0,71e8d8d4d4c8e8f0,True,,JPEG
t0_0226,Training/notumor/Tr-no_170.jpg,C:\Users\pedro\Desktop\Projeto do TCC\Brain Tumor MRI Dataset\Training\notumor\Tr-no_170.jpg,notumor,.jpg,train,12457,01b417ffb3ab8cb28cc4901e22ef7c2c412086743e17550c7a5b0ee0fc4480a7,235,214,RGB,1.0981308411214954,3,d00b2fb52e346bf0,71e8d8d4d4c8a8f0,True,,JPEG
t0_0226,Training/notumor/Tr-no_687.jpg,C:\Users\pedro\Desktop\Projeto do TCC\Brain Tumor MRI Dataset\Training\notumor\Tr-no_687.jpg,notumor,.jpg,train,7999,d8be34ad89aff5bac28c58fc73dee8c2b0666e7aefe6f2390d670829d9515776,235,214,RGB,1.0981308411214954,3,d00b2fb52e346bf0,71e8d8d4d4c8e8f0,True,,JPEG
t0_0226,Training/notumor/Tr-no_929.jpg,C:\Users\pedro\Desktop\Projeto do TCC\Brain Tumor MRI Dataset\Training\notumor\Tr-no_929.jpg,notumor,.jpg,train,7960,3f3bddf1bfd9c18fada07d9a90325f3b238bc2249f27f9fc494c1d6cbfe5ae53,235,214,RGB,1.0981308411214954,3,d00b2fb52e346bf0,71e8d8d4d4c8e8f0,True,,JPEG
t0_0227,Testing/notumor/Te-no_229.jpg,C:\Users\pedro\Desktop\Projeto do TCC\Brain Tumor MRI Dataset\Testing\notumor\Te-no_229.jpg,notumor,.jpg,test,8688,1851040638c4f0f6bb966c6c9eb0959e7b81ecacd50a8b6f7cc232294933963b,215,234,RGB,0.9188034188034188,3,d0e42f0b3dbd3492,70e8a4c8c8c8f070,True,,JPEG
t0_0227,Training/notumor/Tr-no_1128.jpg,C:\Users\pedro\Desktop\Projeto do TCC\Brain Tumor MRI Dataset\Training\notumor\Tr-no_1128.jpg,notumor,.jpg,train,8749,208c35463539c6d8b138d2644234d1e0f790df935eb5214dd3849c7b35967f86,215,234,RGB,0.9188034188034188,3,d0e42f0b3dbd3492,70e8a4c8c8c8f070,True,,JPEG
t0_0228,Testing/notumor/Te-no_231.jpg,C:\Users\pedro\Desktop\Projeto do TCC\Brain Tumor MRI Dataset\Testing\notumor\Te-no_231.jpg,notumor,.jpg,test,45834,71230ae86dcadacc54e26ca012aa57e02c2d9e0ec42527c491c89c48b2f76939,630,630,L,1.0,1,c74f39b870936169,30f0d4ccd4d4f070,True,,JPEG
t0_0228,Training/notumor/Tr-no_379.jpg,C:\Users\pedro\Desktop\Projeto do TCC\Brain Tumor MRI Dataset\Training\notumor\Tr-no_379.jpg,notumor,.jpg,train,10307,fa1705893cc95e676c894d4787a059491d886ccffa85f384ae878d3d580c18f1,225,225,RGB,1.0,3,c74f3cb870936169,30f0d4ccd4d4f070,True,,JPEG
t0_0228,Training/notumor/Tr-no_804.jpg,C:\Users\pedro\Desktop\Projeto do TCC\Brain Tumor MRI Dataset\Training\notumor\Tr-no_804.jpg,notumor,.jpg,train,9459,0c7c551a0a247e33aa03901bcfa5a3cc63d72dab805d03ac6c7d7854decd640c,225,225,RGB,1.0,3,c74f39b870936169,30f0d4ccd4d4f070,True,,JPEG
t0_0228,Training/notumor/Tr-no_870.jpg,C:\Users\pedro\Desktop\Projeto do TCC\Brain Tumor MRI Dataset\Training\notumor\Tr-no_870.jpg,notumor,.jpg,train,45254,04d198008786b8d2c347edd4d2f4273cbcebbe7085a1837c6cb91db5a0219e23,630,630,L,1.0,1,c74f39b870936169,30f0d4ccd4d4f070,True,,JPEG
t0_0229,Testing/notumor/Te-no_232.jpg,C:\Users\pedro\Desktop\Projeto do TCC\Brain Tumor MRI Dataset\Testing\notumor\Te-no_232.jpg,notumor,.jpg,test,23340,c421fa5fbec5e891e4300964ea3070e20e5549f25f39f9f16f79592315dcf4fc,359,449,RGB,0.799554565701559,3,91681e276adb6987,f0f0d2b0d4d4f071,True,,JPEG
t0_0229,Testing/notumor/Te-no_369.jpg,C:\Users\pedro\Desktop\Projeto do TCC\Brain Tumor MRI Dataset\Testing\notumor\Te-no_369.jpg,notumor,.jpg,test,24313,8b67bfdbb4ee51f71e1d14e29a8cd66de520030530f334bf39ea4060cfeb2e62,359,449,RGB,0.799554565701559,3,81781e276adb6987,f0f0d2b0d4d4f071,True,,JPEG
t0_0230,Testing/notumor/Te-no_233.jpg,C:\Users\pedro\Desktop\Projeto do TCC\Brain Tumor MRI Dataset\Testing\notumor\Te-no_233.jpg,notumor,.jpg,test,9868,61eea63b96be6b08250b771a3a158a70df86b74b039a6697fdd47eaa211c01a7,201,251,RGB,0.8007968127490039,3,c42d4b722f8e3ce2,f0f0b4f094d4f471,True,,JPEG
t0_0230,Training/notumor/Tr-no_227.jpg,C:\Users\pedro\Desktop\Projeto do TCC\Brain Tumor MRI Dataset\Training\notumor\Tr-no_227.jpg,notumor,.jpg,train,9905,e16f9dc53246a23892b21a1da8af3e0029df02b09c262c4a6b184284abb8e25c,201,251,RGB,0.8007968127490039,3,c42d4b722f8e2cf2,f0f0b4f094d4f471,True,,JPEG
t0_0231,Testing/notumor/Te-no_234.jpg,C:\Users\pedro\Desktop\Projeto do TCC\Brain Tumor MRI Dataset\Testing\notumor\Te-no_234.jpg,notumor,.jpg,test,9474,c20b650777309dcebeeab766f3988746a135788d94c4e250b42f6a5a46443bde,200,252,RGB,0.7936507936507936,3,820f1db81bf03bf1,71e4ec6cc8cdaaf4,True,,JPEG
t0_0231,Training/notumor/Tr-no_1098.jpg,C:\Users\pedro\Desktop\Projeto do TCC\Brain Tumor MRI Dataset\Training\notumor\Tr-no_1098.jpg,notumor,.jpg,train,9557,eedbd031170773347d9faca9626b34b82c3f989aa8a0890f76e95248e12608fc,200,252,RGB,0.7936507936507936,3,820f1db81bf03bf1,71e4ec6cc8cdaaf8,True,,JPEG
t0_0232,Testing/notumor/Te-no_236.jpg,C:\Users\pedro\Desktop\Projeto do TCC\Brain Tumor MRI Dataset\Testing\notumor\Te-no_236.jpg,notumor,.jpg,test,11018,d1fb1c073086644db1a39cb836e46bde04ed6f20af6a5fcfbf25a07a6f2fd280,225,225,RGB,1.0,3,c64b39943157e559,3161e8e8ecec7133,True,,JPEG
t0_0232,Testing/notumor/Te-no_345.jpg,C:\Users\pedro\Desktop\Projeto do TCC\Brain Tumor MRI Dataset\Testing\notumor\Te-no_345.jpg,notumor,.jpg,test,10446,e36a735a676432cfafc66fff4cf7a340dcfe5cf2590e3c7c1f6e46047277886f,225,225,RGB,1.0,3,c64b39943157e559,7161e8e8ecec7133,True,,JPEG
t0_0232,Training/notumor/Tr-no_306.jpg,C:\Users\pedro\Desktop\Projeto do TCC\Brain Tumor MRI Dataset\Training\notumor\Tr-no_306.jpg,notumor,.jpg,train,10478,5bbc95ca8b383bd16a7525d1a390e812ecaf7f650063a1aa3f0783840c5e575f,225,225,RGB,1.0,3,c64b39943157e559,7161e8e8ecec7133,True,,JPEG
t0_0232,Training/notumor/Tr-no_761.jpg,C:\Users\pedro\Desktop\Projeto do TCC\Brain Tumor MRI Dataset\Training\notumor\Tr-no_761.jpg,notumor,.jpg,train,10940,f1b05dbaf79ef7ed9f35cbc79d1aaedbd07ae94c53f51df118b62061f3eed6e9,225,225,RGB,1.0,3,c64b39943157e559,3161e8e8ecec7133,True,,JPEG
t0_0233,Testing/notumor/Te-no_237.jpg,C:\Users\pedro\Desktop\Projeto do TCC\Brain Tumor MRI Dataset\Testing\notumor\Te-no_237.jpg,notumor,.jpg,test,6935,e7d7519b2166b43f9d0649b9296203e320fdfbe5bc7574ca5c44277e3b0aa505,232,217,RGB,1.0691244239631337,3,cb633c1e3298c3cd,0060e1d8d0717000,True,,JPEG
t0_0233,Training/notumor/Tr-no_1268.jpg,C:\Users\pedro\Desktop\Projeto do TCC\Brain Tumor MRI Dataset\Training\notumor\Tr-no_1268.jpg,notumor,.jpg,train,7099,da6936779e8db4c1fad48c802e36230cf0b51ec882134446685aebc24b7829e3,232,217,RGB,1.0691244239631337,3,cb633c1e3298c3cd,0060f1d8d0717000,True,,JPEG
t0_0234,Testing/notumor/Te-no_238.jpg,C:\Users\pedro\Desktop\Projeto do TCC\Brain Tumor MRI Dataset\Testing\notumor\Te-no_238.jpg,notumor,.jpg,test,8577,595703f13f08668ed8a34af782f3c811ca2db45531c22119cdda94a5ad5ee07c,225,225,RGB,1.0,3,931e6fc16457b41c,6169e8e8c8cc7133,True,,JPEG
t0_0234,Training/notumor/Tr-no_188.jpg,C:\Users\pedro\Desktop\Projeto do TCC\Brain Tumor MRI Dataset\Training\notumor\Tr-no_188.jpg,notumor,.jpg,train,6523,e89b26e1115b48189869aaf3a7d3272fc90268ac400a2b36728cb106d9867858,225,225,RGB,1.0,3,931e6fc16457b41c,6169e8e8c8cc7133,True,,JPEG
t0_0234,Training/notumor/Tr-no_319.jpg,C:\Users\pedro\Desktop\Projeto do TCC\Brain Tumor MRI Dataset\Training\notumor\Tr-no_319.jpg,notumor,.jpg,train,8856,658b9dbd6d87170f19ae33bcb2e9d7d211aba7be45c0a5069df271002d125a23,225,225,RGB,1.0,3,931e6fc16447f41c,6169e8e8c8cc7133,True,,JPEG
t0_0234,Training/notumor/Tr-no_950.jpg,C:\Users\pedro\Desktop\Projeto do TCC\Brain Tumor MRI Dataset\Training\notumor\Tr-no_950.jpg,notumor,.jpg,train,8519,5a3188e76509aef2e0668b515b6d88786e7f9e61aaf49f02f083e842ffbd4235,225,225,RGB,1.0,3,931e6ec16457f41c,6169e8e8c8cc7133,True,,JPEG
t0_0235,Testing/notumor/Te-no_240.jpg,C:\Users\pedro\Desktop\Projeto do TCC\Brain Tumor MRI Dataset\Testing\notumor\Te-no_240.jpg,notumor,.jpg,test,20733,9f6621c4b8fafb988dd0298fd0ed4c3ada285fd635799e0fd4862a7adbca87a0,393,400,RGB,0.9825,3,c24b2fb43ce66496,70f1d0d4d4d4f071,True,,JPEG
t0_0235,Training/notumor/Tr-no_1116.jpg,C:\Users\pedro\Desktop\Projeto do TCC\Brain Tumor MRI Dataset\Training\notumor\Tr-no_1116.jpg,notumor,.jpg,train,19934,f6b0c61bfa2a0607ee37ff9b1fc7c3dd37e5bfd3ea501e37a443bac568293de0,393,400,RGB,0.9825,3,c24b2fb43ce66496,70f1d0d4d4d4f071,True,,JPEG
t0_0235,Training/notumor/Tr-no_342.jpg,C:\Users\pedro\Desktop\Projeto do TCC\Brain Tumor MRI Dataset\Training\notumor\Tr-no_342.jpg,notumor,.jpg,train,32871,0e2534dd9fd55be6da171440c493e8199b098b4cbf1fdd2d994da59fb10a9a78,393,400,RGB,0.9825,3,c24b2fb43ce66436,70f1d0d4d4d4f071,True,,JPEG
t0_0236,Testing/notumor/Te-no_241.jpg,C:\Users\pedro\Desktop\Projeto do TCC\Brain Tumor MRI Dataset\Testing\notumor\Te-no_241.jpg,notumor,.jpg,test,9143,f3a90b6d65602d268247cc24c7c89cc5c71bac8ac3d36416acab5d812ded1cb0,232,217,RGB,1.0691244239631337,3,c19e43e71ac12f1e,79d4b0b0b2cad4c4,True,,JPEG
t0_0236,Training/notumor/Tr-no_99.jpg,C:\Users\pedro\Desktop\Projeto do TCC\Brain Tumor MRI Dataset\Training\notumor\Tr-no_99.jpg,notumor,.jpg,train,9303,29bd72d00d4c467e039beaaf119d9aad893f402adc94c19cdd203a7ec8b4aace,232,217,RGB,1.0691244239631337,3,c19e43e71ac12f1e,79d4b0b0b2cad4c4,True,,JPEG
t0_0237,Testing/notumor/Te-no_242.jpg,C:\Users\pedro\Desktop\Projeto do TCC\Brain Tumor MRI Dataset\Testing\notumor\Te-no_242.jpg,notumor,.jpg,test,8797,8b49a55ded4cf65545450a01ac87b4b515c174af6a1b6bcb7c099080d12a07c8,225,225,RGB,1.0,3,96c76a9e693a341c,71d0d4dcd4d47131,True,,JPEG
t0_0237,Testing/notumor/Te-no_266.jpg,C:\Users\pedro\Desktop\Projeto do TCC\Brain Tumor MRI Dataset\Testing\notumor\Te-no_266.jpg,notumor,.jpg,test,9092,b7dbddfc268e8fd453973752446887beb0a7f05926dd439c67e565b8450adec8,225,225,RGB,1.0,3,96c76a1e693e341c,71d4d4dcd4d47131,True,,JPEG
t0_0237,Training/notumor/Tr-no_1364.jpg,C:\Users\pedro\Desktop\Projeto do TCC\Brain Tumor MRI Dataset\Training\notumor\Tr-no_1364.jpg,notumor,.jpg,train,36452,01f6e4a3aafdaac39be8f0b8f9602f7686a5fbc9c321e65bf8b5df081fb18528,630,630,RGB,1.0,3,96c76a9e693a341c,71d4d4dcd4d47131,True,,JPEG
t0_0237,Training/notumor/Tr-no_50.jpg,C:\Users\pedro\Desktop\Projeto do TCC\Brain Tumor MRI Dataset\Training\notumor\Tr-no_50.jpg,notumor,.jpg,train,8945,255308e8a1783223ff317744c2ea14fb8157fc90d93e520c308377246986f7ae,225,225,RGB,1.0,3,96c76a1e693e341c,71d0d4dcd4d47131,True,,JPEG
t0_0237,Training/notumor/Tr-no_799.jpg,C:\Users\pedro\Desktop\Projeto do TCC\Brain Tumor MRI Dataset\Training\notumor\Tr-no_799.jpg,notumor,.jpg,train,35860,1d9c9f0e06ea80897c95d816c7ea55f6e217781de993759da522afe11f60ad68,630,630,RGB,1.0,3,96c76a9e693a341c,71d0d4dcd4d47131,True,,JPEG
t0_0237,Training/notumor/Tr-no_876.jpg,C:\Users\pedro\Desktop\Projeto do TCC\Brain Tumor MRI Dataset\Training\notumor\Tr-no_876.jpg,notumor,.jpg,train,36834,c0811ba93dc812d4aefab3efcc7539791ee64b31f37e3b5f7964d92867664e93,630,630,RGB,1.0,3,96c76a9e693a341c,71d4d4dcd4d47131,True,,JPEG
t0_0238,Testing/notumor/Te-no_243.jpg,C:\Users\pedro\Desktop\Projeto do TCC\Brain Tumor MRI Dataset\Testing\notumor\Te-no_243.jpg,notumor,.jpg,test,11193,f80ee7b2f96dc3fb29824879ef0493375cbf1153cd8d85ff582b39f18274af5e,227,222,RGB,1.0225225225225223,3,85955b5a7a4a6969,68cccece8cece869,True,,JPEG
t0_0238,Training/notumor/Tr-no_1230.jpg,C:\Users\pedro\Desktop\Projeto do TCC\Brain Tumor MRI Dataset\Training\notumor\Tr-no_1230.jpg,notumor,.jpg,train,10387,79f84d67e7bc8f7984c795f3e882430f9ebc2dabdce712a24e183dba92431215,227,222,RGB,1.0225225225225223,3,85955b5a7a4b2969,68cccece8cece869,True,,JPEG
t0_0238,Training/notumor/Tr-no_1282.jpg,C:\Users\pedro\Desktop\Projeto do TCC\Brain Tumor MRI Dataset\Training\notumor\Tr-no_1282.jpg,notumor,.jpg,train,28897,0b048e3ce5d4cfda7c432c524bbcad3d803a41e2f68e9b454024c84c5be22cbb,428,417,RGB,1.026378896882494,3,85955b5a7a4b2969,68cccece8cece869,True,,JPEG
t0_0238,Training/notumor/Tr-no_425.jpg,C:\Users\pedro\Desktop\Projeto do TCC\Brain Tumor MRI Dataset\Training\notumor\Tr-no_425.jpg,notumor,.jpg,train,10548,7a5a26a0032039fc8f9ee00aba86460ae5a65edf95e3febadb9bea5baf5b5e31,227,222,RGB,1.0225225225225223,3,85955b5a7a4b2969,68cccece8cece869,True,,JPEG
t0_0238,Training/notumor/Tr-no_558.jpg,C:\Users\pedro\Desktop\Projeto do TCC\Brain Tumor MRI Dataset\Training\notumor\Tr-no_558.jpg,notumor,.jpg,train,28658,7e9376ca19b889811fd5c904b731fdea1e313413ee1ac882008847ae926d2773,428,417,RGB,1.026378896882494,3,85955b5a7a4b2969,68cccece8cece869,True,,JPEG
t0_0238,Training/notumor/Tr-no_740.jpg,C:\Users\pedro\Desktop\Projeto do TCC\Brain Tumor MRI Dataset\Training\notumor\Tr-no_740.jpg,notumor,.jpg,train,11316,ddb24391b40956c69ffc3f2c50ecb6eba7779774e9a9d84aea47e0c270feebb1,227,222,RGB,1.0225225225225223,3,85955b5a7a4b2969,68cccece8cece869,True,,JPEG
t0_0239,Testing/notumor/Te-no_244.jpg,C:\Users\pedro\Desktop\Projeto do TCC\Brain Tumor MRI Dataset\Testing\notumor\Te-no_244.jpg,notumor,.jpg,test,7920,3cd57cc1542dfabf30754e4c31d4c93c72155f33e17533172e7a2ed685510f5a,225,225,RGB,1.0,3,c22f2f303bb26c33,3271e0c8d0f0d461,True,,JPEG
t0_0239,Testing/notumor/Te-no_390.jpg,C:\Users\pedro\Desktop\Projeto do TCC\Brain Tumor MRI Dataset\Testing\notumor\Te-no_390.jpg,notumor,.jpg,test,8128,4bbdb79d5b12e1cbdbbfe6784c166837db43e084c20b1e814b040eb81a8ad8a5,225,225,RGB,1.0,3,c22f2f303bb26c33,3271e0c8d0f0d461,True,,JPEG
t0_0239,Training/notumor/Tr-no_1010.jpg,C:\Users\pedro\Desktop\Projeto do TCC\Brain Tumor MRI Dataset\Training\notumor\Tr-no_1010.jpg,notumor,.jpg,train,8142,b85761e66260b5fb7c8198db594c455c16b926705379433315443af308c60de3,225,225,RGB,1.0,3,c22f2f303bb26c33,3271e0c8d0f0d461,True,,JPEG
t0_0240,Testing/notumor/Te-no_245.jpg,C:\Users\pedro\Desktop\Projeto do TCC\Brain Tumor MRI Dataset\Testing\notumor\Te-no_245.jpg,notumor,.jpg,test,29104,a370af95c105fcf3927e7e79c51f34984bc3a858f158cde39fb683c6607dd975,400,442,RGB,0.9049773755656108,3,d36f2fb130926698,32f0e8ccccc8e871,True,,JPEG
t0_0240,Training/notumor/Tr-no_158.jpg,C:\Users\pedro\Desktop\Projeto do TCC\Brain Tumor MRI Dataset\Training\notumor\Tr-no_158.jpg,notumor,.jpg,train,21153,1e9a68698f333ad8cf041620d3b9ecdfccc60154aa5adf215dc047b1ce16a8ef,400,442,RGB,0.9049773755656108,3,d36f2fb130926698,32f0e8ccccc8e871,True,,JPEG
t0_0240,Training/notumor/Tr-no_278.jpg,C:\Users\pedro\Desktop\Projeto do TCC\Brain Tumor MRI Dataset\Training\notumor\Tr-no_278.jpg,notumor,.jpg,train,21145,b0e9017dfd12e7f886c4e202b2a5fb6b07c889c427d0ddc541b1b3ca214e859d,400,442,RGB,0.9049773755656108,3,d36f2fb130926698,32f0e8ccccc8e871,True,,JPEG
t0_0240,Training/notumor/Tr-no_370.jpg,C:\Users\pedro\Desktop\Projeto do TCC\Brain Tumor MRI Dataset\Training\notumor\Tr-no_370.jpg,notumor,.jpg,train,35843,5da649b1d62a1b0bf29d93a6ecf9d28b0706e6c2e8c360c04f3a0f8b8ef01257,400,442,RGB,0.9049773755656108,3,d36f2fb130926698,32f1e8ccdcc8e871,True,,JPEG
t0_0240,Training/notumor/Tr-no_655.jpg,C:\Users\pedro\Desktop\Projeto do TCC\Brain Tumor MRI Dataset\Training\notumor\Tr-no_655.jpg,notumor,.jpg,train,27933,02dc5494993363f9910138ba37f237ad978fb78fc85b371222b2b6867477c743,400,442,RGB,0.9049773755656108,3,d36f2fb130926698,32f0e8ccccc8e871,True,,JPEG
t0_0241,Testing/notumor/Te-no_246.jpg,C:\Users\pedro\Desktop\Projeto do TCC\Brain Tumor MRI Dataset\Testing\notumor\Te-no_246.jpg,notumor,.jpg,test,44881,2984d6e0a2c03beb58f70d68d4f118329a18213180cea0365a28b4109111939f,630,630,RGB,1.0,3,96386ae16d6334e3,3171d4d4d4d4f071,True,,JPEG
t0_0241,Training/notumor/Tr-no_159.jpg,C:\Users\pedro\Desktop\Projeto do TCC\Brain Tumor MRI Dataset\Training\notumor\Tr-no_159.jpg,notumor,.jpg,train,68106,6df1939c7a7aa989609421eeded83808d31d19f837ee9d4d070981aa0edc311f,630,630,RGB,1.0,3,96386ae16d6334e3,3171d4d4d4d4f071,True,,JPEG
t0_0242,Testing/notumor/Te-no_248.jpg,C:\Users\pedro\Desktop\Projeto do TCC\Brain Tumor MRI Dataset\Testing\notumor\Te-no_248.jpg,notumor,.jpg,test,25163,2a055cc23c75ea981e23554482566a4a60a130c27621bb4d70f888ca4c5f49ca,630,630,L,1.0,1,963e6df030cb330d,b269e8e8ecccf1b2,True,,JPEG
t0_0242,Training/notumor/Tr-no_1381.jpg,C:\Users\pedro\Desktop\Projeto do TCC\Brain Tumor MRI Dataset\Training\notumor\Tr-no_1381.jpg,notumor,.jpg,train,29674,92798602663bb77a4849b098abede41c448e235b74d9c34f14424d3046619748,630,630,L,1.0,1,963e6df030cb330d,b269e8e8ecccf1b2,True,,JPEG
t0_0243,Testing/notumor/Te-no_249.jpg,C:\Users\pedro\Desktop\Projeto do TCC\Brain Tumor MRI Dataset\Testing\notumor\Te-no_249.jpg,notumor,.jpg,test,7783,f37c1fdaa62e94b0fadddad87e6044455bc37b1415f7e61c770a169c39d4db2c,225,225,RGB,1.0,3,9c336ecc394363cc,b0e8d4f0f0f460b2,True,,JPEG
t0_0243,Testing/notumor/Te-no_261.jpg,C:\Users\pedro\Desktop\Projeto do TCC\Brain Tumor MRI Dataset\Testing\notumor\Te-no_261.jpg,notumor,.jpg,test,7647,9305ed12cb1d4091d9b99e5c6891b6cbe9254cf3471a494c5f1ab1b7b349d9f8,225,225,RGB,1.0,3,9c336ecc394363cc,b0e8d4f0f0f460b2,True,,JPEG
t0_0243,Training/notumor/Tr-no_271.jpg,C:\Users\pedro\Desktop\Projeto do TCC\Brain Tumor MRI Dataset\Training\notumor\Tr-no_271.jpg,notumor,.jpg,train,7913,5ef1200f31d60ff645fdafc6de8912912f603f92527f2a30a220acf0979f3227,225,225,RGB,1.0,3,9c336ecc394363cc,b0e8d4f0f0f460b2,True,,JPEG
t0_0244,Testing/notumor/Te-no_250.jpg,C:\Users\pedro\Desktop\Projeto do TCC\Brain Tumor MRI Dataset\Testing\notumor\Te-no_250.jpg,notumor,.jpg,test,8005,275843f5c50cad7c35920b026dedfd43576d51d0a98d2acd7fcb4ef44aedb2aa,232,217,RGB,1.0691244239631337,3,cb9e3ce13267c330,107169c8d8e16000,True,,JPEG
t0_0244,Training/notumor/Tr-no_501.jpg,C:\Users\pedro\Desktop\Projeto do TCC\Brain Tumor MRI Dataset\Training\notumor\Tr-no_501.jpg,notumor,.jpg,train,8189,e229f5c11b2985e90bc93a180f67344eb8b8a6230e1ff0a48ff74c3277770869,232,217,RGB,1.0691244239631337,3,cb9e3ce13267c330,107169c8d8e16000,True,,JPEG
t0_0245,Testing/notumor/Te-no_253.jpg,C:\Users\pedro\Desktop\Projeto do TCC\Brain Tumor MRI Dataset\Testing\notumor\Te-no_253.jpg,notumor,.jpg,test,8624,d1c6f44347a418bce190770dabb1406863a2fba31fe5624a82d5728d2edb415f,201,251,RGB,0.8007968127490039,3,825d75aa47b89669,70e8e8ed6d69aacc,True,,JPEG
t0_0245,Training/notumor/Tr-no_119.jpg,C:\Users\pedro\Desktop\Projeto do TCC\Brain Tumor MRI Dataset\Training\notumor\Tr-no_119.jpg,notumor,.jpg,train,8893,b12a59c1d52b2588972e8ee936e0cebba985e5c126b19c46c93d12c1a9170b4b,201,251,RGB,0.8007968127490039,3,825d75aa47b89669,70e8e8ed6d69aacc,True,,JPEG
t0_0245,Training/notumor/Tr-no_1377.jpg,C:\Users\pedro\Desktop\Projeto do TCC\Brain Tumor MRI Dataset\Training\notumor\Tr-no_1377.jpg,notumor,.jpg,train,14068,1e044e724e7a39067eb86dd8df724afc45fa6a7eb1a8254f9faf4056d73a14fd,201,251,RGB,0.8007968127490039,3,825d75aa47b89669,70e0e8ed6d69aacc,True,,JPEG
t0_0245,Training/notumor/Tr-no_88.jpg,C:\Users\pedro\Desktop\Projeto do TCC\Brain Tumor MRI Dataset\Training\notumor\Tr-no_88.jpg,notumor,.jpg,train,8800,e14c98975c713efa6057723a4d1b5c8fabe76bde9a82528ad61e8099b8fcd8d1,201,251,RGB,0.8007968127490039,3,825d75aa47b89669,70e8e8ed6d69aacc,True,,JPEG
t0_0246,Testing/notumor/Te-no_254.jpg,C:\Users\pedro\Desktop\Projeto do TCC\Brain Tumor MRI Dataset\Testing\notumor\Te-no_254.jpg,notumor,.jpg,test,8119,ccfd2ed5cf8341fc0cd00e6d36133e42fb17dc55ac06238f1f7176a2d90d428f,225,225,RGB,1.0,3,c2902ecf3b4d6ccc,61d4f0d0c8e07132,True,,JPEG
t0_0246,Training/notumor/Tr-no_401.jpg,C:\Users\pedro\Desktop\Projeto do TCC\Brain Tumor MRI Dataset\Training\notumor\Tr-no_401.jpg,notumor,.jpg,train,8148,fbc22e6422e4080e0cc43f4183359d813487f41df1b5fdf7c68e463c5951c7a7,225,225,RGB,1.0,3,c2902ecf3b4d6ccc,61d4f0d0c8e07132,True,,JPEG
t0_0247,Testing/notumor/Te-no_257.jpg,C:\Users\pedro\Desktop\Projeto do TCC\Brain Tumor MRI Dataset\Testing\notumor\Te-no_257.jpg,notumor,.jpg,test,9942,594d30ef1a019c97ca0cd89ab5f482f1d90b4dbc69b0573598ddf11586b73c29,225,225,RGB,1.0,3,9785799a6e183999,79d4d0f4e8f871b2,True,,JPEG
t0_0247,Training/notumor/Tr-no_1157.jpg,C:\Users\pedro\Desktop\Projeto do TCC\Brain Tumor MRI Dataset\Training\notumor\Tr-no_1157.jpg,notumor,.jpg,train,9671,007df4da163eb3bd3f644512714535c2b7775e0d031d67c6409e5f6ce494191d,225,225,RGB,1.0,3,9785799a6e183999,79d4d0f4e8f871b2,True,,JPEG
t0_0247,Training/notumor/Tr-no_631.jpg,C:\Users\pedro\Desktop\Projeto do TCC\Brain Tumor MRI Dataset\Training\notumor\Tr-no_631.jpg,notumor,.jpg,train,10124,342d3cce7b3cdc691766a7f1ea7df73ad66c39e2956310e907ff9e6fb3cd332f,225,225,RGB,1.0,3,9785799a6e183999,79d4d0f4e8f871b2,True,,JPEG
t0_0248,Testing/notumor/Te-no_258.jpg,C:\Users\pedro\Desktop\Projeto do TCC\Brain Tumor MRI Dataset\Testing\notumor\Te-no_258.jpg,notumor,.jpg,test,9042,353a0d20df1c3dcf7c982e04f9bebee7b74b7a2a2fd098a349dc9690b1db7b89,225,225,RGB,1.0,3,c3923f4b3c6b6149,71d4d4c4d4d47172,True,,JPEG
t0_0248,Training/notumor/Tr-no_139.jpg,C:\Users\pedro\Desktop\Projeto do TCC\Brain Tumor MRI Dataset\Training\notumor\Tr-no_139.jpg,notumor,.jpg,train,37242,c84a66636fe92271311d54bef432765ec45aadb216ede8770c5f4688d9bd4c17,630,630,RGB,1.0,3,c3923fcb386b6149,71d4d4c4d4d47172,True,,JPEG
t0_0248,Training/notumor/Tr-no_143.jpg,C:\Users\pedro\Desktop\Projeto do TCC\Brain Tumor MRI Dataset\Training\notumor\Tr-no_143.jpg,notumor,.jpg,train,37063,88283a8a739658a94aee30a2b076a7562724d5bb90dc4969f613072adb761655,630,630,RGB,1.0,3,c3923fcb386b6149,71d4d4c4d4d47172,True,,JPEG
t0_0248,Training/notumor/Tr-no_175.jpg,C:\Users\pedro\Desktop\Projeto do TCC\Brain Tumor MRI Dataset\Training\notumor\Tr-no_175.jpg,notumor,.jpg,train,9018,da403175d7fad140cfc7f2026fdc171a6a23a10c19cea69b522d3eeb757be19a,225,225,RGB,1.0,3,c3923fcb386b6149,71d4d4c4d4d47172,True,,JPEG
t0_0249,Testing/notumor/Te-no_263.jpg,C:\Users\pedro\Desktop\Projeto do TCC\Brain Tumor MRI Dataset\Testing\notumor\Te-no_263.jpg,notumor,.jpg,test,12447,0a1206270c878755fedd89113aa88ddbdece0c14479eaaf8fa31aa96047eb920,227,262,RGB,0.8664122137404581,3,c1842e0f3dda347b,f0e0c8ccc8e8e871,True,,JPEG
t0_0249,Testing/notumor/Te-no_294.jpg,C:\Users\pedro\Desktop\Projeto do TCC\Brain Tumor MRI Dataset\Testing\notumor\Te-no_294.jpg,notumor,.jpg,test,9221,b72c5bf4089d10a974cb8632c0143b50595dc5a2c89a848a110d9eeb9a643f4f,227,262,RGB,0.8664122137404581,3,c1c42e0f3d9a347b,f0e0c8ccc8e8e871,True,,JPEG
t0_0249,Testing/notumor/Te-no_318.jpg,C:\Users\pedro\Desktop\Projeto do TCC\Brain Tumor MRI Dataset\Testing\notumor\Te-no_318.jpg,notumor,.jpg,test,12591,a81c724dc7c77a334b424a3429b6280e5092c99bba6d61a9c31b274d423e0af0,227,262,RGB,0.8664122137404581,3,c1842e0f3dda347b,f0e0c8ccc8e8e871,True,,JPEG
t0_0249,Training/notumor/Tr-no_1328.jpg,C:\Users\pedro\Desktop\Projeto do TCC\Brain Tumor MRI Dataset\Training\notumor\Tr-no_1328.jpg,notumor,.jpg,train,9402,5672b0b6e7650e8f8675104fddf9af6c4dad65261191c353b87d782d2cffd58f,227,262,RGB,0.8664122137404581,3,c1c42e0f3d9a347b,f0e0c8ccc8e8e871,True,,JPEG
t0_0249,Training/notumor/Tr-no_554.jpg,C:\Users\pedro\Desktop\Projeto do TCC\Brain Tumor MRI Dataset\Training\notumor\Tr-no_554.jpg,notumor,.jpg,train,9299,8f4c7f1f6533019316f71d734eeca9a4f4cb5b066bf91295d7ec98e4e7223e68,227,262,RGB,0.8664122137404581,3,c1c42e0f3d9a347b,f0e0c8ccc8e8e871,True,,JPEG
t0_0250,Testing/notumor/Te-no_264.jpg,C:\Users\pedro\Desktop\Projeto do TCC\Brain Tumor MRI Dataset\Testing\notumor\Te-no_264.jpg,notumor,.jpg,test,14786,2d6fd7e710675c126f904a4571dd81f38b3f0827b3d7e92097b91abd89a7c8d6,201,251,RGB,0.8007968127490039,3,d43d4b722b8e2cd2,f0f0b2f2d4d4f470,True,,JPEG
t0_0250,Testing/notumor/Te-no_323.jpg,C:\Users\pedro\Desktop\Projeto do TCC\Brain Tumor MRI Dataset\Testing\notumor\Te-no_323.jpg,notumor,.jpg,test,28647,2f3e22d5c6671d75b83c19a914da7912380d2c7d6d8133aabf43fbabdedcabaa,359,449,RGB,0.799554565701559,3,d43d4b722b8e2cd2,f0f0b2f2d4d4f470,True,,JPEG
t0_0250,Testing/notumor/Te-no_68.jpg,C:\Users\pedro\Desktop\Projeto do TCC\Brain Tumor MRI Dataset\Testing\notumor\Te-no_68.jpg,notumor,.jpg,test,15398,01d6f79df4e89be572226df536662fda01cdf6bc559cdb670b7988150c95baa3,201,251,RGB,0.8007968127490039,3,d43d4b722b8e2cd2,f0b0b2f2d4d4f470,True,,JPEG
t0_0251,Testing/notumor/Te-no_265.jpg,C:\Users\pedro\Desktop\Projeto do TCC\Brain Tumor MRI Dataset\Testing\notumor\Te-no_265.jpg,notumor,.jpg,test,9401,2951bdc4c00830e1c7dde699b29f73d5ed6da25d5568015d717df71f618124bb,212,238,RGB,0.8907563025210085,3,d0c30faf3b5c6c28,69ccb2b2b2aee871,True,,JPEG
t0_0251,Training/notumor/Tr-no_498.jpg,C:\Users\pedro\Desktop\Projeto do TCC\Brain Tumor MRI Dataset\Training\notumor\Tr-no_498.jpg,notumor,.jpg,train,17978,e8a0c918da9bad8a26e2e5ac950a03dc2711eb7454741a89ddc4272fc22ea9e3,350,393,RGB,0.8905852417302799,3,d0c30faf3b5c6c28,69ccb2b2baaee871,True,,JPEG
t0_0252,Testing/notumor/Te-no_268.jpg,C:\Users\pedro\Desktop\Projeto do TCC\Brain Tumor MRI Dataset\Testing\notumor\Te-no_268.jpg,notumor,.jpg,test,8616,038322e4c3bfbdbb16dde783dc7bc8abcc4614507a25bba4ed9b0cfd33c892b2,201,251,RGB,0.8007968127490039,3,d7f728413252c3d3,ccaa694948e8e8e1,True,,JPEG
t0_0252,Training/notumor/Tr-no_1225.jpg,C:\Users\pedro\Desktop\Projeto do TCC\Brain Tumor MRI Dataset\Training\notumor\Tr-no_1225.jpg,notumor,.jpg,train,8829,90bef7c8bf816ab5bd8a8b518f092f353383b5a373b726b79b8c795e291c6a3e,201,251,RGB,0.8007968127490039,3,d7f728411252c7d3,ccaa694948e8e8e1,True,,JPEG
t0_0253,Testing/notumor/Te-no_269.jpg,C:\Users\pedro\Desktop\Projeto do TCC\Brain Tumor MRI Dataset\Testing\notumor\Te-no_269.jpg,notumor,.jpg,test,7483,9b74381b29ad55596077b474a31922d7238489653360270dc16e41ae0f5ef9b1,206,244,RGB,0.8442622950819673,3,c0370eb86fd13aca,f9f4ccc4d094f0e1,True,,JPEG
t0_0253,Testing/notumor/Te-no_53.jpg,C:\Users\pedro\Desktop\Projeto do TCC\Brain Tumor MRI Dataset\Testing\notumor\Te-no_53.jpg,notumor,.jpg,test,9181,dc758e1347a0d6393878f783fa5360a49de5a4e026b9426fa1f1d01127041f33,206,244,RGB,0.8442622950819673,3,c0370eb86fd13aca,f9f4ccc4d094f0e1,True,,JPEG
t0_0253,Training/notumor/Tr-no_1280.jpg,C:\Users\pedro\Desktop\Projeto do TCC\Brain Tumor MRI Dataset\Training\notumor\Tr-no_1280.jpg,notumor,.jpg,train,7242,f0b7d2070b123f45c683b89e7b679401cf2e299121c8f8296fba9a633965b662,206,244,RGB,0.8442622950819673,3,c0370eb86fd13aca,f9f4ccc4d094f0e1,True,,JPEG
t0_0253,Training/notumor/Tr-no_264.jpg,C:\Users\pedro\Desktop\Projeto do TCC\Brain Tumor MRI Dataset\Training\notumor\Tr-no_264.jpg,notumor,.jpg,train,7600,b10cac313e55aab0da2c7445d973c89ccb32603fddcbc9b4c4ea14db1f7e9fbc,206,244,RGB,0.8442622950819673,3,c0370eb86fd13aca,f9f4ccc4d090f0e1,True,,JPEG
t0_0253,Training/notumor/Tr-no_996.jpg,C:\Users\pedro\Desktop\Projeto do TCC\Brain Tumor MRI Dataset\Training\notumor\Tr-no_996.jpg,notumor,.jpg,train,10128,d1e83afe507db54907646f7b17ad524d821efa3e19343532712870a6c381b339,206,244,RGB,0.8442622950819673,3,c0370eb86fd13aca,f9f4ccc4d094f0e1,True,,JPEG
t0_0254,Testing/notumor/Te-no_27.jpg,C:\Users\pedro\Desktop\Projeto do TCC\Brain Tumor MRI Dataset\Testing\notumor\Te-no_27.jpg,notumor,.jpg,test,10532,0535faef8329085b1e6421d9f17e8c7f83127816140323e531c923fe8003c42f,194,259,RGB,0.749034749034749,3,82997bb22d487de4,79d8e8e8cccce071,True,,JPEG
t0_0254,Testing/notumor/Te-no_64.jpg,C:\Users\pedro\Desktop\Projeto do TCC\Brain Tumor MRI Dataset\Testing\notumor\Te-no_64.jpg,notumor,.jpg,test,10413,fd0d2831396fc7676fe2872309985064ecde76e5526bd10a4c0792d6c1c39bd5,194,259,RGB,0.749034749034749,3,82997bb22f4875e4,79d8e8e8cccce071,True,,JPEG
t0_0254,Training/notumor/Tr-no_896.jpg,C:\Users\pedro\Desktop\Projeto do TCC\Brain Tumor MRI Dataset\Training\notumor\Tr-no_896.jpg,notumor,.jpg,train,10497,410e3ae47ad56ed269b81be74e42519dfaba661fd9429449b21dc0d505533bb9,194,259,RGB,0.749034749034749,3,82997bb22d487de4,79d8e8e8cccce071,True,,JPEG
t0_0255,Testing/notumor/Te-no_272.jpg,C:\Users\pedro\Desktop\Projeto do TCC\Brain Tumor MRI Dataset\Testing\notumor\Te-no_272.jpg,notumor,.jpg,test,7223,0ba589063521e0a143aa504a7857d1cb32254c01213868a8bd31b130de66b841,228,221,RGB,1.0316742081447965,3,c8d03f8f2c8e7998,61d0f8f0d0f06170,True,,JPEG
t0_0255,Testing/notumor/Te-no_79.jpg,C:\Users\pedro\Desktop\Projeto do TCC\Brain Tumor MRI Dataset\Testing\notumor\Te-no_79.jpg,notumor,.jpg,test,7134,86d244171a6de8c060fcc1886c0c56d1ce253e32848573cbdb7b60f5d86f028a,228,221,RGB,1.0316742081447965,3,c8d03f8f2c8e7998,61d0f8f0d0f06170,True,,JPEG
t0_0256,Testing/notumor/Te-no_273.jpg,C:\Users\pedro\Desktop\Projeto do TCC\Brain Tumor MRI Dataset\Testing\notumor\Te-no_273.jpg,notumor,.jpg,test,11934,2481a26357f85d52f2bd6bf80ec97c520ce545c634cd79399a0e4e60f76e2476,208,242,RGB,0.859504132231405,3,c6e11c047b4fcb87,f888ccccccecece8,True,,JPEG
t0_0256,Training/notumor/Tr-no_618.jpg,C:\Users\pedro\Desktop\Projeto do TCC\Brain Tumor MRI Dataset\Training\notumor\Tr-no_618.jpg,notumor,.jpg,train,12066,0841062307b8a925d89cae0ddadb015d9213153952aad7490b6c9c7df5864e77,208,242,RGB,0.859504132231405,3,c2e11c047b4fcf87,f888ccccccecece8,True,,JPEG
t0_0256,Training/notumor/Tr-no_826.jpg,C:\Users\pedro\Desktop\Projeto do TCC\Brain Tumor MRI Dataset\Training\notumor\Tr-no_826.jpg,notumor,.jpg,train,19488,07066a9fbd5996b6a2db1f21ad2cb12f9c324e68619eaea954ea610b216b217f,208,242,RGB,0.859504132231405,3,c2e11c047b4fcf87,f888ccccccece4e8,True,,JPEG
t0_0257,Testing/notumor/Te-no_277.jpg,C:\Users\pedro\Desktop\Projeto do TCC\Brain Tumor MRI Dataset\Testing\notumor\Te-no_277.jpg,notumor,.jpg,test,7461,8604d28ecdf53fc9c4836bb1f77880f8b1220c6d344c8a6c464c4bb08571a663,177,197,RGB,0.8984771573604061,3,c36c6ce33c1c32cb,71e8e8e8e8cce871,True,,JPEG
t0_0257,Training/notumor/Tr-no_1133.jpg,C:\Users\pedro\Desktop\Projeto do TCC\Brain Tumor MRI Dataset\Training\notumor\Tr-no_1133.jpg,notumor,.jpg,train,6039,111aeacdd05f0a5d85933516c514f1f9626b4ac9a81438c0609847a2efddfa99,177,197,RGB,0.8984771573604061,3,c36c6ce33c1c32cb,71e8e8e8e8cce871,True,,JPEG
t0_0257,Training/notumor/Tr-no_1272.jpg,C:\Users\pedro\Desktop\Projeto do TCC\Brain Tumor MRI Dataset\Training\notumor\Tr-no_1272.jpg,notumor,.jpg,train,7328,14ef06b0b1863b247fdd4e305826bf78df0d7861d7cf0d0cd2b3d0cb4fc09b3b,177,197,RGB,0.8984771573604061,3,c36c6ce33c3c30cb,71e8e8e8e8cce871,True,,JPEG
t0_0258,Testing/notumor/Te-no_28.jpg,C:\Users\pedro\Desktop\Projeto do TCC\Brain Tumor MRI Dataset\Testing\notumor\Te-no_28.jpg,notumor,.jpg,test,7965,46cb5155d1236ea9aa83cc8267a98df7c6e553609ba60c01931712955097cbe2,225,225,RGB,1.0,3,970e3ee0788b6137,70f0c8c8ccccf070,True,,JPEG
t0_0258,Training/notumor/Tr-no_1284.jpg,C:\Users\pedro\Desktop\Projeto do TCC\Brain Tumor MRI Dataset\Training\notumor\Tr-no_1284.jpg,notumor,.jpg,train,7395,2a85269a7484f04608c93c57c46bfd8f28a0c411189cd5cb2d1eb4e13be1a42a,225,225,RGB,1.0,3,970e3ee0689b6137,70f0c8c8ccccf070,True,,JPEG
t0_0259,Testing/notumor/Te-no_280.jpg,C:\Users\pedro\Desktop\Projeto do TCC\Brain Tumor MRI Dataset\Testing\notumor\Te-no_280.jpg,notumor,.jpg,test,12634,b4a18f3902b03ea6398c4fe2b9d8579d8227389a28d366818a84c68bffb367d0,208,242,RGB,0.859504132231405,3,91ee4e9c738b4d14,69c4c8ddccf0f0d0,True,,JPEG
t0_0259,Testing/notumor/Te-no_343.jpg,C:\Users\pedro\Desktop\Projeto do TCC\Brain Tumor MRI Dataset\Testing\notumor\Te-no_343.jpg,notumor,.jpg,test,12533,aee63f2e2951c00ec01e908678011066364c8fe01ebfd30d4884a4e2c3dc621a,208,242,RGB,0.859504132231405,3,91ee4e9c738b4d14,69c4c8ddccb0f0d0,True,,JPEG
t0_0260,Testing/notumor/Te-no_281.jpg,C:\Users\pedro\Desktop\Projeto do TCC\Brain Tumor MRI Dataset\Testing\notumor\Te-no_281.jpg,notumor,.jpg,test,7468,335734a53bb7b0e40e80fb3a9b48581ea07d6fe359d8418f8a1fcc33576408d0,206,244,RGB,0.8442622950819673,3,95625bec3a846a9e,60d0ccc4f4d2f078,True,,JPEG
t0_0260,Training/notumor/Tr-no_1346.jpg,C:\Users\pedro\Desktop\Projeto do TCC\Brain Tumor MRI Dataset\Training\notumor\Tr-no_1346.jpg,notumor,.jpg,train,7041,fa0c1c4fb6eabf57c61ae1afd2f24efd5aa69d47a6df7d468579cdee91a86c8a,206,244,RGB,0.8442622950819673,3,95625bec3a84689f,60d0ccc4f4d2f078,True,,JPEG
t0_0260,Training/notumor/Tr-no_1347.jpg,C:\Users\pedro\Desktop\Projeto do TCC\Brain Tumor MRI Dataset\Training\notumor\Tr-no_1347.jpg,notumor,.jpg,train,6895,8a7eb14a7e419d4a71874ff2da3bf8a0e56b44d237f558720f9ad516f27b151c,206,244,RGB,0.8442622950819673,3,95625bec3a846a9e,60d0ccc4f4d2f078,True,,JPEG
t0_0260,Training/notumor/Tr-no_61.jpg,C:\Users\pedro\Desktop\Projeto do TCC\Brain Tumor MRI Dataset\Training\notumor\Tr-no_61.jpg,notumor,.jpg,train,5033,0223943a2b28b7ae5e7836f590dc9d3576b2b80202392a3692f2b4df830ab50e,206,244,RGB,0.8442622950819673,3,95625bec3a846a9e,60d0ccc4f4d2f078,True,,JPEG
t0_0260,Training/notumor/Tr-no_748.jpg,C:\Users\pedro\Desktop\Projeto do TCC\Brain Tumor MRI Dataset\Training\notumor\Tr-no_748.jpg,notumor,.jpg,train,6890,1282b728ea8af80b1d72048d4535d7dc555e03caad8f6a8bd5deb03f9f3084e6,206,244,RGB,0.8442622950819673,3,95625bec3a846a9e,60d0ccc4f4d2f078,True,,JPEG
t0_0260,Training/notumor/Tr-no_889.jpg,C:\Users\pedro\Desktop\Projeto do TCC\Brain Tumor MRI Dataset\Training\notumor\Tr-no_889.jpg,notumor,.jpg,train,7041,fa0c1c4fb6eabf57c61ae1afd2f24efd5aa69d47a6df7d468579cdee91a86c8a,206,244,RGB,0.8442622950819673,3,95625bec3a84689f,60d0ccc4f4d2f078,True,,JPEG
t0_0261,Testing/notumor/Te-no_282.jpg,C:\Users\pedro\Desktop\Projeto do TCC\Brain Tumor MRI Dataset\Testing\notumor\Te-no_282.jpg,notumor,.jpg,test,10827,0cbeaa585e77bfea048bde8655cc097ad2cead1dd863ad11667ecafbc56eb863,225,225,RGB,1.0,3,c6b4386b31b8e1b6,3371ecece8e86171,True,,JPEG
t0_0261,Testing/notumor/Te-no_326.jpg,C:\Users\pedro\Desktop\Projeto do TCC\Brain Tumor MRI Dataset\Testing\notumor\Te-no_326.jpg,notumor,.jpg,test,10680,e35799cb2b818f86a36b62bc33779f8fb019bf8fc1c4fb60ed9166316ededf6c,225,225,RGB,1.0,3,c6b4396b31a8e1b6,3371ecece8e86171,True,,JPEG
t0_0261,Testing/notumor/Te-no_57.jpg,C:\Users\pedro\Desktop\Projeto do TCC\Brain Tumor MRI Dataset\Testing\notumor\Te-no_57.jpg,notumor,.jpg,test,10790,c3ced0772b5267ea953abc433f0a367bbc65b7957678c8b37b337a32745e900b,225,225,RGB,1.0,3,c6b4396b31a8e1b6,3371ecece8e86171,True,,JPEG
t0_0261,Training/notumor/Tr-no_1294.jpg,C:\Users\pedro\Desktop\Projeto do TCC\Brain Tumor MRI Dataset\Training\notumor\Tr-no_1294.jpg,notumor,.jpg,train,10808,1e8c600c9e7421f1308e2d10a8854ba8b86e52d312dbce15358948bcc9c901fd,225,225,RGB,1.0,3,c6b4396b31a8e1b6,3371ecece8e86171,True,,JPEG
t0_0262,Testing/notumor/Te-no_284.jpg,C:\Users\pedro\Desktop\Projeto do TCC\Brain Tumor MRI Dataset\Testing\notumor\Te-no_284.jpg,notumor,.jpg,test,10160,f75e20a805f371c6d5e26401f6a5e6cdf991eae503dd3bc648158f68915ce3d2,225,225,RGB,1.0,3,c26b2db435d3313c,73f1c8ccd4d4f171,True,,JPEG
t0_0262,Training/notumor/Tr-no_1127.jpg,C:\Users\pedro\Desktop\Projeto do TCC\Brain Tumor MRI Dataset\Training\notumor\Tr-no_1127.jpg,notumor,.jpg,train,10651,a3fbebe743b82a3cfdfc22ba77aecec7867a8e773cb7b4a6ef05896a2b0bde8e,225,225,RGB,1.0,3,c26b2db435d3313c,73f1c8ccd4d4f171,True,,JPEG
t0_0263,Testing/notumor/Te-no_286.jpg,C:\Users\pedro\Desktop\Projeto do TCC\Brain Tumor MRI Dataset\Testing\notumor\Te-no_286.jpg,notumor,.jpg,test,6871,88e225b7f280c09382a4378156be3a32d1b63db11ed70f12abe834b49e68078e,232,217,RGB,1.0691244239631337,3,cb9c3ce13267c332,007071d0d8e16000,True,,JPEG
t0_0263,Testing/notumor/Te-no_346.jpg,C:\Users\pedro\Desktop\Projeto do TCC\Brain Tumor MRI Dataset\Testing\notumor\Te-no_346.jpg,notumor,.jpg,test,6859,3f6ff3052a2226ff9ada9dde278932cfc77baf2ff4ad183ad8dd52482e75f24e,232,217,RGB,1.0691244239631337,3,cb9c3ce13267c332,007071d0d8e16000,True,,JPEG
t0_0263,Training/notumor/Tr-no_444.jpg,C:\Users\pedro\Desktop\Projeto do TCC\Brain Tumor MRI Dataset\Training\notumor\Tr-no_444.jpg,notumor,.jpg,train,6930,96c0b12ceaca65c8647e28dd45d269f3c320b99784bad067ebaf03f1c264a11d,232,217,RGB,1.0691244239631337,3,cb9c3ce13267c332,007071d0d8f16000,True,,JPEG
t0_0264,Testing/notumor/Te-no_287.jpg,C:\Users\pedro\Desktop\Projeto do TCC\Brain Tumor MRI Dataset\Testing\notumor\Te-no_287.jpg,notumor,.jpg,test,6543,fd124b9a5b67b46cd5a2309a028a4c2b55f70505b4aeda146cc81c7660101152,192,192,RGB,1.0,3,971878e3650c67f2,327174f4ccd470b0,True,,JPEG
t0_0264,Training/notumor/Tr-no_367.jpg,C:\Users\pedro\Desktop\Projeto do TCC\Brain Tumor MRI Dataset\Training\notumor\Tr-no_367.jpg,notumor,.jpg,train,6653,aa56085d96a183736b9b934fe058814cce8486e6e56f7b99ed00f1a20e83ba3c,192,192,RGB,1.0,3,971878e3650c67f2,327174f4ccd470b0,True,,JPEG
t0_0265,Testing/notumor/Te-no_288.jpg,C:\Users\pedro\Desktop\Projeto do TCC\Brain Tumor MRI Dataset\Testing\notumor\Te-no_288.jpg,notumor,.jpg,test,8214,e81dc213af82dd767843da1fece52fc410277aac66c908607b6fabfe139e0746,235,214,RGB,1.0981308411214954,3,855e7ae0796136a5,71e8e4d4d4ece8f0,True,,JPEG
t0_0265,Training/notumor/Tr-no_1350.jpg,C:\Users\pedro\Desktop\Projeto do TCC\Brain Tumor MRI Dataset\Training\notumor\Tr-no_1350.jpg,notumor,.jpg,train,8287,46896e51c880f82814f80ba9176c246e64c25ea3f2c8a001e6198a70f9a2418f,235,214,RGB,1.0981308411214954,3,855e7ae0796136a5,71e8e4d4d4ece8f0,True,,JPEG
t0_0265,Training/notumor/Tr-no_1367.jpg,C:\Users\pedro\Desktop\Projeto do TCC\Brain Tumor MRI Dataset\Training\notumor\Tr-no_1367.jpg,notumor,.jpg,train,8353,77c03bf0bdbf7d7f70c89b85855d4d3a299bb0bcc74f931641d9620b274e9e0b,235,214,RGB,1.0981308411214954,3,855e7ae0796136a5,71e8e4d4d4ece8f0,True,,JPEG
t0_0265,Training/notumor/Tr-no_164.jpg,C:\Users\pedro\Desktop\Projeto do TCC\Brain Tumor MRI Dataset\Training\notumor\Tr-no_164.jpg,notumor,.jpg,train,12864,c41a3a80c2b79e5aa8ab08f5773bcf1df8e4d75511a50676895cd77f4965a7d7,235,214,RGB,1.0981308411214954,3,855e7ae07a613ca5,71e8e4d4d4ece8f0,True,,JPEG
t0_0266,Testing/notumor/Te-no_289.jpg,C:\Users\pedro\Desktop\Projeto do TCC\Brain Tumor MRI Dataset\Testing\notumor\Te-no_289.jpg,notumor,.jpg,test,9675,e74d396c05403aa3c9b6bb4d18c7efc66ac7ce338162218958a506521e16f9fb,207,243,RGB,0.8518518518518519,3,d30b0edd3f332c18,61c8c8c8ccc8d8f1,True,,JPEG
t0_0266,Testing/notumor/Te-no_350.jpg,C:\Users\pedro\Desktop\Projeto do TCC\Brain Tumor MRI Dataset\Testing\notumor\Te-no_350.jpg,notumor,.jpg,test,9810,c53310fed44fcf3403391bbc879c780dcdd0235c82c815b355e1ffa7b4e6d5c2,207,243,RGB,0.8518518518518519,3,d30b0edd3f332c18,61c8c8c8ccc8d8f1,True,,JPEG
t0_0266,Training/notumor/Tr-no_775.jpg,C:\Users\pedro\Desktop\Projeto do TCC\Brain Tumor MRI Dataset\Training\notumor\Tr-no_775.jpg,notumor,.jpg,train,9774,490f753826a6343e78d82eb39d7f08ae43ed1a87fa10212d5592678b1dd76943,207,243,RGB,0.8518518518518519,3,d30b0edd3f332c18,61c8c8c8ccc8d8f1,True,,JPEG
t0_0267,Testing/notumor/Te-no_29.jpg,C:\Users\pedro\Desktop\Projeto do TCC\Brain Tumor MRI Dataset\Testing\notumor\Te-no_29.jpg,notumor,.jpg,test,4738,825542487ece46cac679016967f23c0771977b3d97f348b57d88267b7d100351,300,168,RGB,1.7857142857142858,3,cf30386731676ca6,30b07169697169b2,True,,JPEG
t0_0267,Testing/notumor/Te-no_352.jpg,C:\Users\pedro\Desktop\Projeto do TCC\Brain Tumor MRI Dataset\Testing\notumor\Te-no_352.jpg,notumor,.jpg,test,4845,6f6b4e90d1242f78ce866f2348707df640a91b845d2049b5e7354d3257784fe4,300,168,RGB,1.7857142857142858,3,cf30386731676c36,30b07169697169b2,True,,JPEG
t0_0268,Testing/notumor/Te-no_290.jpg,C:\Users\pedro\Desktop\Projeto do TCC\Brain Tumor MRI Dataset\Testing\notumor\Te-no_290.jpg,notumor,.jpg,test,8187,4a2e16e02227e5d756662b4a1ea5adae753a6119fe631f5d2af883e7b1b52b96,225,225,RGB,1.0,3,cec638393139e3c6,1361e8e0f0717133,True,,JPEG
t0_0268,Training/notumor/Tr-no_72.jpg,C:\Users\pedro\Desktop\Projeto do TCC\Brain Tumor MRI Dataset\Training\notumor\Tr-no_72.jpg,notumor,.jpg,train,8006,a35fa2f008fae05b592a376704ffb1805f8883e393bee718253d8817bccfe18b,225,225,RGB,1.0,3,cec638393139e3c6,1361e8e0f0717133,True,,JPEG
t0_0269,Testing/notumor/Te-no_291.jpg,C:\Users\pedro\Desktop\Projeto do TCC\Brain Tumor MRI Dataset\Testing\notumor\Te-no_291.jpg,notumor,.jpg,test,9000,bdfb9cd96d1a0542c62ecb307ca032cb139c13b9a3744fdaaf210bb1aeb035cb,228,221,RGB,1.0316742081447965,3,977a6a6569252c33,b078f0f4f0e0f479,True,,JPEG
t0_0269,Training/notumor/Tr-no_1185.jpg,C:\Users\pedro\Desktop\Projeto do TCC\Brain Tumor MRI Dataset\Training\notumor\Tr-no_1185.jpg,notumor,.jpg,train,8757,0278e9fafedb70f3338d0813b1dc4b2793bddfbef955e6a9af860d43d2ecee36,228,221,RGB,1.0316742081447965,3,977a6a6569252c33,b178f0f4f0e0f479,True,,JPEG
t0_0270,Testing/notumor/Te-no_292.jpg,C:\Users\pedro\Desktop\Projeto do TCC\Brain Tumor MRI Dataset\Testing\notumor\Te-no_292.jpg,notumor,.jpg,test,9077,aafa93e0d2c7ff5ba569ba4fb2827a0d2f8de9e504b6a0c665f21b32f9c9acde,201,250,RGB,0.804,3,80a41f477a6e683f,68d4aa9696d4d471,True,,JPEG
t0_0270,Testing/notumor/Te-no_87.jpg,C:\Users\pedro\Desktop\Projeto do TCC\Brain Tumor MRI Dataset\Testing\notumor\Te-no_87.jpg,notumor,.jpg,test,8803,9c8566b89cef0c2467648a9415dbea5b8d6022bbea515d5bbfb6935eb37fdded,201,250,RGB,0.804,3,80a41f477a6e683f,68d4aa9696d4d471,True,,JPEG
t0_0271,Testing/notumor/Te-no_293.jpg,C:\Users\pedro\Desktop\Projeto do TCC\Brain Tumor MRI Dataset\Testing\notumor\Te-no_293.jpg,notumor,.jpg,test,42852,8826a18f0354d2522083e6195bf793452bcf89fd63fe638167607322a6bc5735,550,664,RGB,0.8283132530120482,3,d2c82f0f3d3638e2,70e0c8dcd8f0cc68,True,,JPEG
t0_0271,Training/notumor/Tr-no_968.jpg,C:\Users\pedro\Desktop\Projeto do TCC\Brain Tumor MRI Dataset\Training\notumor\Tr-no_968.jpg,notumor,.jpg,train,46275,27c9acaa0b75f4e86a4dfd8a1bdc1063e867598257e3b36365561a4c06ec37d7,550,664,RGB,0.8283132530120482,3,d2c82f0f3d3638e2,70e0c8dcd8f0cc68,True,,JPEG
t0_0272,Testing/notumor/Te-no_295.jpg,C:\Users\pedro\Desktop\Projeto do TCC\Brain Tumor MRI Dataset\Testing\notumor\Te-no_295.jpg,notumor,.jpg,test,7633,8e300af04a1c9b826b8d260c098e2f1dad04ae448fb331cf8556641a269f7a4c,228,221,RGB,1.0316742081447965,3,c22f2df074931cda,60e1e8c8cce8d870,True,,JPEG
t0_0272,Training/notumor/Tr-no_1316.jpg,C:\Users\pedro\Desktop\Projeto do TCC\Brain Tumor MRI Dataset\Training\notumor\Tr-no_1316.jpg,notumor,.jpg,train,11520,b7c27d5f1a82137601cc7630779fe2aa120bd9cfd9ddf3a2607c86255de7c9f0,228,221,RGB,1.0316742081447965,3,c22f2df074931cda,60e1e8c8cce8d870,True,,JPEG
t0_0272,Training/notumor/Tr-no_475.jpg,C:\Users\pedro\Desktop\Projeto do TCC\Brain Tumor MRI Dataset\Training\notumor\Tr-no_475.jpg,notumor,.jpg,train,11520,b7c27d5f1a82137601cc7630779fe2aa120bd9cfd9ddf3a2607c86255de7c9f0,228,221,RGB,1.0316742081447965,3,c22f2df074931cda,60e1e8c8cce8d870,True,,JPEG
t0_0272,Training/notumor/Tr-no_701.jpg,C:\Users\pedro\Desktop\Projeto do TCC\Brain Tumor MRI Dataset\Training\notumor\Tr-no_701.jpg,notumor,.jpg,train,8015,15de12ab703d346ae376cd9733744eb06e094ff88fd36ce13f276aeed31b806e,228,221,RGB,1.0316742081447965,3,c22f2df074931cda,60e1e8c8cce8d870,True,,JPEG
t0_0272,Training/notumor/Tr-no_867.jpg,C:\Users\pedro\Desktop\Projeto do TCC\Brain Tumor MRI Dataset\Training\notumor\Tr-no_867.jpg,notumor,.jpg,train,7675,93171133cad17dcc6a31c80aca685a9a5ffec083cbddcb3be5242547a19b3962,228,221,RGB,1.0316742081447965,3,c22f2df074931cda,60e1e8c8cce8d870,True,,JPEG
t0_0272,Training/notumor/Tr-no_984.jpg,C:\Users\pedro\Desktop\Projeto do TCC\Brain Tumor MRI Dataset\Training\notumor\Tr-no_984.jpg,notumor,.jpg,train,5868,173a41b949f0af0ea4e90b335de0e1885e92e9ad296cd59ab88646ac39e17fc7,228,221,RGB,1.0316742081447965,3,c22f2df074931cda,60e1e8c8cce8d870,True,,JPEG
t0_0273,Testing/notumor/Te-no_298.jpg,C:\Users\pedro\Desktop\Projeto do TCC\Brain Tumor MRI Dataset\Testing\notumor\Te-no_298.jpg,notumor,.jpg,test,22495,1b19bf20364894e5435a1eb93791eea0499cb9b1e51a2687ea231775eeb60301,642,361,RGB,1.778393351800554,3,cf383cc336639893,b0717169e9f16170,True,,JPEG
t0_0273,Testing/notumor/Te-no_319.jpg,C:\Users\pedro\Desktop\Projeto do TCC\Brain Tumor MRI Dataset\Testing\notumor\Te-no_319.jpg,notumor,.jpg,test,7530,073bba96a776f5a2ffcb6c84782e8908bc372c478d80a928f0d49587a3a3e385,300,168,RGB,1.7857142857142858,3,cf383cc236679893,f0717169e9f16170,True,,JPEG
t0_0273,Training/notumor/Tr-no_1296.jpg,C:\Users\pedro\Desktop\Projeto do TCC\Brain Tumor MRI Dataset\Training\notumor\Tr-no_1296.jpg,notumor,.jpg,train,23519,2377035d0d8766afc086440b729c815b7db06001abdcf6a6ecc0149326f41851,642,361,RGB,1.778393351800554,3,cf383cc336639893,f0717169e9f16170,True,,JPEG
t0_0274,Testing/notumor/Te-no_299.jpg,C:\Users\pedro\Desktop\Projeto do TCC\Brain Tumor MRI Dataset\Testing\notumor\Te-no_299.jpg,notumor,.jpg,test,7842,8f32f8c179b5c2a49617237281b2b69de7ec49f943cdaf6a7aa71b4159b3ecbf,228,221,RGB,1.0316742081447965,3,977a78a521c6498f,b878e8ecccc8e471,True,,JPEG
t0_0274,Testing/notumor/Te-no_312.jpg,C:\Users\pedro\Desktop\Projeto do TCC\Brain Tumor MRI Dataset\Testing\notumor\Te-no_312.jpg,notumor,.jpg,test,8035,b7c762864deb4ef105fca841b5a1afe0e9e808120c7b8108c424834115db4b83,228,221,RGB,1.0316742081447965,3,977a78a521c6498f,b878e8ecccc8e471,True,,JPEG
t0_0274,Training/notumor/Tr-no_1389.jpg,C:\Users\pedro\Desktop\Projeto do TCC\Brain Tumor MRI Dataset\Training\notumor\Tr-no_1389.jpg,notumor,.jpg,train,8015,c3c288a174cbc69b5bba653fddc67c3f16cb1915be24442611d36929e695cd5b,228,221,RGB,1.0316742081447965,3,977a78a521c6498f,b878e8ecccc8e471,True,,JPEG
t0_0275,Testing/notumor/Te-no_3.jpg,C:\Users\pedro\Desktop\Projeto do TCC\Brain Tumor MRI Dataset\Testing\notumor\Te-no_3.jpg,notumor,.jpg,test,19367,8c456383de5bc89b4a058786d65ba3700414ea08c62c317d0fcc8ee7f2e7d830,208,242,RGB,0.859504132231405,3,97b449512e1a9fd2,e0ccccccccc8d8e8,True,,JPEG
t0_0275,Testing/notumor/Te-no_381.jpg,C:\Users\pedro\Desktop\Projeto do TCC\Brain Tumor MRI Dataset\Testing\notumor\Te-no_381.jpg,notumor,.jpg,test,11924,0011de7faaf7597aec4b3d1ec2db09f248631d63bfb642132000175e10f9dd92,208,242,RGB,0.859504132231405,3,97b449512e1a9fd2,e0ceccccccc8c8e0,True,,JPEG
t0_0275,Training/notumor/Tr-no_937.jpg,C:\Users\pedro\Desktop\Projeto do TCC\Brain Tumor MRI Dataset\Training\notumor\Tr-no_937.jpg,notumor,.jpg,train,12034,2e8f3621ffd3aca8f681bea21f60c6af8958877fc6dcee69e02b5df94e114b36,208,242,RGB,0.859504132231405,3,97b449512e1a9fd2,e0ceccccccc8c8e0,True,,JPEG
t0_0276,Testing/notumor/Te-no_300.jpg,C:\Users\pedro\Desktop\Projeto do TCC\Brain Tumor MRI Dataset\Testing\notumor\Te-no_300.jpg,notumor,.jpg,test,7857,663191f5774d2101421ac6034c9a60dd569aaf8a6df8eedf38f1eee26a191133,150,198,RGB,0.7575757575757576,3,93fd1d8012451bdf,d48a554d4dc8f2dc,True,,JPEG
t0_0276,Testing/notumor/Te-no_99.jpg,C:\Users\pedro\Desktop\Projeto do TCC\Brain Tumor MRI Dataset\Testing\notumor\Te-no_99.jpg,notumor,.jpg,test,8040,583d91c9708936ed72400298ee33dbf0f5903e5a0a62b7a5bc006bf0a5f0a7e3,150,198,RGB,0.7575757575757576,3,97fd1d8012451adf,d48a554d4dc8f2dc,True,,JPEG
t0_0276,Training/notumor/Tr-no_1123.jpg,C:\Users\pedro\Desktop\Projeto do TCC\Brain Tumor MRI Dataset\Training\notumor\Tr-no_1123.jpg,notumor,.jpg,train,7576,f71a379e1d54e9eea8f531389fabc0915f6bdd6dba69659bc21b2ee2de9b6b32,150,198,RGB,0.7575757575757576,3,97fd1d8012451adf,d48a554d4dc8f2dc,True,,JPEG
t0_0276,Training/notumor/Tr-no_149.jpg,C:\Users\pedro\Desktop\Projeto do TCC\Brain Tumor MRI Dataset\Training\notumor\Tr-no_149.jpg,notumor,.jpg,train,7561,13b6227c7aa1df2940de091d9b5a0287feb6236d775ae3a1d38737f759aab821,150,198,RGB,0.7575757575757576,3,97fd1d8012451adf,d48a554d4dc8f2dc,True,,JPEG
t0_0277,Testing/notumor/Te-no_301.jpg,C:\Users\pedro\Desktop\Projeto do TCC\Brain Tumor MRI Dataset\Testing\notumor\Te-no_301.jpg,notumor,.jpg,test,11756,229a9cb596bb8c38bc6ff0bca530ebc255ddcba6c8db546a3754355a89556eaa,208,242,RGB,0.859504132231405,3,c20e1cfb3bb0ca78,e8ececcccccc88f8,True,,JPEG
t0_0277,Testing/notumor/Te-no_308.jpg,C:\Users\pedro\Desktop\Projeto do TCC\Brain Tumor MRI Dataset\Testing\notumor\Te-no_308.jpg,notumor,.jpg,test,11747,fe2c4a60ad4af058a8920fbf50bada00152b94b48bd71e4ee853ee199a0050dc,208,242,RGB,0.859504132231405,3,c20e1cfb3bb0ca78,e8ececcccccc88f8,True,,JPEG
t0_0277,Training/notumor/Tr-no_1057.jpg,C:\Users\pedro\Desktop\Projeto do TCC\Brain Tumor MRI Dataset\Training\notumor\Tr-no_1057.jpg,notumor,.jpg,train,19183,64491133e54022954317a012d8ab85e0932dd06b361d39b2f3a46dd7d808032c,208,242,RGB,0.859504132231405,3,c20e1cfb3bb0ca78,e8e4eccccccc88f8,True,,JPEG
t0_0277,Training/notumor/Tr-no_974.jpg,C:\Users\pedro\Desktop\Projeto do TCC\Brain Tumor MRI Dataset\Training\notumor\Tr-no_974.jpg,notumor,.jpg,train,11766,c6eab5a180a3db800d5eeb4531d01b57ae5aa432171cfafa8b1f8cfecfed4c53,208,242,RGB,0.859504132231405,3,c20e1cfb3bb0ca78,e8ececcccccc88f8,True,,JPEG
t0_0278,Testing/notumor/Te-no_307.jpg,C:\Users\pedro\Desktop\Projeto do TCC\Brain Tumor MRI Dataset\Testing\notumor\Te-no_307.jpg,notumor,.jpg,test,29116,f1089fa5398e9ac8e2ae5363338b79e9a52097f2d97db901cc1392b8e2181acd,400,442,RGB,0.9049773755656108,3,d3902f4e306d6667,71e8c8cccce8f032,True,,JPEG
t0_0278,Training/notumor/Tr-no_160.jpg,C:\Users\pedro\Desktop\Projeto do TCC\Brain Tumor MRI Dataset\Training\notumor\Tr-no_160.jpg,notumor,.jpg,train,21051,6ba1c1f8fd72214b603ab1b654d8a01b36c4e903226b58190da2f614eb348077,400,442,RGB,0.9049773755656108,3,d3902f4e306d6667,71e8c8cccce8f032,True,,JPEG
t0_0278,Training/notumor/Tr-no_83.jpg,C:\Users\pedro\Desktop\Projeto do TCC\Brain Tumor MRI Dataset\Training\notumor\Tr-no_83.jpg,notumor,.jpg,train,21155,1b4a6568da8580f8bb597211cb2edc505efae4cfc9cabcd78eeea2a081fe6724,400,442,RGB,0.9049773755656108,3,d3902f4e306d6667,71e8c8cccce8f032,True,,JPEG
t0_0279,Testing/notumor/Te-no_309.jpg,C:\Users\pedro\Desktop\Projeto do TCC\Brain Tumor MRI Dataset\Testing\notumor\Te-no_309.jpg,notumor,.jpg,test,20298,4c06456203de0b34d2cc8f7f7de1aee333d8158bbe1071539c897342c4baacdd,512,512,RGB,1.0,3,967a6aa568c321cf,3169f0e8dcdce871,True,,JPEG
t0_0279,Training/notumor/Tr-no_304.jpg,C:\Users\pedro\Desktop\Projeto do TCC\Brain Tumor MRI Dataset\Training\notumor\Tr-no_304.jpg,notumor,.jpg,train,34775,ee17905768c01705c6abcc330d664f063c5ceada4e3ea6722be796cc9bc9986f,512,512,RGB,1.0,3,967a6ea568c3218f,3169f0e8dcdce871,True,,JPEG
t0_0279,Training/notumor/Tr-no_916.jpg,C:\Users\pedro\Desktop\Projeto do TCC\Brain Tumor MRI Dataset\Training\notumor\Tr-no_916.jpg,notumor,.jpg,train,34775,ee17905768c01705c6abcc330d664f063c5ceada4e3ea6722be796cc9bc9986f,512,512,RGB,1.0,3,967a6ea568c3218f,3169f0e8dcdce871,True,,JPEG
t0_0280,Testing/notumor/Te-no_31.jpg,C:\Users\pedro\Desktop\Projeto do TCC\Brain Tumor MRI Dataset\Testing\notumor\Te-no_31.jpg,notumor,.jpg,test,23755,a81f7e980d7a7c505c767f190fcfe9a1a26d95d37a2b47eb298189f17c2664fc,468,444,RGB,1.054054054054054,3,c22f2b343f603f70,70f1e8e8a8c4d4c9,True,,JPEG
t0_0280,Training/notumor/Tr-no_1075.jpg,C:\Users\pedro\Desktop\Projeto do TCC\Brain Tumor MRI Dataset\Training\notumor\Tr-no_1075.jpg,notumor,.jpg,train,23028,bd8280d85bf403a6647487a1911e3045e1b4a094a01de18aa0c3ef67c6fd0f3d,468,444,RGB,1.054054054054054,3,c23d2b343f603f70,70f1e8e8a8c4d4c9,True,,JPEG
t0_0280,Training/notumor/Tr-no_1330.jpg,C:\Users\pedro\Desktop\Projeto do TCC\Brain Tumor MRI Dataset\Training\notumor\Tr-no_1330.jpg,notumor,.jpg,train,28639,1180fefcd5ba2a8f43c541c3158c3d6b3edb8309eab8dc9c61f109d10d5b5050,468,444,RGB,1.054054054054054,3,c22f2b343f603f70,70f1e8e8a8c4d4c9,True,,JPEG
t0_0280,Training/notumor/Tr-no_825.jpg,C:\Users\pedro\Desktop\Projeto do TCC\Brain Tumor MRI Dataset\Training\notumor\Tr-no_825.jpg,notumor,.jpg,train,28639,1180fefcd5ba2a8f43c541c3158c3d6b3edb8309eab8dc9c61f109d10d5b5050,468,444,RGB,1.054054054054054,3,c22f2b343f603f70,70f1e8e8a8c4d4c9,True,,JPEG
t0_0281,Testing/notumor/Te-no_310.jpg,C:\Users\pedro\Desktop\Projeto do TCC\Brain Tumor MRI Dataset\Testing\notumor\Te-no_310.jpg,notumor,.jpg,test,31038,64e98777753045eeeb185ea5112c60bc972802ac3143d8bca3f087ea1d3066f4,468,444,RGB,1.054054054054054,3,97877a9e6a8a688a,68d4d4e8e8e07031,True,,JPEG
t0_0281,Training/notumor/Tr-no_641.jpg,C:\Users\pedro\Desktop\Projeto do TCC\Brain Tumor MRI Dataset\Training\notumor\Tr-no_641.jpg,notumor,.jpg,train,32632,000fc159d99f54d7f29d4e7c505e77c8854fd837a8a0eb10f616945024bd3876,468,444,RGB,1.054054054054054,3,97877a9e6a8a688a,68d4d4e8e8e07031,True,,JPEG
t0_0282,Testing/notumor/Te-no_311.jpg,C:\Users\pedro\Desktop\Projeto do TCC\Brain Tumor MRI Dataset\Testing\notumor\Te-no_311.jpg,notumor,.jpg,test,9069,db9e5d5c901a9e8718c183fce12e4a0f68d625e9e78653033edec15e639ae6e0,228,221,RGB,1.0316742081447965,3,c0d03f8f3c8e3999,61d0f8f0d0f0e170,True,,JPEG
t0_0282,Training/notumor/Tr-no_114.jpg,C:\Users\pedro\Desktop\Projeto do TCC\Brain Tumor MRI Dataset\Training\notumor\Tr-no_114.jpg,notumor,.jpg,train,9323,f015cab76c9b8378ef66902ba7829a46925e85719d87f78b3be4dfd897e4ba70,228,221,RGB,1.0316742081447965,3,c0d03f8f3c8e3999,61d0f8f0d0f0e170,True,,JPEG
t0_0283,Testing/notumor/Te-no_314.jpg,C:\Users\pedro\Desktop\Projeto do TCC\Brain Tumor MRI Dataset\Testing\notumor\Te-no_314.jpg,notumor,.jpg,test,8100,a13d0166df71178b51f7a61b12c3043a215aa6ae1fc73f891f5102bf2bfcdd0f,225,225,RGB,1.0,3,973a78656e272926,3271f8ecf4f0d479,True,,JPEG
t0_0283,Training/notumor/Tr-no_220.jpg,C:\Users\pedro\Desktop\Projeto do TCC\Brain Tumor MRI Dataset\Training\notumor\Tr-no_220.jpg,notumor,.jpg,train,6021,f305c895d86e72b70bdf6f2821e2a2b6aecfc7e68439909484bcf3f31309152b,225,225,RGB,1.0,3,973a78656e272926,3271f8e8f4f0d469,True,,JPEG
t0_0283,Training/notumor/Tr-no_666.jpg,C:\Users\pedro\Desktop\Projeto do TCC\Brain Tumor MRI Dataset\Training\notumor\Tr-no_666.jpg,notumor,.jpg,train,11710,1bf4beb75eb2152e7236e838651b88d335ad3f95d8e79cd34e9d15e17f22b0e6,225,225,RGB,1.0,3,973a78656e272926,3271f8e8f4f0d469,True,,JPEG
t0_0283,Training/notumor/Tr-no_890.jpg,C:\Users\pedro\Desktop\Projeto do TCC\Brain Tumor MRI Dataset\Training\notumor\Tr-no_890.jpg,notumor,.jpg,train,7793,9e3ef8b3dacc3d4f92b27370f8ecced01626827073e4e4bd44f8970884f5c791,225,225,RGB,1.0,3,973a78656e272926,3271f8e8f4f0d479,True,,JPEG
t0_0284,Testing/notumor/Te-no_315.jpg,C:\Users\pedro\Desktop\Projeto do TCC\Brain Tumor MRI Dataset\Testing\notumor\Te-no_315.jpg,notumor,.jpg,test,9027,6d8670086cd3782e77ddb604d6f5803400640420236b3af98f3874ee86e7b476,236,236,RGB,1.0,3,937e6d3131ce6431,3069e8e8dcd8e070,True,,JPEG
t0_0284,Training/notumor/Tr-no_760.jpg,C:\Users\pedro\Desktop\Projeto do TCC\Brain Tumor MRI Dataset\Training\notumor\Tr-no_760.jpg,notumor,.jpg,train,6882,4e3bfe7a0603559945c5c2de55311ce6d4269ebb816339bca3f13bd57f565994,236,236,RGB,1.0,3,937e6d3131ce6431,3069e8e8dcd8e070,True,,JPEG
t0_0285,Testing/notumor/Te-no_316.jpg,C:\Users\pedro\Desktop\Projeto do TCC\Brain Tumor MRI Dataset\Testing\notumor\Te-no_316.jpg,notumor,.jpg,test,30714,9f12819961fd3d14062421d46294df3bdbc6bac61f0df99114afea3efa04f8bd,442,454,RGB,0.973568281938326,3,c3cb2d9c34db3231,7161c8c8cccc7133,True,,JPEG
t0_0285,Training/notumor/Tr-no_1013.jpg,C:\Users\pedro\Desktop\Projeto do TCC\Brain Tumor MRI Dataset\Training\notumor\Tr-no_1013.jpg,notumor,.jpg,train,36857,a7594a2a89f734ea6586564609782cddb0c0046c1ae4f2f348890c76eafa9b3e,442,454,RGB,0.973568281938326,3,c3cb2d9c34db3231,7171c8c8cccc7132,True,,JPEG
t0_0285,Training/notumor/Tr-no_1168.jpg,C:\Users\pedro\Desktop\Projeto do TCC\Brain Tumor MRI Dataset\Training\notumor\Tr-no_1168.jpg,notumor,.jpg,train,22482,3417884d961b2682563c8f62839ced0e3697b21ff129ea1823be7811a09ccc19,442,454,RGB,0.973568281938326,3,c3cb2d9c34db3231,7161c8c8cccc7132,True,,JPEG
t0_0285,Training/notumor/Tr-no_1314.jpg,C:\Users\pedro\Desktop\Projeto do TCC\Brain Tumor MRI Dataset\Training\notumor\Tr-no_1314.jpg,notumor,.jpg,train,30061,6ee6a66bde9c2bdff02b49daeceec936aa338c75df519148b7255a391d4a7c2b,442,454,RGB,0.973568281938326,3,c3cb2d9c34db3231,7161c8c8cccc7133,True,,JPEG
t0_0285,Training/notumor/Tr-no_343.jpg,C:\Users\pedro\Desktop\Projeto do TCC\Brain Tumor MRI Dataset\Training\notumor\Tr-no_343.jpg,notumor,.jpg,train,22175,4899e88fcfb9cbc13d3b4bc9528a1bcad65d42500b08a83f2de83e9dc8337b13,442,454,RGB,0.973568281938326,3,c3cb2d9c34db3231,7161c8c8cccc7132,True,,JPEG
t0_0285,Training/notumor/Tr-no_49.jpg,C:\Users\pedro\Desktop\Projeto do TCC\Brain Tumor MRI Dataset\Training\notumor\Tr-no_49.jpg,notumor,.jpg,train,49362,9d1829deb868b91a15dae8b8e5793ff516d6a5529b606adcfc6c3710b3ce3e74,442,454,RGB,0.973568281938326,3,c3cb2d9c34db3231,7161c8c8cccc7133,True,,JPEG
t0_0285,Training/notumor/Tr-no_572.jpg,C:\Users\pedro\Desktop\Projeto do TCC\Brain Tumor MRI Dataset\Training\notumor\Tr-no_572.jpg,notumor,.jpg,train,160131,d8534287064d81600cc5db54606ecd3203df242f66abc35ab251bf7e59e84ccb,442,454,RGBA,0.973568281938326,4,c3cb2d9c34db3231,7161c8c8cccc7132,True,,PNG
t0_0286,Testing/notumor/Te-no_321.jpg,C:\Users\pedro\Desktop\Projeto do TCC\Brain Tumor MRI Dataset\Testing\notumor\Te-no_321.jpg,notumor,.jpg,test,10131,490f034b5bb47314f99788d0e3f4921376ed76826da8e15c0bf8692bbe8e47f6,200,252,RGB,0.7936507936507936,3,d7a548024f1a7f1b,c0aa4cecc9c8d871,True,,JPEG
t0_0286,Training/notumor/Tr-no_1301.jpg,C:\Users\pedro\Desktop\Projeto do TCC\Brain Tumor MRI Dataset\Training\notumor\Tr-no_1301.jpg,notumor,.jpg,train,10179,6647a2404d60ef431ca20e7e204d085de00c6c2eb12e7594d681ba045b640aee,200,252,RGB,0.7936507936507936,3,d7a548024f1a7f1b,c0aa44ecc8c8d871,True,,JPEG
t0_0286,Training/notumor/Tr-no_851.jpg,C:\Users\pedro\Desktop\Projeto do TCC\Brain Tumor MRI Dataset\Training\notumor\Tr-no_851.jpg,notumor,.jpg,train,10148,53440686dc5d33a9b5f0d3a63e70b3e6310766078ed4693bca3ad3fa1e444b86,200,252,RGB,0.7936507936507936,3,d7a548024f1a7f1b,c0aa4cecc9c8d871,True,,JPEG
t0_0287,Testing/notumor/Te-no_322.jpg,C:\Users\pedro\Desktop\Projeto do TCC\Brain Tumor MRI Dataset\Testing\notumor\Te-no_322.jpg,notumor,.jpg,test,19102,af3a5a150f38b60ff57b622aa110b8dd2d5d491863423f1f44e5fd026bed55c0,359,449,RGB,0.799554565701559,3,91973ed87a247958,70f0d4d4f0d2f0f0,True,,JPEG
t0_0287,Training/notumor/Tr-no_1083.jpg,C:\Users\pedro\Desktop\Projeto do TCC\Brain Tumor MRI Dataset\Training\notumor\Tr-no_1083.jpg,notumor,.jpg,train,31516,ae511b11b26309a2e60432852cb26d6b019057fc2aab35867badf8af04daa3b6,359,449,RGB,0.799554565701559,3,91973ed87a247958,71f0d4d4f0d0f0f0,True,,JPEG
t0_0287,Training/notumor/Tr-no_1304.jpg,C:\Users\pedro\Desktop\Projeto do TCC\Brain Tumor MRI Dataset\Training\notumor\Tr-no_1304.jpg,notumor,.jpg,train,18695,8d05b166ca62499ea2da6f109fcf0d38e4eb8f8505964add2078cb4fd246fcdf,359,449,RGB,0.799554565701559,3,91973ed87a247958,70f0d4d4f0d0f0f0,True,,JPEG
t0_0287,Training/notumor/Tr-no_217.jpg,C:\Users\pedro\Desktop\Projeto do TCC\Brain Tumor MRI Dataset\Training\notumor\Tr-no_217.jpg,notumor,.jpg,train,31516,ae511b11b26309a2e60432852cb26d6b019057fc2aab35867badf8af04daa3b6,359,449,RGB,0.799554565701559,3,91973ed87a247958,71f0d4d4f0d0f0f0,True,,JPEG
t0_0288,Testing/notumor/Te-no_324.jpg,C:\Users\pedro\Desktop\Projeto do TCC\Brain Tumor MRI Dataset\Testing\notumor\Te-no_324.jpg,notumor,.jpg,test,8704,d94e5f939314fab5e4fd8cc04d86778129771bb2caa093fe7ca307a366449d89,201,251,RGB,0.8007968127490039,3,d70a20bf12edc33c,e1e8e8484969aacc,True,,JPEG
t0_0288,Training/notumor/Tr-no_1061.jpg,C:\Users\pedro\Desktop\Projeto do TCC\Brain Tumor MRI Dataset\Training\notumor\Tr-no_1061.jpg,notumor,.jpg,train,12392,a3d86920c0bc02e0c062091ab21078a4387ed519b881c89568ab969d3dc37d33,201,251,RGB,0.8007968127490039,3,d70a20bf12edc33c,e1e8e8484969aacc,True,,JPEG
t0_0288,Training/notumor/Tr-no_1082.jpg,C:\Users\pedro\Desktop\Projeto do TCC\Brain Tumor MRI Dataset\Training\notumor\Tr-no_1082.jpg,notumor,.jpg,train,6113,912cec46265a5793dd381105a63596ed462bb13e92cd61b8dc51c942a5f063fe,201,251,RGB,0.8007968127490039,3,d70a20bf12edc33c,e1e8e8484969aacc,True,,JPEG
t0_0288,Training/notumor/Tr-no_1134.jpg,C:\Users\pedro\Desktop\Projeto do TCC\Brain Tumor MRI Dataset\Training\notumor\Tr-no_1134.jpg,notumor,.jpg,train,12392,a3d86920c0bc02e0c062091ab21078a4387ed519b881c89568ab969d3dc37d33,201,251,RGB,0.8007968127490039,3,d70a20bf12edc33c,e1e8e8484969aacc,True,,JPEG
t0_0288,Training/notumor/Tr-no_340.jpg,C:\Users\pedro\Desktop\Projeto do TCC\Brain Tumor MRI Dataset\Training\notumor\Tr-no_340.jpg,notumor,.jpg,train,8309,c2f84e30b7b642dfeb812ec6fdd5d4e6117893bc6ed0234373233171ea45e199,201,251,RGB,0.8007968127490039,3,d70a20bf12edc33c,e1e8e8484969aacc,True,,JPEG
t0_0288,Training/notumor/Tr-no_855.jpg,C:\Users\pedro\Desktop\Projeto do TCC\Brain Tumor MRI Dataset\Training\notumor\Tr-no_855.jpg,notumor,.jpg,train,8307,d8723069d6425a30345f16d9aba46c4205ba21532cc55ef038bf947264550903,201,251,RGB,0.8007968127490039,3,d70a20bf12edc33c,e1e8e8484969aacc,True,,JPEG
t0_0289,Testing/notumor/Te-no_325.jpg,C:\Users\pedro\Desktop\Projeto do TCC\Brain Tumor MRI Dataset\Testing\notumor\Te-no_325.jpg,notumor,.jpg,test,8007,87e1588c99956b54c5bcf59821a46f744eb5233dc6c347e9ecbf819f60cfa09c,228,221,RGB,1.0316742081447965,3,c2d02d4f746c1c7d,70d8e8ccc8e8e160,True,,JPEG
t0_0289,Training/notumor/Tr-no_364.jpg,C:\Users\pedro\Desktop\Projeto do TCC\Brain Tumor MRI Dataset\Training\notumor\Tr-no_364.jpg,notumor,.jpg,train,7803,a0403fae82625981833d0e4727deec2d6109244f740dd56ddc8b87bda3c7fa6c,228,221,RGB,1.0316742081447965,3,c2d02d4f746c1c7d,70d8e8ccc8e8e160,True,,JPEG
t0_0289,Training/notumor/Tr-no_845.jpg,C:\Users\pedro\Desktop\Projeto do TCC\Brain Tumor MRI Dataset\Training\notumor\Tr-no_845.jpg,notumor,.jpg,train,7882,1951d119c665308d6d1a1cbd3111392edca066f806f9f5e97ce65a4ab777ac28,228,221,RGB,1.0316742081447965,3,c2d02d4f746c1c7d,70d8e8ccc8e8e160,True,,JPEG
t0_0290,Testing/notumor/Te-no_330.jpg,C:\Users\pedro\Desktop\Projeto do TCC\Brain Tumor MRI Dataset\Testing\notumor\Te-no_330.jpg,notumor,.jpg,test,17454,696d85c85da6f7bf556aa701851d370247e20cd68e31436aab26d65e08c2e04e,442,442,RGB,1.0,3,933e6aa16cc3348f,b278e8c8cccce871,True,,JPEG
t0_0290,Training/notumor/Tr-no_1250.jpg,C:\Users\pedro\Desktop\Projeto do TCC\Brain Tumor MRI Dataset\Training\notumor\Tr-no_1250.jpg,notumor,.jpg,train,17085,23ad945a2fba6972b2eaa9c6983f7b4cae45bb6573c7ba34d8372a06657e8c4b,442,442,RGB,1.0,3,933e6aa16cc3348f,b278e8e8cccce871,True,,JPEG
t0_0290,Training/notumor/Tr-no_345.jpg,C:\Users\pedro\Desktop\Projeto do TCC\Brain Tumor MRI Dataset\Training\notumor\Tr-no_345.jpg,notumor,.jpg,train,26927,af948c540f97b2a6cddb7540be0239c29db8f489cab0c92a12181db74f51d235,442,442,RGB,1.0,3,933e68a16cc334cf,b278e8c8cccce871,True,,JPEG
t0_0290,Training/notumor/Tr-no_673.jpg,C:\Users\pedro\Desktop\Projeto do TCC\Brain Tumor MRI Dataset\Training\notumor\Tr-no_673.jpg,notumor,.jpg,train,31704,8d1b8cb2975b43db869caaecbffd11f51651b6c25d35928f84cc295215cfb822,442,442,RGB,1.0,3,933e6aa16cc3348f,b278e8c8cccce871,True,,JPEG
t0_0290,Training/notumor/Tr-no_995.jpg,C:\Users\pedro\Desktop\Projeto do TCC\Brain Tumor MRI Dataset\Training\notumor\Tr-no_995.jpg,notumor,.jpg,train,31704,8d1b8cb2975b43db869caaecbffd11f51651b6c25d35928f84cc295215cfb822,442,442,RGB,1.0,3,933e6aa16cc3348f,b278e8c8cccce871,True,,JPEG
t0_0291,Testing/notumor/Te-no_332.jpg,C:\Users\pedro\Desktop\Projeto do TCC\Brain Tumor MRI Dataset\Testing\notumor\Te-no_332.jpg,notumor,.jpg,test,9808,c3a65f6c4a3cb7ab91fc247a8cab49d12f7af231169fbf6f6cba107eeeaaf32d,200,252,RGB,0.7936507936507936,3,d0161ffa7a962951,e8cccc8c8e96ccf0,True,,JPEG
t0_0291,Training/notumor/Tr-no_1147.jpg,C:\Users\pedro\Desktop\Projeto do TCC\Brain Tumor MRI Dataset\Training\notumor\Tr-no_1147.jpg,notumor,.jpg,train,20266,975fd5ea57048f695381b21075ad371f387c86eedbcb2bc57b7793ea483e949f,200,252,RGB,0.7936507936507936,3,91161ef97a922d71,e8cccc8c8e96ccf0,True,,JPEG
t0_0291,Training/notumor/Tr-no_1281.jpg,C:\Users\pedro\Desktop\Projeto do TCC\Brain Tumor MRI Dataset\Training\notumor\Tr-no_1281.jpg,notumor,.jpg,train,14699,1760da4ac516c8564bf06bc349176a1463dbb49f4de7b6d0b986ff015b96bd62,200,252,RGB,0.7936507936507936,3,d0161ffa7a962951,e8cccc8c8e96ccf0,True,,JPEG
t0_0291,Training/notumor/Tr-no_550.jpg,C:\Users\pedro\Desktop\Projeto do TCC\Brain Tumor MRI Dataset\Training\notumor\Tr-no_550.jpg,notumor,.jpg,train,14699,1760da4ac516c8564bf06bc349176a1463dbb49f4de7b6d0b986ff015b96bd62,200,252,RGB,0.7936507936507936,3,d0161ffa7a962951,e8cccc8c8e96ccf0,True,,JPEG
t0_0291,Training/notumor/Tr-no_805.jpg,C:\Users\pedro\Desktop\Projeto do TCC\Brain Tumor MRI Dataset\Training\notumor\Tr-no_805.jpg,notumor,.jpg,train,12191,65012deda604e6f1461b2f55d0fd5d831b8e40bc4c98f291b1ba9edef231331a,200,252,RGB,0.7936507936507936,3,91161ff97a962d41,e8cccc8c8e96ccf0,True,,JPEG
t0_0292,Testing/notumor/Te-no_333.jpg,C:\Users\pedro\Desktop\Projeto do TCC\Brain Tumor MRI Dataset\Testing\notumor\Te-no_333.jpg,notumor,.jpg,test,7608,987f6c59964c7af4760e6b186080f4c896bdb48a23a2fc00f58becf1459733dd,225,225,RGB,1.0,3,c2b56b5a2d31349d,70e0ccccece8f070,True,,JPEG
t0_0292,Training/notumor/Tr-no_205.jpg,C:\Users\pedro\Desktop\Projeto do TCC\Brain Tumor MRI Dataset\Training\notumor\Tr-no_205.jpg,notumor,.jpg,train,7869,7d135e07239574ba51c8651b790b6c664fd99ee3130f95194fe4c085123095e8,225,225,RGB,1.0,3,c2b56b5a2d31349d,70e0ccccececf070,True,,JPEG
t0_0292,Training/notumor/Tr-no_663.jpg,C:\Users\pedro\Desktop\Projeto do TCC\Brain Tumor MRI Dataset\Training\notumor\Tr-no_663.jpg,notumor,.jpg,train,7845,b53b2e120a974735fb7fe2a0c543c4b17dc9553aaa221f36d53e85c3e75d04d6,225,225,RGB,1.0,3,c2b56b5a2d31349d,70e0ccccececf070,True,,JPEG
t0_0293,Testing/notumor/Te-no_335.jpg,C:\Users\pedro\Desktop\Projeto do TCC\Brain Tumor MRI Dataset\Testing\notumor\Te-no_335.jpg,notumor,.jpg,test,12301,2a0d862cf6cebf385f5f7786553ff575d109f90c525719ceaa577e3481ab6b78,214,236,RGB,0.9067796610169492,3,80955fdc384f7962,f0d4d4d48ed4e061,True,,JPEG
t0_0293,Training/notumor/Tr-no_943.jpg,C:\Users\pedro\Desktop\Projeto do TCC\Brain Tumor MRI Dataset\Training\notumor\Tr-no_943.jpg,notumor,.jpg,train,13256,289666d15eefec218618c28416b4d944ce4f993c0ff407daa16c37c43dc36e84,214,236,RGB,0.9067796610169492,3,80955fdc3a4e7962,f0d4d4d48ed4e061,True,,JPEG
t0_0294,Testing/notumor/Te-no_339.jpg,C:\Users\pedro\Desktop\Projeto do TCC\Brain Tumor MRI Dataset\Testing\notumor\Te-no_339.jpg,notumor,.jpg,test,44029,a3e8bfee0a5c41f81434966890de14ae09509c700ab9c6b93ac62229669ea126,630,630,RGB,1.0,3,927a6fc565d2305c,b279dcdcd4d4f030,True,,JPEG
t0_0294,Training/notumor/Tr-no_1008.jpg,C:\Users\pedro\Desktop\Projeto do TCC\Brain Tumor MRI Dataset\Training\notumor\Tr-no_1008.jpg,notumor,.jpg,train,49103,c81e9bcb1239482f94c524f182da91129a286f43e43804c519650803ea4eefcc,630,630,RGB,1.0,3,927a6fc565d2305c,b279dcdcd4d4f030,True,,JPEG
t0_0294,Training/notumor/Tr-no_187.jpg,C:\Users\pedro\Desktop\Projeto do TCC\Brain Tumor MRI Dataset\Training\notumor\Tr-no_187.jpg,notumor,.jpg,train,7900,c147c084cf14afcea5ea73fb631b934a52626df039f6c43f08f9c17c94c683fa,225,225,RGB,1.0,3,927a6fc565d2305c,b279dcdcd4d4f030,True,,JPEG
t0_0294,Training/notumor/Tr-no_508.jpg,C:\Users\pedro\Desktop\Projeto do TCC\Brain Tumor MRI Dataset\Training\notumor\Tr-no_508.jpg,notumor,.jpg,train,49153,638e2c2316fa50c151cde9e1f11e0861f149659ad9de9a700f3ce3fa1a8c4785,630,630,RGB,1.0,3,927a6fc565d2305c,b279dcdcd4d4f030,True,,JPEG
t0_0294,Training/notumor/Tr-no_637.jpg,C:\Users\pedro\Desktop\Projeto do TCC\Brain Tumor MRI Dataset\Training\notumor\Tr-no_637.jpg,notumor,.jpg,train,8829,478a02a2c7269cf6740e713bbf6ff27feac16ed6099baefd689610ea2320f832,225,225,RGB,1.0,3,927a6fc565d2305c,b279dcdcd4d4f030,True,,JPEG
t0_0295,Testing/notumor/Te-no_347.jpg,C:\Users\pedro\Desktop\Projeto do TCC\Brain Tumor MRI Dataset\Testing\notumor\Te-no_347.jpg,notumor,.jpg,test,9226,fa9f674b6ffedd110c1f810224d96c9020190ceb5b4ae13de43d83a8dfc183b3,212,238,RGB,0.8907563025210085,3,d03c0f503ba36cd7,71e0aeb2b2b2cc69,True,,JPEG
t0_0295,Training/notumor/Tr-no_87.jpg,C:\Users\pedro\Desktop\Projeto do TCC\Brain Tumor MRI Dataset\Training\notumor\Tr-no_87.jpg,notumor,.jpg,train,17493,9a858533a6d8ca133d2c6d83a8ae92115d1df82a57d88b8a57c77e3b145d38d7,350,393,RGB,0.8905852417302799,3,d03c0f503ba36cd7,71e8aebab2b2cc69,True,,JPEG
t0_0296,Testing/notumor/Te-no_348.jpg,C:\Users\pedro\Desktop\Projeto do TCC\Brain Tumor MRI Dataset\Testing\notumor\Te-no_348.jpg,notumor,.jpg,test,10811,a42f5e66a6bd4eaaa2a7aef299c44b03f96f9a4ca6a61df6b03032791064861f,194,259,RGB,0.749034749034749,3,d7332e187ae6284e,71f8cccce8e8e461,True,,JPEG
t0_0296,Training/notumor/Tr-no_1034.jpg,C:\Users\pedro\Desktop\Projeto do TCC\Brain Tumor MRI Dataset\Training\notumor\Tr-no_1034.jpg,notumor,.jpg,train,10652,2786732b776f8095831829db29086ccebbb48a9652e4d711ff2a8b5d529caec7,194,259,RGB,0.749034749034749,3,d7332e586ae6284e,71f8cccce8e8e461,True,,JPEG
t0_0296,Training/notumor/Tr-no_1233.jpg,C:\Users\pedro\Desktop\Projeto do TCC\Brain Tumor MRI Dataset\Training\notumor\Tr-no_1233.jpg,notumor,.jpg,train,10556,e12273b5c76a05a2a14ca1147c3bb48f3bb66413b956eb9a5d27d672a87854c9,194,259,RGB,0.749034749034749,3,d7332e187ae6284e,71f8cccce8e8e461,True,,JPEG
t0_0297,Testing/notumor/Te-no_35.jpg,C:\Users\pedro\Desktop\Projeto do TCC\Brain Tumor MRI Dataset\Testing\notumor\Te-no_35.jpg,notumor,.jpg,test,13120,2c18fb6c05afadaa3c57633d3f42a9f375c8677c0ff79afa7d13206d7c50a3ce,201,251,RGB,0.8007968127490039,3,81971ed87a24797c,70d0d4d4b092f0f0,True,,JPEG
t0_0297,Testing/notumor/Te-no_383.jpg,C:\Users\pedro\Desktop\Projeto do TCC\Brain Tumor MRI Dataset\Testing\notumor\Te-no_383.jpg,notumor,.jpg,test,11414,3918e991adb558874b56fc946c0a2beea7bda9e69ff04ab76a68cce72feaf986,201,251,RGB,0.8007968127490039,3,91971ed87a24697c,71d0d4d4b092f0f0,True,,JPEG
t0_0297,Training/notumor/Tr-no_1375.jpg,C:\Users\pedro\Desktop\Projeto do TCC\Brain Tumor MRI Dataset\Training\notumor\Tr-no_1375.jpg,notumor,.jpg,train,12315,49162a07e2f8acbe34d48d550a1cb52fd3c916136d7d4988e4d0db5595aaee47,201,251,RGB,0.8007968127490039,3,91971ed87a24697c,70d0d4d4b092f0f0,True,,JPEG
t0_0297,Training/notumor/Tr-no_37.jpg,C:\Users\pedro\Desktop\Projeto do TCC\Brain Tumor MRI Dataset\Training\notumor\Tr-no_37.jpg,notumor,.jpg,train,25439,f8023e2a47e97478a24ab4374a6f1d27d5f3a9a98c8752e796887f32a5e5b66e,359,449,RGB,0.799554565701559,3,91971ed87a24697c,71f0d4d4b0d2f0f0,True,,JPEG
t0_0297,Training/notumor/Tr-no_514.jpg,C:\Users\pedro\Desktop\Projeto do TCC\Brain Tumor MRI Dataset\Training\notumor\Tr-no_514.jpg,notumor,.jpg,train,12237,393c84a6a4f222c4f9276ed9b2ec5b0bfeadce0b573037fcafd072943938b131,201,251,RGB,0.8007968127490039,3,91971ed87a24697c,70d0d4d4b0b2f0f0,True,,JPEG
t0_0297,Training/notumor/Tr-no_735.jpg,C:\Users\pedro\Desktop\Projeto do TCC\Brain Tumor MRI Dataset\Training\notumor\Tr-no_735.jpg,notumor,.jpg,train,39175,6287138379cb2fc7b382859b04d591ea8e94ab04fd3d0903282887fd5d5b04c7,359,449,RGB,0.799554565701559,3,81971ed87a24797c,70d0d4d4b092f0f0,True,,JPEG
t0_0297,Training/notumor/Tr-no_873.jpg,C:\Users\pedro\Desktop\Projeto do TCC\Brain Tumor MRI Dataset\Training\notumor\Tr-no_873.jpg,notumor,.jpg,train,24362,a85697f68f9915cb255d94d8fd874b23aaebf2ef6f89eef06521cc9a16af32d7,359,449,RGB,0.799554565701559,3,91971ed87a24697c,71f0d4d4b0f2f0f0,True,,JPEG
t0_0298,Testing/notumor/Te-no_356.jpg,C:\Users\pedro\Desktop\Projeto do TCC\Brain Tumor MRI Dataset\Testing\notumor\Te-no_356.jpg,notumor,.jpg,test,12382,fed5172fdc31930e891474c8c4596f2bcac255cb8c9d579f76821df1983192b6,208,242,RGB,0.859504132231405,3,91114e6373744deb,d0f0b0ccddc8c469,True,,JPEG
t0_0298,Training/notumor/Tr-no_563.jpg,C:\Users\pedro\Desktop\Projeto do TCC\Brain Tumor MRI Dataset\Training\notumor\Tr-no_563.jpg,notumor,.jpg,train,12390,8d8e2b5d1b09b10df30a1352aa16f6951d7765cf58c19035076e3cb3627aa2de,208,242,RGB,0.859504132231405,3,91114e6373744deb,d0f0b0ccddc8c469,True,,JPEG
t0_0299,Testing/notumor/Te-no_358.jpg,C:\Users\pedro\Desktop\Projeto do TCC\Brain Tumor MRI Dataset\Testing\notumor\Te-no_358.jpg,notumor,.jpg,test,9589,a5f04af2c32f63a75f026c1e705b635085e38a374a76689a67896f3b82b4041b,201,251,RGB,0.8007968127490039,3,c4d24b8d2f713c1d,71f4d494f0b4f0f0,True,,JPEG
t0_0299,Training/notumor/Tr-no_2.jpg,C:\Users\pedro\Desktop\Projeto do TCC\Brain Tumor MRI Dataset\Training\notumor\Tr-no_2.jpg,notumor,.jpg,train,9861,e58e2b84af6654a25cac176c521a4f754de589736dc950314b45d88cca37e03c,201,251,RGB,0.8007968127490039,3,d4c24b8d2f713c1d,71f4d494f0b4f0f0,True,,JPEG
t0_0299,Training/notumor/Tr-no_586.jpg,C:\Users\pedro\Desktop\Projeto do TCC\Brain Tumor MRI Dataset\Training\notumor\Tr-no_586.jpg,notumor,.jpg,train,9789,353cdf95afc633edadfd70487a2057b04973dc53c0182268762b5581316a47eb,201,251,RGB,0.8007968127490039,3,c4d24b8d2f713c1d,71f4d494f0b4f0f0,True,,JPEG
t0_0299,Training/notumor/Tr-no_833.jpg,C:\Users\pedro\Desktop\Projeto do TCC\Brain Tumor MRI Dataset\Training\notumor\Tr-no_833.jpg,notumor,.jpg,train,30280,7586d1abc51137bd6659b59e83a38e9561fbe09cf300944459f4f08ccb56cae1,359,449,RGB,0.799554565701559,3,d4c24b8d2f713c1d,71f4d494f2b2f0f0,True,,JPEG
t0_0300,Testing/notumor/Te-no_362.jpg,C:\Users\pedro\Desktop\Projeto do TCC\Brain Tumor MRI Dataset\Testing\notumor\Te-no_362.jpg,notumor,.jpg,test,8928,62751f230f31f89e713503b6d54027643d05cba54992afce10716efb4e013272,201,251,RGB,0.8007968127490039,3,82a2755557479796,ccaa696dede8e870,True,,JPEG
t0_0300,Training/notumor/Tr-no_848.jpg,C:\Users\pedro\Desktop\Projeto do TCC\Brain Tumor MRI Dataset\Training\notumor\Tr-no_848.jpg,notumor,.jpg,train,8901,fbaa8d065f778f2b7e1b7723351fcbd2347756bc00a0c7b5860906bcb8af68cd,201,251,RGB,0.8007968127490039,3,82a2755557479796,ccaa696dede8e870,True,,JPEG
t0_0301,Testing/notumor/Te-no_364.jpg,C:\Users\pedro\Desktop\Projeto do TCC\Brain Tumor MRI Dataset\Testing\notumor\Te-no_364.jpg,notumor,.jpg,test,7988,a4110c65f3875b9cd837a33bc235d6c35fee3c3da3420a561de2fe8218d2c628,228,221,RGB,1.0316742081447965,3,9785785a6139597c,71e4c8ccece878b8,True,,JPEG
t0_0301,Training/notumor/Tr-no_460.jpg,C:\Users\pedro\Desktop\Projeto do TCC\Brain Tumor MRI Dataset\Training\notumor\Tr-no_460.jpg,notumor,.jpg,train,7975,85c49c178011e38b128c46b38054f9e8d31a793ea56764be0e07a0a0bbf1124a,228,221,RGB,1.0316742081447965,3,9785785a6139597c,71e4e8ccece878b8,True,,JPEG
t0_0302,Testing/notumor/Te-no_365.jpg,C:\Users\pedro\Desktop\Projeto do TCC\Brain Tumor MRI Dataset\Testing\notumor\Te-no_365.jpg,notumor,.jpg,test,13999,4c557fefde640a1a8d578beff11021e893bdee3817bd99456ad60e4f1d7b6c49,235,233,RGB,1.0085836909871244,3,92c24f3c2d7d6961,69e888f0f8f0d469,True,,JPEG
t0_0302,Training/notumor/Tr-no_362.jpg,C:\Users\pedro\Desktop\Projeto do TCC\Brain Tumor MRI Dataset\Training\notumor\Tr-no_362.jpg,notumor,.jpg,train,12624,77ed920e1688b867cf62bed46e5bcafb5d16d7a04f869cef88bce986d262ca6d,235,233,RGB,1.0085836909871244,3,92c24f3c2d7d6961,69e888f0f8f0d469,True,,JPEG
t0_0303,Testing/notumor/Te-no_37.jpg,C:\Users\pedro\Desktop\Projeto do TCC\Brain Tumor MRI Dataset\Testing\notumor\Te-no_37.jpg,notumor,.jpg,test,7585,00b2e47403043bfd763fb38f6da266edbbc131e4f9f2f9f29365f2606cb8adaf,150,198,RGB,0.7575757575757576,3,c647482a47af4f74,c4b0cc4d4d55aed4,True,,JPEG
t0_0303,Testing/notumor/Te-no_73.jpg,C:\Users\pedro\Desktop\Projeto do TCC\Brain Tumor MRI Dataset\Testing\notumor\Te-no_73.jpg,notumor,.jpg,test,7531,07f371ebb5581ccb2f3d0a4ebc8b6622a22caa09a8c154890645f81c64bf8969,150,198,RGB,0.7575757575757576,3,c647482a47af4f74,c4b0cc4d4d55aed4,True,,JPEG
t0_0303,Training/notumor/Tr-no_311.jpg,C:\Users\pedro\Desktop\Projeto do TCC\Brain Tumor MRI Dataset\Training\notumor\Tr-no_311.jpg,notumor,.jpg,train,7945,0e5b5a82f0cdfb21eec4ef29b7353f80a4061743d9d3813104bb06331cbe86f4,150,198,RGB,0.7575757575757576,3,c647482a47af4f74,c4b0ec4d4d55aed4,True,,JPEG
t0_0303,Training/notumor/Tr-no_742.jpg,C:\Users\pedro\Desktop\Projeto do TCC\Brain Tumor MRI Dataset\Training\notumor\Tr-no_742.jpg,notumor,.jpg,train,7991,84d46119ac6576ace21ef904553037e30b4c3c44b45b74e17ef04d908b51ee80,150,198,RGB,0.7575757575757576,3,c647482a47af4f74,c4b0ec4d4d55aed4,True,,JPEG
t0_0304,Testing/notumor/Te-no_371.jpg,C:\Users\pedro\Desktop\Projeto do TCC\Brain Tumor MRI Dataset\Testing\notumor\Te-no_371.jpg,notumor,.jpg,test,29046,330669bc3f31f0a0b5fe0417f63e8e23390bc70b4ed89c129cf15965d3007588,504,540,RGB,0.9333333333333332,3,c33b2dd4349e7066,b2f0c8ccccd4e0f2,True,,JPEG
t0_0304,Training/notumor/Tr-no_1038.jpg,C:\Users\pedro\Desktop\Projeto do TCC\Brain Tumor MRI Dataset\Training\notumor\Tr-no_1038.jpg,notumor,.jpg,train,25074,03c103deb384241129d3ff041a75183af771fa1591da3ab60bd23e292928ec6c,504,540,RGB,0.9333333333333332,3,c33b2dd4349e7066,b2f0c8ccccd4e0f2,True,,JPEG
t0_0304,Training/notumor/Tr-no_1146.jpg,C:\Users\pedro\Desktop\Projeto do TCC\Brain Tumor MRI Dataset\Training\notumor\Tr-no_1146.jpg,notumor,.jpg,train,33371,6bbd598920e7e8473cd34f3543be8a4d46b4f593ed26935de5daea9fbcbca628,504,540,RGB,0.9333333333333332,3,c33b2dd4349e7066,b2f0c8ccccd4e0f2,True,,JPEG
t0_0304,Training/notumor/Tr-no_422.jpg,C:\Users\pedro\Desktop\Projeto do TCC\Brain Tumor MRI Dataset\Training\notumor\Tr-no_422.jpg,notumor,.jpg,train,51697,9b2226c0b9f8ab1cd59851d6269133488b41238e95b06debbe305b4d1eeb7260,504,540,RGB,0.9333333333333332,3,c33b2dd4349e7066,b2f0c8ccccd4e0f2,True,,JPEG
t0_0304,Training/notumor/Tr-no_603.jpg,C:\Users\pedro\Desktop\Projeto do TCC\Brain Tumor MRI Dataset\Training\notumor\Tr-no_603.jpg,notumor,.jpg,train,38915,3638762e35802a4a7eb0ada08c6bd1cdf17f43f5a328d45d9ce7656893659b0a,504,540,RGB,0.9333333333333332,3,c33b2dd4349e7066,f2e0c8ccccd4e0f2,True,,JPEG
t0_0305,Testing/notumor/Te-no_375.jpg,C:\Users\pedro\Desktop\Projeto do TCC\Brain Tumor MRI Dataset\Testing\notumor\Te-no_375.jpg,notumor,.jpg,test,10844,19a55bf4da0433f3ea4f6288d30b374dbbd7eca0afc7f6e5bbcde61bc06f905d,214,236,RGB,0.9067796610169492,3,80625f4b3a27799d,61c492aed4d4d4f0,True,,JPEG
t0_0305,Training/notumor/Tr-no_1325.jpg,C:\Users\pedro\Desktop\Projeto do TCC\Brain Tumor MRI Dataset\Training\notumor\Tr-no_1325.jpg,notumor,.jpg,train,10708,f7f5a375b5aeaea2aa0d8acfa4d171684f5fa49e810006317b271ebafc7b0824,214,236,RGB,0.9067796610169492,3,80625f4b3a27799d,61c496aed4d4d470,True,,JPEG
t0_0306,Testing/notumor/Te-no_376.jpg,C:\Users\pedro\Desktop\Projeto do TCC\Brain Tumor MRI Dataset\Testing\notumor\Te-no_376.jpg,notumor,.jpg,test,8482,54bc1822f067fdad09d6f0ba40d84e1c9c3ba3bbc89debc1aac6589dfe515b3c,225,225,RGB,1.0,3,96c3691c6569f331,3070e8e8ec78f100,True,,JPEG
t0_0306,Training/notumor/Tr-no_360.jpg,C:\Users\pedro\Desktop\Projeto do TCC\Brain Tumor MRI Dataset\Training\notumor\Tr-no_360.jpg,notumor,.jpg,train,8657,b57e5fb0713ee26e10a86db0ca4bd1a5ebfd6875202d4e81af0f10c5525bc01c,225,225,RGB,1.0,3,96c3691c6569f331,3070e8e8ec78f100,True,,JPEG
t0_0307,Testing/notumor/Te-no_377.jpg,C:\Users\pedro\Desktop\Projeto do TCC\Brain Tumor MRI Dataset\Testing\notumor\Te-no_377.jpg,notumor,.jpg,test,30523,97c32f059d116f6644cf408b19e762855f208bfed715c925dfdd20457646c0f1,442,454,RGB,0.973568281938326,3,9661783661e1679b,3371ccccecec7171,True,,JPEG
t0_0307,Testing/notumor/Te-no_398.jpg,C:\Users\pedro\Desktop\Projeto do TCC\Brain Tumor MRI Dataset\Testing\notumor\Te-no_398.jpg,notumor,.jpg,test,22098,e114de647e0810cf19c8babbbb31fbced7fac83c276f16a68d32306cec68f0b1,442,454,RGB,0.973568281938326,3,966178366171679b,3371ccccecec7171,True,,JPEG
t0_0308,Testing/notumor/Te-no_378.jpg,C:\Users\pedro\Desktop\Projeto do TCC\Brain Tumor MRI Dataset\Testing\notumor\Te-no_378.jpg,notumor,.jpg,test,8350,d0ae32e6dfc3b815f592d814528edbea515a0cfac7095928736a03446f6be1ee,235,214,RGB,1.0981308411214954,3,d0f42f4a2ccf230f,f0e8c8d4d4d8e871,True,,JPEG
t0_0308,Testing/notumor/Te-no_98.jpg,C:\Users\pedro\Desktop\Projeto do TCC\Brain Tumor MRI Dataset\Testing\notumor\Te-no_98.jpg,notumor,.jpg,test,8233,864b804ff3c081862917b438344e07dab66f2e0748e4dc55951a5195fe7ea4de,235,214,RGB,1.0981308411214954,3,d0f42f4a2ccf230f,f0e8c8d4d4d8e871,True,,JPEG
t0_0308,Training/notumor/Tr-no_1196.jpg,C:\Users\pedro\Desktop\Projeto do TCC\Brain Tumor MRI Dataset\Training\notumor\Tr-no_1196.jpg,notumor,.jpg,train,8273,fc36ad246bb583e2f4abd45c8fb215dab8f2c9bdd7e0cfce1b787b6bad777d20,235,214,RGB,1.0981308411214954,3,d0f42f4a2ccf230f,f0e8c8d4d4d8e871,True,,JPEG
t0_0309,Testing/notumor/Te-no_384.jpg,C:\Users\pedro\Desktop\Projeto do TCC\Brain Tumor MRI Dataset\Testing\notumor\Te-no_384.jpg,notumor,.jpg,test,5839,088ffc53ae84dcdf8828c0a3575509fdc968bc10c76b9ea6f660f45030794402,275,183,RGB,1.5027322404371584,3,9b392de36147324d,b0796979e9696930,True,,JPEG
t0_0309,Testing/notumor/Te-no_6.jpg,C:\Users\pedro\Desktop\Projeto do TCC\Brain Tumor MRI Dataset\Testing\notumor\Te-no_6.jpg,notumor,.jpg,test,5857,e8ed081b0ca3628aaa6551d8aa30801100f406724866ea00755a8a4ff48583c7,275,183,RGB,1.5027322404371584,3,9b392de36147324d,b0796979e9696930,True,,JPEG
t0_0309,Training/notumor/Tr-no_392.jpg,C:\Users\pedro\Desktop\Projeto do TCC\Brain Tumor MRI Dataset\Training\notumor\Tr-no_392.jpg,notumor,.jpg,train,10111,6928bf994e8305a34bdc832e7df31b94c75b1d30418fbb6c503703b11f1259a9,420,280,RGB,1.5,3,9b396de36147324c,b0796979e9696930,True,,JPEG
t0_0309,Training/notumor/Tr-no_566.jpg,C:\Users\pedro\Desktop\Projeto do TCC\Brain Tumor MRI Dataset\Training\notumor\Tr-no_566.jpg,notumor,.jpg,train,10172,6aa103ff2ff051edcb48349b226b15b64fc0ae5382a33de8339f31429b899d41,420,280,RGB,1.5,3,9b396de36147324c,b0796979e9696930,True,,JPEG
t0_0310,Testing/notumor/Te-no_385.jpg,C:\Users\pedro\Desktop\Projeto do TCC\Brain Tumor MRI Dataset\Testing\notumor\Te-no_385.jpg,notumor,.jpg,test,10166,5c12d946f493e7b0ca83a49840da335c51439207864eaa1bc03503dcfa7a6945,200,252,RGB,0.7936507936507936,3,d0e91f057a6929ae,f0cc968e8cccece8,True,,JPEG
t0_0310,Training/notumor/Tr-no_544.jpg,C:\Users\pedro\Desktop\Projeto do TCC\Brain Tumor MRI Dataset\Training\notumor\Tr-no_544.jpg,notumor,.jpg,train,10157,297b8b49c86eb127f38704062c6efb288ba28cc2a3209a267a9e57f6e0831546,200,252,RGB,0.7936507936507936,3,d0e91f057a6929ae,f0cc968e8cccece8,True,,JPEG
t0_0310,Training/notumor/Tr-no_571.jpg,C:\Users\pedro\Desktop\Projeto do TCC\Brain Tumor MRI Dataset\Training\notumor\Tr-no_571.jpg,notumor,.jpg,train,10345,57aa3dae272093eb5efa407adf578957c666b056c2dad06c0f11ae2656c9eae8,200,252,RGB,0.7936507936507936,3,d0e91f057a6929ae,f0cc968e8ccccce8,True,,JPEG
t0_0310,Training/notumor/Tr-no_644.jpg,C:\Users\pedro\Desktop\Projeto do TCC\Brain Tumor MRI Dataset\Training\notumor\Tr-no_644.jpg,notumor,.jpg,train,20063,5e7465f0d5e240664e68ba2ed02e867ab7a31714859355df571153254a2d5f08,200,252,RGB,0.7936507936507936,3,91e91e067a696d8e,f0cc968e8ccccce8,True,,JPEG
t0_0311,Testing/notumor/Te-no_389.jpg,C:\Users\pedro\Desktop\Projeto do TCC\Brain Tumor MRI Dataset\Testing\notumor\Te-no_389.jpg,notumor,.jpg,test,10847,31cfa0658fc9cc6ba069c9c636328a0f46ab4d2b9b8dbd7a8fb643fa2e3823ac,196,257,RGB,0.7626459143968871,3,94914ade6f683c2d,e8d496d4f6f4e0f0,True,,JPEG
t0_0311,Training/notumor/Tr-no_104.jpg,C:\Users\pedro\Desktop\Projeto do TCC\Brain Tumor MRI Dataset\Training\notumor\Tr-no_104.jpg,notumor,.jpg,train,10772,8f62e2711e8a47fed04ec2b58ed3c7f00765dc8152779657130c83c50c642a56,196,257,RGB,0.7626459143968871,3,94914ade6f683c2d,e8d496d4f6f4e0f0,True,,JPEG
t0_0311,Training/notumor/Tr-no_450.jpg,C:\Users\pedro\Desktop\Projeto do TCC\Brain Tumor MRI Dataset\Training\notumor\Tr-no_450.jpg,notumor,.jpg,train,10441,c39002f0707b330af0043db8c58aed85b4b13dd79da7f442a444d496a832d1c9,196,257,RGB,0.7626459143968871,3,94914ade6f683c2d,f8d496d4f6f4e0f0,True,,JPEG
t0_0312,Testing/notumor/Te-no_392.jpg,C:\Users\pedro\Desktop\Projeto do TCC\Brain Tumor MRI Dataset\Testing\notumor\Te-no_392.jpg,notumor,.jpg,test,13048,db193111173bc29f760b6725849a428f52c22eb55d4382f94da57c5c22afe1df,201,251,RGB,0.8007968127490039,3,81781e277adb6983,f0f0b2b0d4d4d070,True,,JPEG
t0_0312,Training/notumor/Tr-no_595.jpg,C:\Users\pedro\Desktop\Projeto do TCC\Brain Tumor MRI Dataset\Training\notumor\Tr-no_595.jpg,notumor,.jpg,train,12599,26d57c2158c803a1e1683354525072f0301845385a7df32fbd1de32a4b2636e0,201,251,RGB,0.8007968127490039,3,81781e277adb6983,f0f092b0d4d4d071,True,,JPEG
t0_0312,Training/notumor/Tr-no_597.jpg,C:\Users\pedro\Desktop\Projeto do TCC\Brain Tumor MRI Dataset\Training\notumor\Tr-no_597.jpg,notumor,.jpg,train,12245,138da28f706b893f2bbc65877117e7c456ff3df7d406b2b065a710027b92c050,201,251,RGB,0.8007968127490039,3,81781e277adb6983,f0f092b0d4d4d071,True,,JPEG
t0_0313,Testing/notumor/Te-no_394.jpg,C:\Users\pedro\Desktop\Projeto do TCC\Brain Tumor MRI Dataset\Testing\notumor\Te-no_394.jpg,notumor,.jpg,test,7686,b9c2198b65793dc4ccb1fbac1315585d082e98d843c2ff65b075e76ef19c2d26,218,231,RGB,0.9437229437229436,3,86c17a8f6a3e299a,e8e8dccce8e8e879,True,,JPEG
t0_0313,Testing/notumor/Te-no_7.jpg,C:\Users\pedro\Desktop\Projeto do TCC\Brain Tumor MRI Dataset\Testing\notumor\Te-no_7.jpg,notumor,.jpg,test,7611,ffc188e80d75b771e416ff22359dc66bac090c5a6166c304afcf821c3c574fd8,218,231,RGB,0.9437229437229436,3,86c17a8f6a3e299a,e8e8dccce8e8e879,True,,JPEG
t0_0313,Training/notumor/Tr-no_108.jpg,C:\Users\pedro\Desktop\Projeto do TCC\Brain Tumor MRI Dataset\Training\notumor\Tr-no_108.jpg,notumor,.jpg,train,7786,7b931c3dc87c0650bbde75c91cbca6c235d6192b2e7a350492f82f798f055415,218,231,RGB,0.9437229437229436,3,86c17a8f6a3e299a,e8e8dccce8e8e879,True,,JPEG
t0_0314,Testing/notumor/Te-no_4.jpg,C:\Users\pedro\Desktop\Projeto do TCC\Brain Tumor MRI Dataset\Testing\notumor\Te-no_4.jpg,notumor,.jpg,test,19016,52ec1c471efdd0ec2c3bfcb064d8fb08c76a9c061457c404bb8087b1ea6c48fb,359,449,RGB,0.799554565701559,3,c4d26b8d2f713c0d,71f0d494f0b4f0f0,True,,JPEG
t0_0314,Training/notumor/Tr-no_23.jpg,C:\Users\pedro\Desktop\Projeto do TCC\Brain Tumor MRI Dataset\Training\notumor\Tr-no_23.jpg,notumor,.jpg,train,19065,caec4c2809ef3f3f943f8fa22cb564d9fb998be43cb0bad27f4895b677ca953b,359,449,RGB,0.799554565701559,3,c4d26b8d2f713c0d,71f0d494f0b4f0f0,True,,JPEG
t0_0315,Testing/notumor/Te-no_41.jpg,C:\Users\pedro\Desktop\Projeto do TCC\Brain Tumor MRI Dataset\Testing\notumor\Te-no_41.jpg,notumor,.jpg,test,12008,3cded13f4a002554cf6893b780605b815a5e4d22490c961b11e0a9c5b0df65dd,200,252,RGB,0.7936507936507936,3,c4434bad2fc37d14,e8c8ccce8e96cce0,True,,JPEG
t0_0315,Training/notumor/Tr-no_246.jpg,C:\Users\pedro\Desktop\Projeto do TCC\Brain Tumor MRI Dataset\Training\notumor\Tr-no_246.jpg,notumor,.jpg,train,12880,96d55b46d8270ad1b4aceb9069ba23ce65ec2b1c4a9a9763062729715d0e48a9,200,252,RGB,0.7936507936507936,3,c4434bad2fc37d14,e8c8ccce8e96cce0,True,,JPEG
t0_0316,Testing/notumor/Te-no_43.jpg,C:\Users\pedro\Desktop\Projeto do TCC\Brain Tumor MRI Dataset\Testing\notumor\Te-no_43.jpg,notumor,.jpg,test,10177,0b0bf0e95c3c2e2ffeebc744653a947a1ec2010a84e777c430bc1c0eb0b4e132,200,252,RGB,0.7936507936507936,3,84bc4a502f3c78fb,e0cc948ececcc8e8,True,,JPEG
t0_0316,Training/notumor/Tr-no_808.jpg,C:\Users\pedro\Desktop\Projeto do TCC\Brain Tumor MRI Dataset\Training\notumor\Tr-no_808.jpg,notumor,.jpg,train,10349,bce62a8ea2cf130bcf91de7c03c2c6e9c8e93d4f0b0fd07915dcc493a5af0b52,200,252,RGB,0.7936507936507936,3,84bc4a502f3c78fb,e0cc948ececcc8e8,True,,JPEG
t0_0317,Testing/notumor/Te-no_45.jpg,C:\Users\pedro\Desktop\Projeto do TCC\Brain Tumor MRI Dataset\Testing\notumor\Te-no_45.jpg,notumor,.jpg,test,9054,fd9011ef7b383abab4862b3bfe0cff93c0e8c3f6fa5d7547164b805346b60988,206,244,RGB,0.8442622950819673,3,95625bec3a846c8f,60d0ccd4f4d6f078,True,,JPEG
t0_0317,Training/notumor/Tr-no_659.jpg,C:\Users\pedro\Desktop\Projeto do TCC\Brain Tumor MRI Dataset\Training\notumor\Tr-no_659.jpg,notumor,.jpg,train,10156,03bb9c99ad697aa275960fbd9e11dc1bd23ae388fde6b6ea27bc3f67002768fc,206,244,RGB,0.8442622950819673,3,95625bec3a846c8f,60d0ccccf4d6f078,True,,JPEG
t0_0318,Testing/notumor/Te-no_47.jpg,C:\Users\pedro\Desktop\Projeto do TCC\Brain Tumor MRI Dataset\Testing\notumor\Te-no_47.jpg,notumor,.jpg,test,8513,68bf480ebb23af05864320f4bb68a8b1d767a328add79dc79fba61475eed671f,225,225,RGB,1.0,3,c3693cb630c3e69a,0070e1c8e8e8f130,True,,JPEG
t0_0318,Training/notumor/Tr-no_1165.jpg,C:\Users\pedro\Desktop\Projeto do TCC\Brain Tumor MRI Dataset\Training\notumor\Tr-no_1165.jpg,notumor,.jpg,train,8600,f7bcef6650bb0844ef3562033adfddb1f5db2c4b2c307df12a8f9cd79aa08e83,225,225,RGB,1.0,3,c3693cb630c3e69a,0070e1c8e8e8f130,True,,JPEG
t0_0318,Training/notumor/Tr-no_440.jpg,C:\Users\pedro\Desktop\Projeto do TCC\Brain Tumor MRI Dataset\Training\notumor\Tr-no_440.jpg,notumor,.jpg,train,10135,29bcc1f60d3f8c79fa3b19fc5de3a888957e0d834630ee95a519c17d35b056a8,225,225,RGB,1.0,3,c3693c9631cbc69a,0070e1c8e8e8f130,True,,JPEG
t0_0318,Training/notumor/Tr-no_910.jpg,C:\Users\pedro\Desktop\Projeto do TCC\Brain Tumor MRI Dataset\Training\notumor\Tr-no_910.jpg,notumor,.jpg,train,8636,7bc71c9c82e90be7aabf30fef051d022f3e6311ff563e26b109cee89ad971d85,225,225,RGB,1.0,3,c3693cb630c3e69a,0070e1c8e8e8f130,True,,JPEG
t0_0319,Testing/notumor/Te-no_48.jpg,C:\Users\pedro\Desktop\Projeto do TCC\Brain Tumor MRI Dataset\Testing\notumor\Te-no_48.jpg,notumor,.jpg,test,30479,3e419cc9c56681adc1c30b78c057020aa0cc70ccb8b0126c82fe2dbd815bf4e0,504,540,RGB,0.9333333333333332,3,9693787e613465cc,b0f8d4ccccecf0b2,True,,JPEG
t0_0319,Testing/notumor/Te-no_69.jpg,C:\Users\pedro\Desktop\Projeto do TCC\Brain Tumor MRI Dataset\Testing\notumor\Te-no_69.jpg,notumor,.jpg,test,24430,56edc5184238c1c9cdcd9d5fafcd58f669b91000b04b68f0ca8434a359965d13,504,540,RGB,0.9333333333333332,3,9693787e613465cc,b0f8d4ccccecf0b0,True,,JPEG
t0_0319,Training/notumor/Tr-no_122.jpg,C:\Users\pedro\Desktop\Projeto do TCC\Brain Tumor MRI Dataset\Training\notumor\Tr-no_122.jpg,notumor,.jpg,train,30605,ab52edaeddcac991282973ad17b95a0d2afabbad4d9ddfe8258cfdb558016637,504,540,RGB,0.9333333333333332,3,9693787e613465cc,b0f8d4ccccecf0b0,True,,JPEG
t0_0319,Training/notumor/Tr-no_1368.jpg,C:\Users\pedro\Desktop\Projeto do TCC\Brain Tumor MRI Dataset\Training\notumor\Tr-no_1368.jpg,notumor,.jpg,train,24181,e410709686ba34d96b64b8ddbbcf51e8bb5409b2c8918caa1a0642fe2ee7bcbf,504,540,RGB,0.9333333333333332,3,9693787e613465cc,b0f8d4ccccecf0b0,True,,JPEG
t0_0319,Training/notumor/Tr-no_80.jpg,C:\Users\pedro\Desktop\Projeto do TCC\Brain Tumor MRI Dataset\Training\notumor\Tr-no_80.jpg,notumor,.jpg,train,32048,d144a1a4272ccd429089664ca8e772afc3864714b2105f2cddfbdc88e5e8d59e,504,540,RGB,0.9333333333333332,3,9693787e613465cc,b0f8d4ccccecf0b0,True,,JPEG
t0_0320,Testing/notumor/Te-no_51.jpg,C:\Users\pedro\Desktop\Projeto do TCC\Brain Tumor MRI Dataset\Testing\notumor\Te-no_51.jpg,notumor,.jpg,test,8363,970c05d3beaa4074b676fcc58bb8cc1d4dafd28e09063f12ad36d7f80f3d485f,235,214,RGB,1.0981308411214954,3,85a17a1e799a365a,f0e8ecd4d4e4e871,True,,JPEG
t0_0320,Training/notumor/Tr-no_830.jpg,C:\Users\pedro\Desktop\Projeto do TCC\Brain Tumor MRI Dataset\Training\notumor\Tr-no_830.jpg,notumor,.jpg,train,8388,0cc3de7aa5dd5d7b3456f85f323f0049d6fbbc32a08d3bbc9c087145bc1d290b,235,214,RGB,1.0981308411214954,3,85a17a1e799a365a,f0e8ecd4d4e4e871,True,,JPEG
t0_0320,Training/notumor/Tr-no_891.jpg,C:\Users\pedro\Desktop\Projeto do TCC\Brain Tumor MRI Dataset\Training\notumor\Tr-no_891.jpg,notumor,.jpg,train,12985,c187507616186b4a2e341158a41f000310d2665e522ae2cc7412fc8c0ec2b61b,235,214,RGB,1.0981308411214954,3,85a17a167b9a3e4a,f0e8ecd4d4e4e871,True,,JPEG
t0_0321,Testing/notumor/Te-no_52.jpg,C:\Users\pedro\Desktop\Projeto do TCC\Brain Tumor MRI Dataset\Testing\notumor\Te-no_52.jpg,notumor,.jpg,test,11962,cb9db9ab7204d6a1c09ff7d7ae23b49c884913bc2f2f4a8f743b15f86c7bfff2,230,282,RGB,0.8156028368794326,3,d43e6ae539c06593,33e8e8ccccc4f471,True,,JPEG
t0_0321,Training/notumor/Tr-no_1166.jpg,C:\Users\pedro\Desktop\Projeto do TCC\Brain Tumor MRI Dataset\Training\notumor\Tr-no_1166.jpg,notumor,.jpg,train,8732,6a4b29fe5a2a1f98fc7e9f7c0a0f4af0b2f44ba0937e81a87d18a666d167ae91,230,282,RGB,0.8156028368794326,3,d43a6ae539c46593,33e8e8ccccc4f471,True,,JPEG
t0_0321,Training/notumor/Tr-no_405.jpg,C:\Users\pedro\Desktop\Projeto do TCC\Brain Tumor MRI Dataset\Training\notumor\Tr-no_405.jpg,notumor,.jpg,train,8913,1a5c86bf6d8cc8e34ba31a382066684192e7924ec2d547598c782457dbf034c3,230,282,RGB,0.8156028368794326,3,d43a6ae539c46593,33e8e8ccccc4f471,True,,JPEG
t0_0321,Training/notumor/Tr-no_966.jpg,C:\Users\pedro\Desktop\Projeto do TCC\Brain Tumor MRI Dataset\Training\notumor\Tr-no_966.jpg,notumor,.jpg,train,8939,813168d582c5f47c0207f97718ae4f75819aafd75bbc996f22b2f2bb0a269508,230,282,RGB,0.8156028368794326,3,d43a6ae539c46593,33e8e8ccccc4f471,True,,JPEG
t0_0322,Testing/notumor/Te-no_54.jpg,C:\Users\pedro\Desktop\Projeto do TCC\Brain Tumor MRI Dataset\Testing\notumor\Te-no_54.jpg,notumor,.jpg,test,10421,a7d97f4ad633141046b70df1616a484bff3897a666adb14a6fa5ba80219e05a0,215,234,RGB,0.9188034188034188,3,d21b2ff43d43340d,70f0e8c8ccece870,True,,JPEG
t0_0322,Training/notumor/Tr-no_953.jpg,C:\Users\pedro\Desktop\Projeto do TCC\Brain Tumor MRI Dataset\Training\notumor\Tr-no_953.jpg,notumor,.jpg,train,11287,2da4892ae42747cfdda846378af2e16282996d376d758a5700e8a2c297080a33,215,234,RGB,0.9188034188034188,3,d21b2ff43d43340d,70f0e8c8ccece870,True,,JPEG
t0_0323,Testing/notumor/Te-no_55.jpg,C:\Users\pedro\Desktop\Projeto do TCC\Brain Tumor MRI Dataset\Testing\notumor\Te-no_55.jpg,notumor,.jpg,test,9282,70abbc769638ec5b8a2131f711c0818fcea2200efeade66b056c0304b8d6ac15,227,262,RGB,0.8664122137404581,3,94917b5a68cf612e,f0f8ecccece8e871,True,,JPEG
t0_0323,Training/notumor/Tr-no_1246.jpg,C:\Users\pedro\Desktop\Projeto do TCC\Brain Tumor MRI Dataset\Training\notumor\Tr-no_1246.jpg,notumor,.jpg,train,12254,5668800a67d13c63586c08dfb5b7728ca279819f6112076bee641871d20063a1,227,262,RGB,0.8664122137404581,3,94917b5a68cf612e,f0f8ecccece8e871,True,,JPEG
t0_0323,Training/notumor/Tr-no_528.jpg,C:\Users\pedro\Desktop\Projeto do TCC\Brain Tumor MRI Dataset\Training\notumor\Tr-no_528.jpg,notumor,.jpg,train,12536,576168c376f79a02a66ff6f3db8afcf0db303f5764c404ed0dbbb1cef4ef5942,227,262,RGB,0.8664122137404581,3,94d17b5a688f612e,f0f8ecccece8e871,True,,JPEG
t0_0323,Training/notumor/Tr-no_928.jpg,C:\Users\pedro\Desktop\Projeto do TCC\Brain Tumor MRI Dataset\Training\notumor\Tr-no_928.jpg,notumor,.jpg,train,9229,8f4ef79856f1fc0a9cb81ee959c78c85df8d9c7b37a1f290f453a5f8c84f123e,227,262,RGB,0.8664122137404581,3,94917b5a68cf612e,f0f8ecccece8e871,True,,JPEG
t0_0324,Testing/notumor/Te-no_56.jpg,C:\Users\pedro\Desktop\Projeto do TCC\Brain Tumor MRI Dataset\Testing\notumor\Te-no_56.jpg,notumor,.jpg,test,9856,9528d23a8934f91c0274dd38ed509f32f76f5a91211a91ff66e29a3f684dbde9,228,221,RGB,1.0316742081447965,3,977a78a561c6498b,b978e8eccce8e471,True,,JPEG
t0_0324,Training/notumor/Tr-no_130.jpg,C:\Users\pedro\Desktop\Projeto do TCC\Brain Tumor MRI Dataset\Training\notumor\Tr-no_130.jpg,notumor,.jpg,train,10168,8927ebe063a6ae13a712b63337c07ee2ed17c1f68e4644f1acdd2f9189c27e43,228,221,RGB,1.0316742081447965,3,977a78a561c6498b,b978e8eccce8e471,True,,JPEG
t0_0325,Testing/notumor/Te-no_61.jpg,C:\Users\pedro\Desktop\Projeto do TCC\Brain Tumor MRI Dataset\Testing\notumor\Te-no_61.jpg,notumor,.jpg,test,9913,a03acbec3cf6aa14f02984e22b0e3219e0d2a54674c62d8b2c5018d5ad98e698,201,251,RGB,0.8007968127490039,3,91971ed87a24795c,70d0d4d6b0d2f0f0,True,,JPEG
t0_0325,Training/notumor/Tr-no_1170.jpg,C:\Users\pedro\Desktop\Projeto do TCC\Brain Tumor MRI Dataset\Training\notumor\Tr-no_1170.jpg,notumor,.jpg,train,7371,6b8f5ec5f96e63fb543ffb0fef90857004942af0c44839abf5b9ad297b161da1,201,251,RGB,0.8007968127490039,3,91971ed87a24795c,70d0d4d6b0d2f0f0,True,,JPEG
t0_0325,Training/notumor/Tr-no_1220.jpg,C:\Users\pedro\Desktop\Projeto do TCC\Brain Tumor MRI Dataset\Training\notumor\Tr-no_1220.jpg,notumor,.jpg,train,9482,e3e6a073b081f5d7fc2fad33e3c2337ebfc8cd327a7b44ad9e6bf0313a32e600,201,251,RGB,0.8007968127490039,3,91971ed87a24795c,70d0d4d4b0d2f0f0,True,,JPEG
t0_0325,Training/notumor/Tr-no_1244.jpg,C:\Users\pedro\Desktop\Projeto do TCC\Brain Tumor MRI Dataset\Training\notumor\Tr-no_1244.jpg,notumor,.jpg,train,14368,17bd1588f84aafbccb846c974ae1f24cef5ce6f0fc0f32a4417af50bfe9f52cd,201,251,RGB,0.8007968127490039,3,91971ed87a24795c,70d0d4d6b0d2f0f0,True,,JPEG
t0_0325,Training/notumor/Tr-no_1392.jpg,C:\Users\pedro\Desktop\Projeto do TCC\Brain Tumor MRI Dataset\Training\notumor\Tr-no_1392.jpg,notumor,.jpg,train,14368,17bd1588f84aafbccb846c974ae1f24cef5ce6f0fc0f32a4417af50bfe9f52cd,201,251,RGB,0.8007968127490039,3,91971ed87a24795c,70d0d4d6b0d2f0f0,True,,JPEG
t0_0325,Training/notumor/Tr-no_559.jpg,C:\Users\pedro\Desktop\Projeto do TCC\Brain Tumor MRI Dataset\Training\notumor\Tr-no_559.jpg,notumor,.jpg,train,19344,5b32b70fee5498a7e242f40fd975486691a248ef53c7657ac4c5831133ade0fb,220,275,RGB,0.8,3,91971ed87a24795c,71d0d4d6b0d2f0f0,True,,JPEG
t0_0325,Training/notumor/Tr-no_620.jpg,C:\Users\pedro\Desktop\Projeto do TCC\Brain Tumor MRI Dataset\Training\notumor\Tr-no_620.jpg,notumor,.jpg,train,11020,50b07fb6e5b04d44340aaa19e0dc4aa6588af62e73a4ade8f3ec34cace05524c,220,275,L,0.8,1,91971ed87a24795c,70d0d4d6b0d2f0f0,True,,JPEG
t0_0325,Training/notumor/Tr-no_74.jpg,C:\Users\pedro\Desktop\Projeto do TCC\Brain Tumor MRI Dataset\Training\notumor\Tr-no_74.jpg,notumor,.jpg,train,14570,05dd7e959136e0832a7aa000825529956c7b6255fcef97b9b92c38266b77a453,220,275,L,0.8,1,91871ed87a24797c,70d0d4d4b0d2f0f0,True,,JPEG
t0_0325,Training/notumor/Tr-no_781.jpg,C:\Users\pedro\Desktop\Projeto do TCC\Brain Tumor MRI Dataset\Training\notumor\Tr-no_781.jpg,notumor,.jpg,train,14368,17bd1588f84aafbccb846c974ae1f24cef5ce6f0fc0f32a4417af50bfe9f52cd,201,251,RGB,0.8007968127490039,3,91971ed87a24795c,70d0d4d6b0d2f0f0,True,,JPEG
t0_0325,Training/notumor/Tr-no_841.jpg,C:\Users\pedro\Desktop\Projeto do TCC\Brain Tumor MRI Dataset\Training\notumor\Tr-no_841.jpg,notumor,.jpg,train,29734,b682b55de2a394378cc68109a8648cb47b7f75fa012fee27245814f74d9dd33d,359,449,RGB,0.799554565701559,3,91971ed87a24795c,70d0d4d6b092f0f0,True,,JPEG
t0_0325,Training/notumor/Tr-no_955.jpg,C:\Users\pedro\Desktop\Projeto do TCC\Brain Tumor MRI Dataset\Training\notumor\Tr-no_955.jpg,notumor,.jpg,train,14544,6a028c0cf05b9ab47b44da36f2e934eaf2810f6c5fd00f98505a5925075d0256,220,275,L,0.8,1,91971ed87a24795c,71d0d4d4b0d2f0f0,True,,JPEG
t0_0326,Testing/notumor/Te-no_70.jpg,C:\Users\pedro\Desktop\Projeto do TCC\Brain Tumor MRI Dataset\Testing\notumor\Te-no_70.jpg,notumor,.jpg,test,7890,8174d32a2b19483d459c02f243cb9b63f0b26e6ef26e53b3b360faefcd2ce0a6,225,225,RGB,1.0,3,c9663b996c163699,f2e8d4f0f0d071b2,True,,JPEG
t0_0326,Training/notumor/Tr-no_530.jpg,C:\Users\pedro\Desktop\Projeto do TCC\Brain Tumor MRI Dataset\Training\notumor\Tr-no_530.jpg,notumor,.jpg,train,7884,43c9289ac5c1d0e3b95034faf0e0d6597a50023325686c032c95c999085dc646,225,225,RGB,1.0,3,c9663b996c163699,f2e8d4f0f0d071b2,True,,JPEG
t0_0327,Testing/notumor/Te-no_77.jpg,C:\Users\pedro\Desktop\Projeto do TCC\Brain Tumor MRI Dataset\Testing\notumor\Te-no_77.jpg,notumor,.jpg,test,16364,3897062aac96a4bd1b6b9c1c834eee1358a8277ff7f0f7397dd6e6ba9cbdb46c,236,280,RGB,0.8428571428571429,3,c34a3cbf43b47c60,70f0c8c8cc6aaa8e,True,,JPEG
t0_0327,Training/notumor/Tr-no_1096.jpg,C:\Users\pedro\Desktop\Projeto do TCC\Brain Tumor MRI Dataset\Training\notumor\Tr-no_1096.jpg,notumor,.jpg,train,13279,d4977d06d30eeefc174fa2defb6dba7047e11204f10513fe8e5f7a106e880a77,236,280,RGB,0.8428571428571429,3,c34a3cbf43b47c60,70f0c8c8cc6aaa8e,True,,JPEG
t0_0328,Testing/notumor/Te-no_78.jpg,C:\Users\pedro\Desktop\Projeto do TCC\Brain Tumor MRI Dataset\Testing\notumor\Te-no_78.jpg,notumor,.jpg,test,16651,41299da0044d82254ecf8d0f6873977039c7dc4b67de43f26404a4ce2e92bd3f,393,400,RGB,0.9825,3,951e7ae0697139c9,7170d4d4f0f0f071,True,,JPEG
t0_0328,Training/notumor/Tr-no_987.jpg,C:\Users\pedro\Desktop\Projeto do TCC\Brain Tumor MRI Dataset\Training\notumor\Tr-no_987.jpg,notumor,.jpg,train,16653,233a5d8b0deeed1fc4a2d8ba343d38c761b76ed8b751945e350ca7e03aaefda5,393,400,RGB,0.9825,3,951e7ae0697139c9,7170d4d4f0f0f071,True,,JPEG
t0_0329,Testing/notumor/Te-no_8.jpg,C:\Users\pedro\Desktop\Projeto do TCC\Brain Tumor MRI Dataset\Testing\notumor\Te-no_8.jpg,notumor,.jpg,test,10039,c09c58ace1e369790e077faf384fb7381d774bbf2c03cf13ab1dcefc14d380e3,420,280,RGB,1.5,3,ce6c38b634326799,3261696168686930,True,,JPEG
t0_0329,Training/notumor/Tr-no_1142.jpg,C:\Users\pedro\Desktop\Projeto do TCC\Brain Tumor MRI Dataset\Training\notumor\Tr-no_1142.jpg,notumor,.jpg,train,5570,96152c5bfbd1d53c62398db5e62854e91456ab467fa5c504cce204ee4b6b0646,275,183,RGB,1.5027322404371584,3,ce6c78b634326798,3261696168686930,True,,JPEG
t0_0329,Training/notumor/Tr-no_1277.jpg,C:\Users\pedro\Desktop\Projeto do TCC\Brain Tumor MRI Dataset\Training\notumor\Tr-no_1277.jpg,notumor,.jpg,train,10287,0bbe8a2a1bfa6dd268852dee167c8e309391550370ef8dc656c360f260669abf,420,280,RGB,1.5,3,ce6c38b634326799,3261696168686930,True,,JPEG
t0_0329,Training/notumor/Tr-no_194.jpg,C:\Users\pedro\Desktop\Projeto do TCC\Brain Tumor MRI Dataset\Training\notumor\Tr-no_194.jpg,notumor,.jpg,train,16776,280d387f9ef5c5407c3a5618fc7e3a861fed385c6f4c2e11e1ee9b13a7faa102,420,280,RGB,1.5,3,ce6c38b634326799,3261696168686930,True,,JPEG
t0_0329,Training/notumor/Tr-no_219.jpg,C:\Users\pedro\Desktop\Projeto do TCC\Brain Tumor MRI Dataset\Training\notumor\Tr-no_219.jpg,notumor,.jpg,train,16776,280d387f9ef5c5407c3a5618fc7e3a861fed385c6f4c2e11e1ee9b13a7faa102,420,280,RGB,1.5,3,ce6c38b634326799,3261696168686930,True,,JPEG
t0_0329,Training/notumor/Tr-no_385.jpg,C:\Users\pedro\Desktop\Projeto do TCC\Brain Tumor MRI Dataset\Training\notumor\Tr-no_385.jpg,notumor,.jpg,train,9863,893cca9d9dd93b1ec90d8b2b6e4ec17638153c4603c32e8b304bfc05aa8a42bc,420,280,RGB,1.5,3,ce6c38b634326799,3261696168686930,True,,JPEG
t0_0329,Training/notumor/Tr-no_652.jpg,C:\Users\pedro\Desktop\Projeto do TCC\Brain Tumor MRI Dataset\Training\notumor\Tr-no_652.jpg,notumor,.jpg,train,4142,91eb18f61d813028c6de3d9a78b79f807712662d006287ddec80b945f6edeb51,275,183,RGB,1.5027322404371584,3,ce6c78b634326798,3261696168686930,True,,JPEG
t0_0329,Training/notumor/Tr-no_904.jpg,C:\Users\pedro\Desktop\Projeto do TCC\Brain Tumor MRI Dataset\Training\notumor\Tr-no_904.jpg,notumor,.jpg,train,5868,a1d40d38cf6cfaaa95406c9f404b6dfc0f784e3e3eae1cde503c6e5b30ebcb0e,275,183,RGB,1.5027322404371584,3,ce6c78b634326719,3261696168686930,True,,JPEG
t0_0330,Testing/notumor/Te-no_81.jpg,C:\Users\pedro\Desktop\Projeto do TCC\Brain Tumor MRI Dataset\Testing\notumor\Te-no_81.jpg,notumor,.jpg,test,27936,bd14ea171ca357ed6a4757207964945b655f74d787ce6f25920334045938f12e,400,442,RGB,0.9049773755656108,3,863a7ae065c733c9,3270e8ccc4ece871,True,,JPEG
t0_0330,Training/notumor/Tr-no_291.jpg,C:\Users\pedro\Desktop\Projeto do TCC\Brain Tumor MRI Dataset\Training\notumor\Tr-no_291.jpg,notumor,.jpg,train,29117,925becfda8733c27027b4c4d6e38ad4ef8c0ba136177dbc9e1f0c54f7065ecfc,400,442,RGB,0.9049773755656108,3,863a7ae065c733c9,b270e8ccc4ece871,True,,JPEG
t0_0330,Training/notumor/Tr-no_39.jpg,C:\Users\pedro\Desktop\Projeto do TCC\Brain Tumor MRI Dataset\Training\notumor\Tr-no_39.jpg,notumor,.jpg,train,21151,7fb3ddbb14d06fc17f27a24c124031463b8a5d410877d272495a460de1c5b841,400,442,RGB,0.9049773755656108,3,863a7ae065c733c9,b370e8ccccece870,True,,JPEG
t0_0330,Training/notumor/Tr-no_614.jpg,C:\Users\pedro\Desktop\Projeto do TCC\Brain Tumor MRI Dataset\Training\notumor\Tr-no_614.jpg,notumor,.jpg,train,21156,b4531b317308ad08f6f4c96da6e7244a9875a52d490ecdcab426249236587074,400,442,RGB,0.9049773755656108,3,863a7ae065c733c9,b370e8ccccece870,True,,JPEG
t0_0331,Testing/notumor/Te-no_82.jpg,C:\Users\pedro\Desktop\Projeto do TCC\Brain Tumor MRI Dataset\Testing\notumor\Te-no_82.jpg,notumor,.jpg,test,8466,b0c8e63cba9f83a8591744f00dfa8eb10088cca1de4cec713e5e528af9e06111,225,225,RGB,1.0,3,973e78c96196246d,3170ecccd4e87071,True,,JPEG
t0_0331,Training/notumor/Tr-no_1117.jpg,C:\Users\pedro\Desktop\Projeto do TCC\Brain Tumor MRI Dataset\Training\notumor\Tr-no_1117.jpg,notumor,.jpg,train,8074,a2e2c286c831cecbc9b4711f56aca139a9448724de18021654032784414fafbe,225,225,RGB,1.0,3,973e78c96196246d,3170ecccd4e87071,True,,JPEG
t0_0331,Training/notumor/Tr-no_604.jpg,C:\Users\pedro\Desktop\Projeto do TCC\Brain Tumor MRI Dataset\Training\notumor\Tr-no_604.jpg,notumor,.jpg,train,8136,39e0e05182312576de8b46eea9c6b96908335a0ae2f4d25d50d86143b900d874,225,225,RGB,1.0,3,973e78c96196246d,3170ecccd4e87071,True,,JPEG
t0_0331,Training/notumor/Tr-no_717.jpg,C:\Users\pedro\Desktop\Projeto do TCC\Brain Tumor MRI Dataset\Training\notumor\Tr-no_717.jpg,notumor,.jpg,train,6230,7bd4d5d58606af2e040836ab4dd73e35130ec425c538d619dc514f5494d84c39,225,225,RGB,1.0,3,973e78c96196246d,3170ecccd4e87071,True,,JPEG
t0_0332,Testing/notumor/Te-no_84.jpg,C:\Users\pedro\Desktop\Projeto do TCC\Brain Tumor MRI Dataset\Testing\notumor\Te-no_84.jpg,notumor,.jpg,test,9175,24341b1aa8a39afa3025c36053deeda9ccfa5c22f56b2f6da87e86600286c542,225,225,RGB,1.0,3,92956c5a69756572,71e8ccdcf8f86931,True,,JPEG
t0_0332,Training/notumor/Tr-no_136.jpg,C:\Users\pedro\Desktop\Projeto do TCC\Brain Tumor MRI Dataset\Training\notumor\Tr-no_136.jpg,notumor,.jpg,train,24657,d1e9db397eba28f5d1156b2c45cda4b16829577750ee5edbcca1bbb4b3da0794,512,512,RGB,1.0,3,93956c5a69756532,71e8ccdcf8f86931,True,,JPEG
t0_0332,Training/notumor/Tr-no_713.jpg,C:\Users\pedro\Desktop\Projeto do TCC\Brain Tumor MRI Dataset\Training\notumor\Tr-no_713.jpg,notumor,.jpg,train,9352,e027f2073ef9c85bf4d436f0be29a44fda8e960418c315125dc6be1d71dcfb96,225,225,RGB,1.0,3,92956c5a69756572,71e8ccdcf8f86931,True,,JPEG
t0_0333,Testing/notumor/Te-no_86.jpg,C:\Users\pedro\Desktop\Projeto do TCC\Brain Tumor MRI Dataset\Testing\notumor\Te-no_86.jpg,notumor,.jpg,test,42529,2a4d0ff348dec7f56acbe89f117f9c3a1c6cf49f850c34b9e64b82d962a5cb14,680,680,RGB,1.0,3,966a39a17ac56987,b170e0e8ecf0f069,True,,JPEG
t0_0333,Training/notumor/Tr-no_1302.jpg,C:\Users\pedro\Desktop\Projeto do TCC\Brain Tumor MRI Dataset\Training\notumor\Tr-no_1302.jpg,notumor,.jpg,train,78104,e22f980ae6f8f79a1fd96c0e2711d06767493d2d7c19d885fd89f6207702c3f3,680,680,RGB,1.0,3,966a39a17ac56987,b170e0e8ecf0f069,True,,JPEG
t0_0333,Training/notumor/Tr-no_341.jpg,C:\Users\pedro\Desktop\Projeto do TCC\Brain Tumor MRI Dataset\Training\notumor\Tr-no_341.jpg,notumor,.jpg,train,78104,e22f980ae6f8f79a1fd96c0e2711d06767493d2d7c19d885fd89f6207702c3f3,680,680,RGB,1.0,3,966a39a17ac56987,b170e0e8ecf0f069,True,,JPEG
t0_0333,Training/notumor/Tr-no_683.jpg,C:\Users\pedro\Desktop\Projeto do TCC\Brain Tumor MRI Dataset\Training\notumor\Tr-no_683.jpg,notumor,.jpg,train,72738,f98f84c8efdfc33cbad78e557e1e4dd58e22567d3f3bf0a42da1fd57d8653412,680,680,RGB,1.0,3,966a38a57ac56987,b170e0e8ecf0f069,True,,JPEG
t0_0333,Training/notumor/Tr-no_821.jpg,C:\Users\pedro\Desktop\Projeto do TCC\Brain Tumor MRI Dataset\Training\notumor\Tr-no_821.jpg,notumor,.jpg,train,200227,5e984e1fb53f99176d490aa0122a7ebe4f5421c3f1dfe2d0e865efe621b67884,680,680,RGB,1.0,3,966a39a17ac56987,b170e0e8ecf0f069,True,,JPEG
t0_0334,Testing/notumor/Te-no_92.jpg,C:\Users\pedro\Desktop\Projeto do TCC\Brain Tumor MRI Dataset\Testing\notumor\Te-no_92.jpg,notumor,.jpg,test,21099,7a3fac9104743aa9ecd56374dafb71c6b8084ace9b13e4cb7b881f198a4bb479,236,270,RGB,0.8740740740740741,3,9389501f7e7368e4,38f89f696cb9cc84,True,,JPEG
t0_0334,Training/notumor/Tr-no_1319.jpg,C:\Users\pedro\Desktop\Projeto do TCC\Brain Tumor MRI Dataset\Training\notumor\Tr-no_1319.jpg,notumor,.jpg,train,17097,e2624788382fce1d1c00840375cdd541241d61de6137e9c1c6d69f83d7c99307,236,270,RGB,0.8740740740740741,3,9389501f7e7368e4,38f89f696cb9cc84,True,,JPEG
t0_0335,Testing/notumor/Te-no_93.jpg,C:\Users\pedro\Desktop\Projeto do TCC\Brain Tumor MRI Dataset\Testing\notumor\Te-no_93.jpg,notumor,.jpg,test,6012,46dd6b7c724ac9bc7e4c3777fbf940359e5d28ea88e883d198c25ebf10a7ba34,192,192,RGB,1.0,3,c24d3db630d93297,b271d0d0ccd47172,True,,JPEG
t0_0335,Training/notumor/Tr-no_377.jpg,C:\Users\pedro\Desktop\Projeto do TCC\Brain Tumor MRI Dataset\Training\notumor\Tr-no_377.jpg,notumor,.jpg,train,6014,6774b2137c7f1785385cf64b7fde608287f3f7e05c29d7dfc114443b01e40b62,192,192,RGB,1.0,3,c24d3db630d93297,b271d0d0ccd47170,True,,JPEG
t0_0336,Testing/notumor/Te-no_94.jpg,C:\Users\pedro\Desktop\Projeto do TCC\Brain Tumor MRI Dataset\Testing\notumor\Te-no_94.jpg,notumor,.jpg,test,8224,60506456714ce82a48c1410a0bb0edbab95fa05edab712fc4d50ac62ff881cd6,225,225,RGB,1.0,3,95987aa76e68989c,e0d4b0f2d4d4d4ec,True,,JPEG
t0_0336,Training/notumor/Tr-no_391.jpg,C:\Users\pedro\Desktop\Projeto do TCC\Brain Tumor MRI Dataset\Training\notumor\Tr-no_391.jpg,notumor,.jpg,train,8228,193b1ca0bd3352e41e46d90ae247d0c706e61579889e814403de1c091bfe9bf1,225,225,RGB,1.0,3,95987aa76e68989c,e0d4b0f2d4d4d4ec,True,,JPEG
t0_0337,Testing/notumor/Te-no_95.jpg,C:\Users\pedro\Desktop\Projeto do TCC\Brain Tumor MRI Dataset\Testing\notumor\Te-no_95.jpg,notumor,.jpg,test,9286,39b3b612a42661fbf0c8b105896aa67f0132406e2b2293d2979eb7daddbe7b50,225,225,RGB,1.0,3,927a6ca5689e25cd,3169f8f8dccce871,True,,JPEG
t0_0337,Training/notumor/Tr-no_635.jpg,C:\Users\pedro\Desktop\Projeto do TCC\Brain Tumor MRI Dataset\Training\notumor\Tr-no_635.jpg,notumor,.jpg,train,8523,dea6f3f009b126786a8925318e2b68d65826027cfe27a9fa235bf07941c641b5,225,225,RGB,1.0,3,927a6ca5689e25cd,3169f8e8dcccf871,True,,JPEG
t0_0337,Training/notumor/Tr-no_859.jpg,C:\Users\pedro\Desktop\Projeto do TCC\Brain Tumor MRI Dataset\Training\notumor\Tr-no_859.jpg,notumor,.jpg,train,24645,36f99ff27130d024d8519002146f1bcfa1412717beee43f017d52711fd5b7a06,512,512,RGB,1.0,3,927a6ca568da25cd,3169f8f8dccce871,True,,JPEG
t0_0338,Testing/notumor/Te-no_96.jpg,C:\Users\pedro\Desktop\Projeto do TCC\Brain Tumor MRI Dataset\Testing\notumor\Te-no_96.jpg,notumor,.jpg,test,11025,84085baab0226c38106fbbd6dcad4ecfb4b09da43f137c1a3802c9acbef2d1a3,212,238,RGB,0.8907563025210085,3,d0d32fa7395c642c,69ccb2babaaee071,True,,JPEG
t0_0338,Training/notumor/Tr-no_1130.jpg,C:\Users\pedro\Desktop\Projeto do TCC\Brain Tumor MRI Dataset\Training\notumor\Tr-no_1130.jpg,notumor,.jpg,train,11759,e6b33fecf8045e0bc7abc70fc15eed83fa7e20cfd8af95ea96b02b46224f97c8,212,238,RGB,0.8907563025210085,3,d0c36fa7395c642c,69ccb2babaaee071,True,,JPEG
t0_0338,Training/notumor/Tr-no_1310.jpg,C:\Users\pedro\Desktop\Projeto do TCC\Brain Tumor MRI Dataset\Training\notumor\Tr-no_1310.jpg,notumor,.jpg,train,11882,e7356b3c77c3b948e213b0d6c975294a448f46671ada0378127fdd90bb27c995,212,238,RGB,0.8907563025210085,3,d0d36fa7391c642c,69ccb2babaaee071,True,,JPEG
t0_0338,Training/notumor/Tr-no_667.jpg,C:\Users\pedro\Desktop\Projeto do TCC\Brain Tumor MRI Dataset\Training\notumor\Tr-no_667.jpg,notumor,.jpg,train,22354,a060cabec183204f051f9c7d153b82d952b886fe2bb34efb8f812c50ce123287,350,393,RGB,0.8905852417302799,3,d0c36fa7395c642c,69ccb2babaaee071,True,,JPEG
t0_0339,Testing/notumor/Te-no_97.jpg,C:\Users\pedro\Desktop\Projeto do TCC\Brain Tumor MRI Dataset\Testing\notumor\Te-no_97.jpg,notumor,.jpg,test,7468,680425f849399c93d5fb0130a72f25e80d45766a143b319f130101c5736ff7b6,177,197,RGB,0.8984771573604061,3,963939b66949658e,70e8e8e8e8cce871,True,,JPEG
t0_0339,Training/notumor/Tr-no_27.jpg,C:\Users\pedro\Desktop\Projeto do TCC\Brain Tumor MRI Dataset\Training\notumor\Tr-no_27.jpg,notumor,.jpg,train,7488,b9f2c8cb9d850f58dd0749ffc13035fb6ddbcd8e3b5d84b301d7bfbae68621ac,177,197,RGB,0.8984771573604061,3,963939b66949658e,70e8e8e8e8cce871,True,,JPEG
t0_0339,Training/notumor/Tr-no_898.jpg,C:\Users\pedro\Desktop\Projeto do TCC\Brain Tumor MRI Dataset\Training\notumor\Tr-no_898.jpg,notumor,.jpg,train,7569,764714ba40505a6169dc1eabab98eab43a03a74f77c1e5d80f3494510b3538f4,177,197,RGB,0.8984771573604061,3,963939b66949658e,70e8e8e8e8cce871,True,,JPEG
t0_0340,Testing/pituitary/Te-pi_158.jpg,C:\Users\pedro\Desktop\Projeto do TCC\Brain Tumor MRI Dataset\Testing\pituitary\Te-pi_158.jpg,pituitary,.jpg,test,31403,b68c0e882d51fba50551bd3fa2e9745bf5e276318f06d92d02e465412481a54d,512,512,RGB,1.0,3,81765b6438656dc7,71e8cab2a8aad071,True,,JPEG
t0_0340,Training/pituitary/Tr-pi_939.jpg,C:\Users\pedro\Desktop\Projeto do TCC\Brain Tumor MRI Dataset\Training\pituitary\Tr-pi_939.jpg,pituitary,.jpg,train,27172,2783e2f2826cef2cfaf626795d957fd243ed705416665402b666bc9fa49b7d23,512,512,RGB,1.0,3,81725b26386d6de3,71e8cab2a8aad071,True,,JPEG
t0_0341,Testing/pituitary/Te-pi_232.jpg,C:\Users\pedro\Desktop\Projeto do TCC\Brain Tumor MRI Dataset\Testing\pituitary\Te-pi_232.jpg,pituitary,.jpg,test,24107,89c201bb78d46ca19e0d77f71094b27e37217b8018513a09832928e54221eac8,512,512,L,1.0,1,95735e2f286568a6,71e8aa96cce8e471,True,,JPEG
t0_0341,Training/pituitary/Tr-pi_281.jpg,C:\Users\pedro\Desktop\Projeto do TCC\Brain Tumor MRI Dataset\Training\pituitary\Tr-pi_281.jpg,pituitary,.jpg,train,23609,8d8d28f69b65a655c34bb5bebdfc8496d66af61c4a3025fa0dd33b8618def4ed,512,512,L,1.0,1,94705e2b687569a7,71e8aa96cce8e471,True,,JPEG
t0_0341,Training/pituitary/Tr-pi_651.jpg,C:\Users\pedro\Desktop\Projeto do TCC\Brain Tumor MRI Dataset\Training\pituitary\Tr-pi_651.jpg,pituitary,.jpg,train,23673,f47c2a35aab50fe4076545244df0e888f1e94bd2523ee6850557c37a1fda5feb,512,512,L,1.0,1,95735e2b68656926,71e8aa96cce8e471,True,,JPEG
t0_0342,Testing/pituitary/Te-pi_238.jpg,C:\Users\pedro\Desktop\Projeto do TCC\Brain Tumor MRI Dataset\Testing\pituitary\Te-pi_238.jpg,pituitary,.jpg,test,29521,8c539b274e3c798d1bb1d14f1dfdc57305ff8a6fe26ac29f78fae8f654ca46f3,512,512,L,1.0,1,d5db02a84f834f87,c1a058524616dccc,True,,JPEG
t0_0342,Training/pituitary/Tr-pi_909.jpg,C:\Users\pedro\Desktop\Projeto do TCC\Brain Tumor MRI Dataset\Training\pituitary\Tr-pi_909.jpg,pituitary,.jpg,train,29596,2fb22a4f507b8ef4c33902be264d3483aa4c42abc96333851ba81dadbcb6ff33,512,512,L,1.0,1,d5db02a84f834f87,d1a048505616cecc,True,,JPEG
t0_0343,Testing/pituitary/Te-pi_273.jpg,C:\Users\pedro\Desktop\Projeto do TCC\Brain Tumor MRI Dataset\Testing\pituitary\Te-pi_273.jpg,pituitary,.jpg,test,25538,e70846e753bbfee41eb1694d480d066b48ec015b5a1e9ebb7c8bc6afa5251765,512,512,RGB,1.0,3,950a7e792ce121e7,1378ccb2eedadea4,True,,JPEG
t0_0343,Training/pituitary/Tr-pi_996.jpg,C:\Users\pedro\Desktop\Projeto do TCC\Brain Tumor MRI Dataset\Training\pituitary\Tr-pi_996.jpg,pituitary,.jpg,train,24991,191ce712494ccfda4f1a2a43f3c6c8e8530a34774c3d6df1b4b6221d23b3d77c,512,512,RGB,1.0,3,950a7e792ce121e7,1378c49af29a9eec,True,,JPEG
t0_0344,Testing/pituitary/Te-pi_296.jpg,C:\Users\pedro\Desktop\Projeto do TCC\Brain Tumor MRI Dataset\Testing\pituitary\Te-pi_296.jpg,pituitary,.jpg,test,26020,c8e6b217c957e9329fdfd13a9fb932802a60fec8333f961f61da50260edf028b,512,512,L,1.0,1,d40b0b7c3d7c2770,71e8ccb296a8a8e8,True,,JPEG
t0_0344,Training/pituitary/Tr-pi_778.jpg,C:\Users\pedro\Desktop\Projeto do TCC\Brain Tumor MRI Dataset\Training\pituitary\Tr-pi_778.jpg,pituitary,.jpg,train,27966,32e8b16afe4dfe2de84703cd5d907f2af21817ab2300ef18b3f652be4f6e2fee,512,512,L,1.0,1,d00e0b6c3ded3770,71e8ccb296a8a8e8,True,,JPEG
t0_0345,Testing/pituitary/Te-pi_318.jpg,C:\Users\pedro\Desktop\Projeto do TCC\Brain Tumor MRI Dataset\Testing\pituitary\Te-pi_318.jpg,pituitary,.jpg,test,11417,6b48d10b8c124e4cd84a711752ce4617a38c11ff3681df8745325d416706e854,256,256,L,1.0,1,91d31e3e382c7c69,f0e8aaf0f0f0f0f0,True,,JPEG
t0_0345,Training/pituitary/Tr-pi_325.jpg,C:\Users\pedro\Desktop\Projeto do TCC\Brain Tumor MRI Dataset\Training\pituitary\Tr-pi_325.jpg,pituitary,.jpg,train,14575,2a3dbe101074f7c5d483c93b8a20c2dc710f1f1e24bf77bcf1ee128b61fe3e04,256,256,RGB,1.0,3,c4864b6b3d79293c,f0e8aaf0f0f0f0f0,True,,JPEG
t0_0346,Testing/pituitary/Te-pi_395.jpg,C:\Users\pedro\Desktop\Projeto do TCC\Brain Tumor MRI Dataset\Testing\pituitary\Te-pi_395.jpg,pituitary,.jpg,test,25182,03778458c3d82abe8d8321a33cb39174e167e0657a3f2c0226f0bd786356ed08,512,512,RGB,1.0,3,d0d12b8e6ccf3439,70d8dcb2b0c4f0b2,True,,JPEG
t0_0346,Training/pituitary/Tr-pi_142.jpg,C:\Users\pedro\Desktop\Projeto do TCC\Brain Tumor MRI Dataset\Training\pituitary\Tr-pi_142.jpg,pituitary,.jpg,train,23590,70334e5860fa4fb7b90aad8b0f4610f0a844d8f41954ba921ff4e07dad757249,512,512,RGB,1.0,3,d0d13f9f6c4c3438,70d8dcb2b0c4f0b2,True,,JPEG
t0_0347,Training/glioma/Tr-gl_1066.jpg,C:\Users\pedro\Desktop\Projeto do TCC\Brain Tumor MRI Dataset\Training\glioma\Tr-gl_1066.jpg,glioma,.jpg,train,14953,88462cfdd72c0a289d3152fcf6b15b0eefdda24534847165a7220114208d6e9e,512,512,L,1.0,1,97cb6c9c35583269,b261d8dcd4dc70b2,True,,JPEG
t0_0347,Training/glioma/Tr-gl_515.jpg,C:\Users\pedro\Desktop\Projeto do TCC\Brain Tumor MRI Dataset\Training\glioma\Tr-gl_515.jpg,glioma,.jpg,train,16489,efacdcc7c80e6ba7d00499999a9f599414db65a089a9f0f93892b5ffcd261a03,512,512,L,1.0,1,91cb6e9f60383369,b261d8dcd4dc70b2,True,,JPEG
t0_0348,Training/glioma/Tr-gl_1089.jpg,C:\Users\pedro\Desktop\Projeto do TCC\Brain Tumor MRI Dataset\Training\glioma\Tr-gl_1089.jpg,glioma,.jpg,train,13745,6b75b33c104238feff9c2d438e64b93baad11d39943c80d8ca487c1670f9fbf5,512,512,L,1.0,1,c23e2de034c772ce,90f068d4e4d870b2,True,,JPEG
t0_0348,Training/glioma/Tr-gl_827.jpg,C:\Users\pedro\Desktop\Projeto do TCC\Brain Tumor MRI Dataset\Training\glioma\Tr-gl_827.jpg,glioma,.jpg,train,14793,a7b34ba88ef8b47db096336683550988bbf8cb30042b37acaacb597d53a51b87,512,512,L,1.0,1,c23e2de034c772ce,92f168cce4d0f0b2,True,,JPEG
t0_0349,Training/glioma/Tr-gl_1183.jpg,C:\Users\pedro\Desktop\Projeto do TCC\Brain Tumor MRI Dataset\Training\glioma\Tr-gl_1183.jpg,glioma,.jpg,train,14554,b3e23a07ea2fe7eb605c6b788bcfe709e586b7923abcacf910a74d8f1b15badd,512,512,L,1.0,1,c22f2df034c332cf,b260e9ccf4d4f132,True,,JPEG
t0_0349,Training/glioma/Tr-gl_1318.jpg,C:\Users\pedro\Desktop\Projeto do TCC\Brain Tumor MRI Dataset\Training\glioma\Tr-gl_1318.jpg,glioma,.jpg,train,13921,dd2b85dcc22e042b17b1e4b1978292deb65c4cbb00dc74f38920dda603bd7dcb,512,512,L,1.0,1,c22f2df034c332cf,b270e9c4d4dcf132,True,,JPEG
t0_0350,Training/glioma/Tr-gl_1400.jpg,C:\Users\pedro\Desktop\Projeto do TCC\Brain Tumor MRI Dataset\Training\glioma\Tr-gl_1400.jpg,glioma,.jpg,train,19356,5030a81e946453f7763797bfa5fc0f748f40cb6c245a25d25e0fe13608e71567,512,512,L,1.0,1,979d6ec8392c642d,71e8ccd4d4ccf068,True,,JPEG
t0_0350,Training/glioma/Tr-gl_762.jpg,C:\Users\pedro\Desktop\Projeto do TCC\Brain Tumor MRI Dataset\Training\glioma\Tr-gl_762.jpg,glioma,.jpg,train,24647,a2d02c26384bc3481f47aeff777a9003bf7a7cc242a30d326cf4a5717f6e597c,512,512,RGB,1.0,3,c2c83b9d6c793178,71e8ccd4d4ccf068,True,,JPEG
t0_0351,Training/glioma/Tr-gl_42.jpg,C:\Users\pedro\Desktop\Projeto do TCC\Brain Tumor MRI Dataset\Training\glioma\Tr-gl_42.jpg,glioma,.jpg,train,12567,3eb750d11f011acce33fce891763b98cda9cb430085337dfcedbadf74ac53f3a,512,512,L,1.0,1,c3cb2d9e3439332c,b270d8d4f4f070b2,True,,JPEG
t0_0351,Training/glioma/Tr-gl_967.jpg,C:\Users\pedro\Desktop\Projeto do TCC\Brain Tumor MRI Dataset\Training\glioma\Tr-gl_967.jpg,glioma,.jpg,train,13957,f0860effbaae4401e6d32d7346aebcbf3d2104bd83e380a3d94bc419fd95b3eb,512,512,L,1.0,1,c2cb2d9e34b93269,b270d8d4f4f070b2,True,,JPEG
t0_0352,Training/glioma/Tr-gl_608.jpg,C:\Users\pedro\Desktop\Projeto do TCC\Brain Tumor MRI Dataset\Training\glioma\Tr-gl_608.jpg,glioma,.jpg,train,23876,75438b39f5ee71b6f97cf122029c9220d0fcf8130adaeb65cb0f2516e24a506c,512,512,RGB,1.0,3,c03f7a2531d24e9b,84b2e8d4f0d4ccd4,True,,JPEG
t0_0352,Training/glioma/Tr-gl_997.jpg,C:\Users\pedro\Desktop\Projeto do TCC\Brain Tumor MRI Dataset\Training\glioma\Tr-gl_997.jpg,glioma,.jpg,train,18924,b4664b8d90022794e4db954e8a9a991f503a686e9634af62073dff4665f96fca,512,512,L,1.0,1,956a2f7064871bce,84b2e8d4f0d4ccd4,True,,JPEG
t0_0353,Training/glioma/Tr-gl_614.jpg,C:\Users\pedro\Desktop\Projeto do TCC\Brain Tumor MRI Dataset\Training\glioma\Tr-gl_614.jpg,glioma,.jpg,train,17599,b10186ba9aa9508544b9ecb7a1821e6b4a25ccdd738aeb493ffd20904dca3a12,512,512,L,1.0,1,92f36f1e2cc434cc,b269d4d4f4dc69b2,True,,JPEG
t0_0353,Training/glioma/Tr-gl_739.jpg,C:\Users\pedro\Desktop\Projeto do TCC\Brain Tumor MRI Dataset\Training\glioma\Tr-gl_739.jpg,glioma,.jpg,train,16933,6021a0b30e34064685a268e86acc176cbe50c7125ee9d499fad9de638b3fb633,512,512,L,1.0,1,d2d36f1e348c36c8,b269d4d4f4dc69b2,True,,JPEG
t0_0354,Training/glioma/Tr-gl_641.jpg,C:\Users\pedro\Desktop\Projeto do TCC\Brain Tumor MRI Dataset\Training\glioma\Tr-gl_641.jpg,glioma,.jpg,train,14946,80fd3e27df1d9f8ff58dbc60cd3638560d5e2900ef62a94dedbe31fe0e13e080,512,512,L,1.0,1,94967ada61696365,b070c4d4f4fc7082,True,,JPEG
t0_0354,Training/glioma/Tr-gl_981.jpg,C:\Users\pedro\Desktop\Projeto do TCC\Brain Tumor MRI Dataset\Training\glioma\Tr-gl_981.jpg,glioma,.jpg,train,15487,7cb479ac3290e8b903cd1d3a91dcfdda3269446b7c996591b0f5784bf520bba4,512,512,L,1.0,1,94967ada61696365,b070dcd4e4e46082,True,,JPEG
t0_0355,Training/meningioma/Tr-aug-me_19.jpg,C:\Users\pedro\Desktop\Projeto do TCC\Brain Tumor MRI Dataset\Training\meningioma\Tr-aug-me_19.jpg,meningioma,.jpg,train,21665,677f4096ad508cb37e84352be17f1e50637d14de7f6991029d7ece42b6ee9eb9,512,512,RGB,1.0,3,96492f3e693e603c,70f0d4c8d4ec6464,True,,JPEG
t0_0355,Training/meningioma/Tr-me_983.jpg,C:\Users\pedro\Desktop\Projeto do TCC\Brain Tumor MRI Dataset\Training\meningioma\Tr-me_983.jpg,meningioma,.jpg,train,20852,50624e206dc8dd2f8b5f9b883ed4814a470e41e2ab940df06b1b222181703b6a,512,512,L,1.0,1,96492f3e693e603c,71f8d4c8f4ec64e4,True,,JPEG
t0_0356,Training/meningioma/Tr-aug-me_67.jpg,C:\Users\pedro\Desktop\Projeto do TCC\Brain Tumor MRI Dataset\Training\meningioma\Tr-aug-me_67.jpg,meningioma,.jpg,train,21746,9f998e7c29943e610da04a26a9b8022aa94046c9fed76af00a3f14960135129e,512,512,RGB,1.0,3,85783f317cc49c63,0269d4b094d6cc68,True,,JPEG
t0_0356,Training/meningioma/Tr-me_1287.jpg,C:\Users\pedro\Desktop\Projeto do TCC\Brain Tumor MRI Dataset\Training\meningioma\Tr-me_1287.jpg,meningioma,.jpg,train,21002,8c67f97827c1f777db46d601c7042276c762b636844b0d1d2d3361c58884d743,512,512,L,1.0,1,85783f317cc19c63,0269d4b094d6cc68,True,,JPEG
t0_0357,Training/meningioma/Tr-aug-me_77.jpg,C:\Users\pedro\Desktop\Projeto do TCC\Brain Tumor MRI Dataset\Training\meningioma\Tr-aug-me_77.jpg,meningioma,.jpg,train,21419,e047ff7a00d96835ca5104495ca2adf138126c3ee3420a02f169ed243d425110,512,512,RGB,1.0,3,c06d2f323db17836,62e1d492acd8cc61,True,,JPEG
t0_0357,Training/meningioma/Tr-me_855.jpg,C:\Users\pedro\Desktop\Projeto do TCC\Brain Tumor MRI Dataset\Training\meningioma\Tr-me_855.jpg,meningioma,.jpg,train,20785,bfc2226aabd1831af607caa558cf7655a1d6662e84a555050084ab795caa2475,512,512,L,1.0,1,c06d2f323db57036,62e1d492acd8cc61,True,,JPEG
t0_0358,Training/meningioma/Tr-aug-me_85.jpg,C:\Users\pedro\Desktop\Projeto do TCC\Brain Tumor MRI Dataset\Training\meningioma\Tr-aug-me_85.jpg,meningioma,.jpg,train,22179,52a18b71c9df3b6ae1f80f0e8e6bb249d48865f146d6c4c4611bce632180535d,512,512,RGB,1.0,3,c16e2b2d74b139d2,32e1d8e4e4dad8d8,True,,JPEG
t0_0358,Training/meningioma/Tr-me_422.jpg,C:\Users\pedro\Desktop\Projeto do TCC\Brain Tumor MRI Dataset\Training\meningioma\Tr-me_422.jpg,meningioma,.jpg,train,21297,fa32c6d562d7556c701a0044efa90789f763e467777dc40d95f8d7300cc0d0ea,512,512,L,1.0,1,c16e2b2d74b139d2,32e1c8e4e4dad8f8,True,,JPEG
t0_0359,Training/meningioma/Tr-aug-me_89.jpg,C:\Users\pedro\Desktop\Projeto do TCC\Brain Tumor MRI Dataset\Training\meningioma\Tr-aug-me_89.jpg,meningioma,.jpg,train,14066,0f673459b5dba7f9dab9a6a32309e2c89ddf4bb9b799d3350f56c33e8cc8b2d3,512,512,L,1.0,1,966d699631cb9398,c4b269f4dcecf092,True,,JPEG
t0_0359,Training/meningioma/Tr-me_889.jpg,C:\Users\pedro\Desktop\Projeto do TCC\Brain Tumor MRI Dataset\Training\meningioma\Tr-me_889.jpg,meningioma,.jpg,train,14066,0f673459b5dba7f9dab9a6a32309e2c89ddf4bb9b799d3350f56c33e8cc8b2d3,512,512,L,1.0,1,966d699631cb9398,c4b269f4dcecf092,True,,JPEG
t0_0360,Training/meningioma/Tr-aug-me_90.jpg,C:\Users\pedro\Desktop\Projeto do TCC\Brain Tumor MRI Dataset\Training\meningioma\Tr-aug-me_90.jpg,meningioma,.jpg,train,13954,e50960c499e99a17df350e4f261d140bb10d74d9a3d81d91c4878542e2b32538,512,512,L,1.0,1,c34f6c913066733b,b270e8c4c8c870b2,True,,JPEG
t0_0360,Training/meningioma/Tr-me_1242.jpg,C:\Users\pedro\Desktop\Projeto do TCC\Brain Tumor MRI Dataset\Training\meningioma\Tr-me_1242.jpg,meningioma,.jpg,train,13954,e50960c499e99a17df350e4f261d140bb10d74d9a3d81d91c4878542e2b32538,512,512,L,1.0,1,c34f6c913066733b,b270e8c4c8c870b2,True,,JPEG
t0_0361,Training/meningioma/Tr-aug-me_91.jpg,C:\Users\pedro\Desktop\Projeto do TCC\Brain Tumor MRI Dataset\Training\meningioma\Tr-aug-me_91.jpg,meningioma,.jpg,train,16670,5c32bc4af148302670ffb8a5aa58fc239cea60fbbfc08ba34a65230a0de6f6f4,512,512,L,1.0,1,d34f6c913066339b,b270e8ccd8d870b2,True,,JPEG
t0_0361,Training/meningioma/Tr-me_245.jpg,C:\Users\pedro\Desktop\Projeto do TCC\Brain Tumor MRI Dataset\Training\meningioma\Tr-me_245.jpg,meningioma,.jpg,train,16670,5c32bc4af148302670ffb8a5aa58fc239cea60fbbfc08ba34a65230a0de6f6f4,512,512,L,1.0,1,d34f6c913066339b,b270e8ccd8d870b2,True,,JPEG
t0_0362,Training/meningioma/Tr-aug-me_92.jpg,C:\Users\pedro\Desktop\Projeto do TCC\Brain Tumor MRI Dataset\Training\meningioma\Tr-aug-me_92.jpg,meningioma,.jpg,train,25891,8f9c305ee1ad7c0f9e616d2f95e5536f5858b575e81d7a56e98b574bb8a20666,512,512,L,1.0,1,91da4a8d0bcb9e2e,e8cca8d4aad4d4d4,True,,JPEG
t0_0362,Training/meningioma/Tr-me_268.jpg,C:\Users\pedro\Desktop\Projeto do TCC\Brain Tumor MRI Dataset\Training\meningioma\Tr-me_268.jpg,meningioma,.jpg,train,25891,8f9c305ee1ad7c0f9e616d2f95e5536f5858b575e81d7a56e98b574bb8a20666,512,512,L,1.0,1,91da4a8d0bcb9e2e,e8cca8d4aad4d4d4,True,,JPEG
t0_0363,Training/meningioma/Tr-aug-me_94.jpg,C:\Users\pedro\Desktop\Projeto do TCC\Brain Tumor MRI Dataset\Training\meningioma\Tr-aug-me_94.jpg,meningioma,.jpg,train,18849,b8a72a6ed1229b7b33dc11c8641ebf15e55e9db20fd933e6372234013b8707b8,512,512,L,1.0,1,957a6a2969a57271,b268ccf4d0ccd4f0,True,,JPEG
t0_0363,Training/meningioma/Tr-me_824.jpg,C:\Users\pedro\Desktop\Projeto do TCC\Brain Tumor MRI Dataset\Training\meningioma\Tr-me_824.jpg,meningioma,.jpg,train,18849,b8a72a6ed1229b7b33dc11c8641ebf15e55e9db20fd933e6372234013b8707b8,512,512,L,1.0,1,957a6a2969a57271,b268ccf4d0ccd4f0,True,,JPEG
t0_0364,Training/meningioma/Tr-aug-me_95.jpg,C:\Users\pedro\Desktop\Projeto do TCC\Brain Tumor MRI Dataset\Training\meningioma\Tr-aug-me_95.jpg,meningioma,.jpg,train,19648,ef0e11d139ea444dbd4e266a8ccd3f79d22d82c5b16189481ec4047b605fb9c8,512,512,L,1.0,1,97597a2f68663829,71d8c8ccd0ccecec,True,,JPEG
t0_0364,Training/meningioma/Tr-me_1295.jpg,C:\Users\pedro\Desktop\Projeto do TCC\Brain Tumor MRI Dataset\Training\meningioma\Tr-me_1295.jpg,meningioma,.jpg,train,19648,ef0e11d139ea444dbd4e266a8ccd3f79d22d82c5b16189481ec4047b605fb9c8,512,512,L,1.0,1,97597a2f68663829,71d8c8ccd0ccecec,True,,JPEG
t0_0365,Training/meningioma/Tr-aug-me_97.jpg,C:\Users\pedro\Desktop\Projeto do TCC\Brain Tumor MRI Dataset\Training\meningioma\Tr-aug-me_97.jpg,meningioma,.jpg,train,26954,089a7ad8107e9ef50fc7c35e7407b18fcda170be3707749807a059a5cb46b3a8,512,512,L,1.0,1,81de4e8b5e8e3a4c,e0ccaaf2b2cec4c4,True,,JPEG
t0_0365,Training/meningioma/Tr-me_532.jpg,C:\Users\pedro\Desktop\Projeto do TCC\Brain Tumor MRI Dataset\Training\meningioma\Tr-me_532.jpg,meningioma,.jpg,train,26954,089a7ad8107e9ef50fc7c35e7407b18fcda170be3707749807a059a5cb46b3a8,512,512,L,1.0,1,81de4e8b5e8e3a4c,e0ccaaf2b2cec4c4,True,,JPEG
t0_0366,Training/meningioma/Tr-aug-me_98.jpg,C:\Users\pedro\Desktop\Projeto do TCC\Brain Tumor MRI Dataset\Training\meningioma\Tr-aug-me_98.jpg,meningioma,.jpg,train,25839,47659f0b7a3739148ba3a036ec2204283a0a233876b0a0458bf251bfae9c2da8,512,512,L,1.0,1,d06e0b29376e1e35,e39968cc9ab8aadc,True,,JPEG
t0_0366,Training/meningioma/Tr-me_1274.jpg,C:\Users\pedro\Desktop\Projeto do TCC\Brain Tumor MRI Dataset\Training\meningioma\Tr-me_1274.jpg,meningioma,.jpg,train,25839,47659f0b7a3739148ba3a036ec2204283a0a233876b0a0458bf251bfae9c2da8,512,512,L,1.0,1,d06e0b29376e1e35,e39968cc9ab8aadc,True,,JPEG
t0_0367,Training/meningioma/Tr-me_1026.jpg,C:\Users\pedro\Desktop\Projeto do TCC\Brain Tumor MRI Dataset\Training\meningioma\Tr-me_1026.jpg,meningioma,.jpg,train,20701,e28edeb147e6e9347814198c4d3d87a4db27fbb3e6288829cea52effab51b445,512,512,RGB,1.0,3,d23c2de065c7368e,92f0ecd0ecdcf0b2,True,,JPEG
t0_0367,Training/meningioma/Tr-me_545.jpg,C:\Users\pedro\Desktop\Projeto do TCC\Brain Tumor MRI Dataset\Training\meningioma\Tr-me_545.jpg,meningioma,.jpg,train,20292,632b2be4fb34f336291dd7603e43ab5cffb2bb53de702938fda180bc6a250601,512,512,RGB,1.0,3,d23c2de065c7368e,92f06cd0ecdcf0b2,True,,JPEG
t0_0368,Training/meningioma/Tr-me_1094.jpg,C:\Users\pedro\Desktop\Projeto do TCC\Brain Tumor MRI Dataset\Training\meningioma\Tr-me_1094.jpg,meningioma,.jpg,train,28082,451f339dbf4d33864e0dd8940f533bbeddda6492cf60bb15615342bd467cc721,512,512,RGB,1.0,3,94957a1a3f687839,78f4f4cceca8e0e1,True,,JPEG
t0_0368,Training/meningioma/Tr-me_219.jpg,C:\Users\pedro\Desktop\Projeto do TCC\Brain Tumor MRI Dataset\Training\meningioma\Tr-me_219.jpg,meningioma,.jpg,train,28082,451f339dbf4d33864e0dd8940f533bbeddda6492cf60bb15615342bd467cc721,512,512,RGB,1.0,3,94957a1a3f687839,78f4f4cceca8e0e1,True,,JPEG
t0_0369,Training/meningioma/Tr-me_1101.jpg,C:\Users\pedro\Desktop\Projeto do TCC\Brain Tumor MRI Dataset\Training\meningioma\Tr-me_1101.jpg,meningioma,.jpg,train,21706,09b9031e30e757eb6e648686f0ca412357e86895ebbc52d300d2d0a9305fd417,512,512,RGB,1.0,3,97876a4c619b256d,b060dcd8e0d479b2,True,,JPEG
t0_0369,Training/meningioma/Tr-me_836.jpg,C:\Users\pedro\Desktop\Projeto do TCC\Brain Tumor MRI Dataset\Training\meningioma\Tr-me_836.jpg,meningioma,.jpg,train,21706,09b9031e30e757eb6e648686f0ca412357e86895ebbc52d300d2d0a9305fd417,512,512,RGB,1.0,3,97876a4c619b256d,b060dcd8e0d479b2,True,,JPEG
t0_0370,Training/meningioma/Tr-me_152.jpg,C:\Users\pedro\Desktop\Projeto do TCC\Brain Tumor MRI Dataset\Training\meningioma\Tr-me_152.jpg,meningioma,.jpg,train,25722,22ff202c8c1effc27362d7016064f225b192c4399265e042e6fdf6b4816e64e9,512,512,RGB,1.0,3,901b6e646df16197,9170d89894d4cce4,True,,JPEG
t0_0370,Training/meningioma/Tr-me_644.jpg,C:\Users\pedro\Desktop\Projeto do TCC\Brain Tumor MRI Dataset\Training\meningioma\Tr-me_644.jpg,meningioma,.jpg,train,25765,1a63bc6b031b8f9aea7decf821c5418de6120db0a945055d040656c1589eb8de,512,512,RGB,1.0,3,901b6e646df16197,8170d898b494ccec,True,,JPEG
t0_0371,Training/meningioma/Tr-me_260.jpg,C:\Users\pedro\Desktop\Projeto do TCC\Brain Tumor MRI Dataset\Training\meningioma\Tr-me_260.jpg,meningioma,.jpg,train,14075,592e6bac493629742729200e79098e971a4df440405a30e99810f82bf27b5427,512,512,L,1.0,1,c26d3db4309333cd,8472e9c8f4cc71b2,True,,JPEG
t0_0371,Training/meningioma/Tr-me_609.jpg,C:\Users\pedro\Desktop\Projeto do TCC\Brain Tumor MRI Dataset\Training\meningioma\Tr-me_609.jpg,meningioma,.jpg,train,13610,6e5ca8d2cbba5c2a2633f42b799660ff02b02dec3cbc72cc6263797f759137ea,512,512,L,1.0,1,c26d3db4309333cd,9462c9c8f4cc71b2,True,,JPEG
t0_0372,Training/meningioma/Tr-me_362.jpg,C:\Users\pedro\Desktop\Projeto do TCC\Brain Tumor MRI Dataset\Training\meningioma\Tr-me_362.jpg,meningioma,.jpg,train,15542,3f2e25e763d4bfa91cdeaed943912c4bebd420d9a370c22c6af26dc4182a79b7,512,512,L,1.0,1,c20f2ff434c3323d,b270c8cce4ccf1b2,True,,JPEG
t0_0372,Training/meningioma/Tr-me_754.jpg,C:\Users\pedro\Desktop\Projeto do TCC\Brain Tumor MRI Dataset\Training\meningioma\Tr-me_754.jpg,meningioma,.jpg,train,17162,de8592a85364773572a57567375e3e8e73e38913c60c51d1bbb5306354c61322,512,512,L,1.0,1,c20f2ff434c3323d,b2f0c8c8acccf1b2,True,,JPEG
t0_0373,Training/meningioma/Tr-me_657.jpg,C:\Users\pedro\Desktop\Projeto do TCC\Brain Tumor MRI Dataset\Training\meningioma\Tr-me_657.jpg,meningioma,.jpg,train,20850,9f08021e07ea5ac142fb7d2383531e1a50159835d24fa5077a10516eee0865c9,512,512,RGB,1.0,3,c36d3cb071836799,c4b269d4d4cc7192,True,,JPEG
t0_0373,Training/meningioma/Tr-me_769.jpg,C:\Users\pedro\Desktop\Projeto do TCC\Brain Tumor MRI Dataset\Training\meningioma\Tr-me_769.jpg,meningioma,.jpg,train,16461,4dbfe46d26ece25aca46d4e29ae20acffd3c7741a6d8dc4c3a51d539c25cc9b0,512,512,L,1.0,1,963869e524de33cc,c4b269d4d4cc7192,True,,JPEG
t0_0374,Training/notumor/Tr-no_1000.jpg,C:\Users\pedro\Desktop\Projeto do TCC\Brain Tumor MRI Dataset\Training\notumor\Tr-no_1000.jpg,notumor,.jpg,train,33408,aa66d8e967787f1f68a537f5300e72131b53cc4706620d41e67f74b1eb53d931,442,442,RGB,1.0,3,916e5aa75a2d2cc5,e1e8eae8e8e8f878,True,,JPEG
t0_0374,Training/notumor/Tr-no_105.jpg,C:\Users\pedro\Desktop\Projeto do TCC\Brain Tumor MRI Dataset\Training\notumor\Tr-no_105.jpg,notumor,.jpg,train,33408,aa66d8e967787f1f68a537f5300e72131b53cc4706620d41e67f74b1eb53d931,442,442,RGB,1.0,3,916e5aa75a2d2cc5,e1e8eae8e8e8f878,True,,JPEG
t0_0375,Training/notumor/Tr-no_1002.jpg,C:\Users\pedro\Desktop\Projeto do TCC\Brain Tumor MRI Dataset\Training\notumor\Tr-no_1002.jpg,notumor,.jpg,train,9889,7ddbef2556e368dd15908ede6107c308faeb8088d987fe05c4b1b09577f361c7,200,252,RGB,0.7936507936507936,3,d0161ff87a962d51,e8eccc8c8e96ccf0,True,,JPEG
t0_0375,Training/notumor/Tr-no_1306.jpg,C:\Users\pedro\Desktop\Projeto do TCC\Brain Tumor MRI Dataset\Training\notumor\Tr-no_1306.jpg,notumor,.jpg,train,9845,b15170faec1cda7cf01d47b472700acd098d7ea8702b6b33592d7f3a4bae7c9c,200,252,RGB,0.7936507936507936,3,d0161ff87a962d51,e8eccc8c8e96ccf0,True,,JPEG
t0_0376,Training/notumor/Tr-no_1006.jpg,C:\Users\pedro\Desktop\Projeto do TCC\Brain Tumor MRI Dataset\Training\notumor\Tr-no_1006.jpg,notumor,.jpg,train,16502,6f94742aa97b416c86a75709d1ec3af8f697cbdd9e9366bd22af4e3a3eb38ec7,393,400,RGB,0.9825,3,c0b42f4a3cdb6c63,61f0f0f0d4d4f170,True,,JPEG
t0_0376,Training/notumor/Tr-no_1209.jpg,C:\Users\pedro\Desktop\Projeto do TCC\Brain Tumor MRI Dataset\Training\notumor\Tr-no_1209.jpg,notumor,.jpg,train,16663,2f5281afa2d159a32589dc3b63446784128f62f6183a112cca790866a3f466fa,393,400,RGB,0.9825,3,c0b42f4a3cdb6c63,61f0f0f0d4d4f170,True,,JPEG
t0_0377,Training/notumor/Tr-no_1009.jpg,C:\Users\pedro\Desktop\Projeto do TCC\Brain Tumor MRI Dataset\Training\notumor\Tr-no_1009.jpg,notumor,.jpg,train,9111,7885b62a460199a352cb9df4117bae2b9cd9b2354614805f1b17bcf2cbcbe5e2,236,213,RGB,1.107981220657277,3,c2d22d6f3c4c346d,e1e9f8e8e8e0e1f1,True,,JPEG
t0_0377,Training/notumor/Tr-no_1388.jpg,C:\Users\pedro\Desktop\Projeto do TCC\Brain Tumor MRI Dataset\Training\notumor\Tr-no_1388.jpg,notumor,.jpg,train,9599,faf2482250fb25cdbf4134be6a724aa4cd46f7035d58ed540c81a1b0fef916f8,236,213,RGB,1.107981220657277,3,c2d22d6f3c4c346d,e1e9f8e8e8e0e1f1,True,,JPEG
t0_0378,Training/notumor/Tr-no_1015.jpg,C:\Users\pedro\Desktop\Projeto do TCC\Brain Tumor MRI Dataset\Training\notumor\Tr-no_1015.jpg,notumor,.jpg,train,27824,de08225737a2a8a8ddda2e0684baa925356b9c0fe77585f2992a0980398c2d07,393,400,RGB,0.9825,3,c04b2fb57c646c9c,70f1d4d4f0f0f061,True,,JPEG
t0_0378,Training/notumor/Tr-no_1200.jpg,C:\Users\pedro\Desktop\Projeto do TCC\Brain Tumor MRI Dataset\Training\notumor\Tr-no_1200.jpg,notumor,.jpg,train,118796,9c54a8ba366d8a9881e28dea8f4cc3f8e92fc74b2add2e6b7d7dfcacdee09bb0,393,400,RGBA,0.9825,4,c04b2fb57c646c9c,70f1d4d4f0f0f061,True,,PNG
t0_0378,Training/notumor/Tr-no_1339.jpg,C:\Users\pedro\Desktop\Projeto do TCC\Brain Tumor MRI Dataset\Training\notumor\Tr-no_1339.jpg,notumor,.jpg,train,27824,de08225737a2a8a8ddda2e0684baa925356b9c0fe77585f2992a0980398c2d07,393,400,RGB,0.9825,3,c04b2fb57c646c9c,70f1d4d4f0f0f061,True,,JPEG
t0_0378,Training/notumor/Tr-no_858.jpg,C:\Users\pedro\Desktop\Projeto do TCC\Brain Tumor MRI Dataset\Training\notumor\Tr-no_858.jpg,notumor,.jpg,train,16501,9e38578d8d8cd7dd19b789f441377e08abca23b363e785afdf8e0412d9129fbc,393,400,RGB,0.9825,3,c04b2fb57c646c9c,70f1d4d4f0f0f061,True,,JPEG
t0_0378,Training/notumor/Tr-no_985.jpg,C:\Users\pedro\Desktop\Projeto do TCC\Brain Tumor MRI Dataset\Training\notumor\Tr-no_985.jpg,notumor,.jpg,train,16669,9330a2005429b499301a0573847d1fcfeb71276420068a5817fec5c9cee5be26,393,400,RGB,0.9825,3,c04b2fb57c646c9c,70f1d4d4f0f0f061,True,,JPEG
t0_0379,Training/notumor/Tr-no_1016.jpg,C:\Users\pedro\Desktop\Projeto do TCC\Brain Tumor MRI Dataset\Training\notumor\Tr-no_1016.jpg,notumor,.jpg,train,14989,9a1a7d12c935c0029511710dba377c2d37ecf4924ec19c1644b6116b48c33610,236,220,RGB,1.0727272727272728,3,95da5e394acc3998,78f4f6d4d89ee6f6,True,,JPEG
t0_0379,Training/notumor/Tr-no_819.jpg,C:\Users\pedro\Desktop\Projeto do TCC\Brain Tumor MRI Dataset\Training\notumor\Tr-no_819.jpg,notumor,.jpg,train,14989,9a1a7d12c935c0029511710dba377c2d37ecf4924ec19c1644b6116b48c33610,236,220,RGB,1.0727272727272728,3,95da5e394acc3998,78f4f6d4d89ee6f6,True,,JPEG
t0_0380,Training/notumor/Tr-no_1018.jpg,C:\Users\pedro\Desktop\Projeto do TCC\Brain Tumor MRI Dataset\Training\notumor\Tr-no_1018.jpg,notumor,.jpg,train,8251,0c7d7e3362db30d84b34cfcc2a6eee4c6246d6150c52bf4fea0d900d24bfbeeb,225,225,RGB,1.0,3,c26b2d9c35c3713c,73f1c8ccd4e8f171,True,,JPEG
t0_0380,Training/notumor/Tr-no_262.jpg,C:\Users\pedro\Desktop\Projeto do TCC\Brain Tumor MRI Dataset\Training\notumor\Tr-no_262.jpg,notumor,.jpg,train,8522,2878465e9b9bd057896c25ec5841beeaed60fad75475096834a1a57e376044f0,225,225,RGB,1.0,3,c26b2d9c35c3713c,73f1c8ccd4e8f171,True,,JPEG
t0_0380,Training/notumor/Tr-no_789.jpg,C:\Users\pedro\Desktop\Projeto do TCC\Brain Tumor MRI Dataset\Training\notumor\Tr-no_789.jpg,notumor,.jpg,train,8440,bb3d2ea7dcb807285e538840186e14f75f7d007bd1d59caf71791e8cb43d2d84,225,225,RGB,1.0,3,c26b2d9c35c3713c,73f1c8ccd4e8f171,True,,JPEG
t0_0381,Training/notumor/Tr-no_1021.jpg,C:\Users\pedro\Desktop\Projeto do TCC\Brain Tumor MRI Dataset\Training\notumor\Tr-no_1021.jpg,notumor,.jpg,train,37052,14963471b7c2744df51c1da54f4e519cecc34aa12944f1968620da1d36d2c5c2,339,415,RGB,0.8168674698795181,3,804a4ba93fb57c96,e1d4b4b6b2b2d4e9,True,,JPEG
t0_0381,Training/notumor/Tr-no_503.jpg,C:\Users\pedro\Desktop\Projeto do TCC\Brain Tumor MRI Dataset\Training\notumor\Tr-no_503.jpg,notumor,.jpg,train,37052,14963471b7c2744df51c1da54f4e519cecc34aa12944f1968620da1d36d2c5c2,339,415,RGB,0.8168674698795181,3,804a4ba93fb57c96,e1d4b4b6b2b2d4e9,True,,JPEG
t0_0382,Training/notumor/Tr-no_1023.jpg,C:\Users\pedro\Desktop\Projeto do TCC\Brain Tumor MRI Dataset\Training\notumor\Tr-no_1023.jpg,notumor,.jpg,train,34394,5a66211168e2f92209f3aee80fe618a1555144bada16fdc2035d1780321c02cf,630,630,RGB,1.0,3,96386a716dc534e3,3171d4d4dcd4d471,True,,JPEG
t0_0382,Training/notumor/Tr-no_1068.jpg,C:\Users\pedro\Desktop\Projeto do TCC\Brain Tumor MRI Dataset\Training\notumor\Tr-no_1068.jpg,notumor,.jpg,train,7079,2d304e407ec526c967006fb16fb1c48c14e2971c54737bbc850d4b62ba3cbe85,225,225,RGB,1.0,3,96386a716dc534e3,3171d4d4dcd4d071,True,,JPEG
t0_0382,Training/notumor/Tr-no_1247.jpg,C:\Users\pedro\Desktop\Projeto do TCC\Brain Tumor MRI Dataset\Training\notumor\Tr-no_1247.jpg,notumor,.jpg,train,8770,dfcdd1f41c110b6a2854c5db3512734c82e77bad2d11df796803f5f816bcb736,225,225,RGB,1.0,3,96386a716dc534e3,3171d4d4dcd4d071,True,,JPEG
t0_0382,Training/notumor/Tr-no_176.jpg,C:\Users\pedro\Desktop\Projeto do TCC\Brain Tumor MRI Dataset\Training\notumor\Tr-no_176.jpg,notumor,.jpg,train,8743,35eedef6d88044cc5e8e4fcd5cc17cd082618c64f04b98de57f85b85381d2bb6,225,225,RGB,1.0,3,96386af169c534e3,3171d4d4dcd4d071,True,,JPEG
t0_0382,Training/notumor/Tr-no_288.jpg,C:\Users\pedro\Desktop\Projeto do TCC\Brain Tumor MRI Dataset\Training\notumor\Tr-no_288.jpg,notumor,.jpg,train,82291,96eb6967090f99bcc7806d2bf9f194abcd66c9de089a1f642c1939cbc11e727b,630,630,RGB,1.0,3,96386a716dc534e3,3171d4d4dcd4d071,True,,JPEG
t0_0382,Training/notumor/Tr-no_321.jpg,C:\Users\pedro\Desktop\Projeto do TCC\Brain Tumor MRI Dataset\Training\notumor\Tr-no_321.jpg,notumor,.jpg,train,34504,8530b175ac1df0c0a4f09e325732cee2ae63b42d144b702648d8e6fcb47559bb,630,630,RGB,1.0,3,96386a716dc534e3,3171d4d4dcd4d471,True,,JPEG
t0_0382,Training/notumor/Tr-no_400.jpg,C:\Users\pedro\Desktop\Projeto do TCC\Brain Tumor MRI Dataset\Training\notumor\Tr-no_400.jpg,notumor,.jpg,train,34394,5a66211168e2f92209f3aee80fe618a1555144bada16fdc2035d1780321c02cf,630,630,RGB,1.0,3,96386a716dc534e3,3171d4d4dcd4d471,True,,JPEG
t0_0382,Training/notumor/Tr-no_536.jpg,C:\Users\pedro\Desktop\Projeto do TCC\Brain Tumor MRI Dataset\Training\notumor\Tr-no_536.jpg,notumor,.jpg,train,34722,04248c478f495a3c88d414971223bcb94f659a66cf6a47fc22918ea94559e154,630,630,RGB,1.0,3,96386a716dc534e3,3171d4d4dcd4d471,True,,JPEG
t0_0382,Training/notumor/Tr-no_56.jpg,C:\Users\pedro\Desktop\Projeto do TCC\Brain Tumor MRI Dataset\Training\notumor\Tr-no_56.jpg,notumor,.jpg,train,13213,8df1125bc5a3901ae602be99db7d676e79744a93eb6ed69de91b86cdb087a7a1,225,225,RGB,1.0,3,96386a716dc534e3,3171d4d4dcd4d071,True,,JPEG
t0_0382,Training/notumor/Tr-no_612.jpg,C:\Users\pedro\Desktop\Projeto do TCC\Brain Tumor MRI Dataset\Training\notumor\Tr-no_612.jpg,notumor,.jpg,train,36340,1c62114d3764a574332b44ab41847ac1b2104db7bd4cc92f47f3871632b67e4a,630,630,RGB,1.0,3,96386a716dc534e3,3171d4d4dcd4d071,True,,JPEG
t0_0382,Training/notumor/Tr-no_657.jpg,C:\Users\pedro\Desktop\Projeto do TCC\Brain Tumor MRI Dataset\Training\notumor\Tr-no_657.jpg,notumor,.jpg,train,9126,67850a5361df8dc320baf82e8bdf37cc496bb5d6ea91b17cdceab32a7cdd5cdb,225,225,RGB,1.0,3,96386af169c534e3,3171d4d4dcd4d471,True,,JPEG
t0_0382,Training/notumor/Tr-no_73.jpg,C:\Users\pedro\Desktop\Projeto do TCC\Brain Tumor MRI Dataset\Training\notumor\Tr-no_73.jpg,notumor,.jpg,train,13213,8df1125bc5a3901ae602be99db7d676e79744a93eb6ed69de91b86cdb087a7a1,225,225,RGB,1.0,3,96386a716dc534e3,3171d4d4dcd4d071,True,,JPEG
t0_0383,Training/notumor/Tr-no_103.jpg,C:\Users\pedro\Desktop\Projeto do TCC\Brain Tumor MRI Dataset\Training\notumor\Tr-no_103.jpg,notumor,.jpg,train,8593,285992cc5e5213f0d50887d757cb919a365129bff9038cec83e8df54f97fb155,225,225,RGB,1.0,3,93e16e3e64a834e3,3371ccc8e8e86961,True,,JPEG
t0_0383,Training/notumor/Tr-no_384.jpg,C:\Users\pedro\Desktop\Projeto do TCC\Brain Tumor MRI Dataset\Training\notumor\Tr-no_384.jpg,notumor,.jpg,train,8845,8570d5134cffb9b72564702663cae2968a0d3bea506ac083db9f8ca46f992026,225,225,RGB,1.0,3,93e16e3e64a834e3,3371ccc8e8e86961,True,,JPEG
t0_0383,Training/notumor/Tr-no_868.jpg,C:\Users\pedro\Desktop\Projeto do TCC\Brain Tumor MRI Dataset\Training\notumor\Tr-no_868.jpg,notumor,.jpg,train,8484,e7104cf03a0918840f020ffd6e728312e799235b0b9af04ecdcf4200b669e39b,225,225,RGB,1.0,3,93e16e3e64a834e3,3371ccc8e8e86961,True,,JPEG
t0_0384,Training/notumor/Tr-no_1035.jpg,C:\Users\pedro\Desktop\Projeto do TCC\Brain Tumor MRI Dataset\Training\notumor\Tr-no_1035.jpg,notumor,.jpg,train,5986,4db9154f74dc89a48c5414e3b48a33632cc64b0e61c9541649f7a9455ea09e63,225,225,RGB,1.0,3,90856f3a6c6d34b3,b0f0d4d4d4dcf8b2,True,,JPEG
t0_0384,Training/notumor/Tr-no_211.jpg,C:\Users\pedro\Desktop\Projeto do TCC\Brain Tumor MRI Dataset\Training\notumor\Tr-no_211.jpg,notumor,.jpg,train,6260,bdadb2ad2c1f7ca91fa84e093ef6be3e684cf03a9f5ebf8c5951bf88fb73dd7f,225,225,RGB,1.0,3,90856f3a6c6d34b3,f0f0d4d4d4dcf8b2,True,,JPEG
t0_0385,Training/notumor/Tr-no_1043.jpg,C:\Users\pedro\Desktop\Projeto do TCC\Brain Tumor MRI Dataset\Training\notumor\Tr-no_1043.jpg,notumor,.jpg,train,10852,d36d0f10bf921d8fdbdf2b927d2b92b41466f0ab1e065632fb19cc369f628288,196,257,RGB,0.7626459143968871,3,c1c41f8b3a3d6978,e0d496d490d0f8f0,True,,JPEG
t0_0385,Training/notumor/Tr-no_728.jpg,C:\Users\pedro\Desktop\Projeto do TCC\Brain Tumor MRI Dataset\Training\notumor\Tr-no_728.jpg,notumor,.jpg,train,10754,1213a51af133b06ae1be9f2c724c17e4c64c0b2d0bcda72175dd29bab67e2750,196,257,RGB,0.7626459143968871,3,c1c41f8b3a3d6978,e0d496d490d0f8f0,True,,JPEG
t0_0386,Training/notumor/Tr-no_1044.jpg,C:\Users\pedro\Desktop\Projeto do TCC\Brain Tumor MRI Dataset\Training\notumor\Tr-no_1044.jpg,notumor,.jpg,train,8460,6fb3bb7facb4a1ce49bd7fe43e2e9e426bdddb9cdcaa48b3462d80367dc60511,201,250,RGB,0.804,3,805b1ff87a9168cd,71d4d49696aad468,True,,JPEG
t0_0386,Training/notumor/Tr-no_1145.jpg,C:\Users\pedro\Desktop\Projeto do TCC\Brain Tumor MRI Dataset\Training\notumor\Tr-no_1145.jpg,notumor,.jpg,train,12710,e9a63334af63a2ec8cab2149ec091466c60df5fe115cf36cc30c9304dacbb376,201,250,RGB,0.804,3,805b1ff87a9168cd,71d4d49696aad468,True,,JPEG
t0_0386,Training/notumor/Tr-no_1206.jpg,C:\Users\pedro\Desktop\Projeto do TCC\Brain Tumor MRI Dataset\Training\notumor\Tr-no_1206.jpg,notumor,.jpg,train,8955,c6f75a9e39f9f81945a1077e20d530972f8c2915d0fd2af7e1d4e2923f6c75ee,201,250,RGB,0.804,3,805b1ff87a9168cd,71d4d49696aad468,True,,JPEG
t0_0386,Training/notumor/Tr-no_1217.jpg,C:\Users\pedro\Desktop\Projeto do TCC\Brain Tumor MRI Dataset\Training\notumor\Tr-no_1217.jpg,notumor,.jpg,train,8453,26cc2ac2fd2aa849ffdddc57eacb585a8fdbfe9824404a7d8860f46289571e80,201,250,RGB,0.804,3,805b1ff87a9168cd,71d4d49696aad468,True,,JPEG
t0_0386,Training/notumor/Tr-no_1234.jpg,C:\Users\pedro\Desktop\Projeto do TCC\Brain Tumor MRI Dataset\Training\notumor\Tr-no_1234.jpg,notumor,.jpg,train,12710,e9a63334af63a2ec8cab2149ec091466c60df5fe115cf36cc30c9304dacbb376,201,250,RGB,0.804,3,805b1ff87a9168cd,71d4d49696aad468,True,,JPEG
t0_0386,Training/notumor/Tr-no_1293.jpg,C:\Users\pedro\Desktop\Projeto do TCC\Brain Tumor MRI Dataset\Training\notumor\Tr-no_1293.jpg,notumor,.jpg,train,10754,124087407d6963f06d54d44a9dbfd710fcd127aa2dc7e57080d0a238b7a16499,201,250,RGB,0.804,3,815b1fb87a9178c5,71d4d49696aad468,True,,JPEG
t0_0386,Training/notumor/Tr-no_329.jpg,C:\Users\pedro\Desktop\Projeto do TCC\Brain Tumor MRI Dataset\Training\notumor\Tr-no_329.jpg,notumor,.jpg,train,11727,17250b18504f8760546d80281cb9d618e6f2af747cec2a19dd3bb1b1f165de8b,201,250,RGB,0.804,3,815b1fb87a9178c5,71d4d49696aad468,True,,JPEG
t0_0386,Training/notumor/Tr-no_374.jpg,C:\Users\pedro\Desktop\Projeto do TCC\Brain Tumor MRI Dataset\Training\notumor\Tr-no_374.jpg,notumor,.jpg,train,10940,91a564e72b7cd02bfd3d14592d0ac4ad84ee2b8e44bc5c1479f269e2f1ef0acd,201,250,RGB,0.804,3,805b1fb87a9578c5,71d4d49696aad468,True,,JPEG
t0_0386,Training/notumor/Tr-no_375.jpg,C:\Users\pedro\Desktop\Projeto do TCC\Brain Tumor MRI Dataset\Training\notumor\Tr-no_375.jpg,notumor,.jpg,train,6399,cca6c02571d544a64a480fb01cb9d45a2b5d0211e201f929844745afa10d658a,201,250,RGB,0.804,3,805b1ff87a9168cd,71d4d49696aad468,True,,JPEG
t0_0386,Training/notumor/Tr-no_430.jpg,C:\Users\pedro\Desktop\Projeto do TCC\Brain Tumor MRI Dataset\Training\notumor\Tr-no_430.jpg,notumor,.jpg,train,12710,e9a63334af63a2ec8cab2149ec091466c60df5fe115cf36cc30c9304dacbb376,201,250,RGB,0.804,3,805b1ff87a9168cd,71d4d49696aad468,True,,JPEG
t0_0387,Training/notumor/Tr-no_1045.jpg,C:\Users\pedro\Desktop\Projeto do TCC\Brain Tumor MRI Dataset\Training\notumor\Tr-no_1045.jpg,notumor,.jpg,train,10031,80c1e26515b602303a00bdcf8ace68439b07bf2cf68fde044ece9bd66661e3d3,225,225,RGB,1.0,3,921a6ded2dc6343c,70f0d4ccd4d4f070,True,,JPEG
t0_0387,Training/notumor/Tr-no_237.jpg,C:\Users\pedro\Desktop\Projeto do TCC\Brain Tumor MRI Dataset\Training\notumor\Tr-no_237.jpg,notumor,.jpg,train,12088,2db2e0ab7cae5ab6bb3b3ed9ae2d585a204de3fefd75e4145dae878f8f2623bb,225,225,RGB,1.0,3,c24b6f353dc63468,70f0d4ccd4d4f070,True,,JPEG
t0_0387,Training/notumor/Tr-no_284.jpg,C:\Users\pedro\Desktop\Projeto do TCC\Brain Tumor MRI Dataset\Training\notumor\Tr-no_284.jpg,notumor,.jpg,train,43710,7938f228f86ee04ced8832994d1ee6bbd83c1c1c201145899e07df0c21727a20,630,630,L,1.0,1,921a6ded2dc6343c,70f0d4ccd4d4f070,True,,JPEG
t0_0387,Training/notumor/Tr-no_923.jpg,C:\Users\pedro\Desktop\Projeto do TCC\Brain Tumor MRI Dataset\Training\notumor\Tr-no_923.jpg,notumor,.jpg,train,9223,7ee836b109f2c2c06227d2a76c839e8cb12031490f8aba49ebc97d42f6a96b0b,225,225,RGB,1.0,3,951e3ee06893613f,70f0d4ccd4d4f070,True,,JPEG
t0_0388,Training/notumor/Tr-no_1046.jpg,C:\Users\pedro\Desktop\Projeto do TCC\Brain Tumor MRI Dataset\Training\notumor\Tr-no_1046.jpg,notumor,.jpg,train,35982,05ec18666c6b751b8845a93824ea25c9bb251606b71f76c0c3875d69e973f72d,354,443,RGB,0.7990970654627539,3,c23b3fe22cc13497,31f8e8e8e8e8e870,True,,JPEG
t0_0388,Training/notumor/Tr-no_454.jpg,C:\Users\pedro\Desktop\Projeto do TCC\Brain Tumor MRI Dataset\Training\notumor\Tr-no_454.jpg,notumor,.jpg,train,35982,05ec18666c6b751b8845a93824ea25c9bb251606b71f76c0c3875d69e973f72d,354,443,RGB,0.7990970654627539,3,c23b3fe22cc13497,31f8e8e8e8e8e870,True,,JPEG
t0_0389,Training/notumor/Tr-no_1047.jpg,C:\Users\pedro\Desktop\Projeto do TCC\Brain Tumor MRI Dataset\Training\notumor\Tr-no_1047.jpg,notumor,.jpg,train,9888,30c2bcdec018ea1c33e5ce79110a2f981011b735e2ff770eb95b9e42e5ba27c7,218,231,RGB,0.9437229437229436,3,86c17a8f6a3e691a,e8e8dccce8e8e839,True,,JPEG
t0_0389,Training/notumor/Tr-no_1251.jpg,C:\Users\pedro\Desktop\Projeto do TCC\Brain Tumor MRI Dataset\Training\notumor\Tr-no_1251.jpg,notumor,.jpg,train,9618,3c640c679ff2cd9f0c59d6f7bb94057122a7a0753c9f9eb5a5c4a73daeac8bbb,218,231,RGB,0.9437229437229436,3,86c17a8f6a3e691a,e8e8dccce8e8e839,True,,JPEG
t0_0390,Training/notumor/Tr-no_1048.jpg,C:\Users\pedro\Desktop\Projeto do TCC\Brain Tumor MRI Dataset\Training\notumor\Tr-no_1048.jpg,notumor,.jpg,train,16922,957befb0c21fb7516256b50dc0bc5547436412fcd3d2288d4b776d4977a9f970,236,250,RGB,0.944,3,959a4f357a8c6c1a,7cfcf4f898d6e6e6,True,,JPEG
t0_0390,Training/notumor/Tr-no_198.jpg,C:\Users\pedro\Desktop\Projeto do TCC\Brain Tumor MRI Dataset\Training\notumor\Tr-no_198.jpg,notumor,.jpg,train,73777,8674ee38422db83e1536ea0e664c2466e9a05b6c90c72697aa8741668870f21a,648,674,RGB,0.9614243323442137,3,959a4f355a8cec1a,7cfcf4f898d6e6e6,True,,JPEG
t0_0390,Training/notumor/Tr-no_299.jpg,C:\Users\pedro\Desktop\Projeto do TCC\Brain Tumor MRI Dataset\Training\notumor\Tr-no_299.jpg,notumor,.jpg,train,18704,ef375318c39dd3089fb381021b975d732f5e2107e9c40acfa22a6a8b18fff8b5,236,250,RGB,0.944,3,959a4f357a8c6c1a,7cfcf4f898d6e6e6,True,,JPEG
t0_0391,Training/notumor/Tr-no_1054.jpg,C:\Users\pedro\Desktop\Projeto do TCC\Brain Tumor MRI Dataset\Training\notumor\Tr-no_1054.jpg,notumor,.jpg,train,20140,83d7a49f701e50fe38666dd108d3af0b6ef2128c0d6fde14473f39f07ff10197,393,400,RGB,0.9825,3,971e7ae169b23143,7170f4d4d4d4f071,True,,JPEG
t0_0391,Training/notumor/Tr-no_399.jpg,C:\Users\pedro\Desktop\Projeto do TCC\Brain Tumor MRI Dataset\Training\notumor\Tr-no_399.jpg,notumor,.jpg,train,33424,f74db364f3956e2822098c6aeadfc323301aedd299d42f1d05d73bcbb7def1d9,393,400,RGB,0.9825,3,971e7ae169b23143,7170f4d4d4d4f071,True,,JPEG
t0_0392,Training/notumor/Tr-no_1055.jpg,C:\Users\pedro\Desktop\Projeto do TCC\Brain Tumor MRI Dataset\Training\notumor\Tr-no_1055.jpg,notumor,.jpg,train,7376,2fc5160ae28cfb53b4d21a2cb098eed4f06f4e4ae122aad91da19e54eb54712d,218,231,RGB,0.9437229437229436,3,863e7a706ac169e5,79e8e8e8ccdce8e8,True,,JPEG
t0_0392,Training/notumor/Tr-no_1227.jpg,C:\Users\pedro\Desktop\Projeto do TCC\Brain Tumor MRI Dataset\Training\notumor\Tr-no_1227.jpg,notumor,.jpg,train,10078,eae386f0d473f0eafa88901fb52af30c5652b1f1fb4652fb7b5650ddcc390e4b,218,231,RGB,0.9437229437229436,3,863e7a706ac129e7,39e8e8e8ccdce8e8,True,,JPEG
t0_0392,Training/notumor/Tr-no_260.jpg,C:\Users\pedro\Desktop\Projeto do TCC\Brain Tumor MRI Dataset\Training\notumor\Tr-no_260.jpg,notumor,.jpg,train,7656,1afeb2b05c3047a0aadd48adbbdb4cfc4b9a973e441f3513d7798a82c5bc47c3,218,231,RGB,0.9437229437229436,3,863e7a706ac169e5,79e8e8e8ccdce8e8,True,,JPEG
t0_0392,Training/notumor/Tr-no_296.jpg,C:\Users\pedro\Desktop\Projeto do TCC\Brain Tumor MRI Dataset\Training\notumor\Tr-no_296.jpg,notumor,.jpg,train,5400,2d07d5dc31a6f83f8119f83bb45d75666c3b905eafab47609e407daf9951fd4a,218,231,RGB,0.9437229437229436,3,863e7a706ac169e5,79e8e8e8ccdce8e8,True,,JPEG
t0_0392,Training/notumor/Tr-no_453.jpg,C:\Users\pedro\Desktop\Projeto do TCC\Brain Tumor MRI Dataset\Training\notumor\Tr-no_453.jpg,notumor,.jpg,train,7384,1078c732eff6883e3db6c562b5b50dfb68ba9a74b6ea49ca9595e12fe53b54c4,218,231,RGB,0.9437229437229436,3,863e7a706ac169e5,79e8e8e8ccdce8e8,True,,JPEG
t0_0392,Training/notumor/Tr-no_588.jpg,C:\Users\pedro\Desktop\Projeto do TCC\Brain Tumor MRI Dataset\Training\notumor\Tr-no_588.jpg,notumor,.jpg,train,10908,a820973ab9e444f92fdc4e5eb2e584a72d5da660675f1793469f229f40199538,218,231,RGB,0.9437229437229436,3,863e7a706ac169e5,79e8e8e8ccdce8e8,True,,JPEG
t0_0392,Training/notumor/Tr-no_795.jpg,C:\Users\pedro\Desktop\Projeto do TCC\Brain Tumor MRI Dataset\Training\notumor\Tr-no_795.jpg,notumor,.jpg,train,9595,7a3b3888385d027b2be2fe13b89c7998edab72283cef267944fff8ca7f7a09b5,218,231,RGB,0.9437229437229436,3,863e7a706ac169e5,39e8e8e8ccdce8e8,True,,JPEG
t0_0392,Training/notumor/Tr-no_989.jpg,C:\Users\pedro\Desktop\Projeto do TCC\Brain Tumor MRI Dataset\Training\notumor\Tr-no_989.jpg,notumor,.jpg,train,10908,a820973ab9e444f92fdc4e5eb2e584a72d5da660675f1793469f229f40199538,218,231,RGB,0.9437229437229436,3,863e7a706ac169e5,79e8e8e8ccdce8e8,True,,JPEG
t0_0393,Training/notumor/Tr-no_1058.jpg,C:\Users\pedro\Desktop\Projeto do TCC\Brain Tumor MRI Dataset\Training\notumor\Tr-no_1058.jpg,notumor,.jpg,train,8769,36a771c8d5d8fbe4ae847d31503aa0dcd667fa43e82178201d3ea6300aa75f98,225,225,RGB,1.0,3,c6b43b6b31a961a6,3370ccece8e86969,True,,JPEG
t0_0393,Training/notumor/Tr-no_1207.jpg,C:\Users\pedro\Desktop\Projeto do TCC\Brain Tumor MRI Dataset\Training\notumor\Tr-no_1207.jpg,notumor,.jpg,train,8734,59129e8a5fc88835ba3706191fb392754e132c7a39d1efc655fd1cd4a52873de,225,225,RGB,1.0,3,c6b43b6b31a961a6,3370ccece8e86969,True,,JPEG
t0_0394,Training/notumor/Tr-no_1063.jpg,C:\Users\pedro\Desktop\Projeto do TCC\Brain Tumor MRI Dataset\Training\notumor\Tr-no_1063.jpg,notumor,.jpg,train,6264,d22f76ae6780bc947ddeb36446b3bb97bfcc5ada33b8db69753949c9d214111a,225,225,RGB,1.0,3,870f3ee078996137,70f0c8c8ccc4f070,True,,JPEG
t0_0394,Training/notumor/Tr-no_1343.jpg,C:\Users\pedro\Desktop\Projeto do TCC\Brain Tumor MRI Dataset\Training\notumor\Tr-no_1343.jpg,notumor,.jpg,train,16166,f9b574830e8bd289b44901ea99397d73d1d146b7c25d7e024966795180a49642,442,442,L,1.0,1,870f3ee078996137,70f0c8c8ccc4f070,True,,JPEG
t0_0394,Training/notumor/Tr-no_1379.jpg,C:\Users\pedro\Desktop\Projeto do TCC\Brain Tumor MRI Dataset\Training\notumor\Tr-no_1379.jpg,notumor,.jpg,train,29015,84b2155377f2b5ec87d3988642b885d5b6249e7907486184ac311e15a8a599a9,442,442,RGB,1.0,3,870f3ee078996137,70f0c8c8ccc4f070,True,,JPEG
t0_0394,Training/notumor/Tr-no_784.jpg,C:\Users\pedro\Desktop\Projeto do TCC\Brain Tumor MRI Dataset\Training\notumor\Tr-no_784.jpg,notumor,.jpg,train,5982,f4d232bf91cfdfbd899bb4fa7dc2b9de8d76f5160a70831999320c4e4d929ade,225,225,RGB,1.0,3,870f3ee078996137,70f0c0c8ccccf070,True,,JPEG
t0_0394,Training/notumor/Tr-no_810.jpg,C:\Users\pedro\Desktop\Projeto do TCC\Brain Tumor MRI Dataset\Training\notumor\Tr-no_810.jpg,notumor,.jpg,train,29015,84b2155377f2b5ec87d3988642b885d5b6249e7907486184ac311e15a8a599a9,442,442,RGB,1.0,3,870f3ee078996137,70f0c8c8ccc4f070,True,,JPEG
t0_0394,Training/notumor/Tr-no_864.jpg,C:\Users\pedro\Desktop\Projeto do TCC\Brain Tumor MRI Dataset\Training\notumor\Tr-no_864.jpg,notumor,.jpg,train,6264,d22f76ae6780bc947ddeb36446b3bb97bfcc5ada33b8db69753949c9d214111a,225,225,RGB,1.0,3,870f3ee078996137,70f0c8c8ccc4f070,True,,JPEG
t0_0395,Training/notumor/Tr-no_1064.jpg,C:\Users\pedro\Desktop\Projeto do TCC\Brain Tumor MRI Dataset\Training\notumor\Tr-no_1064.jpg,notumor,.jpg,train,6162,7a110c7f3eefb9003a5af9f67f43d03366451a9844525637f806143b08ddfb7f,150,198,RGB,0.7575757575757576,3,c6474c2a47af4e74,c4b26c4d4d55aef4,True,,JPEG
t0_0395,Training/notumor/Tr-no_762.jpg,C:\Users\pedro\Desktop\Projeto do TCC\Brain Tumor MRI Dataset\Training\notumor\Tr-no_762.jpg,notumor,.jpg,train,6118,a35018439ac8eef2e60924dbaca2bbbe2892b063672a793b486af027ce6907b1,150,198,RGB,0.7575757575757576,3,c6474c2a47af4e74,c4924c4d4d55aed4,True,,JPEG
t0_0396,Training/notumor/Tr-no_107.jpg,C:\Users\pedro\Desktop\Projeto do TCC\Brain Tumor MRI Dataset\Training\notumor\Tr-no_107.jpg,notumor,.jpg,train,12687,3708152413a96cc64a31fd18c72a28f91656d49ae51c1fa4b7e216135c4e73cc,420,280,RGB,1.5,3,ce6c39b634926798,b2616961686869b2,True,,JPEG
t0_0396,Training/notumor/Tr-no_70.jpg,C:\Users\pedro\Desktop\Projeto do TCC\Brain Tumor MRI Dataset\Training\notumor\Tr-no_70.jpg,notumor,.jpg,train,12126,9abc17e36fae0216bb2b2fe2829af1d92f05cf2db522947070e88f7ade9f266a,420,280,RGB,1.5,3,ce6c39b634926798,b2616961686869b2,True,,JPEG
t0_0397,Training/notumor/Tr-no_1070.jpg,C:\Users\pedro\Desktop\Projeto do TCC\Brain Tumor MRI Dataset\Training\notumor\Tr-no_1070.jpg,notumor,.jpg,train,21850,f3ce33b26a3784299fc2bc72215752b531bb1ff11e9b65dc39376039f8809f64,236,366,RGB,0.644808743169399,3,b1560cc51ce52afe,f8d89d9a38d74fb3,True,,JPEG
t0_0397,Training/notumor/Tr-no_412.jpg,C:\Users\pedro\Desktop\Projeto do TCC\Brain Tumor MRI Dataset\Training\notumor\Tr-no_412.jpg,notumor,.jpg,train,21850,f3ce33b26a3784299fc2bc72215752b531bb1ff11e9b65dc39376039f8809f64,236,366,RGB,0.644808743169399,3,b1560cc51ce52afe,f8d89d9a38d74fb3,True,,JPEG
t0_0398,Training/notumor/Tr-no_1074.jpg,C:\Users\pedro\Desktop\Projeto do TCC\Brain Tumor MRI Dataset\Training\notumor\Tr-no_1074.jpg,notumor,.jpg,train,6401,4de73fbc94cb122829e9387d79a8260ac35bbf5f63e835c61764fb14cdbe2dfe,215,234,RGB,0.9188034188034188,3,855e7ae168376178,f1f0ececcccae8f1,True,,JPEG
t0_0398,Training/notumor/Tr-no_1231.jpg,C:\Users\pedro\Desktop\Projeto do TCC\Brain Tumor MRI Dataset\Training\notumor\Tr-no_1231.jpg,notumor,.jpg,train,8250,29dcd488818a1514200cd3bf27074d3ce9f54aab05e04e736e5493f97f2d841c,215,234,RGB,0.9188034188034188,3,855e7ae168376178,f1e0ececcccae8f1,True,,JPEG
t0_0398,Training/notumor/Tr-no_55.jpg,C:\Users\pedro\Desktop\Projeto do TCC\Brain Tumor MRI Dataset\Training\notumor\Tr-no_55.jpg,notumor,.jpg,train,8681,9abfd64736b07d86d5b188f0757e5ac7b57429b6d11ca46d072d90fff2b592b6,215,234,RGB,0.9188034188034188,3,855e7ae168376178,f1f0ececcccae8f1,True,,JPEG
t0_0398,Training/notumor/Tr-no_578.jpg,C:\Users\pedro\Desktop\Projeto do TCC\Brain Tumor MRI Dataset\Training\notumor\Tr-no_578.jpg,notumor,.jpg,train,8295,534da970738cf2897d8fa9a9b5e36a4a45f674018a4cd51756aea4a5241907d8,215,234,RGB,0.9188034188034188,3,855e7ae168376178,f1f0ececcccae8f1,True,,JPEG
t0_0399,Training/notumor/Tr-no_1077.jpg,C:\Users\pedro\Desktop\Projeto do TCC\Brain Tumor MRI Dataset\Training\notumor\Tr-no_1077.jpg,notumor,.jpg,train,15092,2cd1096a6415c70403948e7aaac0694451619850a4ce545b4f9134b06401248b,208,278,RGB,0.7482014388489209,3,966a6db77a9820d2,69e8e8e8e8cce870,True,,JPEG
t0_0399,Training/notumor/Tr-no_1400.jpg,C:\Users\pedro\Desktop\Projeto do TCC\Brain Tumor MRI Dataset\Training\notumor\Tr-no_1400.jpg,notumor,.jpg,train,15092,2cd1096a6415c70403948e7aaac0694451619850a4ce545b4f9134b06401248b,208,278,RGB,0.7482014388489209,3,966a6db77a9820d2,69e8e8e8e8cce870,True,,JPEG
t0_0400,Training/notumor/Tr-no_1079.jpg,C:\Users\pedro\Desktop\Projeto do TCC\Brain Tumor MRI Dataset\Training\notumor\Tr-no_1079.jpg,notumor,.jpg,train,28313,43c7fb765b0d878dca03cd26cb414b56a2e3280ce2510f3a84dac11003bbd0a0,350,350,RGB,1.0,3,956a6e35383332ce,9271f0d4f0d0e471,True,,JPEG
t0_0400,Training/notumor/Tr-no_129.jpg,C:\Users\pedro\Desktop\Projeto do TCC\Brain Tumor MRI Dataset\Training\notumor\Tr-no_129.jpg,notumor,.jpg,train,28313,43c7fb765b0d878dca03cd26cb414b56a2e3280ce2510f3a84dac11003bbd0a0,350,350,RGB,1.0,3,956a6e35383332ce,9271f0d4f0d0e471,True,,JPEG
t0_0400,Training/notumor/Tr-no_62.jpg,C:\Users\pedro\Desktop\Projeto do TCC\Brain Tumor MRI Dataset\Training\notumor\Tr-no_62.jpg,notumor,.jpg,train,28313,43c7fb765b0d878dca03cd26cb414b56a2e3280ce2510f3a84dac11003bbd0a0,350,350,RGB,1.0,3,956a6e35383332ce,9271f0d4f0d0e471,True,,JPEG
t0_0401,Training/notumor/Tr-no_1085.jpg,C:\Users\pedro\Desktop\Projeto do TCC\Brain Tumor MRI Dataset\Training\notumor\Tr-no_1085.jpg,notumor,.jpg,train,52569,2ad6ffff97ce8cbfd5d4785955ea16a6ccf7090eb67a8015e47cd8902571b827,416,512,RGB,0.8125,3,817a7e2879e17a25,31e0d0d0d4aad6e8,True,,JPEG
t0_0401,Training/notumor/Tr-no_692.jpg,C:\Users\pedro\Desktop\Projeto do TCC\Brain Tumor MRI Dataset\Training\notumor\Tr-no_692.jpg,notumor,.jpg,train,52569,2ad6ffff97ce8cbfd5d4785955ea16a6ccf7090eb67a8015e47cd8902571b827,416,512,RGB,0.8125,3,817a7e2879e17a25,31e0d0d0d4aad6e8,True,,JPEG
t0_0401,Training/notumor/Tr-no_767.jpg,C:\Users\pedro\Desktop\Projeto do TCC\Brain Tumor MRI Dataset\Training\notumor\Tr-no_767.jpg,notumor,.jpg,train,52569,2ad6ffff97ce8cbfd5d4785955ea16a6ccf7090eb67a8015e47cd8902571b827,416,512,RGB,0.8125,3,817a7e2879e17a25,31e0d0d0d4aad6e8,True,,JPEG
t0_0401,Training/notumor/Tr-no_98.jpg,C:\Users\pedro\Desktop\Projeto do TCC\Brain Tumor MRI Dataset\Training\notumor\Tr-no_98.jpg,notumor,.jpg,train,52569,2ad6ffff97ce8cbfd5d4785955ea16a6ccf7090eb67a8015e47cd8902571b827,416,512,RGB,0.8125,3,817a7e2879e17a25,31e0d0d0d4aad6e8,True,,JPEG
t0_0402,Training/notumor/Tr-no_1088.jpg,C:\Users\pedro\Desktop\Projeto do TCC\Brain Tumor MRI Dataset\Training\notumor\Tr-no_1088.jpg,notumor,.jpg,train,4841,ad25a4fea67a5b521955499381869e0474db6f543b1cd8daf7866c7c4b5c8c58,192,192,RGB,1.0,3,971868e3658d6766,3271f4f4ccd47030,True,,JPEG
t0_0402,Training/notumor/Tr-no_195.jpg,C:\Users\pedro\Desktop\Projeto do TCC\Brain Tumor MRI Dataset\Training\notumor\Tr-no_195.jpg,notumor,.jpg,train,3681,9519716335d92af19b045426a223124da676fdab837698ebd2aa0026c647620d,192,192,RGB,1.0,3,971868e3658d6766,327174f4ccd47030,True,,JPEG
t0_0403,Training/notumor/Tr-no_1089.jpg,C:\Users\pedro\Desktop\Projeto do TCC\Brain Tumor MRI Dataset\Training\notumor\Tr-no_1089.jpg,notumor,.jpg,train,7722,3e4acf168153919e06b9075528d70279a868f01cc27966930daf6645e9be7697,192,192,RGB,1.0,3,971878e769cd6162,3271d4d4d4d47070,True,,JPEG
t0_0403,Training/notumor/Tr-no_323.jpg,C:\Users\pedro\Desktop\Projeto do TCC\Brain Tumor MRI Dataset\Training\notumor\Tr-no_323.jpg,notumor,.jpg,train,7861,06a189deb65b1306c4bf2988d252c0e2b6c243292b825989d4c057c85cda06c9,192,192,RGB,1.0,3,971878e7698d6562,3271d4d4d4d47070,True,,JPEG
t0_0404,Training/notumor/Tr-no_1095.jpg,C:\Users\pedro\Desktop\Projeto do TCC\Brain Tumor MRI Dataset\Training\notumor\Tr-no_1095.jpg,notumor,.jpg,train,14296,db13da94073aaa03960e97acb4ab41019e4be57c88c8b708e66791696f4bc4b9,207,243,RGB,0.8518518518518519,3,865e5b886a66794d,78ecececccece470,True,,JPEG
t0_0404,Training/notumor/Tr-no_1237.jpg,C:\Users\pedro\Desktop\Projeto do TCC\Brain Tumor MRI Dataset\Training\notumor\Tr-no_1237.jpg,notumor,.jpg,train,9527,7c1f5e97fd36bfcca3666d791fdf13e64df99d97b21f3ebd53d9d1d8c1def042,207,243,RGB,0.8518518518518519,3,865e5b886a66794d,78ecececccece470,True,,JPEG
t0_0404,Training/notumor/Tr-no_317.jpg,C:\Users\pedro\Desktop\Projeto do TCC\Brain Tumor MRI Dataset\Training\notumor\Tr-no_317.jpg,notumor,.jpg,train,9757,530f5b22a670f7393d5a75bdcadbc334ae795f089be206fb20cefc44adfe7495,207,243,RGB,0.8518518518518519,3,865e5b886a66794d,78ecececccece470,True,,JPEG
t0_0404,Training/notumor/Tr-no_69.jpg,C:\Users\pedro\Desktop\Projeto do TCC\Brain Tumor MRI Dataset\Training\notumor\Tr-no_69.jpg,notumor,.jpg,train,14296,db13da94073aaa03960e97acb4ab41019e4be57c88c8b708e66791696f4bc4b9,207,243,RGB,0.8518518518518519,3,865e5b886a66794d,78ecececccece470,True,,JPEG
t0_0404,Training/notumor/Tr-no_882.jpg,C:\Users\pedro\Desktop\Projeto do TCC\Brain Tumor MRI Dataset\Training\notumor\Tr-no_882.jpg,notumor,.jpg,train,9509,873702425e38ee8c1e71bf486ed9c5aa4000bdde152ffa19e49f1d2f7672ce17,207,243,RGB,0.8518518518518519,3,865e5b886a66794d,78ecececccece470,True,,JPEG
t0_0405,Training/notumor/Tr-no_1099.jpg,C:\Users\pedro\Desktop\Projeto do TCC\Brain Tumor MRI Dataset\Training\notumor\Tr-no_1099.jpg,notumor,.jpg,train,11782,5d4fb7cb9017ab47d1a97226b878c4bc1b68d90423e98073dbd82764386f0b69,208,242,RGB,0.859504132231405,3,924b49ae2ee59a2d,e0c8c8cccccccee0,True,,JPEG
t0_0405,Training/notumor/Tr-no_245.jpg,C:\Users\pedro\Desktop\Projeto do TCC\Brain Tumor MRI Dataset\Training\notumor\Tr-no_245.jpg,notumor,.jpg,train,17788,036e55d93327e11840607155d2fe93643607756a9bb4532954e86ca7108276f6,208,242,RGB,0.859504132231405,3,924b49ae2ee59a2d,e0c8c8cccccccee0,True,,JPEG
t0_0405,Training/notumor/Tr-no_465.jpg,C:\Users\pedro\Desktop\Projeto do TCC\Brain Tumor MRI Dataset\Training\notumor\Tr-no_465.jpg,notumor,.jpg,train,8899,0bc12dee429a9969519f71d07aea7accee2a5ff0bc4ef8871d1d0ffc22393c2f,208,242,RGB,0.859504132231405,3,924b49ae2ee59a2d,e0c8c8cccccccee0,True,,JPEG
t0_0405,Training/notumor/Tr-no_861.jpg,C:\Users\pedro\Desktop\Projeto do TCC\Brain Tumor MRI Dataset\Training\notumor\Tr-no_861.jpg,notumor,.jpg,train,11744,3ae166857f23d999883374bd2cfe6b5eb17ecffb809dc18f35c4131a312a7b5b,208,242,RGB,0.859504132231405,3,924b49ae2ee59a2d,e0c8c8cccccccee0,True,,JPEG
t0_0406,Training/notumor/Tr-no_1100.jpg,C:\Users\pedro\Desktop\Projeto do TCC\Brain Tumor MRI Dataset\Training\notumor\Tr-no_1100.jpg,notumor,.jpg,train,8426,874e7c23b35e4c0e6aa61a39cdd6bd551643ac0a3a0c23931c82d5f9ef05e56e,225,225,RGB,1.0,3,963c69e36596838e,00f178ece8e87030,True,,JPEG
t0_0406,Training/notumor/Tr-no_1290.jpg,C:\Users\pedro\Desktop\Projeto do TCC\Brain Tumor MRI Dataset\Training\notumor\Tr-no_1290.jpg,notumor,.jpg,train,12785,ef5addab9afd41d9a24d73711092b35f1610683975b03f80bff9d48d144970ef,225,225,RGB,1.0,3,963c69e3649683ce,00f178ece8e87030,True,,JPEG
t0_0406,Training/notumor/Tr-no_280.jpg,C:\Users\pedro\Desktop\Projeto do TCC\Brain Tumor MRI Dataset\Training\notumor\Tr-no_280.jpg,notumor,.jpg,train,45175,64eee5cd2516c265ea888fc3d784e97daed289385a487567e66b2aabacf50555,512,512,RGB,1.0,3,963c69c3649693ce,00f178ece8e87030,True,,JPEG
t0_0406,Training/notumor/Tr-no_281.jpg,C:\Users\pedro\Desktop\Projeto do TCC\Brain Tumor MRI Dataset\Training\notumor\Tr-no_281.jpg,notumor,.jpg,train,12785,ef5addab9afd41d9a24d73711092b35f1610683975b03f80bff9d48d144970ef,225,225,RGB,1.0,3,963c69e3649683ce,00f178ece8e87030,True,,JPEG
t0_0406,Training/notumor/Tr-no_42.jpg,C:\Users\pedro\Desktop\Projeto do TCC\Brain Tumor MRI Dataset\Training\notumor\Tr-no_42.jpg,notumor,.jpg,train,8493,a4586bdbaa4dd1f658ba2b59791b8a6d7dab26091573ca77df88769f14f79c4b,225,225,RGB,1.0,3,963c69e3649683ce,00f178ece8e87030,True,,JPEG
t0_0406,Training/notumor/Tr-no_448.jpg,C:\Users\pedro\Desktop\Projeto do TCC\Brain Tumor MRI Dataset\Training\notumor\Tr-no_448.jpg,notumor,.jpg,train,45175,64eee5cd2516c265ea888fc3d784e97daed289385a487567e66b2aabacf50555,512,512,RGB,1.0,3,963c69c3649693ce,00f178ece8e87030,True,,JPEG
t0_0406,Training/notumor/Tr-no_774.jpg,C:\Users\pedro\Desktop\Projeto do TCC\Brain Tumor MRI Dataset\Training\notumor\Tr-no_774.jpg,notumor,.jpg,train,6770,e5c87d653a311de04785f51edbebb5cd06276ca38494f6a056e930f83015c46f,225,225,RGB,1.0,3,963c69e3649683ce,00f178ece8e87030,True,,JPEG
t0_0406,Training/notumor/Tr-no_962.jpg,C:\Users\pedro\Desktop\Projeto do TCC\Brain Tumor MRI Dataset\Training\notumor\Tr-no_962.jpg,notumor,.jpg,train,8630,c59d4c3294098e50c969e58f7e834eb8146a5fb17b6b79660291a7c6a3cad4ad,225,225,RGB,1.0,3,963c69e36596838e,00f178ece8e87030,True,,JPEG
t0_0407,Training/notumor/Tr-no_1105.jpg,C:\Users\pedro\Desktop\Projeto do TCC\Brain Tumor MRI Dataset\Training\notumor\Tr-no_1105.jpg,notumor,.jpg,train,14255,d56567916b5975d9f260f61a4cad99040696bd105293112af3d703c4bec42feb,203,243,RGB,0.8353909465020576,3,916a1fad3a226c9d,e8e8cccce8d6d8f8,True,,JPEG
t0_0407,Training/notumor/Tr-no_569.jpg,C:\Users\pedro\Desktop\Projeto do TCC\Brain Tumor MRI Dataset\Training\notumor\Tr-no_569.jpg,notumor,.jpg,train,14255,d56567916b5975d9f260f61a4cad99040696bd105293112af3d703c4bec42feb,203,243,RGB,0.8353909465020576,3,916a1fad3a226c9d,e8e8cccce8d6d8f8,True,,JPEG
t0_0408,Training/notumor/Tr-no_1107.jpg,C:\Users\pedro\Desktop\Projeto do TCC\Brain Tumor MRI Dataset\Training\notumor\Tr-no_1107.jpg,notumor,.jpg,train,8468,4eccc20320ba58dff7472b35b154f1bafcf941e78a7ae1063843a7db356a41f0,225,225,RGB,1.0,3,c2962d63353c71c7,71f1e8d4ccc8f173,True,,JPEG
t0_0408,Training/notumor/Tr-no_1215.jpg,C:\Users\pedro\Desktop\Projeto do TCC\Brain Tumor MRI Dataset\Training\notumor\Tr-no_1215.jpg,notumor,.jpg,train,8444,095f490add721bac4d19a102bd1ca17506a98c75ef5a73eed77b9c9dc9b8ae6b,225,225,RGB,1.0,3,c2962d63353c71c7,71f1e8d4ccc8f173,True,,JPEG
t0_0409,Training/notumor/Tr-no_1109.jpg,C:\Users\pedro\Desktop\Projeto do TCC\Brain Tumor MRI Dataset\Training\notumor\Tr-no_1109.jpg,notumor,.jpg,train,51267,537e7ad0a496f23042626741b362e936fc711da2aa25d4c5ce628d03bf4109cb,494,600,RGB,0.8233333333333334,3,d50d0afe6af06b60,70d0d29676aab4d8,True,,JPEG
t0_0409,Training/notumor/Tr-no_1380.jpg,C:\Users\pedro\Desktop\Projeto do TCC\Brain Tumor MRI Dataset\Training\notumor\Tr-no_1380.jpg,notumor,.jpg,train,51267,537e7ad0a496f23042626741b362e936fc711da2aa25d4c5ce628d03bf4109cb,494,600,RGB,0.8233333333333334,3,d50d0afe6af06b60,70d0d29676aab4d8,True,,JPEG
t0_0410,Training/notumor/Tr-no_1119.jpg,C:\Users\pedro\Desktop\Projeto do TCC\Brain Tumor MRI Dataset\Training\notumor\Tr-no_1119.jpg,notumor,.jpg,train,31205,5b888a14a1cf61e384b5b5e8621ce6eeb3fa21d7f79f35883dace9181b576fa6,441,442,RGB,0.997737556561086,3,c2b42b2f2dbd2c64,71c8ecc8ccc8e871,True,,JPEG
t0_0410,Training/notumor/Tr-no_393.jpg,C:\Users\pedro\Desktop\Projeto do TCC\Brain Tumor MRI Dataset\Training\notumor\Tr-no_393.jpg,notumor,.jpg,train,19873,4be242d24f503e383f7631090a7de2df84f1805570a9a146ddd9f5942d6fdc64,441,442,RGB,0.997737556561086,3,c2e42b2f2dbd2c64,71c8ecc8ccc8e871,True,,JPEG
t0_0410,Training/notumor/Tr-no_678.jpg,C:\Users\pedro\Desktop\Projeto do TCC\Brain Tumor MRI Dataset\Training\notumor\Tr-no_678.jpg,notumor,.jpg,train,19831,2ca91b5fa2b1bbca449039c10659e0acb52cdb5ee33b9b86dd819d9e0ffbbbdf,441,442,RGB,0.997737556561086,3,c2e42b2f2dbd2c64,71c8ecc8ccc8e871,True,,JPEG
t0_0411,Training/notumor/Tr-no_112.jpg,C:\Users\pedro\Desktop\Projeto do TCC\Brain Tumor MRI Dataset\Training\notumor\Tr-no_112.jpg,notumor,.jpg,train,25759,2ed15a662d8dcdf6077f3bf8bb4d21722e2a3b90ff2cf194db18b75933a4d322,236,357,RGB,0.6610644257703081,3,c3692ca23cb5aec3,71e8e8c8c8e8c8f0,True,,JPEG
t0_0411,Training/notumor/Tr-no_1178.jpg,C:\Users\pedro\Desktop\Projeto do TCC\Brain Tumor MRI Dataset\Training\notumor\Tr-no_1178.jpg,notumor,.jpg,train,25759,2ed15a662d8dcdf6077f3bf8bb4d21722e2a3b90ff2cf194db18b75933a4d322,236,357,RGB,0.6610644257703081,3,c3692ca23cb5aec3,71e8e8c8c8e8c8f0,True,,JPEG
t0_0411,Training/notumor/Tr-no_1265.jpg,C:\Users\pedro\Desktop\Projeto do TCC\Brain Tumor MRI Dataset\Training\notumor\Tr-no_1265.jpg,notumor,.jpg,train,25759,2ed15a662d8dcdf6077f3bf8bb4d21722e2a3b90ff2cf194db18b75933a4d322,236,357,RGB,0.6610644257703081,3,c3692ca23cb5aec3,71e8e8c8c8e8c8f0,True,,JPEG
t0_0411,Training/notumor/Tr-no_308.jpg,C:\Users\pedro\Desktop\Projeto do TCC\Brain Tumor MRI Dataset\Training\notumor\Tr-no_308.jpg,notumor,.jpg,train,25759,2ed15a662d8dcdf6077f3bf8bb4d21722e2a3b90ff2cf194db18b75933a4d322,236,357,RGB,0.6610644257703081,3,c3692ca23cb5aec3,71e8e8c8c8e8c8f0,True,,JPEG
t0_0411,Training/notumor/Tr-no_494.jpg,C:\Users\pedro\Desktop\Projeto do TCC\Brain Tumor MRI Dataset\Training\notumor\Tr-no_494.jpg,notumor,.jpg,train,25759,2ed15a662d8dcdf6077f3bf8bb4d21722e2a3b90ff2cf194db18b75933a4d322,236,357,RGB,0.6610644257703081,3,c3692ca23cb5aec3,71e8e8c8c8e8c8f0,True,,JPEG
t0_0412,Training/notumor/Tr-no_1122.jpg,C:\Users\pedro\Desktop\Projeto do TCC\Brain Tumor MRI Dataset\Training\notumor\Tr-no_1122.jpg,notumor,.jpg,train,11680,d0b2c7cb1685a4b89a7200e4a40ee87daa31a0e512b2084867706f68c9469126,201,250,RGB,0.804,3,81a41f477a6e783a,68d4aa9696d4d470,True,,JPEG
t0_0412,Training/notumor/Tr-no_1192.jpg,C:\Users\pedro\Desktop\Projeto do TCC\Brain Tumor MRI Dataset\Training\notumor\Tr-no_1192.jpg,notumor,.jpg,train,11012,22172f933e947add6f66a689d6924fc7dbfbe7824d31779d5755e4c5a2faf349,201,250,RGB,0.804,3,81a41f477a6e783a,68d4aa9696d4d470,True,,JPEG
t0_0412,Training/notumor/Tr-no_1361.jpg,C:\Users\pedro\Desktop\Projeto do TCC\Brain Tumor MRI Dataset\Training\notumor\Tr-no_1361.jpg,notumor,.jpg,train,8950,3f486aba4804ed293276babc1ab1f3add7462c682688b5397433152be9d7139d,201,250,RGB,0.804,3,80a41f477e6e683b,68d4aa9696d4d470,True,,JPEG
t0_0412,Training/notumor/Tr-no_902.jpg,C:\Users\pedro\Desktop\Projeto do TCC\Brain Tumor MRI Dataset\Training\notumor\Tr-no_902.jpg,notumor,.jpg,train,11428,6c634cc4ac61fe526e6dbec903195ac33e498cf60906e1f6e143a588796bc636,201,250,RGB,0.804,3,81a41f477a6e783a,68d4aa9696d4d470,True,,JPEG
t0_0413,Training/notumor/Tr-no_1125.jpg,C:\Users\pedro\Desktop\Projeto do TCC\Brain Tumor MRI Dataset\Training\notumor\Tr-no_1125.jpg,notumor,.jpg,train,8756,1b7214f86e5142ba4e52fbf7c0aa24b059e0896cf664df6b6236dc8960ac75dd,230,282,RGB,0.8156028368794326,3,816f3fb06c9530c7,33e8e8ccccdcd071,True,,JPEG
t0_0413,Training/notumor/Tr-no_141.jpg,C:\Users\pedro\Desktop\Projeto do TCC\Brain Tumor MRI Dataset\Training\notumor\Tr-no_141.jpg,notumor,.jpg,train,8829,158d04e6d973c091b89089703626b1eb39b0ebc73d43356b6cb1524f89b28a4b,230,282,RGB,0.8156028368794326,3,816f3fb06c9530c7,33e8e8ccccdcd071,True,,JPEG
t0_0413,Training/notumor/Tr-no_860.jpg,C:\Users\pedro\Desktop\Projeto do TCC\Brain Tumor MRI Dataset\Training\notumor\Tr-no_860.jpg,notumor,.jpg,train,11532,d47e918928c4d21e7e6d266c1ce4013a9a99a0417eeca7680abdf3ae56ebf713,230,282,RGB,0.8156028368794326,3,916f3fb06c9530c6,33e8e8ccccdcd071,True,,JPEG
t0_0413,Training/notumor/Tr-no_993.jpg,C:\Users\pedro\Desktop\Projeto do TCC\Brain Tumor MRI Dataset\Training\notumor\Tr-no_993.jpg,notumor,.jpg,train,24645,c9687992fb9b08ab473b261f402dcf5c196db74f8f5b0a68a8dde724e6a58280,230,282,RGB,0.8156028368794326,3,816f3fb06c9530c7,33e8e8ccccdcd071,True,,JPEG
t0_0414,Training/notumor/Tr-no_113.jpg,C:\Users\pedro\Desktop\Projeto do TCC\Brain Tumor MRI Dataset\Training\notumor\Tr-no_113.jpg,notumor,.jpg,train,18643,b28a6673a8f92619cd725a3b8bf948c49044c33168a2b81f92bf96bdf6a7d90b,359,449,RGB,0.799554565701559,3,91681e276adb69a3,f0f0d0f0d4d4f070,True,,JPEG
t0_0414,Training/notumor/Tr-no_1163.jpg,C:\Users\pedro\Desktop\Projeto do TCC\Brain Tumor MRI Dataset\Training\notumor\Tr-no_1163.jpg,notumor,.jpg,train,9799,3f0e57ddf3de34693e721ff3e1967a17d382d5614a8c6d7fe642acb95680b5e0,201,251,RGB,0.8007968127490039,3,81681e276adb69a7,f0f0d2b0d6d4d070,True,,JPEG
t0_0414,Training/notumor/Tr-no_152.jpg,C:\Users\pedro\Desktop\Projeto do TCC\Brain Tumor MRI Dataset\Training\notumor\Tr-no_152.jpg,notumor,.jpg,train,18447,4453e2325932d861c16712a4d73303de901666016822b57ac92067674b39b931,359,449,RGB,0.799554565701559,3,91683e276adb29a3,f0f0d0f0d4d4f070,True,,JPEG
t0_0414,Training/notumor/Tr-no_331.jpg,C:\Users\pedro\Desktop\Projeto do TCC\Brain Tumor MRI Dataset\Training\notumor\Tr-no_331.jpg,notumor,.jpg,train,9686,5f5390a3d81bdc854e5e498bfff76886d22c09112eeb2399b83faae4d70442e3,201,251,RGB,0.8007968127490039,3,91681e276adb69a3,f0f0d2b0d6d4d070,True,,JPEG
t0_0415,Training/notumor/Tr-no_1132.jpg,C:\Users\pedro\Desktop\Projeto do TCC\Brain Tumor MRI Dataset\Training\notumor\Tr-no_1132.jpg,notumor,.jpg,train,17649,d09b93a696c411e0ef88f7c979f07cc83a82ff8e5c468c186ae253dd8fd38127,350,393,RGB,0.8905852417302799,3,85965aea6e09396d,69ccb2b2a28ac871,True,,JPEG
t0_0415,Training/notumor/Tr-no_1214.jpg,C:\Users\pedro\Desktop\Projeto do TCC\Brain Tumor MRI Dataset\Training\notumor\Tr-no_1214.jpg,notumor,.jpg,train,6709,bfcce139b2b992882ed67161669f89684eb87db34f22faf7ef5cd54f7f45b38f,212,238,RGB,0.8907563025210085,3,85965aea6e09317d,69ccb2b2a28ae871,True,,JPEG
t0_0415,Training/notumor/Tr-no_640.jpg,C:\Users\pedro\Desktop\Projeto do TCC\Brain Tumor MRI Dataset\Training\notumor\Tr-no_640.jpg,notumor,.jpg,train,8776,46e2b5f4f2ffc80a80a948ac0d47a6c41f183f9edcd26e81408bb56f1b78bc3d,212,238,RGB,0.8907563025210085,3,85965aea6e09396d,69ccb2b2a28ae871,True,,JPEG
t0_0416,Training/notumor/Tr-no_1135.jpg,C:\Users\pedro\Desktop\Projeto do TCC\Brain Tumor MRI Dataset\Training\notumor\Tr-no_1135.jpg,notumor,.jpg,train,49775,ab7ed17fc5809e5514fa69d16991a6327891f7755e7289f5c5ab99eaa64ec4cd,630,630,RGB,1.0,3,c7903a6f317865a6,30f0d4d4c4c461b2,True,,JPEG
t0_0416,Training/notumor/Tr-no_1255.jpg,C:\Users\pedro\Desktop\Projeto do TCC\Brain Tumor MRI Dataset\Training\notumor\Tr-no_1255.jpg,notumor,.jpg,train,8817,23a2be16cb8ca2772593b365bc3016b5c84aa1267e4fa2d82128678b29bd5904,225,225,RGB,1.0,3,c7983a6f313865a6,30f0d4d4c4c461b2,True,,JPEG
t0_0417,Training/notumor/Tr-no_1137.jpg,C:\Users\pedro\Desktop\Projeto do TCC\Brain Tumor MRI Dataset\Training\notumor\Tr-no_1137.jpg,notumor,.jpg,train,44304,f1a7d06cc95ab62c362b48875dea1c4f35e99dd9bc23d667ad35efc213ea3742,630,630,RGB,1.0,3,92c76a1e6ddc341c,71f0d4d4d4d47131,True,,JPEG
t0_0417,Training/notumor/Tr-no_647.jpg,C:\Users\pedro\Desktop\Projeto do TCC\Brain Tumor MRI Dataset\Training\notumor\Tr-no_647.jpg,notumor,.jpg,train,9989,f7bffee7b1c763bff3321b1a66dd57ece595f11fab1238839c6bcdfde2f53999,225,225,RGB,1.0,3,92c76a1e6ddc341c,71f0d4d4d4d47131,True,,JPEG
t0_0418,Training/notumor/Tr-no_1139.jpg,C:\Users\pedro\Desktop\Projeto do TCC\Brain Tumor MRI Dataset\Training\notumor\Tr-no_1139.jpg,notumor,.jpg,train,5989,c47f146249b8b6e4be77ba798bffd7791a9920d6147614309c4dde2aea1f45d9,192,192,RGB,1.0,3,c2b23d497066367d,7071d4ccd0d071b2,True,,JPEG
t0_0418,Training/notumor/Tr-no_221.jpg,C:\Users\pedro\Desktop\Projeto do TCC\Brain Tumor MRI Dataset\Training\notumor\Tr-no_221.jpg,notumor,.jpg,train,5684,ff4b41a44e9389717c3a0932fa35d6dd12170aca96f949c274ea22bad75366cd,192,192,RGB,1.0,3,c2b23d497066367d,70f1d4ccd0d071b2,True,,JPEG
t0_0418,Training/notumor/Tr-no_800.jpg,C:\Users\pedro\Desktop\Projeto do TCC\Brain Tumor MRI Dataset\Training\notumor\Tr-no_800.jpg,notumor,.jpg,train,6019,084e3535059ecd9c8ab9f30734eaa0a703a9eb9d18a2d6ea1ff7d0fbcaa75674,192,192,RGB,1.0,3,c2b23d497066367d,72f1d4ccd0d071b2,True,,JPEG
t0_0419,Training/notumor/Tr-no_1140.jpg,C:\Users\pedro\Desktop\Projeto do TCC\Brain Tumor MRI Dataset\Training\notumor\Tr-no_1140.jpg,notumor,.jpg,train,33685,ca5a51914cad005d72af57fa6c9142fc9d650ca06ba23f3e839991c3fa4c8b36,512,512,RGB,1.0,3,ce393dc6308d369a,b279f8f0e8e0f0b2,True,,JPEG
t0_0419,Training/notumor/Tr-no_14.jpg,C:\Users\pedro\Desktop\Projeto do TCC\Brain Tumor MRI Dataset\Training\notumor\Tr-no_14.jpg,notumor,.jpg,train,26202,76d577713f1cf4414f780058f2079f7e6446aba86e89a86d7dd36401ca79a727,442,442,RGB,1.0,3,ce393dc6308d369a,b279f8f0e8e07032,True,,JPEG
t0_0419,Training/notumor/Tr-no_48.jpg,C:\Users\pedro\Desktop\Projeto do TCC\Brain Tumor MRI Dataset\Training\notumor\Tr-no_48.jpg,notumor,.jpg,train,26202,76d577713f1cf4414f780058f2079f7e6446aba86e89a86d7dd36401ca79a727,442,442,RGB,1.0,3,ce393dc6308d369a,b279f8f0e8e07032,True,,JPEG
t0_0419,Training/notumor/Tr-no_749.jpg,C:\Users\pedro\Desktop\Projeto do TCC\Brain Tumor MRI Dataset\Training\notumor\Tr-no_749.jpg,notumor,.jpg,train,33685,ca5a51914cad005d72af57fa6c9142fc9d650ca06ba23f3e839991c3fa4c8b36,512,512,RGB,1.0,3,ce393dc6308d369a,b279f8f0e8e0f0b2,True,,JPEG
t0_0419,Training/notumor/Tr-no_931.jpg,C:\Users\pedro\Desktop\Projeto do TCC\Brain Tumor MRI Dataset\Training\notumor\Tr-no_931.jpg,notumor,.jpg,train,33685,ca5a51914cad005d72af57fa6c9142fc9d650ca06ba23f3e839991c3fa4c8b36,512,512,RGB,1.0,3,ce393dc6308d369a,b279f8f0e8e0f0b2,True,,JPEG
t0_0420,Training/notumor/Tr-no_1149.jpg,C:\Users\pedro\Desktop\Projeto do TCC\Brain Tumor MRI Dataset\Training\notumor\Tr-no_1149.jpg,notumor,.jpg,train,12561,18cfaf6cee35ef130675d36429a4d0d9d944cef9942c203b01975b7130ff6df5,234,225,RGB,1.04,3,936c6c3669caa49b,2870f0f8c8ccf870,True,,JPEG
t0_0420,Training/notumor/Tr-no_1378.jpg,C:\Users\pedro\Desktop\Projeto do TCC\Brain Tumor MRI Dataset\Training\notumor\Tr-no_1378.jpg,notumor,.jpg,train,13106,a3162569f0104e89e3950050d1d2f605cfe6bcf7c646f4bd596cb709d8b372c8,235,229,RGB,1.0262008733624457,3,936c6c3271cae49b,29f0f0f8c8ccf8f1,True,,JPEG
t0_0420,Training/notumor/Tr-no_534.jpg,C:\Users\pedro\Desktop\Projeto do TCC\Brain Tumor MRI Dataset\Training\notumor\Tr-no_534.jpg,notumor,.jpg,train,11737,dd8db43b9ad7e23ff49ec7c8390fe4982cd1138a73f76af0f655b2568915f789,235,229,RGB,1.0262008733624457,3,936c6c3271cae49b,29f0f0f8c8ccf8f1,True,,JPEG
t0_0420,Training/notumor/Tr-no_579.jpg,C:\Users\pedro\Desktop\Projeto do TCC\Brain Tumor MRI Dataset\Training\notumor\Tr-no_579.jpg,notumor,.jpg,train,13004,9c3b00e6b1f5fcb23d3ebf1a8b04f9517691cc7b7e2cfdbde375625c920b97a6,236,228,RGB,1.0350877192982455,3,936c6c3271cea49b,2970f0f8c8ccf871,True,,JPEG
t0_0420,Training/notumor/Tr-no_684.jpg,C:\Users\pedro\Desktop\Projeto do TCC\Brain Tumor MRI Dataset\Training\notumor\Tr-no_684.jpg,notumor,.jpg,train,12550,2c6470345e908770e6f61b6a2e55cc80288f8598149e3b4558a1d79dfdba6c4a,235,228,RGB,1.030701754385965,3,936c6c3271cae49b,2870f0f8c8ccf870,True,,JPEG
t0_0420,Training/notumor/Tr-no_822.jpg,C:\Users\pedro\Desktop\Projeto do TCC\Brain Tumor MRI Dataset\Training\notumor\Tr-no_822.jpg,notumor,.jpg,train,13087,220816d55783431f776d10ccd11ebda7aa823602de035f0f07d0d7cd780cfa0f,235,227,RGB,1.0352422907488987,3,936c6c3271cea49b,29f0f0f8c8ccf8f1,True,,JPEG
t0_0421,Training/notumor/Tr-no_115.jpg,C:\Users\pedro\Desktop\Projeto do TCC\Brain Tumor MRI Dataset\Training\notumor\Tr-no_115.jpg,notumor,.jpg,train,161038,73a882655ceb0a5b8d3f4beea54d9ab58aa36e1021e7807dbb1c72617d4dfecc,890,1075,RGB,0.827906976744186,3,867e79b13e816985,79f0e0eccccce8e8,True,,JPEG
t0_0421,Training/notumor/Tr-no_1188.jpg,C:\Users\pedro\Desktop\Projeto do TCC\Brain Tumor MRI Dataset\Training\notumor\Tr-no_1188.jpg,notumor,.jpg,train,161038,73a882655ceb0a5b8d3f4beea54d9ab58aa36e1021e7807dbb1c72617d4dfecc,890,1075,RGB,0.827906976744186,3,867e79b13e816985,79f0e0eccccce8e8,True,,JPEG
t0_0422,Training/notumor/Tr-no_1152.jpg,C:\Users\pedro\Desktop\Projeto do TCC\Brain Tumor MRI Dataset\Training\notumor\Tr-no_1152.jpg,notumor,.jpg,train,10736,21b8b91e5ebe1f8ae79eb437f6ec83e8bfffbf71d50a7799aeacfa39d9327c18,214,236,RGB,0.9067796610169492,3,809d5fb03adc7962,f0d4d4d4ae96c461,True,,JPEG
t0_0422,Training/notumor/Tr-no_856.jpg,C:\Users\pedro\Desktop\Projeto do TCC\Brain Tumor MRI Dataset\Training\notumor\Tr-no_856.jpg,notumor,.jpg,train,10853,bbb969da9e00cad757ce4cfed82cc780afa9a95f02720d0a9dcbaf64423f166b,214,236,RGB,0.9067796610169492,3,809d5fb03adc7962,f0d4d4d4ae96c461,True,,JPEG
t0_0422,Training/notumor/Tr-no_917.jpg,C:\Users\pedro\Desktop\Projeto do TCC\Brain Tumor MRI Dataset\Training\notumor\Tr-no_917.jpg,notumor,.jpg,train,10459,b944ccb1f8b4c09fb5231419837ef912d06e10d001ef0768cfc227c0e80d8e7f,214,236,RGB,0.9067796610169492,3,809d5fb43ad87962,f0d4d4d4ae96c461,True,,JPEG
t0_0423,Training/notumor/Tr-no_1154.jpg,C:\Users\pedro\Desktop\Projeto do TCC\Brain Tumor MRI Dataset\Training\notumor\Tr-no_1154.jpg,notumor,.jpg,train,20545,25dbc9664f03a7af82b74aec6c5497cd94dc5f6f639907656725d0ac88cfd111,236,269,RGB,0.8773234200743495,3,c00f3b202f9bb56e,e0e0e0e4e6829818,True,,JPEG
t0_0423,Training/notumor/Tr-no_1235.jpg,C:\Users\pedro\Desktop\Projeto do TCC\Brain Tumor MRI Dataset\Training\notumor\Tr-no_1235.jpg,notumor,.jpg,train,20545,25dbc9664f03a7af82b74aec6c5497cd94dc5f6f639907656725d0ac88cfd111,236,269,RGB,0.8773234200743495,3,c00f3b202f9bb56e,e0e0e0e4e6829818,True,,JPEG
t0_0423,Training/notumor/Tr-no_1360.jpg,C:\Users\pedro\Desktop\Projeto do TCC\Brain Tumor MRI Dataset\Training\notumor\Tr-no_1360.jpg,notumor,.jpg,train,20545,25dbc9664f03a7af82b74aec6c5497cd94dc5f6f639907656725d0ac88cfd111,236,269,RGB,0.8773234200743495,3,c00f3b202f9bb56e,e0e0e0e4e6829818,True,,JPEG
t0_0423,Training/notumor/Tr-no_854.jpg,C:\Users\pedro\Desktop\Projeto do TCC\Brain Tumor MRI Dataset\Training\notumor\Tr-no_854.jpg,notumor,.jpg,train,20545,25dbc9664f03a7af82b74aec6c5497cd94dc5f6f639907656725d0ac88cfd111,236,269,RGB,0.8773234200743495,3,c00f3b202f9bb56e,e0e0e0e4e6829818,True,,JPEG
t0_0424,Training/notumor/Tr-no_116.jpg,C:\Users\pedro\Desktop\Projeto do TCC\Brain Tumor MRI Dataset\Training\notumor\Tr-no_116.jpg,notumor,.jpg,train,111486,cc336bb30a64c66a0897e048331ca9818b553b8d0c313ed4980971c5b8ea1b46,755,824,RGB,0.91626213592233,3,9443481f6b691f6d,e8d49694e8e8d496,True,,JPEG
t0_0424,Training/notumor/Tr-no_121.jpg,C:\Users\pedro\Desktop\Projeto do TCC\Brain Tumor MRI Dataset\Training\notumor\Tr-no_121.jpg,notumor,.jpg,train,111486,cc336bb30a64c66a0897e048331ca9818b553b8d0c313ed4980971c5b8ea1b46,755,824,RGB,0.91626213592233,3,9443481f6b691f6d,e8d49694e8e8d496,True,,JPEG
t0_0424,Training/notumor/Tr-no_865.jpg,C:\Users\pedro\Desktop\Projeto do TCC\Brain Tumor MRI Dataset\Training\notumor\Tr-no_865.jpg,notumor,.jpg,train,20013,0e4c329816794910ea5acc4201d05217b93c22bbf138aa55cee98ae7680e1320,235,257,RGB,0.914396887159533,3,9443481f6b691f6d,e8d49694e8e8d496,True,,JPEG
t0_0425,Training/notumor/Tr-no_1160.jpg,C:\Users\pedro\Desktop\Projeto do TCC\Brain Tumor MRI Dataset\Training\notumor\Tr-no_1160.jpg,notumor,.jpg,train,18796,85c8594ea52ea7c8d812d2c4565ef0aa079ab021f4936b623f64bd7878ec0c6a,236,236,RGB,1.0,3,951b6e703be63198,39f0e8ccd8d4e464,True,,JPEG
t0_0425,Training/notumor/Tr-no_327.jpg,C:\Users\pedro\Desktop\Projeto do TCC\Brain Tumor MRI Dataset\Training\notumor\Tr-no_327.jpg,notumor,.jpg,train,20820,b91fea611b8064eb12f0682b4c1f24d6b16fb0a536b8c3f5c059a2c156a82294,236,236,RGB,1.0,3,951b6e703be63198,39f0e8ccd8d4e464,True,,JPEG
t0_0426,Training/notumor/Tr-no_1162.jpg,C:\Users\pedro\Desktop\Projeto do TCC\Brain Tumor MRI Dataset\Training\notumor\Tr-no_1162.jpg,notumor,.jpg,train,7952,f215d878500f122adf52a6e15d62144cd3d433208061903edfffa64fc6cd71bc,214,236,RGB,0.9067796610169492,3,d5c80ae16f8d2c37,f0d4d4d48a96dc69,True,,JPEG
t0_0426,Training/notumor/Tr-no_43.jpg,C:\Users\pedro\Desktop\Projeto do TCC\Brain Tumor MRI Dataset\Training\notumor\Tr-no_43.jpg,notumor,.jpg,train,15287,4984bb79a4b6f8bbe65f017c74fd7c1dce3f24d94cc9d33f92e22b441a0866ca,214,236,RGB,0.9067796610169492,3,d5c80ae16f8d2c37,f0d4d4d48a96dc69,True,,JPEG
t0_0426,Training/notumor/Tr-no_541.jpg,C:\Users\pedro\Desktop\Projeto do TCC\Brain Tumor MRI Dataset\Training\notumor\Tr-no_541.jpg,notumor,.jpg,train,10832,3ac497cd50c9eaad9f041c265de1853913cbd1565427d5f382c3d970fdd168e1,214,236,RGB,0.9067796610169492,3,d5c80ae56f892c37,f0d4d4d48a96dc69,True,,JPEG
t0_0426,Training/notumor/Tr-no_575.jpg,C:\Users\pedro\Desktop\Projeto do TCC\Brain Tumor MRI Dataset\Training\notumor\Tr-no_575.jpg,notumor,.jpg,train,10284,6db84b3ec7514e85527b4c4b9adb91731a031edf8eb5950b927ee9e8628b78bc,214,236,RGB,0.9067796610169492,3,d5c80ae16f8d2c37,f0d4d4d48a96dc69,True,,JPEG
t0_0426,Training/notumor/Tr-no_708.jpg,C:\Users\pedro\Desktop\Projeto do TCC\Brain Tumor MRI Dataset\Training\notumor\Tr-no_708.jpg,notumor,.jpg,train,10192,86f1acd7e6ff5e5f800ac718af1deee21ed2029aa3759cf5d931c3957d21d547,214,236,RGB,0.9067796610169492,3,d5c80ae16f8d2c37,f0d4d4d48a96dc69,True,,JPEG
t0_0426,Training/notumor/Tr-no_963.jpg,C:\Users\pedro\Desktop\Projeto do TCC\Brain Tumor MRI Dataset\Training\notumor\Tr-no_963.jpg,notumor,.jpg,train,15287,4984bb79a4b6f8bbe65f017c74fd7c1dce3f24d94cc9d33f92e22b441a0866ca,214,236,RGB,0.9067796610169492,3,d5c80ae16f8d2c37,f0d4d4d48a96dc69,True,,JPEG
t0_0427,Training/notumor/Tr-no_1164.jpg,C:\Users\pedro\Desktop\Projeto do TCC\Brain Tumor MRI Dataset\Training\notumor\Tr-no_1164.jpg,notumor,.jpg,train,15602,309d4f241a4264a088af432645bbe8913dfc84e6cdd6b94fcf999beeb9a03c49,276,326,RGB,0.8466257668711656,3,d4484bb71d493f34,61f4b6b2b694e4e8,True,,JPEG
t0_0427,Training/notumor/Tr-no_1382.jpg,C:\Users\pedro\Desktop\Projeto do TCC\Brain Tumor MRI Dataset\Training\notumor\Tr-no_1382.jpg,notumor,.jpg,train,14907,ced1f6dc23395c225b054892148e05199b79c670894f000606f1a6ffe32f5a8b,276,326,RGB,0.8466257668711656,3,d4484bb71d493f34,71f4b6b2b694e4e0,True,,JPEG
t0_0428,Training/notumor/Tr-no_1169.jpg,C:\Users\pedro\Desktop\Projeto do TCC\Brain Tumor MRI Dataset\Training\notumor\Tr-no_1169.jpg,notumor,.jpg,train,16920,0ff6650a53df2b89b4e569a7490843229227db14f5fc46fe99afdc789d058796,236,295,RGB,0.8,3,c35904281fcb4fcf,d0c86849e88de8e8,True,,JPEG
t0_0428,Training/notumor/Tr-no_1336.jpg,C:\Users\pedro\Desktop\Projeto do TCC\Brain Tumor MRI Dataset\Training\notumor\Tr-no_1336.jpg,notumor,.jpg,train,12856,23794834130a37699051efa29c29b9af12ae94b6a65d3957d7f9ad667f9bdf0f,201,251,RGB,0.8007968127490039,3,c35904281fcb4fcf,d0c86849e88de8e8,True,,JPEG
t0_0428,Training/notumor/Tr-no_165.jpg,C:\Users\pedro\Desktop\Projeto do TCC\Brain Tumor MRI Dataset\Training\notumor\Tr-no_165.jpg,notumor,.jpg,train,12856,23794834130a37699051efa29c29b9af12ae94b6a65d3957d7f9ad667f9bdf0f,201,251,RGB,0.8007968127490039,3,c35904281fcb4fcf,d0c86849e88de8e8,True,,JPEG
t0_0428,Training/notumor/Tr-no_594.jpg,C:\Users\pedro\Desktop\Projeto do TCC\Brain Tumor MRI Dataset\Training\notumor\Tr-no_594.jpg,notumor,.jpg,train,13765,917104b021c0753870d708b6f50260397d6b8c0c1eaed6ab598635d014d2a1b6,236,295,RGB,0.8,3,c35904281fcb4fcf,d0c86849e88de8e8,True,,JPEG
t0_0429,Training/notumor/Tr-no_1173.jpg,C:\Users\pedro\Desktop\Projeto do TCC\Brain Tumor MRI Dataset\Training\notumor\Tr-no_1173.jpg,notumor,.jpg,train,8892,39b8c88b93b1b64f6b83da51843937c211ae28c489edabeedf694959f7d80b1b,225,225,RGB,1.0,3,87973e4e78686139,61e8e8e8e8e061b2,True,,JPEG
t0_0429,Training/notumor/Tr-no_316.jpg,C:\Users\pedro\Desktop\Projeto do TCC\Brain Tumor MRI Dataset\Training\notumor\Tr-no_316.jpg,notumor,.jpg,train,9228,982b370105eba2d69c792adbcb7e4c8b5319e6bd5229b64d008dca9af3accf80,225,225,RGB,1.0,3,87973e4e78686139,61e8e8e8e8e061b2,True,,JPEG
t0_0430,Training/notumor/Tr-no_1176.jpg,C:\Users\pedro\Desktop\Projeto do TCC\Brain Tumor MRI Dataset\Training\notumor\Tr-no_1176.jpg,notumor,.jpg,train,8570,ef90188c7b02ceb86456ae379b353a3eebbc6b2b844b7570963c66cf460a0b52,150,198,RGB,0.7575757575757576,3,9712197f32f21b29,dcb2e84d4d55aad4,True,,JPEG
t0_0430,Training/notumor/Tr-no_1228.jpg,C:\Users\pedro\Desktop\Projeto do TCC\Brain Tumor MRI Dataset\Training\notumor\Tr-no_1228.jpg,notumor,.jpg,train,8838,2a3fd7800902a88a98a1483735768f957018af11673a34de4b1c7732a03f851c,150,198,RGB,0.7575757575757576,3,9712197f32f21b29,dcb2e84d4d55aad4,True,,JPEG
t0_0430,Training/notumor/Tr-no_216.jpg,C:\Users\pedro\Desktop\Projeto do TCC\Brain Tumor MRI Dataset\Training\notumor\Tr-no_216.jpg,notumor,.jpg,train,9250,cf6898c7c0c31dc8d79e1ac3088a0252eda426a767c0a21035c6303b4e20fdb9,150,198,RGB,0.7575757575757576,3,97121d7f12f21b29,dcb2e84d4d55aad4,True,,JPEG
t0_0431,Training/notumor/Tr-no_1179.jpg,C:\Users\pedro\Desktop\Projeto do TCC\Brain Tumor MRI Dataset\Training\notumor\Tr-no_1179.jpg,notumor,.jpg,train,64566,7a7fcfb55378e4367cb3f163dc510df7e4b5f95d8fee5e4407b6ef397d56e243,724,851,RGB,0.8507638072855465,3,958f3a6a69c0387b,70f4d4d492b4d070,True,,JPEG
t0_0431,Training/notumor/Tr-no_1320.jpg,C:\Users\pedro\Desktop\Projeto do TCC\Brain Tumor MRI Dataset\Training\notumor\Tr-no_1320.jpg,notumor,.jpg,train,64566,7a7fcfb55378e4367cb3f163dc510df7e4b5f95d8fee5e4407b6ef397d56e243,724,851,RGB,0.8507638072855465,3,958f3a6a69c0387b,70f4d4d492b4d070,True,,JPEG
t0_0432,Training/notumor/Tr-no_118.jpg,C:\Users\pedro\Desktop\Projeto do TCC\Brain Tumor MRI Dataset\Training\notumor\Tr-no_118.jpg,notumor,.jpg,train,11048,76ef713871312b96b12f38b2748551637b3eb35ecf2ecffb5501cb0e02afeba3,225,225,RGB,1.0,3,931e6dc16457f41c,6179e8e8c8c87133,True,,JPEG
t0_0432,Training/notumor/Tr-no_1300.jpg,C:\Users\pedro\Desktop\Projeto do TCC\Brain Tumor MRI Dataset\Training\notumor\Tr-no_1300.jpg,notumor,.jpg,train,10503,e5d0461d84fcaff5702c3ceab42d533eb7fcfde3242579d9862bf2262609c6c0,225,225,RGB,1.0,3,931e6dc16457f41c,7169e8e8c8c87133,True,,JPEG
t0_0432,Training/notumor/Tr-no_1303.jpg,C:\Users\pedro\Desktop\Projeto do TCC\Brain Tumor MRI Dataset\Training\notumor\Tr-no_1303.jpg,notumor,.jpg,train,10504,eac0ad5caf700b9de7bc5501b14e04467775a3cc7de2ed01d60edf3a6deedac2,225,225,RGB,1.0,3,931e6dc16457f41c,7169e8e8c8c87133,True,,JPEG
t0_0432,Training/notumor/Tr-no_142.jpg,C:\Users\pedro\Desktop\Projeto do TCC\Brain Tumor MRI Dataset\Training\notumor\Tr-no_142.jpg,notumor,.jpg,train,9886,ee497f653c46ea86b561d7c82aa3de3ceb9bf58613463cc41d8862e3b8500be1,225,225,RGB,1.0,3,931e6dc16457f41c,7179e8e8c8c87133,True,,JPEG
t0_0433,Training/notumor/Tr-no_1180.jpg,C:\Users\pedro\Desktop\Projeto do TCC\Brain Tumor MRI Dataset\Training\notumor\Tr-no_1180.jpg,notumor,.jpg,train,10256,70dcee96fcf70d803e3203f15fc691bffc6c0a6ca38780c530bc7d45a9b4bf32,236,243,RGB,0.97119341563786,3,936c3e93693136c9,3071d4d4f0e86830,True,,JPEG
t0_0433,Training/notumor/Tr-no_677.jpg,C:\Users\pedro\Desktop\Projeto do TCC\Brain Tumor MRI Dataset\Training\notumor\Tr-no_677.jpg,notumor,.jpg,train,13121,a8d8bd68e37588a5be079ea92de410d9097988aea40552f6fd08ca44a7dd6c74,236,243,RGB,0.97119341563786,3,936c3e93693136c9,3071d4d4f0e86830,True,,JPEG
t0_0434,Training/notumor/Tr-no_1184.jpg,C:\Users\pedro\Desktop\Projeto do TCC\Brain Tumor MRI Dataset\Training\notumor\Tr-no_1184.jpg,notumor,.jpg,train,6514,38ad22a77c6fd49336ffe1311bd64c7eb5cfaf116eed95f44126ff72fd467552,192,192,RGB,1.0,3,c2b23d4930e736d9,3271d4ccd0d171b0,True,,JPEG
t0_0434,Training/notumor/Tr-no_741.jpg,C:\Users\pedro\Desktop\Projeto do TCC\Brain Tumor MRI Dataset\Training\notumor\Tr-no_741.jpg,notumor,.jpg,train,6668,1943c6d2df4c2bb228ca1fb0da17f07584d25055c7640b1fbbac8f35483fa7af,192,192,RGB,1.0,3,c2b23d4930e736d9,3271d4ccd0d171b0,True,,JPEG
t0_0434,Training/notumor/Tr-no_976.jpg,C:\Users\pedro\Desktop\Projeto do TCC\Brain Tumor MRI Dataset\Training\notumor\Tr-no_976.jpg,notumor,.jpg,train,6672,eed7c6503c6f5fa2b9c0bf17e4f1eb55835c5b71353c08842b4039c62f2289dd,192,192,RGB,1.0,3,c2b23d4930e736d9,3271d4ccd0d171b0,True,,JPEG
t0_0435,Training/notumor/Tr-no_1187.jpg,C:\Users\pedro\Desktop\Projeto do TCC\Brain Tumor MRI Dataset\Training\notumor\Tr-no_1187.jpg,notumor,.jpg,train,9387,88aba8f5a882187bc3df678f2b3a88c6c59cec1c01fb732e5671a5ffb6a494d7,220,212,RGB,1.0377358490566038,3,d21f6e603c646765,3179d0f0f0c8f071,True,,JPEG
t0_0435,Training/notumor/Tr-no_420.jpg,C:\Users\pedro\Desktop\Projeto do TCC\Brain Tumor MRI Dataset\Training\notumor\Tr-no_420.jpg,notumor,.jpg,train,9387,88aba8f5a882187bc3df678f2b3a88c6c59cec1c01fb732e5671a5ffb6a494d7,220,212,RGB,1.0377358490566038,3,d21f6e603c646765,3179d0f0f0c8f071,True,,JPEG
t0_0436,Training/notumor/Tr-no_1189.jpg,C:\Users\pedro\Desktop\Projeto do TCC\Brain Tumor MRI Dataset\Training\notumor\Tr-no_1189.jpg,notumor,.jpg,train,15122,734b5ba695008974e9d1dffa5a2f3b10b3a7d0fcdc753370ef21649118977303,207,243,RGB,0.8518518518518519,3,865e5f886a667945,70ecececccece470,True,,JPEG
t0_0436,Training/notumor/Tr-no_466.jpg,C:\Users\pedro\Desktop\Projeto do TCC\Brain Tumor MRI Dataset\Training\notumor\Tr-no_466.jpg,notumor,.jpg,train,15173,691bed662072caf352e875dd8e476b4a0cb425599d0c94b0a93d791c344f62f0,207,243,RGB,0.8518518518518519,3,865e5f886a667945,78ecececcce8e470,True,,JPEG
t0_0437,Training/notumor/Tr-no_1190.jpg,C:\Users\pedro\Desktop\Projeto do TCC\Brain Tumor MRI Dataset\Training\notumor\Tr-no_1190.jpg,notumor,.jpg,train,7299,fe20d08e5475898e9b66661cddbe32d6d006438e57c36cd87be27b8dd9c0676d,225,225,RGB,1.0,3,927a6aa568c721cf,3169f8e8dcdce871,True,,JPEG
t0_0437,Training/notumor/Tr-no_243.jpg,C:\Users\pedro\Desktop\Projeto do TCC\Brain Tumor MRI Dataset\Training\notumor\Tr-no_243.jpg,notumor,.jpg,train,7165,da52822857f624458165dde147c7ea3a92eb42276d8dceb86423ea9ee52211c7,225,225,RGB,1.0,3,927a6aa568c721cf,3169f8e8dcdce871,True,,JPEG
t0_0437,Training/notumor/Tr-no_44.jpg,C:\Users\pedro\Desktop\Projeto do TCC\Brain Tumor MRI Dataset\Training\notumor\Tr-no_44.jpg,notumor,.jpg,train,7299,fe20d08e5475898e9b66661cddbe32d6d006438e57c36cd87be27b8dd9c0676d,225,225,RGB,1.0,3,927a6aa568c721cf,3169f8e8dcdce871,True,,JPEG
t0_0437,Training/notumor/Tr-no_718.jpg,C:\Users\pedro\Desktop\Projeto do TCC\Brain Tumor MRI Dataset\Training\notumor\Tr-no_718.jpg,notumor,.jpg,train,6759,c0c1366974fcbed4ecea76ba9d2b8043a44168dcf522ea6e6bd9ab9dbb857d38,225,225,RGB,1.0,3,927a6ea568c7218f,3169f8e8dcdce871,True,,JPEG
t0_0437,Training/notumor/Tr-no_847.jpg,C:\Users\pedro\Desktop\Projeto do TCC\Brain Tumor MRI Dataset\Training\notumor\Tr-no_847.jpg,notumor,.jpg,train,6758,7fee25502789cdb5539576d02fe3aa3ee9789559ded65b8fc7d67606d69f7ff0,225,225,RGB,1.0,3,927a6aa568c721cf,3169f8e8dcdce871,True,,JPEG
t0_0438,Training/notumor/Tr-no_1191.jpg,C:\Users\pedro\Desktop\Projeto do TCC\Brain Tumor MRI Dataset\Training\notumor\Tr-no_1191.jpg,notumor,.jpg,train,30445,d19b7c8b81bab21afb8e136346bdc5b3eb8d91739a5375a7cdce730176b2173c,359,449,RGB,0.799554565701559,3,d4c24b8d3b713c2d,70f4d4d4f2b2f0f0,True,,JPEG
t0_0438,Training/notumor/Tr-no_57.jpg,C:\Users\pedro\Desktop\Projeto do TCC\Brain Tumor MRI Dataset\Training\notumor\Tr-no_57.jpg,notumor,.jpg,train,15456,3b4ba913a58ec57d88f8988f3c034d02ab99b065fd203f0ac602f5b47e72c73e,201,251,RGB,0.8007968127490039,3,d4c24b8d3b713c2d,70f4d4d4f2b2b0f0,True,,JPEG
t0_0439,Training/notumor/Tr-no_1193.jpg,C:\Users\pedro\Desktop\Projeto do TCC\Brain Tumor MRI Dataset\Training\notumor\Tr-no_1193.jpg,notumor,.jpg,train,40518,c86091470f7c55b51ff0c4ce4e85f477709f9858e3108cec5e2d4cec47aedda2,428,417,RGB,1.026378896882494,3,854a5fa57ab42996,61ccc48e8ecacc60,True,,JPEG
t0_0439,Training/notumor/Tr-no_546.jpg,C:\Users\pedro\Desktop\Projeto do TCC\Brain Tumor MRI Dataset\Training\notumor\Tr-no_546.jpg,notumor,.jpg,train,35957,6d35e13594dd22adb1089916a5aa7aff648409fd308f63ff67206dd50fd474f1,428,417,RGB,1.026378896882494,3,854a5ea57ab52996,61ccc48e8ecacc60,True,,JPEG
t0_0440,Training/notumor/Tr-no_1194.jpg,C:\Users\pedro\Desktop\Projeto do TCC\Brain Tumor MRI Dataset\Training\notumor\Tr-no_1194.jpg,notumor,.jpg,train,8136,3fe17b3fd3ce3aa90a87f7fec9e5ceb19fd057ad5f5e716ace23115a24ef66b6,236,218,RGB,1.0825688073394495,3,cf4b3c9c70323339,307169ccd4f069b2,True,,JPEG
t0_0440,Training/notumor/Tr-no_1253.jpg,C:\Users\pedro\Desktop\Projeto do TCC\Brain Tumor MRI Dataset\Training\notumor\Tr-no_1253.jpg,notumor,.jpg,train,10469,9cb0bd6ba354991ae933b55af58ca040f3b8db01add876aba09159d7badd3599,236,218,RGB,1.0825688073394495,3,cf4b3c9c70323339,307169ccd4f069b2,True,,JPEG
t0_0441,Training/notumor/Tr-no_1198.jpg,C:\Users\pedro\Desktop\Projeto do TCC\Brain Tumor MRI Dataset\Training\notumor\Tr-no_1198.jpg,notumor,.jpg,train,5995,fc9c7306a9e37fe355611025df9ece34a0671b2854323ec6b95c91f9dc0c308f,192,192,RGB,1.0,3,973868e3658c67e2,b271f4f4ccd470b0,True,,JPEG
t0_0441,Training/notumor/Tr-no_526.jpg,C:\Users\pedro\Desktop\Projeto do TCC\Brain Tumor MRI Dataset\Training\notumor\Tr-no_526.jpg,notumor,.jpg,train,5697,d40d92532a039b9826ad4e94e3b6606944ba11b1fae6b257ae56dd9ccd026348,192,192,RGB,1.0,3,973868e3658c67c6,b271f4f4ccd470b0,True,,JPEG
t0_0441,Training/notumor/Tr-no_623.jpg,C:\Users\pedro\Desktop\Projeto do TCC\Brain Tumor MRI Dataset\Training\notumor\Tr-no_623.jpg,notumor,.jpg,train,6007,92c7e180580f5f9e7adeef2101de2df68532ae02f2d2c8d75782801f07d64bc6,192,192,RGB,1.0,3,973868e3658c67e2,b271f4f4ccd470b0,True,,JPEG
t0_0442,Training/notumor/Tr-no_1199.jpg,C:\Users\pedro\Desktop\Projeto do TCC\Brain Tumor MRI Dataset\Training\notumor\Tr-no_1199.jpg,notumor,.jpg,train,13260,e20e0cca5af11c4f3b33f20cfe2de85a04c747bda579d8d0cb16d05e523deb06,215,234,RGB,0.9188034188034188,3,854e7ae968376178,f1f0c4eccadae870,True,,JPEG
t0_0442,Training/notumor/Tr-no_398.jpg,C:\Users\pedro\Desktop\Projeto do TCC\Brain Tumor MRI Dataset\Training\notumor\Tr-no_398.jpg,notumor,.jpg,train,13101,d5cd4bb740e0745035d1d702d7e75fb1053386f06d8d08955f97b4f7b4568f3f,215,234,RGB,0.9188034188034188,3,854e7ae968376178,f1f0cceccadae8f0,True,,JPEG
t0_0443,Training/notumor/Tr-no_1205.jpg,C:\Users\pedro\Desktop\Projeto do TCC\Brain Tumor MRI Dataset\Training\notumor\Tr-no_1205.jpg,notumor,.jpg,train,7577,41d847d03ff8e8a80fde982029492adf6c622dc7d78fad2db48b14287c552296,236,236,RGB,1.0,3,96696996659b926c,06f16968ece86932,True,,JPEG
t0_0443,Training/notumor/Tr-no_639.jpg,C:\Users\pedro\Desktop\Projeto do TCC\Brain Tumor MRI Dataset\Training\notumor\Tr-no_639.jpg,notumor,.jpg,train,5713,f64c5b137db85b27a8d909dd0f0cdf9bcda986bae8ff2bd8491b25e45615c7b2,236,236,RGB,1.0,3,96696996659b926c,06f16968ece86932,True,,JPEG
t0_0444,Training/notumor/Tr-no_1208.jpg,C:\Users\pedro\Desktop\Projeto do TCC\Brain Tumor MRI Dataset\Training\notumor\Tr-no_1208.jpg,notumor,.jpg,train,37547,7d5fb3078f6ed56884ebf8c14928f4e8e05ffd2065cf1b5f4b23cd6dfa3f49ef,331,406,RGB,0.8152709359605911,3,80544fab6f813ab7,f0b494d496b2d0e0,True,,JPEG
t0_0444,Training/notumor/Tr-no_410.jpg,C:\Users\pedro\Desktop\Projeto do TCC\Brain Tumor MRI Dataset\Training\notumor\Tr-no_410.jpg,notumor,.jpg,train,37547,7d5fb3078f6ed56884ebf8c14928f4e8e05ffd2065cf1b5f4b23cd6dfa3f49ef,331,406,RGB,0.8152709359605911,3,80544fab6f813ab7,f0b494d496b2d0e0,True,,JPEG
t0_0445,Training/notumor/Tr-no_1212.jpg,C:\Users\pedro\Desktop\Projeto do TCC\Brain Tumor MRI Dataset\Training\notumor\Tr-no_1212.jpg,notumor,.jpg,train,45008,c8fb9c6460ef410858fa717c1ab5f5d4828e51d3af2d59cc2982b1d5e14b840b,630,630,RGB,1.0,3,c76f3a9031876559,b261c4c4d4d4f030,True,,JPEG
t0_0445,Training/notumor/Tr-no_303.jpg,C:\Users\pedro\Desktop\Projeto do TCC\Brain Tumor MRI Dataset\Training\notumor\Tr-no_303.jpg,notumor,.jpg,train,40699,6b5118bc2c05b7d260c614a5b1f8e15edd4cf7ecf687ebd1b30049df1c3c10b7,630,630,RGB,1.0,3,c76f3a9031876559,b261c4c4d4d4f030,True,,JPEG
t0_0445,Training/notumor/Tr-no_818.jpg,C:\Users\pedro\Desktop\Projeto do TCC\Brain Tumor MRI Dataset\Training\notumor\Tr-no_818.jpg,notumor,.jpg,train,8537,9c0af8a60f4c1f8db7b4635e8a9394221f54b5af4a862bb7d3b3029958ef7709,225,225,RGB,1.0,3,c7673a9031c76559,b261c4c4d4d4f030,True,,JPEG
t0_0446,Training/notumor/Tr-no_1216.jpg,C:\Users\pedro\Desktop\Projeto do TCC\Brain Tumor MRI Dataset\Training\notumor\Tr-no_1216.jpg,notumor,.jpg,train,16306,f05429fe15a2eba44cae6bfe2c3924d23e187cf34608ed8bf20a2547fb87b333,339,340,RGB,0.9970588235294118,3,db287cb030d701df,31f1f0f0f0f07031,True,,JPEG
t0_0446,Training/notumor/Tr-no_178.jpg,C:\Users\pedro\Desktop\Projeto do TCC\Brain Tumor MRI Dataset\Training\notumor\Tr-no_178.jpg,notumor,.jpg,train,15257,d7c5a293e3a869733e2f0ed4ec4e1afe1426444e61303c17e07141b7c5932f21,339,340,RGB,0.9970588235294118,3,db287cb030d621df,31f1f0f0f0f07031,True,,JPEG
t0_0446,Training/notumor/Tr-no_634.jpg,C:\Users\pedro\Desktop\Projeto do TCC\Brain Tumor MRI Dataset\Training\notumor\Tr-no_634.jpg,notumor,.jpg,train,15484,71e009bf2b7388807dc1a7ea4543c59669e6e051b4f704c9fb7ad64e25ec2d4e,339,340,RGB,0.9970588235294118,3,db287cb030d621df,31f1f0f0f0f07031,True,,JPEG
t0_0447,Training/notumor/Tr-no_1218.jpg,C:\Users\pedro\Desktop\Projeto do TCC\Brain Tumor MRI Dataset\Training\notumor\Tr-no_1218.jpg,notumor,.jpg,train,11748,35152f4387b20cf97412b154dc31133f1dab1f9c8b046a49f72e44cf63bf2234,276,326,RGB,0.8466257668711656,3,d4f743480cb633cb,e0e494a6b2a6f471,True,,JPEG
t0_0447,Training/notumor/Tr-no_439.jpg,C:\Users\pedro\Desktop\Projeto do TCC\Brain Tumor MRI Dataset\Training\notumor\Tr-no_439.jpg,notumor,.jpg,train,11586,2efebb3666e534338df87352b667c5a31ce913fe877960f9daf662bf0ff2f935,276,326,RGB,0.8466257668711656,3,d4f743480cb633cb,e0e494a6b2a6f471,True,,JPEG
t0_0447,Training/notumor/Tr-no_557.jpg,C:\Users\pedro\Desktop\Projeto do TCC\Brain Tumor MRI Dataset\Training\notumor\Tr-no_557.jpg,notumor,.jpg,train,11721,180e4ca84cdbde8a2edf05e45633eda74567cedb678dd49dfd3ceb65a1b58d7a,276,326,RGB,0.8466257668711656,3,d4f743480cb633cb,e0e494a6b2a6f471,True,,JPEG
t0_0448,Training/notumor/Tr-no_1226.jpg,C:\Users\pedro\Desktop\Projeto do TCC\Brain Tumor MRI Dataset\Training\notumor\Tr-no_1226.jpg,notumor,.jpg,train,13105,7db498b0c0da45b720bf64225ab78d2bb03023c9fad87303f07758d7b549471a,214,236,RGB,0.9067796610169492,3,806a5f6338b1799d,61e0d48ed4d4d4f0,True,,JPEG
t0_0448,Training/notumor/Tr-no_707.jpg,C:\Users\pedro\Desktop\Projeto do TCC\Brain Tumor MRI Dataset\Training\notumor\Tr-no_707.jpg,notumor,.jpg,train,12875,8754d6582bc14adc7e7121a1c48e3c7768bb815646e0a77a9767a2b0cb373f29,214,236,RGB,0.9067796610169492,3,806a5f6338b1799d,61e0d48ed4d4d4f0,True,,JPEG
t0_0449,Training/notumor/Tr-no_1239.jpg,C:\Users\pedro\Desktop\Projeto do TCC\Brain Tumor MRI Dataset\Training\notumor\Tr-no_1239.jpg,notumor,.jpg,train,5134,97b98afb01833015fe92bdb99c1b3c3b4837b5d11337b53471fa691d0e0fc0b8,236,213,RGB,1.107981220657277,3,ca2d2db03cb334ba,f1e1e1e8e8f8e961,True,,JPEG
t0_0449,Training/notumor/Tr-no_502.jpg,C:\Users\pedro\Desktop\Projeto do TCC\Brain Tumor MRI Dataset\Training\notumor\Tr-no_502.jpg,notumor,.jpg,train,7049,6288f6902aa4859c9e38bd5e8189ae591d8465a20e576fe0af11c384ed41ce99,236,213,RGB,1.107981220657277,3,ca2d2db03cb334ba,f1e1e1e8e8f8e961,True,,JPEG
t0_0449,Training/notumor/Tr-no_736.jpg,C:\Users\pedro\Desktop\Projeto do TCC\Brain Tumor MRI Dataset\Training\notumor\Tr-no_736.jpg,notumor,.jpg,train,7095,8e32a8ba56648406acb94a24fe5022766d4c0023d1bb49fba79e65bc36f9b9a2,236,213,RGB,1.107981220657277,3,ca2d2db03cb334ba,f1e1e1e8e8f8e9e1,True,,JPEG
t0_0449,Training/notumor/Tr-no_927.jpg,C:\Users\pedro\Desktop\Projeto do TCC\Brain Tumor MRI Dataset\Training\notumor\Tr-no_927.jpg,notumor,.jpg,train,7472,44488b852fa7ce7097caac1f031ab25e7bb922a6dc25117d31dda2b4d5ea71e9,236,213,RGB,1.107981220657277,3,ca2d2db03cb334ba,f1e1e1e8e8f8e961,True,,JPEG
t0_0450,Training/notumor/Tr-no_1240.jpg,C:\Users\pedro\Desktop\Projeto do TCC\Brain Tumor MRI Dataset\Training\notumor\Tr-no_1240.jpg,notumor,.jpg,train,45788,49db0659a53802695ac4af817cff544f8034e7c9883a6751e0e321c86337f86a,417,424,RGB,0.983490566037736,3,953e7ae868671964,71f0d4d4f0f8d471,True,,JPEG
t0_0450,Training/notumor/Tr-no_990.jpg,C:\Users\pedro\Desktop\Projeto do TCC\Brain Tumor MRI Dataset\Training\notumor\Tr-no_990.jpg,notumor,.jpg,train,45788,49db0659a53802695ac4af817cff544f8034e7c9883a6751e0e321c86337f86a,417,424,RGB,0.983490566037736,3,953e7ae868671964,71f0d4d4f0f8d471,True,,JPEG
t0_0451,Training/notumor/Tr-no_1243.jpg,C:\Users\pedro\Desktop\Projeto do TCC\Brain Tumor MRI Dataset\Training\notumor\Tr-no_1243.jpg,notumor,.jpg,train,30111,9e3d760bc57c57ba974dc2d146ae911d649c3dc3181e3fbc69bbb54bba47cd49,468,444,RGB,1.054054054054054,3,c2922bcb3b8f2c8b,e9d4d4e8e8e8f170,True,,JPEG
t0_0451,Training/notumor/Tr-no_51.jpg,C:\Users\pedro\Desktop\Projeto do TCC\Brain Tumor MRI Dataset\Training\notumor\Tr-no_51.jpg,notumor,.jpg,train,31885,50126bf62fc02a8d2a73941ea1cddc7f01510852e01e61a6da2e7fe89e08865e,468,444,RGB,1.054054054054054,3,c2922bcb3b8f2c8b,e9d4d4e8e8e8f170,True,,JPEG
t0_0452,Training/notumor/Tr-no_1245.jpg,C:\Users\pedro\Desktop\Projeto do TCC\Brain Tumor MRI Dataset\Training\notumor\Tr-no_1245.jpg,notumor,.jpg,train,35931,b396caa83da170f384de32368fd40ab0fbb00232e12fd2b463eddff69741af44,442,442,RGB,1.0,3,c23b6de135e3308e,b271d4d4d4d4f071,True,,JPEG
t0_0452,Training/notumor/Tr-no_133.jpg,C:\Users\pedro\Desktop\Projeto do TCC\Brain Tumor MRI Dataset\Training\notumor\Tr-no_133.jpg,notumor,.jpg,train,35931,b396caa83da170f384de32368fd40ab0fbb00232e12fd2b463eddff69741af44,442,442,RGB,1.0,3,c23b6de135e3308e,b271d4d4d4d4f071,True,,JPEG
t0_0453,Training/notumor/Tr-no_126.jpg,C:\Users\pedro\Desktop\Projeto do TCC\Brain Tumor MRI Dataset\Training\notumor\Tr-no_126.jpg,notumor,.jpg,train,14603,fb73dcde320b4d1323be8ff5952744006156ee952d260bba2f747d54b0bdf18c,201,251,RGB,0.8007968127490039,3,81681e277edb6983,f0f0b2b0d4d4d071,True,,JPEG
t0_0453,Training/notumor/Tr-no_828.jpg,C:\Users\pedro\Desktop\Projeto do TCC\Brain Tumor MRI Dataset\Training\notumor\Tr-no_828.jpg,notumor,.jpg,train,28358,53121673ed6187260bc522e3b7e5f801f255ab0cfdfbc861849cd8f3f752fce8,359,449,RGB,0.799554565701559,3,81681e276edb6987,f0f0b2b0d4d4d071,True,,JPEG
t0_0454,Training/notumor/Tr-no_1260.jpg,C:\Users\pedro\Desktop\Projeto do TCC\Brain Tumor MRI Dataset\Training\notumor\Tr-no_1260.jpg,notumor,.jpg,train,7462,b3f6a96b6386830fc22c6f05420cba27038e5b9a7a0e19ce34cc7fde88f4f1e2,177,197,RGB,0.8984771573604061,3,c3976c1c3ce3b234,71e8cce8e8e8e871,True,,JPEG
t0_0454,Training/notumor/Tr-no_960.jpg,C:\Users\pedro\Desktop\Projeto do TCC\Brain Tumor MRI Dataset\Training\notumor\Tr-no_960.jpg,notumor,.jpg,train,7728,06e3ba420bfe3e67af202f95309456d158c6496f86dce107aa546dd0a74b1ba4,177,197,RGB,0.8984771573604061,3,c3976c1c3ce3b234,71e8cce8e8e8e871,True,,JPEG
t0_0455,Training/notumor/Tr-no_1261.jpg,C:\Users\pedro\Desktop\Projeto do TCC\Brain Tumor MRI Dataset\Training\notumor\Tr-no_1261.jpg,notumor,.jpg,train,14413,856779c9208bce47defb64d82d26002ecf3c89161a4eafdceb1dc6082f06eefb,235,227,RGB,1.0352422907488987,3,c24f2db434937279,b3f1e8e8f0f0f071,True,,JPEG
t0_0455,Training/notumor/Tr-no_606.jpg,C:\Users\pedro\Desktop\Projeto do TCC\Brain Tumor MRI Dataset\Training\notumor\Tr-no_606.jpg,notumor,.jpg,train,15730,f90baa21f7026f0f5c8595cb4c58a728618b80c679b18dbb42f4e77420262ac5,235,227,RGB,1.0352422907488987,3,c24f2db434937279,b3f1e8e8f0f0f071,True,,JPEG
t0_0456,Training/notumor/Tr-no_1262.jpg,C:\Users\pedro\Desktop\Projeto do TCC\Brain Tumor MRI Dataset\Training\notumor\Tr-no_1262.jpg,notumor,.jpg,train,32327,c30681f8b28b6cc26f12177aeefe29d3e45a1ba0275a3e0bba0d55ce61321490,630,630,L,1.0,1,c77a38e56486665a,b279e8e8c0c470b2,True,,JPEG
t0_0456,Training/notumor/Tr-no_1323.jpg,C:\Users\pedro\Desktop\Projeto do TCC\Brain Tumor MRI Dataset\Training\notumor\Tr-no_1323.jpg,notumor,.jpg,train,20514,998e1573bff074902cce6e790ebdf6e115477a3d574f05cac0006db26ddc795d,630,630,L,1.0,1,c37a38e56586665a,b279e8e8c0c470b2,True,,JPEG
t0_0456,Training/notumor/Tr-no_1326.jpg,C:\Users\pedro\Desktop\Projeto do TCC\Brain Tumor MRI Dataset\Training\notumor\Tr-no_1326.jpg,notumor,.jpg,train,36062,c5482c04ad0af03abc08de261901fdaa6811a99ca11a270e8dc89c550e3ccdfa,630,630,RGB,1.0,3,c77a38e56486665a,b279e8e8c0c470b2,True,,JPEG
t0_0456,Training/notumor/Tr-no_411.jpg,C:\Users\pedro\Desktop\Projeto do TCC\Brain Tumor MRI Dataset\Training\notumor\Tr-no_411.jpg,notumor,.jpg,train,36062,c5482c04ad0af03abc08de261901fdaa6811a99ca11a270e8dc89c550e3ccdfa,630,630,RGB,1.0,3,c77a38e56486665a,b279e8e8c0c470b2,True,,JPEG
t0_0457,Training/notumor/Tr-no_1267.jpg,C:\Users\pedro\Desktop\Projeto do TCC\Brain Tumor MRI Dataset\Training\notumor\Tr-no_1267.jpg,notumor,.jpg,train,17506,1e1a27e88f2812b4b950fca09bf5f4b8fe20514826756ac69b37b43c0c73214b,236,236,RGB,1.0,3,954a46797aa67859,78dcf8ec989eceee,True,,JPEG
t0_0457,Training/notumor/Tr-no_380.jpg,C:\Users\pedro\Desktop\Projeto do TCC\Brain Tumor MRI Dataset\Training\notumor\Tr-no_380.jpg,notumor,.jpg,train,17506,1e1a27e88f2812b4b950fca09bf5f4b8fe20514826756ac69b37b43c0c73214b,236,236,RGB,1.0,3,954a46797aa67859,78dcf8ec989eceee,True,,JPEG
t0_0457,Training/notumor/Tr-no_387.jpg,C:\Users\pedro\Desktop\Projeto do TCC\Brain Tumor MRI Dataset\Training\notumor\Tr-no_387.jpg,notumor,.jpg,train,17506,1e1a27e88f2812b4b950fca09bf5f4b8fe20514826756ac69b37b43c0c73214b,236,236,RGB,1.0,3,954a46797aa67859,78dcf8ec989eceee,True,,JPEG
t0_0458,Training/notumor/Tr-no_1271.jpg,C:\Users\pedro\Desktop\Projeto do TCC\Brain Tumor MRI Dataset\Training\notumor\Tr-no_1271.jpg,notumor,.jpg,train,18977,60d4458ae9b5588d5a4bdd78908e388d839ac6247fe559c3e2ab9169c62b9d23,236,216,RGB,1.0925925925925926,3,954a14394afd1bda,f8d2f0d2d99ab6e6,True,,JPEG
t0_0458,Training/notumor/Tr-no_214.jpg,C:\Users\pedro\Desktop\Projeto do TCC\Brain Tumor MRI Dataset\Training\notumor\Tr-no_214.jpg,notumor,.jpg,train,64101,7259b858528de164f36d6751cdd6f34ef5579aa8a233314c0996accf49be6d34,629,585,RGB,1.0752136752136752,3,954a14394afd1bda,78d2f0d2d99ab6e6,True,,JPEG
t0_0459,Training/notumor/Tr-no_1274.jpg,C:\Users\pedro\Desktop\Projeto do TCC\Brain Tumor MRI Dataset\Training\notumor\Tr-no_1274.jpg,notumor,.jpg,train,18316,71b3de7ee123124b0cf239be46cde689f527b1b56127ff7668cabca4c6384513,236,236,RGB,1.0,3,91e41f915ec618de,ecd68e8e9e9acc78,True,,JPEG
t0_0459,Training/notumor/Tr-no_911.jpg,C:\Users\pedro\Desktop\Projeto do TCC\Brain Tumor MRI Dataset\Training\notumor\Tr-no_911.jpg,notumor,.jpg,train,15039,a3b52d8a675f4344381842cea58e6966d3a9bd4fff0e77685c0656b1838cce9e,236,236,RGB,1.0,3,91e41f915ec618de,ecd68e8e9e9acc78,True,,JPEG
t0_0460,Training/notumor/Tr-no_1283.jpg,C:\Users\pedro\Desktop\Projeto do TCC\Brain Tumor MRI Dataset\Training\notumor\Tr-no_1283.jpg,notumor,.jpg,train,44422,b0e0960d2e4272a386e30df5c6be4f226cd4401b5e5bfe4ad71035ab652b5c4a,630,630,RGB,1.0,3,c7923f4b38d96149,71f0d4d4d4d47133,True,,JPEG
t0_0460,Training/notumor/Tr-no_18.jpg,C:\Users\pedro\Desktop\Projeto do TCC\Brain Tumor MRI Dataset\Training\notumor\Tr-no_18.jpg,notumor,.jpg,train,10365,3780abe010fcbb94ea719d0b01278f42e93c9f838644b4463cc0f57bdebb152b,225,225,RGB,1.0,3,c7923f4b38d96149,71f0d4d4d4d47173,True,,JPEG
t0_0460,Training/notumor/Tr-no_925.jpg,C:\Users\pedro\Desktop\Projeto do TCC\Brain Tumor MRI Dataset\Training\notumor\Tr-no_925.jpg,notumor,.jpg,train,44171,36c69ebf62395f88607b82f7a9ebb541f8afde5ea753316bcaa7daacc0ad4dac,630,630,RGB,1.0,3,c7923f4b38d96149,71f0d4d4d4d47133,True,,JPEG
t0_0461,Training/notumor/Tr-no_1286.jpg,C:\Users\pedro\Desktop\Projeto do TCC\Brain Tumor MRI Dataset\Training\notumor\Tr-no_1286.jpg,notumor,.jpg,train,5961,220e62fca790bcec10dd87a812af63ee18019ee2a711dd3101602743e556b07b,225,225,RGB,1.0,3,ce3938c631c6e339,337171f0e0e86113,True,,JPEG
t0_0461,Training/notumor/Tr-no_461.jpg,C:\Users\pedro\Desktop\Projeto do TCC\Brain Tumor MRI Dataset\Training\notumor\Tr-no_461.jpg,notumor,.jpg,train,7760,31aad1489b3f69b2aef9cf221803169dae32403984e8d0a9bda328362c833285,225,225,RGB,1.0,3,ce3938c631c6e339,337171f0e0e86113,True,,JPEG
t0_0461,Training/notumor/Tr-no_820.jpg,C:\Users\pedro\Desktop\Projeto do TCC\Brain Tumor MRI Dataset\Training\notumor\Tr-no_820.jpg,notumor,.jpg,train,8040,69707646dfb0dbebd705608020ebbe6aa8af87e6911c2b1ea8ccd6a523c8bf48,225,225,RGB,1.0,3,ce3938c631c6e339,337171f0e0e86113,True,,JPEG
t0_0462,Training/notumor/Tr-no_1288.jpg,C:\Users\pedro\Desktop\Projeto do TCC\Brain Tumor MRI Dataset\Training\notumor\Tr-no_1288.jpg,notumor,.jpg,train,136631,2779f5d9e97ff8a2283e34ab88a7e6de22c561367944758e2796f427fd2dddd9,785,848,RGB,0.9257075471698112,3,d14a0fbd6e256964,61d0d4d4d4f0d470,True,,JPEG
t0_0462,Training/notumor/Tr-no_831.jpg,C:\Users\pedro\Desktop\Projeto do TCC\Brain Tumor MRI Dataset\Training\notumor\Tr-no_831.jpg,notumor,.jpg,train,136631,2779f5d9e97ff8a2283e34ab88a7e6de22c561367944758e2796f427fd2dddd9,785,848,RGB,0.9257075471698112,3,d14a0fbd6e256964,61d0d4d4d4f0d470,True,,JPEG
t0_0462,Training/notumor/Tr-no_863.jpg,C:\Users\pedro\Desktop\Projeto do TCC\Brain Tumor MRI Dataset\Training\notumor\Tr-no_863.jpg,notumor,.jpg,train,136631,2779f5d9e97ff8a2283e34ab88a7e6de22c561367944758e2796f427fd2dddd9,785,848,RGB,0.9257075471698112,3,d14a0fbd6e256964,61d0d4d4d4f0d470,True,,JPEG
t0_0463,Training/notumor/Tr-no_1289.jpg,C:\Users\pedro\Desktop\Projeto do TCC\Brain Tumor MRI Dataset\Training\notumor\Tr-no_1289.jpg,notumor,.jpg,train,32146,84acb850a9c5348cd00623122246c83dffd727e007aedc1d484e39d06e784c6f,355,452,RGB,0.7853982300884956,3,85d67a99685b6478,71f4ccccd4d4f831,True,,JPEG
t0_0463,Training/notumor/Tr-no_156.jpg,C:\Users\pedro\Desktop\Projeto do TCC\Brain Tumor MRI Dataset\Training\notumor\Tr-no_156.jpg,notumor,.jpg,train,32146,84acb850a9c5348cd00623122246c83dffd727e007aedc1d484e39d06e784c6f,355,452,RGB,0.7853982300884956,3,85d67a99685b6478,71f4ccccd4d4f831,True,,JPEG
t0_0464,Training/notumor/Tr-no_1291.jpg,C:\Users\pedro\Desktop\Projeto do TCC\Brain Tumor MRI Dataset\Training\notumor\Tr-no_1291.jpg,notumor,.jpg,train,31382,ce8380b51fcf1dbb1347069191fbeabf20712e1b0673efc65c08c87c70b1a1af,452,509,RGB,0.888015717092338,3,861e5ae53c3661cb,71f0cccccccce071,True,,JPEG
t0_0464,Training/notumor/Tr-no_490.jpg,C:\Users\pedro\Desktop\Projeto do TCC\Brain Tumor MRI Dataset\Training\notumor\Tr-no_490.jpg,notumor,.jpg,train,31382,ce8380b51fcf1dbb1347069191fbeabf20712e1b0673efc65c08c87c70b1a1af,452,509,RGB,0.888015717092338,3,861e5ae53c3661cb,71f0cccccccce071,True,,JPEG
t0_0465,Training/notumor/Tr-no_1292.jpg,C:\Users\pedro\Desktop\Projeto do TCC\Brain Tumor MRI Dataset\Training\notumor\Tr-no_1292.jpg,notumor,.jpg,train,9296,a23838b6281d2fe4496c1122ae4c2284ece545a009577438ed49577df3b1a5c5,232,217,RGB,1.0691244239631337,3,94ca16ba4f947a4b,61d4f2f2b2acd4cc,True,,JPEG
t0_0465,Training/notumor/Tr-no_555.jpg,C:\Users\pedro\Desktop\Projeto do TCC\Brain Tumor MRI Dataset\Training\notumor\Tr-no_555.jpg,notumor,.jpg,train,6924,e615defa5c0de164da4b279d1c8d9102250cd5b5189de0f5ca4596e7dc90fca2,232,217,RGB,1.0691244239631337,3,94ca16ba4f947a4b,61d4f2f2b2acd4cc,True,,JPEG
t0_0466,Training/notumor/Tr-no_1295.jpg,C:\Users\pedro\Desktop\Projeto do TCC\Brain Tumor MRI Dataset\Training\notumor\Tr-no_1295.jpg,notumor,.jpg,train,15347,7b73d6019deb1482bc5fb7027f12719bea983c8eb0b0c0f3e95feb61c90fafb3,236,262,RGB,0.900763358778626,3,c36e1e6169383cb3,71e8e8e8ccccc879,True,,JPEG
t0_0466,Training/notumor/Tr-no_275.jpg,C:\Users\pedro\Desktop\Projeto do TCC\Brain Tumor MRI Dataset\Training\notumor\Tr-no_275.jpg,notumor,.jpg,train,12237,255a288c72a0761a522e99142d6f1a7e820769eebeeae585bf42a733db0e7b7a,236,262,RGB,0.900763358778626,3,c36e1e6169383cb3,71e8e8e8ccccc879,True,,JPEG
t0_0467,Training/notumor/Tr-no_1305.jpg,C:\Users\pedro\Desktop\Projeto do TCC\Brain Tumor MRI Dataset\Training\notumor\Tr-no_1305.jpg,notumor,.jpg,train,16144,ab198f545810b5a1455ffd1a56e82d1acbf5a22230bc2dea24c92d5ec73af1eb,236,222,RGB,1.063063063063063,3,843b667d3a865a3a,64cef9e898d6e4c4,True,,JPEG
t0_0467,Training/notumor/Tr-no_591.jpg,C:\Users\pedro\Desktop\Projeto do TCC\Brain Tumor MRI Dataset\Training\notumor\Tr-no_591.jpg,notumor,.jpg,train,16055,fc8747011cb29cb94b758e4c23df80e621617dea8ac55797640db236d8223bad,236,221,RGB,1.0678733031674208,3,843b667d3a865a3a,64cef9e898d6e4c4,True,,JPEG
t0_0468,Training/notumor/Tr-no_1309.jpg,C:\Users\pedro\Desktop\Projeto do TCC\Brain Tumor MRI Dataset\Training\notumor\Tr-no_1309.jpg,notumor,.jpg,train,24589,7c103b082c141631e8475390a8b06ef7ef0cfba10e61cf2d4ce9dd1e2b08dfb0,442,442,RGB,1.0,3,c43b2fe42dc470cb,32e9e8e8e8e8e071,True,,JPEG
t0_0468,Training/notumor/Tr-no_699.jpg,C:\Users\pedro\Desktop\Projeto do TCC\Brain Tumor MRI Dataset\Training\notumor\Tr-no_699.jpg,notumor,.jpg,train,24589,7c103b082c141631e8475390a8b06ef7ef0cfba10e61cf2d4ce9dd1e2b08dfb0,442,442,RGB,1.0,3,c43b2fe42dc470cb,32e9e8e8e8e8e071,True,,JPEG
t0_0469,Training/notumor/Tr-no_132.jpg,C:\Users\pedro\Desktop\Projeto do TCC\Brain Tumor MRI Dataset\Training\notumor\Tr-no_132.jpg,notumor,.jpg,train,10141,67d1c8c2f09a78feafebbc20c3753b2b557f6f31ca32279b3d85117137ee2760,225,225,RGB,1.0,3,973e78e160876569,3170ecccd4d47071,True,,JPEG
t0_0469,Training/notumor/Tr-no_733.jpg,C:\Users\pedro\Desktop\Projeto do TCC\Brain Tumor MRI Dataset\Training\notumor\Tr-no_733.jpg,notumor,.jpg,train,10057,7adf2a6f7adfa45e65caf2818e2afccca62b96c370a254de3c860a154cc756f4,225,225,RGB,1.0,3,973e78e161866569,3170ecccd4d47071,True,,JPEG
t0_0469,Training/notumor/Tr-no_9.jpg,C:\Users\pedro\Desktop\Projeto do TCC\Brain Tumor MRI Dataset\Training\notumor\Tr-no_9.jpg,notumor,.jpg,train,10777,48735eb7e1803a9a711e76d30da120630daeeb0d758ff94d40cfbaab7d71b0d7,225,225,RGB,1.0,3,973e78e160876569,3170ecccd4d47071,True,,JPEG
t0_0470,Training/notumor/Tr-no_1321.jpg,C:\Users\pedro\Desktop\Projeto do TCC\Brain Tumor MRI Dataset\Training\notumor\Tr-no_1321.jpg,notumor,.jpg,train,7335,32a0eb4e3a870bbec5b8667ca563152d29a0fbe042b223d40879c42bd6621e68,225,225,RGB,1.0,3,97f13e0f786461c8,70f0ccccc8c8f070,True,,JPEG
t0_0470,Training/notumor/Tr-no_212.jpg,C:\Users\pedro\Desktop\Projeto do TCC\Brain Tumor MRI Dataset\Training\notumor\Tr-no_212.jpg,notumor,.jpg,train,6093,d7f6b0226b66be2882a670cfae36f724f90ac8d10fa478c71d7dad1ac72f2df6,225,225,RGB,1.0,3,87f13e1f784661c8,70f0ccccc8c8f070,True,,JPEG
t0_0470,Training/notumor/Tr-no_310.jpg,C:\Users\pedro\Desktop\Projeto do TCC\Brain Tumor MRI Dataset\Training\notumor\Tr-no_310.jpg,notumor,.jpg,train,7779,926c885270da3d11b12ff99f8e79dc5b09dd36ce5710066fa1ac3661681d2fbe,225,225,RGB,1.0,3,97e13e1f786461c8,70f0ccccc8c8f070,True,,JPEG
t0_0470,Training/notumor/Tr-no_829.jpg,C:\Users\pedro\Desktop\Projeto do TCC\Brain Tumor MRI Dataset\Training\notumor\Tr-no_829.jpg,notumor,.jpg,train,7965,c4eb8c4679e9db838599df9ff85253dc6b326e160b356c619f74875688244620,225,225,RGB,1.0,3,97e13e1f786461c8,70f0ccccc8c8f070,True,,JPEG
t0_0471,Training/notumor/Tr-no_1333.jpg,C:\Users\pedro\Desktop\Projeto do TCC\Brain Tumor MRI Dataset\Training\notumor\Tr-no_1333.jpg,notumor,.jpg,train,29392,682871b3c7250e0c56b28688840ac15101ec847a891e0b2d2cb72f0436ff8073,364,418,RGB,0.8708133971291866,3,d14e0aad6f304f65,f0e8e8ccccc88ae8,True,,JPEG
t0_0471,Training/notumor/Tr-no_273.jpg,C:\Users\pedro\Desktop\Projeto do TCC\Brain Tumor MRI Dataset\Training\notumor\Tr-no_273.jpg,notumor,.jpg,train,29392,682871b3c7250e0c56b28688840ac15101ec847a891e0b2d2cb72f0436ff8073,364,418,RGB,0.8708133971291866,3,d14e0aad6f304f65,f0e8e8ccccc88ae8,True,,JPEG
t0_0472,Training/notumor/Tr-no_1334.jpg,C:\Users\pedro\Desktop\Projeto do TCC\Brain Tumor MRI Dataset\Training\notumor\Tr-no_1334.jpg,notumor,.jpg,train,73953,95ffabd6cfd94e094cd1af64396bfa75f578a012f52b23cbf8e5fa828ffa4863,600,605,RGB,0.9917355371900828,3,966968b5719631dc,b27170d4d4f46871,True,,JPEG
t0_0472,Training/notumor/Tr-no_235.jpg,C:\Users\pedro\Desktop\Projeto do TCC\Brain Tumor MRI Dataset\Training\notumor\Tr-no_235.jpg,notumor,.jpg,train,73953,95ffabd6cfd94e094cd1af64396bfa75f578a012f52b23cbf8e5fa828ffa4863,600,605,RGB,0.9917355371900828,3,966968b5719631dc,b27170d4d4f46871,True,,JPEG
t0_0473,Training/notumor/Tr-no_134.jpg,C:\Users\pedro\Desktop\Projeto do TCC\Brain Tumor MRI Dataset\Training\notumor\Tr-no_134.jpg,notumor,.jpg,train,11791,6b73dc365fbc93ff66b40c68f2e5cd259e650193088389a5f1b968b8c537f4f4,225,225,RGB,1.0,3,c0323f0d3bc6cd36,c8d4d4d4b0f0d4e0,True,,JPEG
t0_0473,Training/notumor/Tr-no_255.jpg,C:\Users\pedro\Desktop\Projeto do TCC\Brain Tumor MRI Dataset\Training\notumor\Tr-no_255.jpg,notumor,.jpg,train,11791,6b73dc365fbc93ff66b40c68f2e5cd259e650193088389a5f1b968b8c537f4f4,225,225,RGB,1.0,3,c0323f0d3bc6cd36,c8d4d4d4b0f0d4e0,True,,JPEG
t0_0473,Training/notumor/Tr-no_301.jpg,C:\Users\pedro\Desktop\Projeto do TCC\Brain Tumor MRI Dataset\Training\notumor\Tr-no_301.jpg,notumor,.jpg,train,7847,05211769975b0d173d0ddbff52bf1ff6a93ddb1945f406874724a14feef2ba9c,225,225,RGB,1.0,3,c0323f0d3bc6cd36,c8d4d4d4b0f0d4e8,True,,JPEG
t0_0473,Training/notumor/Tr-no_464.jpg,C:\Users\pedro\Desktop\Projeto do TCC\Brain Tumor MRI Dataset\Training\notumor\Tr-no_464.jpg,notumor,.jpg,train,5931,c3da82d44359f4a1507b3e235886d2e0e555d0d31fb27a32bb20e6937d401dfc,225,225,RGB,1.0,3,c0323f0d3bc6cd36,c8d4d4d4b0f0d4e0,True,,JPEG
t0_0473,Training/notumor/Tr-no_681.jpg,C:\Users\pedro\Desktop\Projeto do TCC\Brain Tumor MRI Dataset\Training\notumor\Tr-no_681.jpg,notumor,.jpg,train,8190,ad1d10ca71f6f4790709285a60994693a8330210298f3a8482dd70a1085dd38e,225,225,RGB,1.0,3,c0323f0d3bc6cd36,c8d4d4d4b0f0d4e8,True,,JPEG
t0_0474,Training/notumor/Tr-no_135.jpg,C:\Users\pedro\Desktop\Projeto do TCC\Brain Tumor MRI Dataset\Training\notumor\Tr-no_135.jpg,notumor,.jpg,train,7865,0e26eb1cc143b940fe223f1023625355992ee21e77e3ff1ee4cfd5764198989f,196,257,RGB,0.7626459143968871,3,946e4a216f973cd2,f0e0f4f6d496d4e8,True,,JPEG
t0_0474,Training/notumor/Tr-no_38.jpg,C:\Users\pedro\Desktop\Projeto do TCC\Brain Tumor MRI Dataset\Training\notumor\Tr-no_38.jpg,notumor,.jpg,train,16448,b2a572940217fc26afbe353dd1f45888244092f04144d6079f363922fc454604,196,257,RGB,0.7626459143968871,3,946e4a612f973cd2,f0e0f4f6d496d4e8,True,,JPEG
t0_0474,Training/notumor/Tr-no_545.jpg,C:\Users\pedro\Desktop\Projeto do TCC\Brain Tumor MRI Dataset\Training\notumor\Tr-no_545.jpg,notumor,.jpg,train,10268,2e6b3edd254ee191e482f071b4b08677fc0a4fe40f3e2a8e3df67165c9e3cf72,196,257,RGB,0.7626459143968871,3,946e4a216f973cd2,f0e0f4f6d496d4e8,True,,JPEG
t0_0475,Training/notumor/Tr-no_1353.jpg,C:\Users\pedro\Desktop\Projeto do TCC\Brain Tumor MRI Dataset\Training\notumor\Tr-no_1353.jpg,notumor,.jpg,train,22862,1a60ff2f428d0de648525db7f45f6b816b3713d47aec29f854a81487511e9bf8,442,442,RGB,1.0,3,c66b3cb4319661da,b2e1e8e8cccce031,True,,JPEG
t0_0475,Training/notumor/Tr-no_682.jpg,C:\Users\pedro\Desktop\Projeto do TCC\Brain Tumor MRI Dataset\Training\notumor\Tr-no_682.jpg,notumor,.jpg,train,22462,5320f1056b0c6bed19df56dc3cfdce2f415cc986ce67f2406514a5a9d7cedb40,442,442,RGB,1.0,3,c66b3cb4319661da,b2e1e8e8cccce031,True,,JPEG
t0_0476,Training/notumor/Tr-no_1358.jpg,C:\Users\pedro\Desktop\Projeto do TCC\Brain Tumor MRI Dataset\Training\notumor\Tr-no_1358.jpg,notumor,.jpg,train,45496,1a5136c4d73f9bb927df2aa8107db8987077758e0e91bac72633fa767cac785d,550,664,RGB,0.8283132530120482,3,87727aa568dc6949,69ccf0e4c4ecf0f1,True,,JPEG
t0_0476,Training/notumor/Tr-no_162.jpg,C:\Users\pedro\Desktop\Projeto do TCC\Brain Tumor MRI Dataset\Training\notumor\Tr-no_162.jpg,notumor,.jpg,train,42331,76fed85a9d67e5a53edc77a0e9bf18c9a7aaf09998e3bebaabdb91797b94eb4a,550,664,RGB,0.8283132530120482,3,87727aa568dc6949,69ccf0e4c4ecf071,True,,JPEG
t0_0476,Training/notumor/Tr-no_853.jpg,C:\Users\pedro\Desktop\Projeto do TCC\Brain Tumor MRI Dataset\Training\notumor\Tr-no_853.jpg,notumor,.jpg,train,73877,d030727998485dde92c001f43f924606d27d28d1d02ba4da1abf4d015e5ff20f,550,664,RGB,0.8283132530120482,3,87727aa568dc6949,69ccf0e4c4ecf071,True,,JPEG
t0_0477,Training/notumor/Tr-no_1369.jpg,C:\Users\pedro\Desktop\Projeto do TCC\Brain Tumor MRI Dataset\Training\notumor\Tr-no_1369.jpg,notumor,.jpg,train,9705,2e8a7a42d1d1b5cac0644c89fbb29a570ae282b9ef66500f8340ec8220468367,225,225,RGB,1.0,3,973a78656ea32926,b271f8e8f4d0d479,True,,JPEG
t0_0477,Training/notumor/Tr-no_926.jpg,C:\Users\pedro\Desktop\Projeto do TCC\Brain Tumor MRI Dataset\Training\notumor\Tr-no_926.jpg,notumor,.jpg,train,9672,d2ccd37df0f04d84305b75efcb278e75be720bb3b3d463610e8a86ffb72a85eb,225,225,RGB,1.0,3,973a78656ea32926,b271f8e8f4d0d479,True,,JPEG
t0_0478,Training/notumor/Tr-no_1372.jpg,C:\Users\pedro\Desktop\Projeto do TCC\Brain Tumor MRI Dataset\Training\notumor\Tr-no_1372.jpg,notumor,.jpg,train,6037,febd779e6b385675f942d72995a0fb8be6ab15a13e2df1d90585a062f2428aa1,150,198,RGB,0.7575757575757576,3,93fd1980124d1bdf,d08a554d4dc9b2dc,True,,JPEG
t0_0478,Training/notumor/Tr-no_703.jpg,C:\Users\pedro\Desktop\Projeto do TCC\Brain Tumor MRI Dataset\Training\notumor\Tr-no_703.jpg,notumor,.jpg,train,6118,9561ec8adfadc55b0e5ff07eb2b32ed3e0dc5fb89cc96a65a35e597728e54dec,150,198,RGB,0.7575757575757576,3,93fd1980124d1bdf,d08a554d4dc9b2dc,True,,JPEG
t0_0478,Training/notumor/Tr-no_827.jpg,C:\Users\pedro\Desktop\Projeto do TCC\Brain Tumor MRI Dataset\Training\notumor\Tr-no_827.jpg,notumor,.jpg,train,6224,998c2a4700692782dcac1615edfacd957299b9d32a58a5b38a3640913e0e2005,150,198,RGB,0.7575757575757576,3,93fd1980124d1bdf,d08a554d4dc9b2dc,True,,JPEG
t0_0479,Training/notumor/Tr-no_1374.jpg,C:\Users\pedro\Desktop\Projeto do TCC\Brain Tumor MRI Dataset\Training\notumor\Tr-no_1374.jpg,notumor,.jpg,train,69322,f9ab73351fe5dd8b0cac9d28282c9faff3f83bb3aad1a4fb2769c6e94cb25eb4,655,602,RGB,1.0880398671096343,3,954b1e790afe6918,70dcf0c0d896b4f4,True,,JPEG
t0_0479,Training/notumor/Tr-no_840.jpg,C:\Users\pedro\Desktop\Projeto do TCC\Brain Tumor MRI Dataset\Training\notumor\Tr-no_840.jpg,notumor,.jpg,train,69322,f9ab73351fe5dd8b0cac9d28282c9faff3f83bb3aad1a4fb2769c6e94cb25eb4,655,602,RGB,1.0880398671096343,3,954b1e790afe6918,70dcf0c0d896b4f4,True,,JPEG
t0_0480,Training/notumor/Tr-no_138.jpg,C:\Users\pedro\Desktop\Projeto do TCC\Brain Tumor MRI Dataset\Training\notumor\Tr-no_138.jpg,notumor,.jpg,train,33378,24d874e516a3da5ce8ada80135a0a62c8474538f72f098ad9d3e7ff794595f35,442,442,RGB,1.0,3,977a68a5689661cb,3179d4d4d4d4f071,True,,JPEG
t0_0480,Training/notumor/Tr-no_1383.jpg,C:\Users\pedro\Desktop\Projeto do TCC\Brain Tumor MRI Dataset\Training\notumor\Tr-no_1383.jpg,notumor,.jpg,train,33378,24d874e516a3da5ce8ada80135a0a62c8474538f72f098ad9d3e7ff794595f35,442,442,RGB,1.0,3,977a68a5689661cb,3179d4d4d4d4f071,True,,JPEG
t0_0481,Training/notumor/Tr-no_1390.jpg,C:\Users\pedro\Desktop\Projeto do TCC\Brain Tumor MRI Dataset\Training\notumor\Tr-no_1390.jpg,notumor,.jpg,train,71744,65171c43207bd38c794fd14bf5f513325e8a4fe207f71539009bfb4f78b347d8,728,725,RGB,1.004137931034483,3,c31e2db43c9334cd,72e9e8e8e8c8f172,True,,JPEG
t0_0481,Training/notumor/Tr-no_565.jpg,C:\Users\pedro\Desktop\Projeto do TCC\Brain Tumor MRI Dataset\Training\notumor\Tr-no_565.jpg,notumor,.jpg,train,71744,65171c43207bd38c794fd14bf5f513325e8a4fe207f71539009bfb4f78b347d8,728,725,RGB,1.004137931034483,3,c31e2db43c9334cd,72e9e8e8e8c8f172,True,,JPEG
t0_0481,Training/notumor/Tr-no_625.jpg,C:\Users\pedro\Desktop\Projeto do TCC\Brain Tumor MRI Dataset\Training\notumor\Tr-no_625.jpg,notumor,.jpg,train,157613,9f1843e9d1a4ed476714ed37cb22b406993a1e05b6a0869f052d46ad1e287836,728,725,P,1.004137931034483,1,c31e2de43c9334cd,72e9e8e8e8c8f172,True,,PNG
t0_0482,Training/notumor/Tr-no_1393.jpg,C:\Users\pedro\Desktop\Projeto do TCC\Brain Tumor MRI Dataset\Training\notumor\Tr-no_1393.jpg,notumor,.jpg,train,44008,8a05324c1e59d079c88ad71e484739999eab506d3e7eb1bca857264329113b94,414,496,RGB,0.8346774193548387,3,9199569678e96a4d,78d49292f0ccd4e8,True,,JPEG
t0_0482,Training/notumor/Tr-no_642.jpg,C:\Users\pedro\Desktop\Projeto do TCC\Brain Tumor MRI Dataset\Training\notumor\Tr-no_642.jpg,notumor,.jpg,train,44008,8a05324c1e59d079c88ad71e484739999eab506d3e7eb1bca857264329113b94,414,496,RGB,0.8346774193548387,3,9199569678e96a4d,78d49292f0ccd4e8,True,,JPEG
t0_0483,Training/notumor/Tr-no_1394.jpg,C:\Users\pedro\Desktop\Projeto do TCC\Brain Tumor MRI Dataset\Training\notumor\Tr-no_1394.jpg,notumor,.jpg,train,18095,fa212e03ec1757d375fc594d6f8884ff22b43b091d37dd1b7589a236289a6421,236,236,RGB,1.0,3,958b6e3829e46979,79f4d0d0dadcaccc,True,,JPEG
t0_0483,Training/notumor/Tr-no_168.jpg,C:\Users\pedro\Desktop\Projeto do TCC\Brain Tumor MRI Dataset\Training\notumor\Tr-no_168.jpg,notumor,.jpg,train,18352,8c7a08207a2f8e5bf03ed590b3a482491a6abeb9b233a40604f3422065424112,236,236,RGB,1.0,3,958b6e3829e46979,79f4d0d0dadcaccc,True,,JPEG
t0_0483,Training/notumor/Tr-no_230.jpg,C:\Users\pedro\Desktop\Projeto do TCC\Brain Tumor MRI Dataset\Training\notumor\Tr-no_230.jpg,notumor,.jpg,train,18352,8c7a08207a2f8e5bf03ed590b3a482491a6abeb9b233a40604f3422065424112,236,236,RGB,1.0,3,958b6e3829e46979,79f4d0d0dadcaccc,True,,JPEG
t0_0483,Training/notumor/Tr-no_738.jpg,C:\Users\pedro\Desktop\Projeto do TCC\Brain Tumor MRI Dataset\Training\notumor\Tr-no_738.jpg,notumor,.jpg,train,18352,8c7a08207a2f8e5bf03ed590b3a482491a6abeb9b233a40604f3422065424112,236,236,RGB,1.0,3,958b6e3829e46979,79f4d0d0dadcaccc,True,,JPEG
t0_0484,Training/notumor/Tr-no_1395.jpg,C:\Users\pedro\Desktop\Projeto do TCC\Brain Tumor MRI Dataset\Training\notumor\Tr-no_1395.jpg,notumor,.jpg,train,11761,bd5b12c433485230720aa33032e1f6bd089702090481d7e56dccfa43435d6950,212,222,RGB,0.954954954954955,3,855e7aa16a276935,b1e0f0ececdacc78,True,,JPEG
t0_0484,Training/notumor/Tr-no_17.jpg,C:\Users\pedro\Desktop\Projeto do TCC\Brain Tumor MRI Dataset\Training\notumor\Tr-no_17.jpg,notumor,.jpg,train,11761,bd5b12c433485230720aa33032e1f6bd089702090481d7e56dccfa43435d6950,212,222,RGB,0.954954954954955,3,855e7aa16a276935,b1e0f0ececdacc78,True,,JPEG
t0_0485,Training/notumor/Tr-no_1397.jpg,C:\Users\pedro\Desktop\Projeto do TCC\Brain Tumor MRI Dataset\Training\notumor\Tr-no_1397.jpg,notumor,.jpg,train,46209,90b09a698e88ffae221f5f5c0c732e7a17e93387b4e91fc0be28b3aa3b91ba33,411,496,RGB,0.8286290322580645,3,811956fe6c786b85,70d49292b2c8d4e0,True,,JPEG
t0_0485,Training/notumor/Tr-no_660.jpg,C:\Users\pedro\Desktop\Projeto do TCC\Brain Tumor MRI Dataset\Training\notumor\Tr-no_660.jpg,notumor,.jpg,train,46209,90b09a698e88ffae221f5f5c0c732e7a17e93387b4e91fc0be28b3aa3b91ba33,411,496,RGB,0.8286290322580645,3,811956fe6c786b85,70d49292b2c8d4e0,True,,JPEG
t0_0486,Training/notumor/Tr-no_1398.jpg,C:\Users\pedro\Desktop\Projeto do TCC\Brain Tumor MRI Dataset\Training\notumor\Tr-no_1398.jpg,notumor,.jpg,train,14151,6f3bdbdba45d1f985b33e51c93c318e0f04f2c3186dfae874050a99a11b1af02,210,213,RGB,0.9859154929577464,3,959f7e702be06123,387ceacada8ce4e4,True,,JPEG
t0_0486,Training/notumor/Tr-no_516.jpg,C:\Users\pedro\Desktop\Projeto do TCC\Brain Tumor MRI Dataset\Training\notumor\Tr-no_516.jpg,notumor,.jpg,train,14151,6f3bdbdba45d1f985b33e51c93c318e0f04f2c3186dfae874050a99a11b1af02,210,213,RGB,0.9859154929577464,3,959f7e702be06123,387ceacada8ce4e4,True,,JPEG
t0_0487,Training/notumor/Tr-no_140.jpg,C:\Users\pedro\Desktop\Projeto do TCC\Brain Tumor MRI Dataset\Training\notumor\Tr-no_140.jpg,notumor,.jpg,train,12549,78272b533cd2cd32360f342e22676958d73e3f7f1b70a3ee4c004b0977c85e2f,208,242,RGB,0.859504132231405,3,c4bb1bc966de1851,69d8ec44ccf2f0e4,True,,JPEG
t0_0487,Training/notumor/Tr-no_997.jpg,C:\Users\pedro\Desktop\Projeto do TCC\Brain Tumor MRI Dataset\Training\notumor\Tr-no_997.jpg,notumor,.jpg,train,12634,11710fc637162c21b6e62968d417c852ec8daa3c4cb42a403b775db39b44e3f0,208,242,RGB,0.859504132231405,3,c4bb1bc966de1851,69d8ec44ccf0f0e4,True,,JPEG
t0_0488,Training/notumor/Tr-no_169.jpg,C:\Users\pedro\Desktop\Projeto do TCC\Brain Tumor MRI Dataset\Training\notumor\Tr-no_169.jpg,notumor,.jpg,train,10703,ac995ed4a41ff23f2c8646d83ea024d4e95e14e61fa38ea4edcbc21bea9c3eae,225,225,RGB,1.0,3,854e3eb878b3612b,70f0d4d4d4d4d070,True,,JPEG
t0_0488,Training/notumor/Tr-no_351.jpg,C:\Users\pedro\Desktop\Projeto do TCC\Brain Tumor MRI Dataset\Training\notumor\Tr-no_351.jpg,notumor,.jpg,train,10846,dd22398acb3c70e63a2cb63bebedc242177d84866a703622ff572dc1de831711,225,225,RGB,1.0,3,c54f3ab878b2612b,70f0d4d4d4d4d070,True,,JPEG
t0_0489,Training/notumor/Tr-no_171.jpg,C:\Users\pedro\Desktop\Projeto do TCC\Brain Tumor MRI Dataset\Training\notumor\Tr-no_171.jpg,notumor,.jpg,train,25105,95b8ce855e68fcce7fac77b3f4d27aa785b879a2d797d92f85ae232b0fe667e8,275,301,RGB,0.9136212624584718,3,c15a1fa53f813e25,d9d4c8c8ccccc8f0,True,,JPEG
t0_0489,Training/notumor/Tr-no_415.jpg,C:\Users\pedro\Desktop\Projeto do TCC\Brain Tumor MRI Dataset\Training\notumor\Tr-no_415.jpg,notumor,.jpg,train,40209,f5c726bbddf4d79e8bb409819967264cd5b591e23f83d1ec78e3c847febda891,275,301,L,0.9136212624584718,1,c15a1fa53f813e25,d9d4c8c8ccccc8f0,True,,JPEG
t0_0489,Training/notumor/Tr-no_908.jpg,C:\Users\pedro\Desktop\Projeto do TCC\Brain Tumor MRI Dataset\Training\notumor\Tr-no_908.jpg,notumor,.jpg,train,14213,01d1c6fbd532ffcffc8e8a12c8ce33f0f06a18d934e6a8eefd129837a318346e,275,301,L,0.9136212624584718,1,c15a1fa53f813e25,d9d4c8c8ccccc8d0,True,,JPEG
t0_0490,Training/notumor/Tr-no_183.jpg,C:\Users\pedro\Desktop\Projeto do TCC\Brain Tumor MRI Dataset\Training\notumor\Tr-no_183.jpg,notumor,.jpg,train,57039,114cf48b072d2e1983f7354e1a8505c56cfa64e9a4134ba4775aabe16a061e86,550,664,RGB,0.8283132530120482,3,d2272ff03d893c0d,69ccf0d8dc8ce871,True,,JPEG
t0_0490,Training/notumor/Tr-no_812.jpg,C:\Users\pedro\Desktop\Projeto do TCC\Brain Tumor MRI Dataset\Training\notumor\Tr-no_812.jpg,notumor,.jpg,train,33502,29ed9a897d633c24f388e753b6f81b9fa91ade7ba97b351f106b3fe954c0c036,550,664,RGB,0.8283132530120482,3,d2272ff03d893c0d,69ccf0d8dc8ce871,True,,JPEG
t0_0491,Training/notumor/Tr-no_186.jpg,C:\Users\pedro\Desktop\Projeto do TCC\Brain Tumor MRI Dataset\Training\notumor\Tr-no_186.jpg,notumor,.jpg,train,10179,ae40741151cb9f24a6eeec243d07b02dac299ecc33b9232adfb7d6a27589639a,228,221,RGB,1.0316742081447965,3,9d7a6a6569252c33,3178f0f4f0e0f479,True,,JPEG
t0_0491,Training/notumor/Tr-no_390.jpg,C:\Users\pedro\Desktop\Projeto do TCC\Brain Tumor MRI Dataset\Training\notumor\Tr-no_390.jpg,notumor,.jpg,train,5114,29504dbbe42208cd4a37cf150c088b005656454befe4015caa1a94c2b2d7c0eb,228,221,RGB,1.0316742081447965,3,9d7a6a6569252c33,3178f0f4f0e0f479,True,,JPEG
t0_0491,Training/notumor/Tr-no_722.jpg,C:\Users\pedro\Desktop\Projeto do TCC\Brain Tumor MRI Dataset\Training\notumor\Tr-no_722.jpg,notumor,.jpg,train,6679,9e16dfeb865c44a91f37fe814f3f06a0989311ca2a348bbb0d132dc3800f9d9d,228,221,RGB,1.0316742081447965,3,9d7a6a6569252c33,3178f0f4f0e0f479,True,,JPEG
t0_0491,Training/notumor/Tr-no_731.jpg,C:\Users\pedro\Desktop\Projeto do TCC\Brain Tumor MRI Dataset\Training\notumor\Tr-no_731.jpg,notumor,.jpg,train,7230,4df6b22426938011a6f818b43f17b9de4e4507ceeb9d573cad98b95460299baa,228,221,RGB,1.0316742081447965,3,9d7a6a6569252c33,3178f0f4f0e0f479,True,,JPEG
t0_0492,Training/notumor/Tr-no_197.jpg,C:\Users\pedro\Desktop\Projeto do TCC\Brain Tumor MRI Dataset\Training\notumor\Tr-no_197.jpg,notumor,.jpg,train,9261,e07a87bafac05a5c65dde219c38a3692ea0d8e7ce478e43da873a99919c704a2,206,244,RGB,0.8442622950819673,3,959d5b123a7b6c60,78f0d6f4ccccd060,True,,JPEG
t0_0492,Training/notumor/Tr-no_396.jpg,C:\Users\pedro\Desktop\Projeto do TCC\Brain Tumor MRI Dataset\Training\notumor\Tr-no_396.jpg,notumor,.jpg,train,10096,2bd550d2ddfec59aa815aedfad99541a90e7bdf7d78fe88fe739cfb5ad4fe3b5,206,244,RGB,0.8442622950819673,3,959d5b123a7b6c60,78f0d6f4d4ccd060,True,,JPEG
t0_0493,Training/notumor/Tr-no_201.jpg,C:\Users\pedro\Desktop\Projeto do TCC\Brain Tumor MRI Dataset\Training\notumor\Tr-no_201.jpg,notumor,.jpg,train,9487,518245b468a13675f104390acccc8b631faa0cd5a2a061b6b86f3110fc691fe0,225,225,RGB,1.0,3,cec63c393138e3c6,1361e8e8e8797133,True,,JPEG
t0_0493,Training/notumor/Tr-no_32.jpg,C:\Users\pedro\Desktop\Projeto do TCC\Brain Tumor MRI Dataset\Training\notumor\Tr-no_32.jpg,notumor,.jpg,train,9661,a8ec609bf4bca5c827586ea5db4bd5456cf2b6d8a7d5218ccf12ab4526c75057,225,225,RGB,1.0,3,cec63c393138e3c6,1361e8e8e8797133,True,,JPEG
t0_0494,Training/notumor/Tr-no_202.jpg,C:\Users\pedro\Desktop\Projeto do TCC\Brain Tumor MRI Dataset\Training\notumor\Tr-no_202.jpg,notumor,.jpg,train,11695,ef8c79a52597147b71ba5d0e448c12f65b359f71a3222ba2f255c3205ab2abd4,276,326,RGB,0.8466257668711656,3,d44863b71d493735,61f4a6b2a694e4e0,True,,JPEG
t0_0494,Training/notumor/Tr-no_388.jpg,C:\Users\pedro\Desktop\Projeto do TCC\Brain Tumor MRI Dataset\Training\notumor\Tr-no_388.jpg,notumor,.jpg,train,18154,b7217d07fe4b60f472aaeee4b36e8429d4a1685bbb9fd13c1d471835326e801d,276,326,RGB,0.8466257668711656,3,d44863b71d493735,61f4a6b2a694e4e0,True,,JPEG
t0_0494,Training/notumor/Tr-no_636.jpg,C:\Users\pedro\Desktop\Projeto do TCC\Brain Tumor MRI Dataset\Training\notumor\Tr-no_636.jpg,notumor,.jpg,train,18154,b7217d07fe4b60f472aaeee4b36e8429d4a1685bbb9fd13c1d471835326e801d,276,326,RGB,0.8466257668711656,3,d44863b71d493735,61f4a6b2a694e4e0,True,,JPEG
t0_0494,Training/notumor/Tr-no_837.jpg,C:\Users\pedro\Desktop\Projeto do TCC\Brain Tumor MRI Dataset\Training\notumor\Tr-no_837.jpg,notumor,.jpg,train,11646,763527a6a5d96c7c7777f109a2910dd11c3d9b8b94f1e59b21bc2a52226f756c,276,326,RGB,0.8466257668711656,3,d44863b71d493735,61f4a6b2a694e4e0,True,,JPEG
t0_0495,Training/notumor/Tr-no_22.jpg,C:\Users\pedro\Desktop\Projeto do TCC\Brain Tumor MRI Dataset\Training\notumor\Tr-no_22.jpg,notumor,.jpg,train,306492,10546b7ed6867429b6685d4d246dadf04b0f66f900ed197a68bd9f8a29e40ce3,550,664,RGBA,0.8283132530120482,4,87727aa568dc6958,69ccf0e4c4cee071,True,,PNG
t0_0495,Training/notumor/Tr-no_263.jpg,C:\Users\pedro\Desktop\Projeto do TCC\Brain Tumor MRI Dataset\Training\notumor\Tr-no_263.jpg,notumor,.jpg,train,33196,07e97dbec5353fbbe52d0b0f6ef883ee04d9e801f007a5388b0ac0ca533a94a3,550,664,RGB,0.8283132530120482,3,87727aa568dc6958,69ccf0e4c4cee071,True,,JPEG
t0_0495,Training/notumor/Tr-no_632.jpg,C:\Users\pedro\Desktop\Projeto do TCC\Brain Tumor MRI Dataset\Training\notumor\Tr-no_632.jpg,notumor,.jpg,train,55676,019ff9b5736b365a41491635a581837fc4cc2506ca559009e81480d80839b003,550,664,RGB,0.8283132530120482,3,87727aa568dc6958,69ccf0e4c4cee071,True,,JPEG
t0_0496,Training/notumor/Tr-no_226.jpg,C:\Users\pedro\Desktop\Projeto do TCC\Brain Tumor MRI Dataset\Training\notumor\Tr-no_226.jpg,notumor,.jpg,train,21954,f37e9a7028f2ae0c6fa644dc51758e111394dcd37a8cd4cea6d60df7f1ac8a15,442,454,RGB,0.973568281938326,3,c3352d6334b432cf,3271ccccc8c86171,True,,JPEG
t0_0496,Training/notumor/Tr-no_414.jpg,C:\Users\pedro\Desktop\Projeto do TCC\Brain Tumor MRI Dataset\Training\notumor\Tr-no_414.jpg,notumor,.jpg,train,21915,9825288ca0ecdd46bb9b40ee15bfc5e27360ad86667442abd2e55972661ed8a1,442,454,RGB,0.973568281938326,3,c3352d6334b432cf,3271ccccc8c86171,True,,JPEG
t0_0497,Training/notumor/Tr-no_229.jpg,C:\Users\pedro\Desktop\Projeto do TCC\Brain Tumor MRI Dataset\Training\notumor\Tr-no_229.jpg,notumor,.jpg,train,10915,60dabb037e39426bb8b59bd3695f1534f9f81d184c978bb580d562ef8a4052a1,236,213,RGB,1.107981220657277,3,ca2d2fb02cb334ba,71e1f1e8e0d8e961,True,,JPEG
t0_0497,Training/notumor/Tr-no_580.jpg,C:\Users\pedro\Desktop\Projeto do TCC\Brain Tumor MRI Dataset\Training\notumor\Tr-no_580.jpg,notumor,.jpg,train,10896,21a9b35e3ebd7911c7687c15b1b8ac97204756a076480962c6fd9bd4f5bd11ac,236,213,RGB,1.107981220657277,3,ca2d2fb02cb334ba,f1e1f1e8e0d8e961,True,,JPEG
t0_0498,Training/notumor/Tr-no_250.jpg,C:\Users\pedro\Desktop\Projeto do TCC\Brain Tumor MRI Dataset\Training\notumor\Tr-no_250.jpg,notumor,.jpg,train,13582,25c13de1f058a3b2d081828fab9a6589ac1feba9a0c3963e8033115e3b9bc2ee,236,236,RGB,1.0,3,95865e78782d6672,70f0ee9a9ceeee9c,True,,JPEG
t0_0498,Training/notumor/Tr-no_472.jpg,C:\Users\pedro\Desktop\Projeto do TCC\Brain Tumor MRI Dataset\Training\notumor\Tr-no_472.jpg,notumor,.jpg,train,13582,25c13de1f058a3b2d081828fab9a6589ac1feba9a0c3963e8033115e3b9bc2ee,236,236,RGB,1.0,3,95865e78782d6672,70f0ee9a9ceeee9c,True,,JPEG
t0_0499,Training/notumor/Tr-no_265.jpg,C:\Users\pedro\Desktop\Projeto do TCC\Brain Tumor MRI Dataset\Training\notumor\Tr-no_265.jpg,notumor,.jpg,train,13605,ba77ba859aeb96a0fdc6072a46f2449bd119d5d8df31e20c73968596a9ba5ed9,225,225,RGB,1.0,3,870f3fb07893612d,70f0d4c4d4d4f070,True,,JPEG
t0_0499,Training/notumor/Tr-no_729.jpg,C:\Users\pedro\Desktop\Projeto do TCC\Brain Tumor MRI Dataset\Training\notumor\Tr-no_729.jpg,notumor,.jpg,train,9424,449aa7997cfee77d779ecabffa0ea767732891158b4c9e1f499604573b56b93a,225,225,RGB,1.0,3,c0cb6bb53d86346a,70f0d4c4d4d4f070,True,,JPEG
t0_0500,Training/notumor/Tr-no_266.jpg,C:\Users\pedro\Desktop\Projeto do TCC\Brain Tumor MRI Dataset\Training\notumor\Tr-no_266.jpg,notumor,.jpg,train,42842,d8239cea80725a8ab8c5e66dda7a6cd08f7834806edbd40efbdbc552f5cd446d,550,664,RGB,0.8283132530120482,3,d2272ff03d893c1c,68ccf0d8dcc8e070,True,,JPEG
t0_0500,Training/notumor/Tr-no_478.jpg,C:\Users\pedro\Desktop\Projeto do TCC\Brain Tumor MRI Dataset\Training\notumor\Tr-no_478.jpg,notumor,.jpg,train,75343,c2e016e1965c1274f6ba351bebb97aadea6844a6f1a4fc2af96974eaa75faf15,550,664,RGB,0.8283132530120482,3,d2272ff03d89389c,68ccf0d8dcc8e070,True,,JPEG
t0_0500,Training/notumor/Tr-no_512.jpg,C:\Users\pedro\Desktop\Projeto do TCC\Brain Tumor MRI Dataset\Training\notumor\Tr-no_512.jpg,notumor,.jpg,train,46290,06ea0c3b099ba4048faddf7220a226347dc69df955571500a46151b10b4ffb8d,550,664,RGB,0.8283132530120482,3,d2272ff03d893c1c,68ccf0d8dcc8e070,True,,JPEG
t0_0501,Training/notumor/Tr-no_277.jpg,C:\Users\pedro\Desktop\Projeto do TCC\Brain Tumor MRI Dataset\Training\notumor\Tr-no_277.jpg,notumor,.jpg,train,30294,94d9a27262d2e96031f87785b92cd3bb889216e5a16f27c07064ec37e8489c14,468,444,RGB,1.054054054054054,3,c22d2f343f603f70,70f1e8e8e8d4d4e9,True,,JPEG
t0_0501,Training/notumor/Tr-no_633.jpg,C:\Users\pedro\Desktop\Projeto do TCC\Brain Tumor MRI Dataset\Training\notumor\Tr-no_633.jpg,notumor,.jpg,train,32264,4e8128f0ab7851669e46d62f1ce1b51dbcae2d24b1b13fe29efc0146c218364c,468,444,RGB,1.054054054054054,3,c22d2f343f603f70,70f1e8e8e8c4d4e9,True,,JPEG
t0_0502,Training/notumor/Tr-no_282.jpg,C:\Users\pedro\Desktop\Projeto do TCC\Brain Tumor MRI Dataset\Training\notumor\Tr-no_282.jpg,notumor,.jpg,train,33034,25cfc5504689ad704bbf6ecd5c7ffa8a8d0c03250ebf43a38a40841cd4344165,550,664,RGB,0.8283132530120482,3,878d7a5a682369a7,71e0cec4e4f0cc69,True,,JPEG
t0_0502,Training/notumor/Tr-no_790.jpg,C:\Users\pedro\Desktop\Projeto do TCC\Brain Tumor MRI Dataset\Training\notumor\Tr-no_790.jpg,notumor,.jpg,train,33173,2cfbc2d779fce343dfa5ec84d4715427a2a9c538ac2c532c99ee607e9cfe8619,550,664,RGB,0.8283132530120482,3,878d7a5a682369a7,71e0cec4e4f0cc69,True,,JPEG
t0_0503,Training/notumor/Tr-no_285.jpg,C:\Users\pedro\Desktop\Projeto do TCC\Brain Tumor MRI Dataset\Training\notumor\Tr-no_285.jpg,notumor,.jpg,train,10650,389a371de918ef6f7e1f4088657a2845c37e655c5c2472bfd2238a0c4eb2933e,215,234,RGB,0.9188034188034188,3,874e7aa168376578,b1f0e8ecccc8e8f1,True,,JPEG
t0_0503,Training/notumor/Tr-no_590.jpg,C:\Users\pedro\Desktop\Projeto do TCC\Brain Tumor MRI Dataset\Training\notumor\Tr-no_590.jpg,notumor,.jpg,train,10502,00fca519867b97d9c0303d8a65c206a280930f81f63ae9d85ca224a31e01c88b,215,234,RGB,0.9188034188034188,3,874e7aa168376578,b1f0e8ecccc8e8f1,True,,JPEG
t0_0504,Training/notumor/Tr-no_286.jpg,C:\Users\pedro\Desktop\Projeto do TCC\Brain Tumor MRI Dataset\Training\notumor\Tr-no_286.jpg,notumor,.jpg,train,25348,8a9c190999ed224a091cd15fd4f2acc69b6d4f2d3d0cf4cb1802ef9d55e2cf16,356,474,RGB,0.7510548523206751,3,86d46f4c69c7e03c,71f0e8e8e8e8e031,True,,JPEG
t0_0504,Training/notumor/Tr-no_752.jpg,C:\Users\pedro\Desktop\Projeto do TCC\Brain Tumor MRI Dataset\Training\notumor\Tr-no_752.jpg,notumor,.jpg,train,25300,7552cb291b6c1823dba4d9e7c22e6fe6822f3b7a6d320aaed4afd28f820ce47e,356,474,RGB,0.7510548523206751,3,86d46f4c69c7e03c,71f0e8e8e8e8e031,True,,JPEG
t0_0505,Training/notumor/Tr-no_287.jpg,C:\Users\pedro\Desktop\Projeto do TCC\Brain Tumor MRI Dataset\Training\notumor\Tr-no_287.jpg,notumor,.jpg,train,10547,b3a049210a1a46c61dad530451191928d55038e8a4a6695bcb7d4faaafe74844,225,225,RGB,1.0,3,c36d3bb4382661b6,7371d4d4d4d4f071,True,,JPEG
t0_0505,Training/notumor/Tr-no_419.jpg,C:\Users\pedro\Desktop\Projeto do TCC\Brain Tumor MRI Dataset\Training\notumor\Tr-no_419.jpg,notumor,.jpg,train,15574,d8fa920cea8bccd0a81a0a185bdd422c950b4e47da68f829c1a54946f9fe59e7,225,225,RGB,1.0,3,c36d3bb4382661b6,7171d4d4d4d4e071,True,,JPEG
t0_0506,Training/notumor/Tr-no_292.jpg,C:\Users\pedro\Desktop\Projeto do TCC\Brain Tumor MRI Dataset\Training\notumor\Tr-no_292.jpg,notumor,.jpg,train,15035,ad2f2c46d23d4c56b1848b62b38b5b4288e28e3ec7872235a6597b0def7171fb,235,261,RGB,0.9003831417624522,3,811e4e381bf53d74,71f0d6eaa892d4e8,True,,JPEG
t0_0506,Training/notumor/Tr-no_846.jpg,C:\Users\pedro\Desktop\Projeto do TCC\Brain Tumor MRI Dataset\Training\notumor\Tr-no_846.jpg,notumor,.jpg,train,16812,1cc081e753d825a7a043b7968fa48c166d3518426790468025d6674794791327,235,261,RGB,0.9003831417624522,3,811e4e381bf53d74,71f0d6eaa892d4e8,True,,JPEG
t0_0507,Training/notumor/Tr-no_297.jpg,C:\Users\pedro\Desktop\Projeto do TCC\Brain Tumor MRI Dataset\Training\notumor\Tr-no_297.jpg,notumor,.jpg,train,9624,ca06f964bab906298da01a46237016884198562f55086c0e465f7a9aa23228a0,228,221,RGB,1.0316742081447965,3,c22f2df034931cde,60e1e8c8cce8d871,True,,JPEG
t0_0507,Training/notumor/Tr-no_619.jpg,C:\Users\pedro\Desktop\Projeto do TCC\Brain Tumor MRI Dataset\Training\notumor\Tr-no_619.jpg,notumor,.jpg,train,14144,f5d81910c4160f06ec27ae21368f22f860e7fbed5e4284487ef6d941dcba3d9d,228,221,RGB,1.0316742081447965,3,c22f2df034933c9e,60e1e8c8cce8d871,True,,JPEG
t0_0508,Training/notumor/Tr-no_3.jpg,C:\Users\pedro\Desktop\Projeto do TCC\Brain Tumor MRI Dataset\Training\notumor\Tr-no_3.jpg,notumor,.jpg,train,8180,2f2b8e61cf480af3e41ad5cd553252ddff1774a1e17e25765c1c71582df89bb1,236,236,RGB,1.0,3,c63e2de1348bb1c9,d0e0e8e8ccc8e0f0,True,,JPEG
t0_0508,Training/notumor/Tr-no_747.jpg,C:\Users\pedro\Desktop\Projeto do TCC\Brain Tumor MRI Dataset\Training\notumor\Tr-no_747.jpg,notumor,.jpg,train,10600,4f3c00ef520660295576c472a0cafc9f1bb400d736b352b736966af08bf09235,236,236,RGB,1.0,3,c63e2de1348bb1c9,d0e0e8e8ccc8e0f0,True,,JPEG
t0_0509,Training/notumor/Tr-no_31.jpg,C:\Users\pedro\Desktop\Projeto do TCC\Brain Tumor MRI Dataset\Training\notumor\Tr-no_31.jpg,notumor,.jpg,train,53928,457bb992bb7e34fa6aab66824086e47d6751f00578cf6fac23016408b751f6cc,630,630,RGB,1.0,3,c2386f3e38c7b01e,72e9e8f0f0e869e8,True,,JPEG
t0_0509,Training/notumor/Tr-no_919.jpg,C:\Users\pedro\Desktop\Projeto do TCC\Brain Tumor MRI Dataset\Training\notumor\Tr-no_919.jpg,notumor,.jpg,train,29252,71cc91673927e9148f575e602494044857ffecbd3a5f21de266639d4186a9e64,442,442,RGB,1.0,3,c2386f3e38c7b01e,72e9e8f0f0e869e8,True,,JPEG
t0_0510,Training/notumor/Tr-no_312.jpg,C:\Users\pedro\Desktop\Projeto do TCC\Brain Tumor MRI Dataset\Training\notumor\Tr-no_312.jpg,notumor,.jpg,train,10651,0e6bcc8a7c8583a8bd417665d05121d10dffd044e9eafb5e6236c9873ebeaf10,214,236,RGB,0.9067796610169492,3,d5370a1a6f762cc8,69dc968ad4d4d4f0,True,,JPEG
t0_0510,Training/notumor/Tr-no_467.jpg,C:\Users\pedro\Desktop\Projeto do TCC\Brain Tumor MRI Dataset\Training\notumor\Tr-no_467.jpg,notumor,.jpg,train,10470,f4950bd9cb329adc2478c9bed9f3bf9e041f3f845e39b209f79d052d07114119,214,236,RGB,0.9067796610169492,3,d5370a1e6f722cc8,69dc968ad4d4d4f0,True,,JPEG
t0_0510,Training/notumor/Tr-no_727.jpg,C:\Users\pedro\Desktop\Projeto do TCC\Brain Tumor MRI Dataset\Training\notumor\Tr-no_727.jpg,notumor,.jpg,train,10961,a3911d3779563b7e4a1750fd41041f2507924dd0fcd4a54d7feb2d9c7076cc01,214,236,RGB,0.9067796610169492,3,d5370a1e6f722cc8,69dc968ad4d4d4f0,True,,JPEG
t0_0511,Training/notumor/Tr-no_313.jpg,C:\Users\pedro\Desktop\Projeto do TCC\Brain Tumor MRI Dataset\Training\notumor\Tr-no_313.jpg,notumor,.jpg,train,9524,3f9bbd6bcf3ed8d611183024645200a6573970e6c04f9d1cd30e94c98b2bad58,228,221,RGB,1.0316742081447965,3,c02f3f703c707966,72e1f0d0f0f8d061,True,,JPEG
t0_0511,Training/notumor/Tr-no_615.jpg,C:\Users\pedro\Desktop\Projeto do TCC\Brain Tumor MRI Dataset\Training\notumor\Tr-no_615.jpg,notumor,.jpg,train,8726,0578ce3a9dc5761f9374d76cbd36a3d9c5937a6cedc02d44cfc6ee5c1abc6b90,228,221,RGB,1.0316742081447965,3,c02f3f703c707966,70e1f0d0f0f8d061,True,,JPEG
t0_0512,Training/notumor/Tr-no_315.jpg,C:\Users\pedro\Desktop\Projeto do TCC\Brain Tumor MRI Dataset\Training\notumor\Tr-no_315.jpg,notumor,.jpg,train,165993,e3ea07d69e4b3242a2bc56046a2c9547c6e15d8169d3bdad7d4f8f9baf2a2442,850,872,RGB,0.9747706422018348,3,904b7b156d4eb46c,71f0d4f4b2d4f831,True,,JPEG
t0_0512,Training/notumor/Tr-no_8.jpg,C:\Users\pedro\Desktop\Projeto do TCC\Brain Tumor MRI Dataset\Training\notumor\Tr-no_8.jpg,notumor,.jpg,train,165993,e3ea07d69e4b3242a2bc56046a2c9547c6e15d8169d3bdad7d4f8f9baf2a2442,850,872,RGB,0.9747706422018348,3,904b7b156d4eb46c,71f0d4f4b2d4f831,True,,JPEG
t0_0512,Training/notumor/Tr-no_935.jpg,C:\Users\pedro\Desktop\Projeto do TCC\Brain Tumor MRI Dataset\Training\notumor\Tr-no_935.jpg,notumor,.jpg,train,165993,e3ea07d69e4b3242a2bc56046a2c9547c6e15d8169d3bdad7d4f8f9baf2a2442,850,872,RGB,0.9747706422018348,3,904b7b156d4eb46c,71f0d4f4b2d4f831,True,,JPEG
t0_0513,Training/notumor/Tr-no_325.jpg,C:\Users\pedro\Desktop\Projeto do TCC\Brain Tumor MRI Dataset\Training\notumor\Tr-no_325.jpg,notumor,.jpg,train,10709,c3f2d52e1a996bea716774c0051492202d3bdf76fdb53f9ade2b5c6289a6cb36,234,218,RGB,1.073394495412844,3,96386de536c63097,027178e8e8e0e069,True,,JPEG
t0_0513,Training/notumor/Tr-no_389.jpg,C:\Users\pedro\Desktop\Projeto do TCC\Brain Tumor MRI Dataset\Training\notumor\Tr-no_389.jpg,notumor,.jpg,train,10976,6df56cc8a677bbc089ccb7f85e5f40b665a551aa28c7f2fffffcaddf521ed503,234,218,RGB,1.073394495412844,3,d3386de536c63093,027178e8e8e0e069,True,,JPEG
t0_0514,Training/notumor/Tr-no_326.jpg,C:\Users\pedro\Desktop\Projeto do TCC\Brain Tumor MRI Dataset\Training\notumor\Tr-no_326.jpg,notumor,.jpg,train,20278,834db082aecf03f2310a9599b16642f5f3a4d76da639d92bd083305cad59111e,512,512,RGB,1.0,3,c22f3bf03d92709a,6269e0e0c4c4e871,True,,JPEG
t0_0514,Training/notumor/Tr-no_511.jpg,C:\Users\pedro\Desktop\Projeto do TCC\Brain Tumor MRI Dataset\Training\notumor\Tr-no_511.jpg,notumor,.jpg,train,7361,a04f7a2254302402e81ad80a6a5ca1ef424df124b7e2ada86e53402f996c89cc,225,225,RGB,1.0,3,c22f3bf03d92709a,6069e0e0c4c4e871,True,,JPEG
t0_0514,Training/notumor/Tr-no_547.jpg,C:\Users\pedro\Desktop\Projeto do TCC\Brain Tumor MRI Dataset\Training\notumor\Tr-no_547.jpg,notumor,.jpg,train,7075,d8642f2eb5e48b9def1b8ae3adfb53ffc462a1f98202ae944382aaa4ad12e0fd,225,225,RGB,1.0,3,c32f3bf03d92309a,6069e0e0c4c4e871,True,,JPEG
t0_0514,Training/notumor/Tr-no_668.jpg,C:\Users\pedro\Desktop\Projeto do TCC\Brain Tumor MRI Dataset\Training\notumor\Tr-no_668.jpg,notumor,.jpg,train,7283,090dac42b804f6ffe3719c23f945985189585b692901f195bac20bf5466ad98c,225,225,RGB,1.0,3,c32f3bf03d92309a,6069e0e0c4c4e871,True,,JPEG
t0_0515,Training/notumor/Tr-no_332.jpg,C:\Users\pedro\Desktop\Projeto do TCC\Brain Tumor MRI Dataset\Training\notumor\Tr-no_332.jpg,notumor,.jpg,train,59850,cadc69402b71fdafac567216ada1281c48858cc5bde7b3b941fdf9c6bca09202,380,530,RGB,0.7169811320754716,3,d41b3fc0704f6167,3070d4d484d46000,True,,JPEG
t0_0515,Training/notumor/Tr-no_672.jpg,C:\Users\pedro\Desktop\Projeto do TCC\Brain Tumor MRI Dataset\Training\notumor\Tr-no_672.jpg,notumor,.jpg,train,28688,e113abb316726acca30a3773c9680cc60e978ffa3f85c726f7b43b9723fad075,380,530,RGB,0.7169811320754716,3,941b3fc4704f6167,3070d4d484d46000,True,,JPEG
t0_0516,Training/notumor/Tr-no_335.jpg,C:\Users\pedro\Desktop\Projeto do TCC\Brain Tumor MRI Dataset\Training\notumor\Tr-no_335.jpg,notumor,.jpg,train,7884,97ef878aecbeb25dfc63bf5b3c3efe9c6aba103b461471294b1b019ebb1aedb3,225,225,RGB,1.0,3,d25a6ba52dce3462,70f0ececccccf070,True,,JPEG
t0_0516,Training/notumor/Tr-no_787.jpg,C:\Users\pedro\Desktop\Projeto do TCC\Brain Tumor MRI Dataset\Training\notumor\Tr-no_787.jpg,notumor,.jpg,train,16121,dae58f5faefd3a8b904e12f207a380d75a02f5ad558b2c5076cf84a2d5f2dff2,442,442,L,1.0,1,c25a6ab52dec346a,70f0ececccccf070,True,,JPEG
t0_0517,Training/notumor/Tr-no_338.jpg,C:\Users\pedro\Desktop\Projeto do TCC\Brain Tumor MRI Dataset\Training\notumor\Tr-no_338.jpg,notumor,.jpg,train,24017,440b5229fa098b3b180aae3a1c6a2bc4362c46e0f80261e4546713d699779833,468,444,RGB,1.054054054054054,3,97787e616a256a25,3170e0e8ead4d46c,True,,JPEG
t0_0517,Training/notumor/Tr-no_875.jpg,C:\Users\pedro\Desktop\Projeto do TCC\Brain Tumor MRI Dataset\Training\notumor\Tr-no_875.jpg,notumor,.jpg,train,24096,cfadafdd993e776771e13f5e398f295c662fdce13df92524fadc4c28c0a95a4a,468,444,RGB,1.054054054054054,3,97787e616a256a25,3170e0e8ead4d46c,True,,JPEG
t0_0518,Training/notumor/Tr-no_349.jpg,C:\Users\pedro\Desktop\Projeto do TCC\Brain Tumor MRI Dataset\Training\notumor\Tr-no_349.jpg,notumor,.jpg,train,17096,3e66ecd9f2d07394ea13b8f2ce9212677a14aea1066e13a1445b00cbc59b998e,224,286,RGB,0.7832167832167832,3,d04e1bba3ee43b60,69f4d4d4a8aad4f8,True,,JPEG
t0_0518,Training/notumor/Tr-no_779.jpg,C:\Users\pedro\Desktop\Projeto do TCC\Brain Tumor MRI Dataset\Training\notumor\Tr-no_779.jpg,notumor,.jpg,train,17096,3e66ecd9f2d07394ea13b8f2ce9212677a14aea1066e13a1445b00cbc59b998e,224,286,RGB,0.7832167832167832,3,d04e1bba3ee43b60,69f4d4d4a8aad4f8,True,,JPEG
t0_0519,Training/notumor/Tr-no_353.jpg,C:\Users\pedro\Desktop\Projeto do TCC\Brain Tumor MRI Dataset\Training\notumor\Tr-no_353.jpg,notumor,.jpg,train,8818,1e497ddc88e70fb61070941f96497f06778d4919c2ef53075861d6d6013c5856,225,225,RGB,1.0,3,d2346c5a2de1349f,70f0cccccce8f070,True,,JPEG
t0_0519,Training/notumor/Tr-no_596.jpg,C:\Users\pedro\Desktop\Projeto do TCC\Brain Tumor MRI Dataset\Training\notumor\Tr-no_596.jpg,notumor,.jpg,train,9274,ec0ec5fefeaa88f1ccee4e0b117c21e422a575a8b4f1e03a54a36ec2edeb4340,225,225,RGB,1.0,3,d2346c5a2de1349f,70f0cccccce8f070,True,,JPEG
t0_0520,Training/notumor/Tr-no_356.jpg,C:\Users\pedro\Desktop\Projeto do TCC\Brain Tumor MRI Dataset\Training\notumor\Tr-no_356.jpg,notumor,.jpg,train,50259,4c2c103442bacc20c289e01799a028f732816b392a316671549e21810560ac30,626,575,RGB,1.088695652173913,3,969a79e561993564,b069e8e8ccd47030,True,,JPEG
t0_0520,Training/notumor/Tr-no_463.jpg,C:\Users\pedro\Desktop\Projeto do TCC\Brain Tumor MRI Dataset\Training\notumor\Tr-no_463.jpg,notumor,.jpg,train,50259,4c2c103442bacc20c289e01799a028f732816b392a316671549e21810560ac30,626,575,RGB,1.088695652173913,3,969a79e561993564,b069e8e8ccd47030,True,,JPEG
t0_0521,Training/notumor/Tr-no_358.jpg,C:\Users\pedro\Desktop\Projeto do TCC\Brain Tumor MRI Dataset\Training\notumor\Tr-no_358.jpg,notumor,.jpg,train,13879,24994786d576883215ebeccd522d9b4eebf01a374fccdb30c3cb5e56035cd425,208,248,RGB,0.8387096774193549,3,916a1fa53a326c9d,e8f0ccccecd4f8f0,True,,JPEG
t0_0521,Training/notumor/Tr-no_97.jpg,C:\Users\pedro\Desktop\Projeto do TCC\Brain Tumor MRI Dataset\Training\notumor\Tr-no_97.jpg,notumor,.jpg,train,9376,1046691dbc5f4354039ab7a946f1c13ba1f0021cde258cf5a1fbe7611528b3bb,208,248,RGB,0.8387096774193549,3,916a1fa53a326c9d,e8e0ccccecd4f8f0,True,,JPEG
t0_0522,Training/notumor/Tr-no_372.jpg,C:\Users\pedro\Desktop\Projeto do TCC\Brain Tumor MRI Dataset\Training\notumor\Tr-no_372.jpg,notumor,.jpg,train,8948,52dc429fb29de569bd64c1c891117f01f6c27d7dcc2d7b514aaad4a657cd170b,230,282,RGB,0.8156028368794326,3,81b43f4f6c6e3039,71d0dccccce8e833,True,,JPEG
t0_0522,Training/notumor/Tr-no_824.jpg,C:\Users\pedro\Desktop\Projeto do TCC\Brain Tumor MRI Dataset\Training\notumor\Tr-no_824.jpg,notumor,.jpg,train,8681,c75e3a81c47a1fe7741c595eccc96456a9e40abe992e9ba537ba52de622bbdc7,230,282,RGB,0.8156028368794326,3,81b43f4f6c6e3039,71d0dccccce8e833,True,,JPEG
t0_0523,Training/notumor/Tr-no_378.jpg,C:\Users\pedro\Desktop\Projeto do TCC\Brain Tumor MRI Dataset\Training\notumor\Tr-no_378.jpg,notumor,.jpg,train,9013,ff1f0ec772796998808d4b171e4842e0995da59c23ba54f803c3508f14c73a1e,201,250,RGB,0.804,3,d5f14a122b3b3d62,e8d4aa9296d4d471,True,,JPEG
t0_0523,Training/notumor/Tr-no_613.jpg,C:\Users\pedro\Desktop\Projeto do TCC\Brain Tumor MRI Dataset\Training\notumor\Tr-no_613.jpg,notumor,.jpg,train,8988,cbf2da8c6f0e9324fdcd07218a82848dee6acf0a6c317ff20bec7dcb1d30f340,201,250,RGB,0.804,3,d5f14a122b3b3d62,e8d4aa9696d4d471,True,,JPEG
t0_0523,Training/notumor/Tr-no_756.jpg,C:\Users\pedro\Desktop\Projeto do TCC\Brain Tumor MRI Dataset\Training\notumor\Tr-no_756.jpg,notumor,.jpg,train,11438,6e7061597f99837034140c4fa3ebe227cfbc5321d39b8f6c12e89e6894a8cd9c,201,250,RGB,0.804,3,d4f14a122f3b2d6c,e8d4aa9696d4d471,True,,JPEG
t0_0523,Training/notumor/Tr-no_944.jpg,C:\Users\pedro\Desktop\Projeto do TCC\Brain Tumor MRI Dataset\Training\notumor\Tr-no_944.jpg,notumor,.jpg,train,11473,7c253da5718d4579027b2a16b0fbb52bdaea592c53b85fafbf0940733daec2b9,201,250,RGB,0.804,3,d4f14a122f2b2d6e,e8d4aa9696d4d471,True,,JPEG
t0_0524,Training/notumor/Tr-no_381.jpg,C:\Users\pedro\Desktop\Projeto do TCC\Brain Tumor MRI Dataset\Training\notumor\Tr-no_381.jpg,notumor,.jpg,train,6013,fe93388b3da416a1e278cb601105acd609e546838c39c0490a8e9889ea950ec8,192,192,RGB,1.0,3,97c7681c6573631c,b070d4ccf4f471b2,True,,JPEG
t0_0524,Training/notumor/Tr-no_671.jpg,C:\Users\pedro\Desktop\Projeto do TCC\Brain Tumor MRI Dataset\Training\notumor\Tr-no_671.jpg,notumor,.jpg,train,5710,5251cbe73ab9ba7b7c06c268b4c46b8741b7655d52eb5210373cc470ced739fb,192,192,RGB,1.0,3,97c7681c2573631d,b070d4ccf4f471b2,True,,JPEG
t0_0525,Training/notumor/Tr-no_394.jpg,C:\Users\pedro\Desktop\Projeto do TCC\Brain Tumor MRI Dataset\Training\notumor\Tr-no_394.jpg,notumor,.jpg,train,11677,89663f18a09d693ce01dc05b0b28254082efff91761d64448f4cb86a009268bc,218,231,RGB,0.9437229437229436,3,843e5f706ac169e5,31e8e8e8ccc8c8e8,True,,JPEG
t0_0525,Training/notumor/Tr-no_676.jpg,C:\Users\pedro\Desktop\Projeto do TCC\Brain Tumor MRI Dataset\Training\notumor\Tr-no_676.jpg,notumor,.jpg,train,11758,f672a2bf40f16ec9b18576c2e811567fc768d0fffceff4f8d96db8761aed53aa,218,231,RGB,0.9437229437229436,3,843e5e706ae169e5,31e8e8e8ccc8c8e8,True,,JPEG
t0_0526,Training/notumor/Tr-no_40.jpg,C:\Users\pedro\Desktop\Projeto do TCC\Brain Tumor MRI Dataset\Training\notumor\Tr-no_40.jpg,notumor,.jpg,train,107824,a8bf58f1fee6cc15adfbbbbe78513606502269b917a52dfe0991621ad5ba401c,825,832,RGB,0.9915865384615384,3,c3363cd864b335c9,3169d4d4f0f0f871,True,,JPEG
t0_0526,Training/notumor/Tr-no_581.jpg,C:\Users\pedro\Desktop\Projeto do TCC\Brain Tumor MRI Dataset\Training\notumor\Tr-no_581.jpg,notumor,.jpg,train,107824,a8bf58f1fee6cc15adfbbbbe78513606502269b917a52dfe0991621ad5ba401c,825,832,RGB,0.9915865384615384,3,c3363cd864b335c9,3169d4d4f0f0f871,True,,JPEG
t0_0527,Training/notumor/Tr-no_413.jpg,C:\Users\pedro\Desktop\Projeto do TCC\Brain Tumor MRI Dataset\Training\notumor\Tr-no_413.jpg,notumor,.jpg,train,12496,59b4ee83e5a97d77ddb3ea2c1036f578bc8fa9dd0b0e9896a346b74b7d511ad7,206,244,RGB,0.8442622950819673,3,c0ca0e676f2e3a35,e1f094d0d4ccf4e8,True,,JPEG
t0_0527,Training/notumor/Tr-no_964.jpg,C:\Users\pedro\Desktop\Projeto do TCC\Brain Tumor MRI Dataset\Training\notumor\Tr-no_964.jpg,notumor,.jpg,train,11722,36d2baee29de4e8dcea2bcbe2bdb22ce156cd2171a3f8f5437794b5d0f87d86e,206,244,RGB,0.8442622950819673,3,c0ca0e676f2e3a35,e1f094d0d4ccf4f8,True,,JPEG
t0_0528,Training/notumor/Tr-no_421.jpg,C:\Users\pedro\Desktop\Projeto do TCC\Brain Tumor MRI Dataset\Training\notumor\Tr-no_421.jpg,notumor,.jpg,train,80949,5f51fecec97f1264f4cb6a9f7d0d847f17e49033ec034b11d2cc5c8b79ba6519,1000,583,RGB,1.7152658662092624,3,cecb2ca5393c3334,f261e9f0e8e8f0f0,True,,JPEG
t0_0528,Training/notumor/Tr-no_582.jpg,C:\Users\pedro\Desktop\Projeto do TCC\Brain Tumor MRI Dataset\Training\notumor\Tr-no_582.jpg,notumor,.jpg,train,80949,5f51fecec97f1264f4cb6a9f7d0d847f17e49033ec034b11d2cc5c8b79ba6519,1000,583,RGB,1.7152658662092624,3,cecb2ca5393c3334,f261e9f0e8e8f0f0,True,,JPEG
t0_0529,Training/notumor/Tr-no_423.jpg,C:\Users\pedro\Desktop\Projeto do TCC\Brain Tumor MRI Dataset\Training\notumor\Tr-no_423.jpg,notumor,.jpg,train,35854,da9ef6cef60bdcf63e1cb2c07ebe5bfb5a1c08c74dadf280915d55d7c3e36d9a,409,442,RGB,0.9253393665158371,3,844a4f2d7e257c71,61f0ececccd4d4f0,True,,JPEG
t0_0529,Training/notumor/Tr-no_474.jpg,C:\Users\pedro\Desktop\Projeto do TCC\Brain Tumor MRI Dataset\Training\notumor\Tr-no_474.jpg,notumor,.jpg,train,41544,79d7586597473b154fa184970a2b90b41dc65e931356111c1a57620cc0ebccb4,409,442,L,0.9253393665158371,1,844a4f2d7e257c71,61f0ececccd4d4f0,True,,JPEG
t0_0529,Training/notumor/Tr-no_63.jpg,C:\Users\pedro\Desktop\Projeto do TCC\Brain Tumor MRI Dataset\Training\notumor\Tr-no_63.jpg,notumor,.jpg,train,35854,da9ef6cef60bdcf63e1cb2c07ebe5bfb5a1c08c74dadf280915d55d7c3e36d9a,409,442,RGB,0.9253393665158371,3,844a4f2d7e257c71,61f0ececccd4d4f0,True,,JPEG
t0_0530,Training/notumor/Tr-no_427.jpg,C:\Users\pedro\Desktop\Projeto do TCC\Brain Tumor MRI Dataset\Training\notumor\Tr-no_427.jpg,notumor,.jpg,train,9522,cfb54c92b70a8fcad9e044176aa34896ad9accd8dcdbf75aaea06beda5bcf409,150,198,RGB,0.7575757575757576,3,c2574c2a47a74e7c,c4b2e84d4d55aad4,True,,JPEG
t0_0530,Training/notumor/Tr-no_47.jpg,C:\Users\pedro\Desktop\Projeto do TCC\Brain Tumor MRI Dataset\Training\notumor\Tr-no_47.jpg,notumor,.jpg,train,9018,29640e5630fc34bacfcabe9e4669020c44be5f2223d93432b4b89df1077126bd,150,198,RGB,0.7575757575757576,3,c2574c2a47a74e7c,c4b2e84d4d55aad4,True,,JPEG
t0_0531,Training/notumor/Tr-no_433.jpg,C:\Users\pedro\Desktop\Projeto do TCC\Brain Tumor MRI Dataset\Training\notumor\Tr-no_433.jpg,notumor,.jpg,train,51558,fb32f456cca40bf1867369a4abcae84ff15d634bc56637a568d09449114f95ae,630,630,RGB,1.0,3,933e6a616ccb308f,69f8f8f8cccce871,True,,JPEG
t0_0531,Training/notumor/Tr-no_492.jpg,C:\Users\pedro\Desktop\Projeto do TCC\Brain Tumor MRI Dataset\Training\notumor\Tr-no_492.jpg,notumor,.jpg,train,51558,fb32f456cca40bf1867369a4abcae84ff15d634bc56637a568d09449114f95ae,630,630,RGB,1.0,3,933e6a616ccb308f,69f8f8f8cccce871,True,,JPEG
t0_0532,Training/notumor/Tr-no_435.jpg,C:\Users\pedro\Desktop\Projeto do TCC\Brain Tumor MRI Dataset\Training\notumor\Tr-no_435.jpg,notumor,.jpg,train,41446,37d13e11e66c736b2174792a44b897777f212e935d5c74141ced8dc58d610672,400,442,RGB,0.9049773755656108,3,d26f2fb13092669c,32f1e8ccccc8e871,True,,JPEG
t0_0532,Training/notumor/Tr-no_755.jpg,C:\Users\pedro\Desktop\Projeto do TCC\Brain Tumor MRI Dataset\Training\notumor\Tr-no_755.jpg,notumor,.jpg,train,41446,37d13e11e66c736b2174792a44b897777f212e935d5c74141ced8dc58d610672,400,442,RGB,0.9049773755656108,3,d26f2fb13092669c,32f1e8ccccc8e871,True,,JPEG
t0_0533,Training/notumor/Tr-no_441.jpg,C:\Users\pedro\Desktop\Projeto do TCC\Brain Tumor MRI Dataset\Training\notumor\Tr-no_441.jpg,notumor,.jpg,train,19242,d65b09e2ad414b8c2489207954eaf7887b054f6640ce8d03ad3d83bbdbaa3304,441,442,RGB,0.997737556561086,3,970a7e85780771ce,71e8eccce8c8ec71,True,,JPEG
t0_0533,Training/notumor/Tr-no_627.jpg,C:\Users\pedro\Desktop\Projeto do TCC\Brain Tumor MRI Dataset\Training\notumor\Tr-no_627.jpg,notumor,.jpg,train,19375,f02decb2f38f7b0dcf3d05495e0c72e296fc0bad5ec66c5343e17af3692521a9,441,442,RGB,0.997737556561086,3,970a7e85780771ce,71e8eccce8c8ec71,True,,JPEG
t0_0533,Training/notumor/Tr-no_646.jpg,C:\Users\pedro\Desktop\Projeto do TCC\Brain Tumor MRI Dataset\Training\notumor\Tr-no_646.jpg,notumor,.jpg,train,30225,e762ef22e00722af08f691e5442285152be29ac1b297dffd8724e158b2ec522c,441,442,RGB,0.997737556561086,3,970a7e857817718e,71e8eccce8c8ec71,True,,JPEG
t0_0533,Training/notumor/Tr-no_877.jpg,C:\Users\pedro\Desktop\Projeto do TCC\Brain Tumor MRI Dataset\Training\notumor\Tr-no_877.jpg,notumor,.jpg,train,19940,b5f0f3d033c33e2435028ab956443bbbeb97dffda41e0afe175e81e286ff2431,441,442,RGB,0.997737556561086,3,970a7e85780771ce,71e8eccce8c8ec71,True,,JPEG
t0_0533,Training/notumor/Tr-no_999.jpg,C:\Users\pedro\Desktop\Projeto do TCC\Brain Tumor MRI Dataset\Training\notumor\Tr-no_999.jpg,notumor,.jpg,train,30643,c9717a332981ffed9fe067fa13b61c369ea87f8b2450e50fe38c9b126c9fcd94,441,442,RGB,0.997737556561086,3,970a7e857807798e,71e8eccce8c8ec71,True,,JPEG
t0_0534,Training/notumor/Tr-no_442.jpg,C:\Users\pedro\Desktop\Projeto do TCC\Brain Tumor MRI Dataset\Training\notumor\Tr-no_442.jpg,notumor,.jpg,train,7971,4b0d57d86e8f5a1db58c18b2af1eb41aa7102cb1f3744ff13747465ba458852c,209,242,RGB,0.8636363636363636,3,c36b3c9032cbcb2d,d8f4e0c8c8f8f054,True,,JPEG
t0_0534,Training/notumor/Tr-no_872.jpg,C:\Users\pedro\Desktop\Projeto do TCC\Brain Tumor MRI Dataset\Training\notumor\Tr-no_872.jpg,notumor,.jpg,train,12988,c50e621a36b08a9c2f28e239dc00b27ce321bd8ed715a48ced97515e965473d2,236,273,RGB,0.8644688644688645,3,c36b3c9032cbcb2d,d8f4e8c8c8f8f054,True,,JPEG
t0_0535,Training/notumor/Tr-no_455.jpg,C:\Users\pedro\Desktop\Projeto do TCC\Brain Tumor MRI Dataset\Training\notumor\Tr-no_455.jpg,notumor,.jpg,train,37869,b19b70050792743117c0ca8237e721b433a3d76b7cd1ae7e2bfaa50f73985957,267,328,RGB,0.8140243902439024,3,852c5af06697799a,e8f2faccccd6ece8,True,,JPEG
t0_0535,Training/notumor/Tr-no_866.jpg,C:\Users\pedro\Desktop\Projeto do TCC\Brain Tumor MRI Dataset\Training\notumor\Tr-no_866.jpg,notumor,.jpg,train,37869,b19b70050792743117c0ca8237e721b433a3d76b7cd1ae7e2bfaa50f73985957,267,328,RGB,0.8140243902439024,3,852c5af06697799a,e8f2faccccd6ece8,True,,JPEG
t0_0536,Training/notumor/Tr-no_486.jpg,C:\Users\pedro\Desktop\Projeto do TCC\Brain Tumor MRI Dataset\Training\notumor\Tr-no_486.jpg,notumor,.jpg,train,15476,d62ef020a79e42be55f4a6977457753c11364c69c1a842aab749f45b910a348f,227,300,RGB,0.7566666666666667,3,926e6cb72fc07185,70e8e8e978cce8f0,True,,JPEG
t0_0536,Training/notumor/Tr-no_920.jpg,C:\Users\pedro\Desktop\Projeto do TCC\Brain Tumor MRI Dataset\Training\notumor\Tr-no_920.jpg,notumor,.jpg,train,15476,d62ef020a79e42be55f4a6977457753c11364c69c1a842aab749f45b910a348f,227,300,RGB,0.7566666666666667,3,926e6cb72fc07185,70e8e8e978cce8f0,True,,JPEG
t0_0537,Training/notumor/Tr-no_493.jpg,C:\Users\pedro\Desktop\Projeto do TCC\Brain Tumor MRI Dataset\Training\notumor\Tr-no_493.jpg,notumor,.jpg,train,14611,29f5011764730ed401f04b4978195c0b9fcedb005c3408f89a7586259cb1b675,233,210,RGB,1.1095238095238096,3,955a363a3ab17361,386cdafafad8ceee,True,,JPEG
t0_0537,Training/notumor/Tr-no_664.jpg,C:\Users\pedro\Desktop\Projeto do TCC\Brain Tumor MRI Dataset\Training\notumor\Tr-no_664.jpg,notumor,.jpg,train,14611,29f5011764730ed401f04b4978195c0b9fcedb005c3408f89a7586259cb1b675,233,210,RGB,1.1095238095238096,3,955a363a3ab17361,386cdafafad8ceee,True,,JPEG
t0_0538,Training/notumor/Tr-no_507.jpg,C:\Users\pedro\Desktop\Projeto do TCC\Brain Tumor MRI Dataset\Training\notumor\Tr-no_507.jpg,notumor,.jpg,train,10936,0fb7581d2b443234f4c4b8e736cd758a19c11dab42ac0ee5d7aee8518456f7d7,196,257,RGB,0.7626459143968871,3,c13b1f743ac26987,f0f8d090d496d4e0,True,,JPEG
t0_0538,Training/notumor/Tr-no_758.jpg,C:\Users\pedro\Desktop\Projeto do TCC\Brain Tumor MRI Dataset\Training\notumor\Tr-no_758.jpg,notumor,.jpg,train,10943,6fe64da08f0a8e68b2b0a183e78fad71fcc8db1c933fa632553ab8a8bca3bb95,196,257,RGB,0.7626459143968871,3,c13b1f743ac26987,f0f8d090d496d4e0,True,,JPEG
t0_0539,Training/notumor/Tr-no_509.jpg,C:\Users\pedro\Desktop\Projeto do TCC\Brain Tumor MRI Dataset\Training\notumor\Tr-no_509.jpg,notumor,.jpg,train,9371,1afec70a83c19e1f4fe2523c1470ec69528745d5c2e21a032d2eaba4b7595d90,208,248,RGB,0.8387096774193549,3,c43f4af02e6739c8,e8f0ccccc8d4e0f0,True,,JPEG
t0_0539,Training/notumor/Tr-no_884.jpg,C:\Users\pedro\Desktop\Projeto do TCC\Brain Tumor MRI Dataset\Training\notumor\Tr-no_884.jpg,notumor,.jpg,train,14285,4215a056888ab3ce72818e5b604cad965a3ae6026ede59e5752ac55cbbceb389,208,248,RGB,0.8387096774193549,3,843f4af02f6739c8,e8f0ccccc8d4e0f0,True,,JPEG
t0_0540,Training/notumor/Tr-no_518.jpg,C:\Users\pedro\Desktop\Projeto do TCC\Brain Tumor MRI Dataset\Training\notumor\Tr-no_518.jpg,notumor,.jpg,train,42451,7adb02dafa127d16b635a76df10314f68ded12fa7a20457e4d666d2873a2130f,336,380,RGB,0.8842105263157894,3,d44a2b656fb42d92,61d4d4b4b0b6fcf9,True,,JPEG
t0_0540,Training/notumor/Tr-no_92.jpg,C:\Users\pedro\Desktop\Projeto do TCC\Brain Tumor MRI Dataset\Training\notumor\Tr-no_92.jpg,notumor,.jpg,train,42451,7adb02dafa127d16b635a76df10314f68ded12fa7a20457e4d666d2873a2130f,336,380,RGB,0.8842105263157894,3,d44a2b656fb42d92,61d4d4b4b0b6fcf9,True,,JPEG
t0_0541,Training/notumor/Tr-no_519.jpg,C:\Users\pedro\Desktop\Projeto do TCC\Brain Tumor MRI Dataset\Training\notumor\Tr-no_519.jpg,notumor,.jpg,train,14987,eed488f2e399ac4a011a52b70eff0a73837f1f2b8ef02297841792ba819420bc,233,226,RGB,1.0309734513274336,3,c24f2db43096727b,3271e8e8f0f4f070,True,,JPEG
t0_0541,Training/notumor/Tr-no_786.jpg,C:\Users\pedro\Desktop\Projeto do TCC\Brain Tumor MRI Dataset\Training\notumor\Tr-no_786.jpg,notumor,.jpg,train,15016,16bdc3ca286cca1bb4761deeca41c63f5626ac65aff85231686caf5c3897c210,234,225,RGB,1.04,3,c24f2db4309372db,3271e8e8f0f4f070,True,,JPEG
t0_0542,Training/notumor/Tr-no_524.jpg,C:\Users\pedro\Desktop\Projeto do TCC\Brain Tumor MRI Dataset\Training\notumor\Tr-no_524.jpg,notumor,.jpg,train,66814,6296fc94ca1dba543a77ac0312ae4eda86053a44d81a9151e77e1e6b90bd91d3,630,630,RGB,1.0,3,d02f6f7434b234c3,b271d0dcd4f4d071,True,,JPEG
t0_0542,Training/notumor/Tr-no_617.jpg,C:\Users\pedro\Desktop\Projeto do TCC\Brain Tumor MRI Dataset\Training\notumor\Tr-no_617.jpg,notumor,.jpg,train,66814,6296fc94ca1dba543a77ac0312ae4eda86053a44d81a9151e77e1e6b90bd91d3,630,630,RGB,1.0,3,d02f6f7434b234c3,b271d0dcd4f4d071,True,,JPEG
t0_0543,Training/notumor/Tr-no_539.jpg,C:\Users\pedro\Desktop\Projeto do TCC\Brain Tumor MRI Dataset\Training\notumor\Tr-no_539.jpg,notumor,.jpg,train,14040,39c0884fa9dfa4bf3e2464f41480e240ad7db4eded8a5b1ced54c772956746e1,212,236,RGB,0.8983050847457628,3,95386f616a873d98,e8f0f8f8d0cce8e0,True,,JPEG
t0_0543,Training/notumor/Tr-no_543.jpg,C:\Users\pedro\Desktop\Projeto do TCC\Brain Tumor MRI Dataset\Training\notumor\Tr-no_543.jpg,notumor,.jpg,train,12956,040daff6e5eb6eaa70b0f175576954db75ab0f754d1877736f019dccac1a2bd2,212,236,RGB,0.8983050847457628,3,95386f616a873d98,e8f0f8f8d0cce8e0,True,,JPEG
t0_0544,Training/notumor/Tr-no_542.jpg,C:\Users\pedro\Desktop\Projeto do TCC\Brain Tumor MRI Dataset\Training\notumor\Tr-no_542.jpg,notumor,.jpg,train,24850,7e308c9faa01baad5dc88c06fb783a950f400d15cca5b1e38457e88ee86f8d70,356,474,RGB,0.7510548523206751,3,d37a3ae22c69a594,31e8e8e8e8e8f031,True,,JPEG
t0_0544,Training/notumor/Tr-no_724.jpg,C:\Users\pedro\Desktop\Projeto do TCC\Brain Tumor MRI Dataset\Training\notumor\Tr-no_724.jpg,notumor,.jpg,train,24761,1baef946656a32a680aea48c0b6536e74e5f9cc5bb69ceeb549b7247dea39184,356,474,RGB,0.7510548523206751,3,d37a3ae22c69a594,31e8e8e8e8e8f031,True,,JPEG
t0_0544,Training/notumor/Tr-no_982.jpg,C:\Users\pedro\Desktop\Projeto do TCC\Brain Tumor MRI Dataset\Training\notumor\Tr-no_982.jpg,notumor,.jpg,train,24920,0104aa775534f5dab977014bb0256368f96f262f3c377bcd14a103b65679f73f,356,474,RGB,0.7510548523206751,3,d37a3ae22c69a594,31e8e8e8e8e8f031,True,,JPEG
t0_0545,Training/notumor/Tr-no_553.jpg,C:\Users\pedro\Desktop\Projeto do TCC\Brain Tumor MRI Dataset\Training\notumor\Tr-no_553.jpg,notumor,.jpg,train,10974,d0520b80772f2d18bc26de82d80bee9c6bf1513d518e6e5feb008fe44db4a65c,215,234,RGB,0.9188034188034188,3,d2e42f0b3d9c34b2,70e8ecccc8e8f070,True,,JPEG
t0_0545,Training/notumor/Tr-no_809.jpg,C:\Users\pedro\Desktop\Projeto do TCC\Brain Tumor MRI Dataset\Training\notumor\Tr-no_809.jpg,notumor,.jpg,train,11268,7eea0661786fe6467878af7385145e28c36462c18a4bf4388c99aebe85248792,215,234,RGB,0.9188034188034188,3,d2e42f0b3d9c34b2,70e8ecccc8e8f070,True,,JPEG
t0_0546,Training/notumor/Tr-no_577.jpg,C:\Users\pedro\Desktop\Projeto do TCC\Brain Tumor MRI Dataset\Training\notumor\Tr-no_577.jpg,notumor,.jpg,train,127722,2e9979eb629886f51f2e4b143f7526fe57537077b3bcb1bfd7d4ecad00b30547,1024,1024,RGB,1.0,3,c64e6db56cd2342c,71f1e8e8cccce871,True,,JPEG
t0_0546,Training/notumor/Tr-no_764.jpg,C:\Users\pedro\Desktop\Projeto do TCC\Brain Tumor MRI Dataset\Training\notumor\Tr-no_764.jpg,notumor,.jpg,train,127722,2e9979eb629886f51f2e4b143f7526fe57537077b3bcb1bfd7d4ecad00b30547,1024,1024,RGB,1.0,3,c64e6db56cd2342c,71f1e8e8cccce871,True,,JPEG
t0_0547,Training/notumor/Tr-no_58.jpg,C:\Users\pedro\Desktop\Projeto do TCC\Brain Tumor MRI Dataset\Training\notumor\Tr-no_58.jpg,notumor,.jpg,train,27719,3fcd47df13022dff9310847e66344a301655fc62a565598336433f9c098e5074,332,442,RGB,0.751131221719457,3,d11a1aa57f832d56,e9f0d4d4d496f870,True,,JPEG
t0_0547,Training/notumor/Tr-no_906.jpg,C:\Users\pedro\Desktop\Projeto do TCC\Brain Tumor MRI Dataset\Training\notumor\Tr-no_906.jpg,notumor,.jpg,train,27719,3fcd47df13022dff9310847e66344a301655fc62a565598336433f9c098e5074,332,442,RGB,0.751131221719457,3,d11a1aa57f832d56,e9f0d4d4d496f870,True,,JPEG
t0_0548,Training/notumor/Tr-no_592.jpg,C:\Users\pedro\Desktop\Projeto do TCC\Brain Tumor MRI Dataset\Training\notumor\Tr-no_592.jpg,notumor,.jpg,train,9671,9e3370a38da7cc705145018245022d2ee3e67db2b09d6bab21078f84a799d2da,232,217,RGB,1.0691244239631337,3,943516454f6b7ab4,ccd4acb2f2f2d461,True,,JPEG
t0_0548,Training/notumor/Tr-no_65.jpg,C:\Users\pedro\Desktop\Projeto do TCC\Brain Tumor MRI Dataset\Training\notumor\Tr-no_65.jpg,notumor,.jpg,train,9720,a1a28845e45e575a6456513331c78c700aede806af4c05f3ba32c31fb0d09ac3,232,217,RGB,1.0691244239631337,3,943516454f6b7ab4,dcd4acb2f2f2d461,True,,JPEG
t0_0549,Training/notumor/Tr-no_638.jpg,C:\Users\pedro\Desktop\Projeto do TCC\Brain Tumor MRI Dataset\Training\notumor\Tr-no_638.jpg,notumor,.jpg,train,15855,0d68dc0d87d099ad046fac3ec1359db1561e1c5d45a43e7c91e02a9f2f393df8,205,249,RGB,0.8232931726907631,3,9552066b9f691e65,e8d49eaa2aaa92f4,True,,JPEG
t0_0549,Training/notumor/Tr-no_93.jpg,C:\Users\pedro\Desktop\Projeto do TCC\Brain Tumor MRI Dataset\Training\notumor\Tr-no_93.jpg,notumor,.jpg,train,14435,f312e388a4ef96442e3e21fbbfd789d5d5b0f66a7a5dc73a69fc0bfc59a8ab11,205,249,RGB,0.8232931726907631,3,9552066b9f691e65,e8d49eaa2aaa92f4,True,,JPEG
t0_0550,Training/notumor/Tr-no_648.jpg,C:\Users\pedro\Desktop\Projeto do TCC\Brain Tumor MRI Dataset\Training\notumor\Tr-no_648.jpg,notumor,.jpg,train,17020,cc6c2795310094ea9e9bc4a259b6c4ab7e56fd03303b7f3426849f9b573d05a8,442,442,RGB,1.0,3,93c36a5e6d3c3470,71e8ccccc8e878b2,True,,JPEG
t0_0550,Training/notumor/Tr-no_901.jpg,C:\Users\pedro\Desktop\Projeto do TCC\Brain Tumor MRI Dataset\Training\notumor\Tr-no_901.jpg,notumor,.jpg,train,16951,a5a11e528b6d4756c9a8b3180d40410efe1b27b2a5ad13ecce512fa3bf214330,442,442,RGB,1.0,3,93c36a5e6d3c3470,71e8cccce8e878b2,True,,JPEG
t0_0551,Training/notumor/Tr-no_649.jpg,C:\Users\pedro\Desktop\Projeto do TCC\Brain Tumor MRI Dataset\Training\notumor\Tr-no_649.jpg,notumor,.jpg,train,32715,23a839738271bed355a592894783aaec5b225a7ea883e26b116b63a6edb819a1,411,501,RGB,0.8203592814371258,3,d4580aab2f052f3f,f9e0b4b688aad4e8,True,,JPEG
t0_0551,Training/notumor/Tr-no_817.jpg,C:\Users\pedro\Desktop\Projeto do TCC\Brain Tumor MRI Dataset\Training\notumor\Tr-no_817.jpg,notumor,.jpg,train,32715,23a839738271bed355a592894783aaec5b225a7ea883e26b116b63a6edb819a1,411,501,RGB,0.8203592814371258,3,d4580aab2f052f3f,f9e0b4b688aad4e8,True,,JPEG
t0_0552,Training/notumor/Tr-no_653.jpg,C:\Users\pedro\Desktop\Projeto do TCC\Brain Tumor MRI Dataset\Training\notumor\Tr-no_653.jpg,notumor,.jpg,train,12250,20c7d51633ddc1f8408d37be57b01a1a802f30ba978c7f439dcaa17d63a20af1,225,225,RGB,1.0,3,963c69e36596238e,00f178ecece87030,True,,JPEG
t0_0552,Training/notumor/Tr-no_941.jpg,C:\Users\pedro\Desktop\Projeto do TCC\Brain Tumor MRI Dataset\Training\notumor\Tr-no_941.jpg,notumor,.jpg,train,12278,b8052107fc01a03c9ea936bb3cc16b50ecea33821b76b93d15403cbf3330cad9,225,225,RGB,1.0,3,963c69e1659623ce,00f178ecece87030,True,,JPEG
t0_0553,Training/notumor/Tr-no_698.jpg,C:\Users\pedro\Desktop\Projeto do TCC\Brain Tumor MRI Dataset\Training\notumor\Tr-no_698.jpg,notumor,.jpg,train,12094,22bf0f1e359f334d7346fe81383649fd75079daf61d151614dfdf9d19c766be4,236,260,RGB,0.9076923076923076,3,963c68c331c7b798,b270e8e8e8c8e871,True,,JPEG
t0_0553,Training/notumor/Tr-no_930.jpg,C:\Users\pedro\Desktop\Projeto do TCC\Brain Tumor MRI Dataset\Training\notumor\Tr-no_930.jpg,notumor,.jpg,train,15159,9af05acd768793e89fc6776c3af838b0bf0747cfc3a3737e1cd3af44ea09c930,236,260,RGB,0.9076923076923076,3,963c68c331c7b798,b270e8e8e8c8e871,True,,JPEG
t0_0554,Training/notumor/Tr-no_743.jpg,C:\Users\pedro\Desktop\Projeto do TCC\Brain Tumor MRI Dataset\Training\notumor\Tr-no_743.jpg,notumor,.jpg,train,9667,88a15f695036adbb23aa18fa0c77fd5a17a349df724e1f53d2048ee3436e60d6,236,213,RGB,1.107981220657277,3,973878c569e661c6,7078f0e8e8e06878,True,,JPEG
t0_0554,Training/notumor/Tr-no_945.jpg,C:\Users\pedro\Desktop\Projeto do TCC\Brain Tumor MRI Dataset\Training\notumor\Tr-no_945.jpg,notumor,.jpg,train,14654,e25de45b12843e4596ffca6e61d1a26a0589069ed0a81a0bb36c5ea763c8cc77,236,213,RGB,1.107981220657277,3,9738788569e661c7,7078f0e8e8e06878,True,,JPEG
t0_0555,Training/notumor/Tr-no_750.jpg,C:\Users\pedro\Desktop\Projeto do TCC\Brain Tumor MRI Dataset\Training\notumor\Tr-no_750.jpg,notumor,.jpg,train,20463,413708f4f5a9e003997c5c966035431a1bd741b16cde99a42ca6155cccf8f17d,236,236,RGB,1.0,3,d11b2e7839e63199,79f0c8dcd8d4e4e4,True,,JPEG
t0_0555,Training/notumor/Tr-no_843.jpg,C:\Users\pedro\Desktop\Projeto do TCC\Brain Tumor MRI Dataset\Training\notumor\Tr-no_843.jpg,notumor,.jpg,train,20463,413708f4f5a9e003997c5c966035431a1bd741b16cde99a42ca6155cccf8f17d,236,236,RGB,1.0,3,d11b2e7839e63199,79f0c8dcd8d4e4e4,True,,JPEG
t0_0556,Training/notumor/Tr-no_766.jpg,C:\Users\pedro\Desktop\Projeto do TCC\Brain Tumor MRI Dataset\Training\notumor\Tr-no_766.jpg,notumor,.jpg,train,63465,7f04f0b6fd5821e19cf5a273a540df06a1f6bdcaa63bb235743e274fff825fbd,562,592,RGB,0.9493243243243245,3,865e7fa86e204e99,69e8e8e8e8e8f8d0,True,,JPEG
t0_0556,Training/notumor/Tr-no_967.jpg,C:\Users\pedro\Desktop\Projeto do TCC\Brain Tumor MRI Dataset\Training\notumor\Tr-no_967.jpg,notumor,.jpg,train,63465,7f04f0b6fd5821e19cf5a273a540df06a1f6bdcaa63bb235743e274fff825fbd,562,592,RGB,0.9493243243243245,3,865e7fa86e204e99,69e8e8e8e8e8f8d0,True,,JPEG
t0_0557,Training/notumor/Tr-no_770.jpg,C:\Users\pedro\Desktop\Projeto do TCC\Brain Tumor MRI Dataset\Training\notumor\Tr-no_770.jpg,notumor,.jpg,train,22859,0e7f71de6d556fdfa89b97262376d90b5cfda742e5673d3c4ce683cf57f0c9b3,442,442,RGB,1.0,3,933e69e164c3348f,b278e8e8ccccf871,True,,JPEG
t0_0557,Training/notumor/Tr-no_798.jpg,C:\Users\pedro\Desktop\Projeto do TCC\Brain Tumor MRI Dataset\Training\notumor\Tr-no_798.jpg,notumor,.jpg,train,22083,da242ce7b5523961d341ba274f4e87382e856a8223aa0e4793000ae2c8b4ed40,442,442,RGB,1.0,3,933e69e164c3348f,b278e8e8ccccf871,True,,JPEG
t0_0557,Training/notumor/Tr-no_951.jpg,C:\Users\pedro\Desktop\Projeto do TCC\Brain Tumor MRI Dataset\Training\notumor\Tr-no_951.jpg,notumor,.jpg,train,35782,59a2c84bbdc184158eda535ce9f97ece585bc385ea594f878394f8eff78efeca,442,442,RGB,1.0,3,933e68e164c334cf,b278e8e8ccccf871,True,,JPEG
t0_0558,Training/notumor/Tr-no_813.jpg,C:\Users\pedro\Desktop\Projeto do TCC\Brain Tumor MRI Dataset\Training\notumor\Tr-no_813.jpg,notumor,.jpg,train,12060,d07ac7d4c62a45c3ca88e4b57cf485acd22b5d5f5e519110f769eb0cd9169d47,236,236,RGB,1.0,3,c29b0f703d6330cf,b269ccccccc4e932,True,,JPEG
t0_0558,Training/notumor/Tr-no_946.jpg,C:\Users\pedro\Desktop\Projeto do TCC\Brain Tumor MRI Dataset\Training\notumor\Tr-no_946.jpg,notumor,.jpg,train,9553,fb9efc392533bc8dbbc3d107a43a31b16d512b881955e4a9c37592305dbe58da,236,236,RGB,1.0,3,c29b0f703d6330cf,b269ccccccc4e932,True,,JPEG
t0_0559,Training/notumor/Tr-no_849.jpg,C:\Users\pedro\Desktop\Projeto do TCC\Brain Tumor MRI Dataset\Training\notumor\Tr-no_849.jpg,notumor,.jpg,train,12861,84796689afa1621f1e129492fb53963dc9304027f334e4821050c8741ebef28e,200,252,RGB,0.7936507936507936,3,91e81f067a692dae,f8cc968e8ccccce8,True,,JPEG
t0_0559,Training/notumor/Tr-no_973.jpg,C:\Users\pedro\Desktop\Projeto do TCC\Brain Tumor MRI Dataset\Training\notumor\Tr-no_973.jpg,notumor,.jpg,train,13008,7656c4aaa80937bc0135b900897e98862c15ef668d9db3c301d81bd05bae1cdb,200,252,RGB,0.7936507936507936,3,91e91e067a692dae,f8cc968e8ccccce8,True,,JPEG
t0_0560,Training/notumor/Tr-no_862.jpg,C:\Users\pedro\Desktop\Projeto do TCC\Brain Tumor MRI Dataset\Training\notumor\Tr-no_862.jpg,notumor,.jpg,train,9137,b33e191e1dde8b406b6ac9e4d2421818115e7c94da9aa14e21afc6ab738e6079,225,225,RGB,1.0,3,d2cb6ca53d5e3460,70f0e8ccccccf070,True,,JPEG
t0_0560,Training/notumor/Tr-no_988.jpg,C:\Users\pedro\Desktop\Projeto do TCC\Brain Tumor MRI Dataset\Training\notumor\Tr-no_988.jpg,notumor,.jpg,train,23358,2a3b9b423f3d550d79219fca9633548aeb909b9b514497dca4e662829a1fc094,442,442,L,1.0,1,d2cb6da52d5e3460,70f0e8ccccccf070,True,,JPEG
t0_0561,Training/notumor/Tr-no_880.jpg,C:\Users\pedro\Desktop\Projeto do TCC\Brain Tumor MRI Dataset\Training\notumor\Tr-no_880.jpg,notumor,.jpg,train,41675,303c5c415fc8be331907a13c78d499fa000f24788fab65f7c9171c448978b09f,605,613,RGB,0.9869494290375204,3,974a7e2178b53865,71e8e8e8e8cce870,True,,JPEG
t0_0561,Training/notumor/Tr-no_918.jpg,C:\Users\pedro\Desktop\Projeto do TCC\Brain Tumor MRI Dataset\Training\notumor\Tr-no_918.jpg,notumor,.jpg,train,41675,303c5c415fc8be331907a13c78d499fa000f24788fab65f7c9171c448978b09f,605,613,RGB,0.9869494290375204,3,974a7e2178b53865,71e8e8e8e8cce870,True,,JPEG
t0_0562,Training/notumor/Tr-no_909.jpg,C:\Users\pedro\Desktop\Projeto do TCC\Brain Tumor MRI Dataset\Training\notumor\Tr-no_909.jpg,notumor,.jpg,train,72720,a4ed4586d703009da60b5a21b1202e9b828cf9e49bb29ccf38deb34756ce035e,680,680,RGB,1.0,3,c33f6cb02f903cd2,62f1f8e8c8f0f069,True,,JPEG
t0_0562,Training/notumor/Tr-no_975.jpg,C:\Users\pedro\Desktop\Projeto do TCC\Brain Tumor MRI Dataset\Training\notumor\Tr-no_975.jpg,notumor,.jpg,train,42496,7d3ed9bbd82529237c3a31107966ecad504ffb5d3ed73ba36d19d8cd1d8e0d48,680,680,RGB,1.0,3,c33f6cb02f903cd2,62f1f8e8c8f0f069,True,,JPEG
t0_0563,Training/notumor/Tr-no_933.jpg,C:\Users\pedro\Desktop\Projeto do TCC\Brain Tumor MRI Dataset\Training\notumor\Tr-no_933.jpg,notumor,.jpg,train,72192,ca0417b4c4dc6ac92ebdeeb71231b1a60a16299d04b7735c1bf725aa0649d8c2,926,649,RGB,1.4268104776579351,3,950f453b0ee77630,c4d0e8e4ba989ee6,True,,JPEG
t0_0563,Training/notumor/Tr-no_969.jpg,C:\Users\pedro\Desktop\Projeto do TCC\Brain Tumor MRI Dataset\Training\notumor\Tr-no_969.jpg,notumor,.jpg,train,72192,ca0417b4c4dc6ac92ebdeeb71231b1a60a16299d04b7735c1bf725aa0649d8c2,926,649,RGB,1.4268104776579351,3,950f453b0ee77630,c4d0e8e4ba989ee6,True,,JPEG
t0_0564,Training/pituitary/Tr-pi_1003.jpg,C:\Users\pedro\Desktop\Projeto do TCC\Brain Tumor MRI Dataset\Training\pituitary\Tr-pi_1003.jpg,pituitary,.jpg,train,26598,c8dcce3bcef1c7f20a760c7c45ecd1fd2b3d63db6a68dfc1ce3a778055f2fbf6,512,512,L,1.0,1,d4d80b8e2c1d3fcc,71cce8b6aae8f069,True,,JPEG
t0_0564,Training/pituitary/Tr-pi_363.jpg,C:\Users\pedro\Desktop\Projeto do TCC\Brain Tumor MRI Dataset\Training\pituitary\Tr-pi_363.jpg,pituitary,.jpg,train,27849,4280d9e41e42de3c020ccb13aa8c046acae89c5c7a4521e70009b7802ea41efe,512,512,L,1.0,1,d0cc0bce2d1d4dce,71cce8b6aae8f069,True,,JPEG
t0_0565,Training/pituitary/Tr-pi_1023.jpg,C:\Users\pedro\Desktop\Projeto do TCC\Brain Tumor MRI Dataset\Training\pituitary\Tr-pi_1023.jpg,pituitary,.jpg,train,19750,6a5297d22f19dd71bd4206cb01599d77f971a1e498f8bff96273ed21dc07b356,512,512,RGB,1.0,3,876e38b56096655b,b261c0e8c8d470b2,True,,JPEG
t0_0565,Training/pituitary/Tr-pi_1071.jpg,C:\Users\pedro\Desktop\Projeto do TCC\Brain Tumor MRI Dataset\Training\pituitary\Tr-pi_1071.jpg,pituitary,.jpg,train,26904,b204aa522460d1a772549e65023ac4f67b3ad1f57a1be54c59ece19fcd2d0081,512,512,RGB,1.0,3,876e38b56096655b,b261c0e8c8d470b2,True,,JPEG
t0_0565,Training/pituitary/Tr-pi_1207.jpg,C:\Users\pedro\Desktop\Projeto do TCC\Brain Tumor MRI Dataset\Training\pituitary\Tr-pi_1207.jpg,pituitary,.jpg,train,26904,b204aa522460d1a772549e65023ac4f67b3ad1f57a1be54c59ece19fcd2d0081,512,512,RGB,1.0,3,876e38b56096655b,b261c0e8c8d470b2,True,,JPEG
t0_0565,Training/pituitary/Tr-pi_991.jpg,C:\Users\pedro\Desktop\Projeto do TCC\Brain Tumor MRI Dataset\Training\pituitary\Tr-pi_991.jpg,pituitary,.jpg,train,26904,b204aa522460d1a772549e65023ac4f67b3ad1f57a1be54c59ece19fcd2d0081,512,512,RGB,1.0,3,876e38b56096655b,b261c0e8c8d470b2,True,,JPEG
t0_0566,Training/pituitary/Tr-pi_1029.jpg,C:\Users\pedro\Desktop\Projeto do TCC\Brain Tumor MRI Dataset\Training\pituitary\Tr-pi_1029.jpg,pituitary,.jpg,train,184591,ee78940b5ae5d8ca3af0fa6dd1bc77b1e522373cdf266c44201bb39fe4a91260,900,741,RGB,1.214574898785425,3,959f1e586b1af418,fcf0eadad2d4f4e4,True,,JPEG
t0_0566,Training/pituitary/Tr-pi_17.jpg,C:\Users\pedro\Desktop\Projeto do TCC\Brain Tumor MRI Dataset\Training\pituitary\Tr-pi_17.jpg,pituitary,.jpg,train,189502,f2152513bd2804ec1ef7e8b188ab72a991417708a0b98e3dac3131578d1aa794,900,741,RGB,1.214574898785425,3,959f1e586b1af418,7cf0eacad2d4ece4,True,,JPEG
t0_0566,Training/pituitary/Tr-pi_306.jpg,C:\Users\pedro\Desktop\Projeto do TCC\Brain Tumor MRI Dataset\Training\pituitary\Tr-pi_306.jpg,pituitary,.jpg,train,189502,f2152513bd2804ec1ef7e8b188ab72a991417708a0b98e3dac3131578d1aa794,900,741,RGB,1.214574898785425,3,959f1e586b1af418,7cf0eacad2d4ece4,True,,JPEG
t0_0567,Training/pituitary/Tr-pi_1045.jpg,C:\Users\pedro\Desktop\Projeto do TCC\Brain Tumor MRI Dataset\Training\pituitary\Tr-pi_1045.jpg,pituitary,.jpg,train,34597,c2eb40de407cccb68b425748f0fabae16ecd3745ff2f53b5f4b2367756b3fb49,512,512,RGB,1.0,3,d0610b6e2f3c3f31,f1c88aaa88e8f0e8,True,,JPEG
t0_0567,Training/pituitary/Tr-pi_886.jpg,C:\Users\pedro\Desktop\Projeto do TCC\Brain Tumor MRI Dataset\Training\pituitary\Tr-pi_886.jpg,pituitary,.jpg,train,31311,3062d3f70457960af8eda0728849b1747050d5fc4321feb7d87ad7ab6628fe7d,512,512,RGB,1.0,3,d0610b6e2f3c3f31,f1c88aaa88e8f0f0,True,,JPEG
t0_0568,Training/pituitary/Tr-pi_1089.jpg,C:\Users\pedro\Desktop\Projeto do TCC\Brain Tumor MRI Dataset\Training\pituitary\Tr-pi_1089.jpg,pituitary,.jpg,train,36126,4b9d301cb859f22fda8dd8b44a8d1df0a3a8e8364850196b0d7b78cf5659345d,512,512,RGB,1.0,3,91c23f924e39629f,e8c8eab2aa8c9e0e,True,,JPEG
t0_0568,Training/pituitary/Tr-pi_687.jpg,C:\Users\pedro\Desktop\Projeto do TCC\Brain Tumor MRI Dataset\Training\pituitary\Tr-pi_687.jpg,pituitary,.jpg,train,35906,93c048797863776f29ff4e855cd515591ffa6ebc024509586746009bfc90378e,512,512,RGB,1.0,3,91c23f924e39629f,e8c8ca92aa8cbe0e,True,,JPEG
t0_0569,Training/pituitary/Tr-pi_1098.jpg,C:\Users\pedro\Desktop\Projeto do TCC\Brain Tumor MRI Dataset\Training\pituitary\Tr-pi_1098.jpg,pituitary,.jpg,train,38348,93ea61a9b554ed27c76d767221bba1d6c8b24a03521aee53f4b822b89efa41b2,512,512,RGB,1.0,3,c03d2ff03d743364,b2e8c8d4d4ccccc9,True,,JPEG
t0_0569,Training/pituitary/Tr-pi_1155.jpg,C:\Users\pedro\Desktop\Projeto do TCC\Brain Tumor MRI Dataset\Training\pituitary\Tr-pi_1155.jpg,pituitary,.jpg,train,38348,93ea61a9b554ed27c76d767221bba1d6c8b24a03521aee53f4b822b89efa41b2,512,512,RGB,1.0,3,c03d2ff03d743364,b2e8c8d4d4ccccc9,True,,JPEG
t0_0569,Training/pituitary/Tr-pi_1380.jpg,C:\Users\pedro\Desktop\Projeto do TCC\Brain Tumor MRI Dataset\Training\pituitary\Tr-pi_1380.jpg,pituitary,.jpg,train,29615,fa1b99a077c2038fb23ef239e11ae9c34bae7cb6ffcaf1fc44a4793a775384ce,512,512,RGB,1.0,3,c03d2ff03d743364,b2e8c8d4d4ccccc9,True,,JPEG
t0_0570,Training/pituitary/Tr-pi_1099.jpg,C:\Users\pedro\Desktop\Projeto do TCC\Brain Tumor MRI Dataset\Training\pituitary\Tr-pi_1099.jpg,pituitary,.jpg,train,33421,7d5fd4745b9a6ce5cdcf9b2d1dd31c6e36a1a9e1aec63e656369022dd0cd9a7c,512,512,RGB,1.0,3,851a5e9879c67969,71cce8aab2f0cccc,True,,JPEG
t0_0570,Training/pituitary/Tr-pi_158.jpg,C:\Users\pedro\Desktop\Projeto do TCC\Brain Tumor MRI Dataset\Training\pituitary\Tr-pi_158.jpg,pituitary,.jpg,train,25964,889e556b5d106131225daa3c350c8a7ada3f0bdd4269f25266f476dfa01b46c7,512,512,L,1.0,1,d04f0bcd3c932c7c,71cce8aab2f0cccc,True,,JPEG
t0_0571,Training/pituitary/Tr-pi_1115.jpg,C:\Users\pedro\Desktop\Projeto do TCC\Brain Tumor MRI Dataset\Training\pituitary\Tr-pi_1115.jpg,pituitary,.jpg,train,24083,4f81bf5bea728dd3780e779548921ac365edfdfe5729ce6f729f67290efe6676,512,512,L,1.0,1,c22c2f3c782c35f3,b2e8ccd4d4ccf0e8,True,,JPEG
t0_0571,Training/pituitary/Tr-pi_36.jpg,C:\Users\pedro\Desktop\Projeto do TCC\Brain Tumor MRI Dataset\Training\pituitary\Tr-pi_36.jpg,pituitary,.jpg,train,30691,df30274174729c0df0c8fd4e94cc43d0f7904e2eee37aae34bcfcedd158df915,512,512,RGB,1.0,3,97797a692d2960a6,b2e8ccd4d4ccf0e8,True,,JPEG
t0_0572,Training/pituitary/Tr-pi_1122.jpg,C:\Users\pedro\Desktop\Projeto do TCC\Brain Tumor MRI Dataset\Training\pituitary\Tr-pi_1122.jpg,pituitary,.jpg,train,268812,ac081dc77c62c1902feb757aa652c2af19c67d31ec646fd3f2a50249729f570c,1338,1304,RGB,1.0260736196319018,3,d1804b1fce6a2fd8,e8d092d4d44c88da,True,,JPEG
t0_0572,Training/pituitary/Tr-pi_1187.jpg,C:\Users\pedro\Desktop\Projeto do TCC\Brain Tumor MRI Dataset\Training\pituitary\Tr-pi_1187.jpg,pituitary,.jpg,train,268072,aff49c4e9fbe859bc0608338e96e8e4eab4743e7100c05f81b48e68a799d38d4,1335,1302,RGB,1.0253456221198156,3,d1804b1fce6a2fd8,e8d092d4d44c88da,True,,JPEG
t0_0572,Training/pituitary/Tr-pi_1196.jpg,C:\Users\pedro\Desktop\Projeto do TCC\Brain Tumor MRI Dataset\Training\pituitary\Tr-pi_1196.jpg,pituitary,.jpg,train,268812,ac081dc77c62c1902feb757aa652c2af19c67d31ec646fd3f2a50249729f570c,1338,1304,RGB,1.0260736196319018,3,d1804b1fce6a2fd8,e8d092d4d44c88da,True,,JPEG
t0_0572,Training/pituitary/Tr-pi_384.jpg,C:\Users\pedro\Desktop\Projeto do TCC\Brain Tumor MRI Dataset\Training\pituitary\Tr-pi_384.jpg,pituitary,.jpg,train,268072,aff49c4e9fbe859bc0608338e96e8e4eab4743e7100c05f81b48e68a799d38d4,1335,1302,RGB,1.0253456221198156,3,d1804b1fce6a2fd8,e8d092d4d44c88da,True,,JPEG
t0_0572,Training/pituitary/Tr-pi_863.jpg,C:\Users\pedro\Desktop\Projeto do TCC\Brain Tumor MRI Dataset\Training\pituitary\Tr-pi_863.jpg,pituitary,.jpg,train,268072,aff49c4e9fbe859bc0608338e96e8e4eab4743e7100c05f81b48e68a799d38d4,1335,1302,RGB,1.0253456221198156,3,d1804b1fce6a2fd8,e8d092d4d44c88da,True,,JPEG
t0_0572,Training/pituitary/Tr-pi_943.jpg,C:\Users\pedro\Desktop\Projeto do TCC\Brain Tumor MRI Dataset\Training\pituitary\Tr-pi_943.jpg,pituitary,.jpg,train,268812,ac081dc77c62c1902feb757aa652c2af19c67d31ec646fd3f2a50249729f570c,1338,1304,RGB,1.0260736196319018,3,d1804b1fce6a2fd8,e8d092d4d44c88da,True,,JPEG
t0_0573,Training/pituitary/Tr-pi_1133.jpg,C:\Users\pedro\Desktop\Projeto do TCC\Brain Tumor MRI Dataset\Training\pituitary\Tr-pi_1133.jpg,pituitary,.jpg,train,31317,2040c161f3fc7f7e7202c8b6f6ab502fe7e6e8cceb10cd4a6a8d02fa2216f8e8,512,512,RGB,1.0,3,86e63e7b6119618e,b068c4d4e8d0f0b2,True,,JPEG
t0_0573,Training/pituitary/Tr-pi_1320.jpg,C:\Users\pedro\Desktop\Projeto do TCC\Brain Tumor MRI Dataset\Training\pituitary\Tr-pi_1320.jpg,pituitary,.jpg,train,23542,857318e9eb1f335d05f4700258466a78972a3e147365b2e3d0405def9eee3d26,512,512,RGB,1.0,3,86e63e7b6119618e,b068c4d4e8d0f0b2,True,,JPEG
t0_0574,Training/pituitary/Tr-pi_1154.jpg,C:\Users\pedro\Desktop\Projeto do TCC\Brain Tumor MRI Dataset\Training\pituitary\Tr-pi_1154.jpg,pituitary,.jpg,train,46623,de35915b30be9cb513305bb03b1fcf263dadf7259aa666e02f09215118f7f65a,512,512,RGB,1.0,3,d14e10f74c176799,c4a8c8d4b2ca8ab0,True,,JPEG
t0_0574,Training/pituitary/Tr-pi_1211.jpg,C:\Users\pedro\Desktop\Projeto do TCC\Brain Tumor MRI Dataset\Training\pituitary\Tr-pi_1211.jpg,pituitary,.jpg,train,46623,de35915b30be9cb513305bb03b1fcf263dadf7259aa666e02f09215118f7f65a,512,512,RGB,1.0,3,d14e10f74c176799,c4a8c8d4b2ca8ab0,True,,JPEG
t0_0574,Training/pituitary/Tr-pi_1339.jpg,C:\Users\pedro\Desktop\Projeto do TCC\Brain Tumor MRI Dataset\Training\pituitary\Tr-pi_1339.jpg,pituitary,.jpg,train,46623,de35915b30be9cb513305bb03b1fcf263dadf7259aa666e02f09215118f7f65a,512,512,RGB,1.0,3,d14e10f74c176799,c4a8c8d4b2ca8ab0,True,,JPEG
t0_0574,Training/pituitary/Tr-pi_160.jpg,C:\Users\pedro\Desktop\Projeto do TCC\Brain Tumor MRI Dataset\Training\pituitary\Tr-pi_160.jpg,pituitary,.jpg,train,46623,de35915b30be9cb513305bb03b1fcf263dadf7259aa666e02f09215118f7f65a,512,512,RGB,1.0,3,d14e10f74c176799,c4a8c8d4b2ca8ab0,True,,JPEG
t0_0575,Training/pituitary/Tr-pi_1181.jpg,C:\Users\pedro\Desktop\Projeto do TCC\Brain Tumor MRI Dataset\Training\pituitary\Tr-pi_1181.jpg,pituitary,.jpg,train,225311,f764c8846c7fe11dce4e99b2bfa153347eb2976ae53857392f31f82b127b2270,1168,1178,RGB,0.9915110356536504,3,805f757a7c62286d,38fcddf876d58aa6,True,,JPEG
t0_0575,Training/pituitary/Tr-pi_668.jpg,C:\Users\pedro\Desktop\Projeto do TCC\Brain Tumor MRI Dataset\Training\pituitary\Tr-pi_668.jpg,pituitary,.jpg,train,225311,f764c8846c7fe11dce4e99b2bfa153347eb2976ae53857392f31f82b127b2270,1168,1178,RGB,0.9915110356536504,3,805f757a7c62286d,38fcddf876d58aa6,True,,JPEG
t0_0576,Training/pituitary/Tr-pi_120.jpg,C:\Users\pedro\Desktop\Projeto do TCC\Brain Tumor MRI Dataset\Training\pituitary\Tr-pi_120.jpg,pituitary,.jpg,train,35727,ac76926d9f73fd42c57092e3f991abe3036320552092ebf8d69d60d736a93622,383,436,RGB,0.8784403669724771,3,811e519e7e6a2e69,70dcaae9b2aadcd6,True,,JPEG
t0_0576,Training/pituitary/Tr-pi_763.jpg,C:\Users\pedro\Desktop\Projeto do TCC\Brain Tumor MRI Dataset\Training\pituitary\Tr-pi_763.jpg,pituitary,.jpg,train,35727,ac76926d9f73fd42c57092e3f991abe3036320552092ebf8d69d60d736a93622,383,436,RGB,0.8784403669724771,3,811e519e7e6a2e69,70dcaae9b2aadcd6,True,,JPEG
t0_0577,Training/pituitary/Tr-pi_1209.jpg,C:\Users\pedro\Desktop\Projeto do TCC\Brain Tumor MRI Dataset\Training\pituitary\Tr-pi_1209.jpg,pituitary,.jpg,train,14677,53446ebefbb558643e11fe7ecf3059737e2814172797c680e50463dd03656fdf,202,202,RGB,1.0,3,c0991ee6791c1fe2,f0c8f1b38cc6a545,True,,JPEG
t0_0577,Training/pituitary/Tr-pi_1352.jpg,C:\Users\pedro\Desktop\Projeto do TCC\Brain Tumor MRI Dataset\Training\pituitary\Tr-pi_1352.jpg,pituitary,.jpg,train,14677,53446ebefbb558643e11fe7ecf3059737e2814172797c680e50463dd03656fdf,202,202,RGB,1.0,3,c0991ee6791c1fe2,f0c8f1b38cc6a545,True,,JPEG
t0_0578,Training/pituitary/Tr-pi_1224.jpg,C:\Users\pedro\Desktop\Projeto do TCC\Brain Tumor MRI Dataset\Training\pituitary\Tr-pi_1224.jpg,pituitary,.jpg,train,34321,44c816949c301091212df595aa3db5f598a27643d563d0595a7d23de9d1a71b6,512,512,RGB,1.0,3,d44a0f6d2c3d317c,71c8a8b2b6aaaab2,True,,JPEG
t0_0578,Training/pituitary/Tr-pi_410.jpg,C:\Users\pedro\Desktop\Projeto do TCC\Brain Tumor MRI Dataset\Training\pituitary\Tr-pi_410.jpg,pituitary,.jpg,train,34353,6c374ab41105e5927d08e15103c8c27416f8e7d03c15c03d104ace5b310bd0ed,512,512,RGB,1.0,3,d44a0f6d2c3d2d74,71c8a8b2b6aaaab2,True,,JPEG
t0_0578,Training/pituitary/Tr-pi_515.jpg,C:\Users\pedro\Desktop\Projeto do TCC\Brain Tumor MRI Dataset\Training\pituitary\Tr-pi_515.jpg,pituitary,.jpg,train,34353,6c374ab41105e5927d08e15103c8c27416f8e7d03c15c03d104ace5b310bd0ed,512,512,RGB,1.0,3,d44a0f6d2c3d2d74,71c8a8b2b6aaaab2,True,,JPEG
t0_0579,Training/pituitary/Tr-pi_1233.jpg,C:\Users\pedro\Desktop\Projeto do TCC\Brain Tumor MRI Dataset\Training\pituitary\Tr-pi_1233.jpg,pituitary,.jpg,train,31963,f201e240c765dd650146cb09c8197069a6f7fda60be0f6b9ca1286f15d02eb16,512,512,RGB,1.0,3,c49d5afe285a286b,70c4eaa6d2868cc9,True,,JPEG
t0_0579,Training/pituitary/Tr-pi_1331.jpg,C:\Users\pedro\Desktop\Projeto do TCC\Brain Tumor MRI Dataset\Training\pituitary\Tr-pi_1331.jpg,pituitary,.jpg,train,33284,6d5041976ac234dd6163a564439d2d052cdd5c139c1f5d29b50f76457ac98ff6,512,512,RGB,1.0,3,c49d5afe285a286b,78d4eab6d2868cc1,True,,JPEG
t0_0580,Training/pituitary/Tr-pi_1252.jpg,C:\Users\pedro\Desktop\Projeto do TCC\Brain Tumor MRI Dataset\Training\pituitary\Tr-pi_1252.jpg,pituitary,.jpg,train,74371,dc8ef910fb6a27abfe1862e83beeacb91864e160cd6919e5f0b2ebc039b865c4,624,607,RGB,1.028006589785832,3,954a356b55275395,d2bdece4202b669e,True,,JPEG
t0_0580,Training/pituitary/Tr-pi_396.jpg,C:\Users\pedro\Desktop\Projeto do TCC\Brain Tumor MRI Dataset\Training\pituitary\Tr-pi_396.jpg,pituitary,.jpg,train,74811,59b7545faed7fe8962c1853d6dd379ab5e5ddfe6970a42a0017a4114fb1a95ad,625,603,RGB,1.0364842454394694,3,954a356b55275395,d2bdece4a02b669e,True,,JPEG
t0_0580,Training/pituitary/Tr-pi_461.jpg,C:\Users\pedro\Desktop\Projeto do TCC\Brain Tumor MRI Dataset\Training\pituitary\Tr-pi_461.jpg,pituitary,.jpg,train,74371,dc8ef910fb6a27abfe1862e83beeacb91864e160cd6919e5f0b2ebc039b865c4,624,607,RGB,1.028006589785832,3,954a356b55275395,d2bdece4202b669e,True,,JPEG
t0_0580,Training/pituitary/Tr-pi_476.jpg,C:\Users\pedro\Desktop\Projeto do TCC\Brain Tumor MRI Dataset\Training\pituitary\Tr-pi_476.jpg,pituitary,.jpg,train,74811,59b7545faed7fe8962c1853d6dd379ab5e5ddfe6970a42a0017a4114fb1a95ad,625,603,RGB,1.0364842454394694,3,954a356b55275395,d2bdece4a02b669e,True,,JPEG
t0_0580,Training/pituitary/Tr-pi_528.jpg,C:\Users\pedro\Desktop\Projeto do TCC\Brain Tumor MRI Dataset\Training\pituitary\Tr-pi_528.jpg,pituitary,.jpg,train,74371,dc8ef910fb6a27abfe1862e83beeacb91864e160cd6919e5f0b2ebc039b865c4,624,607,RGB,1.028006589785832,3,954a356b55275395,d2bdece4202b669e,True,,JPEG
t0_0581,Training/pituitary/Tr-pi_1309.jpg,C:\Users\pedro\Desktop\Projeto do TCC\Brain Tumor MRI Dataset\Training\pituitary\Tr-pi_1309.jpg,pituitary,.jpg,train,34589,1bbe995f377f1eb224e2a963238bbfacf7bf49a3d7219bbc3dd781b5c34e4fb8,512,512,RGB,1.0,3,c03d2bf42d693666,b2e8d0d4ccccd469,True,,JPEG
t0_0581,Training/pituitary/Tr-pi_261.jpg,C:\Users\pedro\Desktop\Projeto do TCC\Brain Tumor MRI Dataset\Training\pituitary\Tr-pi_261.jpg,pituitary,.jpg,train,34589,1bbe995f377f1eb224e2a963238bbfacf7bf49a3d7219bbc3dd781b5c34e4fb8,512,512,RGB,1.0,3,c03d2bf42d693666,b2e8d0d4ccccd469,True,,JPEG
t0_0582,Training/pituitary/Tr-pi_132.jpg,C:\Users\pedro\Desktop\Projeto do TCC\Brain Tumor MRI Dataset\Training\pituitary\Tr-pi_132.jpg,pituitary,.jpg,train,30598,a1ee82164acd190067400d50f236fbb6004c0002fe3c09e4cf2d71752865140b,512,512,RGB,1.0,3,940b5b3d2a3d6c3c,79d8aadca2b614ec,True,,JPEG
t0_0582,Training/pituitary/Tr-pi_564.jpg,C:\Users\pedro\Desktop\Projeto do TCC\Brain Tumor MRI Dataset\Training\pituitary\Tr-pi_564.jpg,pituitary,.jpg,train,30598,a1ee82164acd190067400d50f236fbb6004c0002fe3c09e4cf2d71752865140b,512,512,RGB,1.0,3,940b5b3d2a3d6c3c,79d8aadca2b614ec,True,,JPEG
t0_0583,Training/pituitary/Tr-pi_1323.jpg,C:\Users\pedro\Desktop\Projeto do TCC\Brain Tumor MRI Dataset\Training\pituitary\Tr-pi_1323.jpg,pituitary,.jpg,train,33614,dea65808e631f46024aaa034984629ab8a455f2b951ca7022f12fa9e62b7c8ff,512,512,RGB,1.0,3,950a57783e7d6831,78ccba66dd92964e,True,,JPEG
t0_0583,Training/pituitary/Tr-pi_984.jpg,C:\Users\pedro\Desktop\Projeto do TCC\Brain Tumor MRI Dataset\Training\pituitary\Tr-pi_984.jpg,pituitary,.jpg,train,33614,dea65808e631f46024aaa034984629ab8a455f2b951ca7022f12fa9e62b7c8ff,512,512,RGB,1.0,3,950a57783e7d6831,78ccba66dd92964e,True,,JPEG
t0_0584,Training/pituitary/Tr-pi_1338.jpg,C:\Users\pedro\Desktop\Projeto do TCC\Brain Tumor MRI Dataset\Training\pituitary\Tr-pi_1338.jpg,pituitary,.jpg,train,35777,2732c9941ece0e9403ba78accf55708d2816dbd67a3e8581c857a981fd47053a,512,512,RGB,1.0,3,855b5e3d68b86625,71e8ccb296eaeae8,True,,JPEG
t0_0584,Training/pituitary/Tr-pi_686.jpg,C:\Users\pedro\Desktop\Projeto do TCC\Brain Tumor MRI Dataset\Training\pituitary\Tr-pi_686.jpg,pituitary,.jpg,train,33539,8812ef8e88fca80388f8c2c2d94cd87d5c110dc498c34db3a423a9afd848c307,512,512,RGB,1.0,3,855e5e3978297625,71e8ccb296eaeae8,True,,JPEG
t0_0585,Training/pituitary/Tr-pi_1399.jpg,C:\Users\pedro\Desktop\Projeto do TCC\Brain Tumor MRI Dataset\Training\pituitary\Tr-pi_1399.jpg,pituitary,.jpg,train,49394,2ff387b9c84bad104f2f095f9832781f634931e584e02a1afab513037079eea5,441,429,RGB,1.027972027972028,3,954a356b55255b95,d2bdece4202b769e,True,,JPEG
t0_0585,Training/pituitary/Tr-pi_195.jpg,C:\Users\pedro\Desktop\Projeto do TCC\Brain Tumor MRI Dataset\Training\pituitary\Tr-pi_195.jpg,pituitary,.jpg,train,49394,2ff387b9c84bad104f2f095f9832781f634931e584e02a1afab513037079eea5,441,429,RGB,1.027972027972028,3,954a356b55255b95,d2bdece4202b769e,True,,JPEG
t0_0586,Training/pituitary/Tr-pi_16.jpg,C:\Users\pedro\Desktop\Projeto do TCC\Brain Tumor MRI Dataset\Training\pituitary\Tr-pi_16.jpg,pituitary,.jpg,train,32970,03abfffad1040b692d33000086c2a2b1737f7ea025905d9dbd71176af2b57be4,512,512,RGB,1.0,3,d01e2b783fb16c31,71e8e8e8aab2e8e8,True,,JPEG
t0_0586,Training/pituitary/Tr-pi_574.jpg,C:\Users\pedro\Desktop\Projeto do TCC\Brain Tumor MRI Dataset\Training\pituitary\Tr-pi_574.jpg,pituitary,.jpg,train,25601,b9cc133cfdf85c1d8e86590d9b1b0dd37de204dbf268557f89a2fe03be294130,512,512,L,1.0,1,854b7e2d6ae43964,71e8e8e8aab2e8e8,True,,JPEG
t0_0587,Training/pituitary/Tr-pi_163.jpg,C:\Users\pedro\Desktop\Projeto do TCC\Brain Tumor MRI Dataset\Training\pituitary\Tr-pi_163.jpg,pituitary,.jpg,train,34335,690ed9d73b96706b833cfbb95e40543fe022c7579ab74693873e2c26766c5efb,512,512,RGB,1.0,3,d50b3e782ab16d34,31f092aab2a2aaa2,True,,JPEG
t0_0587,Training/pituitary/Tr-pi_504.jpg,C:\Users\pedro\Desktop\Projeto do TCC\Brain Tumor MRI Dataset\Training\pituitary\Tr-pi_504.jpg,pituitary,.jpg,train,34335,690ed9d73b96706b833cfbb95e40543fe022c7579ab74693873e2c26766c5efb,512,512,RGB,1.0,3,d50b3e782ab16d34,31f092aab2a2aaa2,True,,JPEG
t0_0588,Training/pituitary/Tr-pi_193.jpg,C:\Users\pedro\Desktop\Projeto do TCC\Brain Tumor MRI Dataset\Training\pituitary\Tr-pi_193.jpg,pituitary,.jpg,train,39045,c27c953b150b8cfa6c2820bac42a13a5d1b5b6420409973ba07a18542429afd5,512,512,RGB,1.0,3,908f573c1af60ada,70f2c8f4b9b20c88,True,,JPEG
t0_0588,Training/pituitary/Tr-pi_812.jpg,C:\Users\pedro\Desktop\Projeto do TCC\Brain Tumor MRI Dataset\Training\pituitary\Tr-pi_812.jpg,pituitary,.jpg,train,39045,c27c953b150b8cfa6c2820bac42a13a5d1b5b6420409973ba07a18542429afd5,512,512,RGB,1.0,3,908f573c1af60ada,70f2c8f4b9b20c88,True,,JPEG
t0_0589,Training/pituitary/Tr-pi_206.jpg,C:\Users\pedro\Desktop\Projeto do TCC\Brain Tumor MRI Dataset\Training\pituitary\Tr-pi_206.jpg,pituitary,.jpg,train,16271,24fba8ffc9164a5a20cc482473121deeb485cd25c7e8a03e737569bfe0f31494,201,210,RGB,0.9571428571428572,3,c0df666619c91e63,e8ece8f0d0ac8aaa,True,,JPEG
t0_0589,Training/pituitary/Tr-pi_405.jpg,C:\Users\pedro\Desktop\Projeto do TCC\Brain Tumor MRI Dataset\Training\pituitary\Tr-pi_405.jpg,pituitary,.jpg,train,17709,6e4a32b7a73554a9a26b0e594f63d76920f7caeea52be19c323f8ad755d17f8b,201,210,RGB,0.9571428571428572,3,c0df666619c91e63,e8ece8f0d0ac8aaa,True,,JPEG
t0_0589,Training/pituitary/Tr-pi_634.jpg,C:\Users\pedro\Desktop\Projeto do TCC\Brain Tumor MRI Dataset\Training\pituitary\Tr-pi_634.jpg,pituitary,.jpg,train,17709,6e4a32b7a73554a9a26b0e594f63d76920f7caeea52be19c323f8ad755d17f8b,201,210,RGB,0.9571428571428572,3,c0df666619c91e63,e8ece8f0d0ac8aaa,True,,JPEG
t0_0589,Training/pituitary/Tr-pi_928.jpg,C:\Users\pedro\Desktop\Projeto do TCC\Brain Tumor MRI Dataset\Training\pituitary\Tr-pi_928.jpg,pituitary,.jpg,train,17709,6e4a32b7a73554a9a26b0e594f63d76920f7caeea52be19c323f8ad755d17f8b,201,210,RGB,0.9571428571428572,3,c0df666619c91e63,e8ece8f0d0ac8aaa,True,,JPEG
t0_0590,Training/pituitary/Tr-pi_221.jpg,C:\Users\pedro\Desktop\Projeto do TCC\Brain Tumor MRI Dataset\Training\pituitary\Tr-pi_221.jpg,pituitary,.jpg,train,32090,7d0738e4f6493b449e20a147b80f674c589dc478dd6b5ccd4fb6ea1c329f0cfe,512,512,RGB,1.0,3,d40b523e2bf57826,79dcba5464b224d4,True,,JPEG
t0_0590,Training/pituitary/Tr-pi_430.jpg,C:\Users\pedro\Desktop\Projeto do TCC\Brain Tumor MRI Dataset\Training\pituitary\Tr-pi_430.jpg,pituitary,.jpg,train,32090,7d0738e4f6493b449e20a147b80f674c589dc478dd6b5ccd4fb6ea1c329f0cfe,512,512,RGB,1.0,3,d40b523e2bf57826,79dcba5464b224d4,True,,JPEG
t0_0590,Training/pituitary/Tr-pi_883.jpg,C:\Users\pedro\Desktop\Projeto do TCC\Brain Tumor MRI Dataset\Training\pituitary\Tr-pi_883.jpg,pituitary,.jpg,train,32090,7d0738e4f6493b449e20a147b80f674c589dc478dd6b5ccd4fb6ea1c329f0cfe,512,512,RGB,1.0,3,d40b523e2bf57826,79dcba5464b224d4,True,,JPEG
t0_0591,Training/pituitary/Tr-pi_237.jpg,C:\Users\pedro\Desktop\Projeto do TCC\Brain Tumor MRI Dataset\Training\pituitary\Tr-pi_237.jpg,pituitary,.jpg,train,33941,603857b3e7a0653753e5304fed14dcde90caba1d24259f3449dbe98ff75326ad,512,512,RGB,1.0,3,818d5edb79486a99,71c4e892aae8f068,True,,JPEG
t0_0591,Training/pituitary/Tr-pi_534.jpg,C:\Users\pedro\Desktop\Projeto do TCC\Brain Tumor MRI Dataset\Training\pituitary\Tr-pi_534.jpg,pituitary,.jpg,train,35673,09cd823a79f25b43c4cc77fa7a3d384abeb00f29625749532e893195341d046a,512,512,RGB,1.0,3,85995edb7858189b,71c4e892aae8f068,True,,JPEG
t0_0592,Training/pituitary/Tr-pi_246.jpg,C:\Users\pedro\Desktop\Projeto do TCC\Brain Tumor MRI Dataset\Training\pituitary\Tr-pi_246.jpg,pituitary,.jpg,train,16405,14a873e8998c4a88896fd7be1155eeaf656b88209c8e9fcf7db731de3478484c,225,225,RGB,1.0,3,805b2f867aa97b26,f0e8bab2a8a8a2ea,True,,JPEG
t0_0592,Training/pituitary/Tr-pi_698.jpg,C:\Users\pedro\Desktop\Projeto do TCC\Brain Tumor MRI Dataset\Training\pituitary\Tr-pi_698.jpg,pituitary,.jpg,train,16405,14a873e8998c4a88896fd7be1155eeaf656b88209c8e9fcf7db731de3478484c,225,225,RGB,1.0,3,805b2f867aa97b26,f0e8bab2a8a8a2ea,True,,JPEG
t0_0592,Training/pituitary/Tr-pi_969.jpg,C:\Users\pedro\Desktop\Projeto do TCC\Brain Tumor MRI Dataset\Training\pituitary\Tr-pi_969.jpg,pituitary,.jpg,train,16405,14a873e8998c4a88896fd7be1155eeaf656b88209c8e9fcf7db731de3478484c,225,225,RGB,1.0,3,805b2f867aa97b26,f0e8bab2a8a8a2ea,True,,JPEG
t0_0593,Training/pituitary/Tr-pi_247.jpg,C:\Users\pedro\Desktop\Projeto do TCC\Brain Tumor MRI Dataset\Training\pituitary\Tr-pi_247.jpg,pituitary,.jpg,train,13847,c05e778cda95f1aeeb1c6768862f59bfa76a4e53fa66bcd87735c6d99af1a38b,256,256,RGB,1.0,3,814b1f2a6cac667d,71e8e8e8cce8e8f0,True,,JPEG
t0_0593,Training/pituitary/Tr-pi_802.jpg,C:\Users\pedro\Desktop\Projeto do TCC\Brain Tumor MRI Dataset\Training\pituitary\Tr-pi_802.jpg,pituitary,.jpg,train,10966,9dcd531cd97bb3f85d671ab666e6d0116ec0e1173e08ba5eb63b8a08431759e3,256,256,L,1.0,1,d41e4a7f28f93328,71e8e8e8cce8e8f0,True,,JPEG
t0_0594,Training/pituitary/Tr-pi_253.jpg,C:\Users\pedro\Desktop\Projeto do TCC\Brain Tumor MRI Dataset\Training\pituitary\Tr-pi_253.jpg,pituitary,.jpg,train,27441,994b1b0c5ebadf7b59c7e56ce0b3d1d23c240c66e45a7486588377d0848eecad,512,512,L,1.0,1,801f5eba39ea58a9,79ece8aab2aaaab2,True,,JPEG
t0_0594,Training/pituitary/Tr-pi_966.jpg,C:\Users\pedro\Desktop\Projeto do TCC\Brain Tumor MRI Dataset\Training\pituitary\Tr-pi_966.jpg,pituitary,.jpg,train,27990,c273de243dc3e985bc7f90633f0c19a93dc485a83d44b788573af7484601b87e,512,512,L,1.0,1,841f5e9a38ce19b9,79ece8aab2aaaab2,True,,JPEG
t0_0595,Training/pituitary/Tr-pi_285.jpg,C:\Users\pedro\Desktop\Projeto do TCC\Brain Tumor MRI Dataset\Training\pituitary\Tr-pi_285.jpg,pituitary,.jpg,train,33561,8e2b4a6d3ce98d740a636942e40c14783eac078cf1758678c9d5aee948057aa7,512,512,RGB,1.0,3,c00e2b7d3db17c64,71e8e8eab2aac8f0,True,,JPEG
t0_0595,Training/pituitary/Tr-pi_962.jpg,C:\Users\pedro\Desktop\Projeto do TCC\Brain Tumor MRI Dataset\Training\pituitary\Tr-pi_962.jpg,pituitary,.jpg,train,33561,8e2b4a6d3ce98d740a636942e40c14783eac078cf1758678c9d5aee948057aa7,512,512,RGB,1.0,3,c00e2b7d3db17c64,71e8e8eab2aac8f0,True,,JPEG
t0_0596,Training/pituitary/Tr-pi_286.jpg,C:\Users\pedro\Desktop\Projeto do TCC\Brain Tumor MRI Dataset\Training\pituitary\Tr-pi_286.jpg,pituitary,.jpg,train,29953,e99074ab025d65cc916b786675d37496c0f045c8267c222bfbc29c04dab42ffd,350,400,RGB,0.875,3,f54a00ff488dd669,d4e8685503492a96,True,,JPEG
t0_0596,Training/pituitary/Tr-pi_397.jpg,C:\Users\pedro\Desktop\Projeto do TCC\Brain Tumor MRI Dataset\Training\pituitary\Tr-pi_397.jpg,pituitary,.jpg,train,29953,e99074ab025d65cc916b786675d37496c0f045c8267c222bfbc29c04dab42ffd,350,400,RGB,0.875,3,f54a00ff488dd669,d4e8685503492a96,True,,JPEG
t0_0597,Training/pituitary/Tr-pi_311.jpg,C:\Users\pedro\Desktop\Projeto do TCC\Brain Tumor MRI Dataset\Training\pituitary\Tr-pi_311.jpg,pituitary,.jpg,train,35906,8afa71fed3d0307237b24872056b750f3c06ee0d9527c35241b908eb7404080f,512,512,RGB,1.0,3,80885ffc1b555ada,74e6ecda959484cc,True,,JPEG
t0_0597,Training/pituitary/Tr-pi_320.jpg,C:\Users\pedro\Desktop\Projeto do TCC\Brain Tumor MRI Dataset\Training\pituitary\Tr-pi_320.jpg,pituitary,.jpg,train,35906,8afa71fed3d0307237b24872056b750f3c06ee0d9527c35241b908eb7404080f,512,512,RGB,1.0,3,80885ffc1b555ada,74e6ecda959484cc,True,,JPEG
t0_0598,Training/pituitary/Tr-pi_32.jpg,C:\Users\pedro\Desktop\Projeto do TCC\Brain Tumor MRI Dataset\Training\pituitary\Tr-pi_32.jpg,pituitary,.jpg,train,26766,6a47a85bf879219762cec2767066e692db1cde9740a6d3861410cc3bc707e8fc,512,512,L,1.0,1,811f7a3a79687d21,71eceab292aaaab2,True,,JPEG
t0_0598,Training/pituitary/Tr-pi_373.jpg,C:\Users\pedro\Desktop\Projeto do TCC\Brain Tumor MRI Dataset\Training\pituitary\Tr-pi_373.jpg,pituitary,.jpg,train,26763,0ab597668fbd311a7f24b72937bf79ab52a0118802fc497d7d2f18289d1ed186,512,512,L,1.0,1,811f7a3a79687439,71eceab292aaaab2,True,,JPEG
t0_0599,Training/pituitary/Tr-pi_327.jpg,C:\Users\pedro\Desktop\Projeto do TCC\Brain Tumor MRI Dataset\Training\pituitary\Tr-pi_327.jpg,pituitary,.jpg,train,27975,8ed4accd7a09042e088ab54f6151af6ddd67b01286b0c280141f11aeadec80e8,512,512,L,1.0,1,c4976ac71b6836ca,e8e8a8b6aace8285,True,,JPEG
t0_0599,Training/pituitary/Tr-pi_982.jpg,C:\Users\pedro\Desktop\Projeto do TCC\Brain Tumor MRI Dataset\Training\pituitary\Tr-pi_982.jpg,pituitary,.jpg,train,28148,bf084ec303080280c2a5e3c9decdc1bfe37973658fa09dbeb496246041096970,512,512,L,1.0,1,c4976ac71b6836ca,e8eca8b2aace8689,True,,JPEG
t0_0600,Training/pituitary/Tr-pi_35.jpg,C:\Users\pedro\Desktop\Projeto do TCC\Brain Tumor MRI Dataset\Training\pituitary\Tr-pi_35.jpg,pituitary,.jpg,train,36855,ac62dd6ff602203e01d2bb6cc6ec679dbd9ecfbdc5956b5d810fbb18d344c27a,512,512,RGB,1.0,3,d04f6f3d2c2427f0,71f8ccd4b2e8e8e8,True,,JPEG
t0_0600,Training/pituitary/Tr-pi_757.jpg,C:\Users\pedro\Desktop\Projeto do TCC\Brain Tumor MRI Dataset\Training\pituitary\Tr-pi_757.jpg,pituitary,.jpg,train,35548,c5fae0f09610230c9e916ed7da7508c4d133f8fb8d5762f6f2d182414d49704d,512,512,RGB,1.0,3,d04f6e3d2c2437d8,71f8ccd4b2e8e8e8,True,,JPEG
t0_0601,Training/pituitary/Tr-pi_356.jpg,C:\Users\pedro\Desktop\Projeto do TCC\Brain Tumor MRI Dataset\Training\pituitary\Tr-pi_356.jpg,pituitary,.jpg,train,137916,8d463bf588c1bc9e685df1729434a541f187054456fe244024966078fe1aef61,892,826,RGB,1.0799031476997578,3,91056efb19762699,d4f2ccc8b2217861,True,,JPEG
t0_0601,Training/pituitary/Tr-pi_759.jpg,C:\Users\pedro\Desktop\Projeto do TCC\Brain Tumor MRI Dataset\Training\pituitary\Tr-pi_759.jpg,pituitary,.jpg,train,137916,8d463bf588c1bc9e685df1729434a541f187054456fe244024966078fe1aef61,892,826,RGB,1.0799031476997578,3,91056efb19762699,d4f2ccc8b2217861,True,,JPEG
t0_0601,Training/pituitary/Tr-pi_77.jpg,C:\Users\pedro\Desktop\Projeto do TCC\Brain Tumor MRI Dataset\Training\pituitary\Tr-pi_77.jpg,pituitary,.jpg,train,137916,8d463bf588c1bc9e685df1729434a541f187054456fe244024966078fe1aef61,892,826,RGB,1.0799031476997578,3,91056efb19762699,d4f2ccc8b2217861,True,,JPEG
t0_0602,Training/pituitary/Tr-pi_411.jpg,C:\Users\pedro\Desktop\Projeto do TCC\Brain Tumor MRI Dataset\Training\pituitary\Tr-pi_411.jpg,pituitary,.jpg,train,26080,fc8974c04a97fd0115d433b4a99ed5f6e5fdf52a7afdc270dfc461d816a7baf4,512,512,L,1.0,1,d01f7a2d39713570,33e8cce896aae8f0,True,,JPEG
t0_0602,Training/pituitary/Tr-pi_938.jpg,C:\Users\pedro\Desktop\Projeto do TCC\Brain Tumor MRI Dataset\Training\pituitary\Tr-pi_938.jpg,pituitary,.jpg,train,33516,7f75d5f2c625916417712266deb889f246c63ae3a989bd35e136aa354f0098a6,512,512,RGB,1.0,3,855a6f7c6c356035,33e8cce896aae8f0,True,,JPEG
t0_0603,Training/pituitary/Tr-pi_464.jpg,C:\Users\pedro\Desktop\Projeto do TCC\Brain Tumor MRI Dataset\Training\pituitary\Tr-pi_464.jpg,pituitary,.jpg,train,37026,8a4a14e666a67b90bf01bac1b85170bacf41fda33c7a7394d5e82e83c6f6f324,512,512,RGB,1.0,3,d08557085e6f3ae9,e0f2499db7adaa08,True,,JPEG
t0_0603,Training/pituitary/Tr-pi_75.jpg,C:\Users\pedro\Desktop\Projeto do TCC\Brain Tumor MRI Dataset\Training\pituitary\Tr-pi_75.jpg,pituitary,.jpg,train,37026,8a4a14e666a67b90bf01bac1b85170bacf41fda33c7a7394d5e82e83c6f6f324,512,512,RGB,1.0,3,d08557085e6f3ae9,e0f2499db7adaa08,True,,JPEG
t0_0604,Training/pituitary/Tr-pi_49.jpg,C:\Users\pedro\Desktop\Projeto do TCC\Brain Tumor MRI Dataset\Training\pituitary\Tr-pi_49.jpg,pituitary,.jpg,train,19859,b3702b83372ee6b6cf7b20eae6f27492db189f52a599be79233e6622f256006a,512,512,L,1.0,1,c05f2b2c79b474b2,32e1ccb288a484da,True,,JPEG
t0_0604,Training/pituitary/Tr-pi_657.jpg,C:\Users\pedro\Desktop\Projeto do TCC\Brain Tumor MRI Dataset\Training\pituitary\Tr-pi_657.jpg,pituitary,.jpg,train,19538,68643c08b53b71bc9c95e4aa6f7eae2056f310597883c2c53ce650a783c98d66,512,512,L,1.0,1,c05f2b2c79b474b2,22e1dca2b0a486c8,True,,JPEG
t0_0605,Training/pituitary/Tr-pi_542.jpg,C:\Users\pedro\Desktop\Projeto do TCC\Brain Tumor MRI Dataset\Training\pituitary\Tr-pi_542.jpg,pituitary,.jpg,train,15564,4f6314d65c3d703caa7b94440365f4c89fa68a7069a0a10054e6604956f60f28,225,225,RGB,1.0,3,e85555220977527f,b2e86971332d2fbb,True,,JPEG
t0_0605,Training/pituitary/Tr-pi_857.jpg,C:\Users\pedro\Desktop\Projeto do TCC\Brain Tumor MRI Dataset\Training\pituitary\Tr-pi_857.jpg,pituitary,.jpg,train,15564,4f6314d65c3d703caa7b94440365f4c89fa68a7069a0a10054e6604956f60f28,225,225,RGB,1.0,3,e85555220977527f,b2e86971332d2fbb,True,,JPEG
t0_0606,Training/pituitary/Tr-pi_575.jpg,C:\Users\pedro\Desktop\Projeto do TCC\Brain Tumor MRI Dataset\Training\pituitary\Tr-pi_575.jpg,pituitary,.jpg,train,24450,6a236fc202b73ac0da364d1a23dc85075e157b1a0e369fb17dec47c65074bdeb,512,512,RGB,1.0,3,c1d33ff13c0c644e,f8e8ccd4a8d4e8b2,True,,JPEG
t0_0606,Training/pituitary/Tr-pi_735.jpg,C:\Users\pedro\Desktop\Projeto do TCC\Brain Tumor MRI Dataset\Training\pituitary\Tr-pi_735.jpg,pituitary,.jpg,train,25017,72fe1f98706723a00af8904dc8ae759a54af0cb2420a5872491a29d2bde1781a,512,512,RGB,1.0,3,c0c33f9c3c6c643e,f8e8ccd4a8d4e8b2,True,,JPEG
t0_0607,Training/pituitary/Tr-pi_805.jpg,C:\Users\pedro\Desktop\Projeto do TCC\Brain Tumor MRI Dataset\Training\pituitary\Tr-pi_805.jpg,pituitary,.jpg,train,40442,6c8c2a11f01b532a75a01f052e3f536e10bcdca633e77ef3001d8ed852e83ee7,442,442,RGB,1.0,3,ea01f69d5dc40d72,4a4d6971717b2b2d,True,,JPEG
t0_0607,Training/pituitary/Tr-pi_878.jpg,C:\Users\pedro\Desktop\Projeto do TCC\Brain Tumor MRI Dataset\Training\pituitary\Tr-pi_878.jpg,pituitary,.jpg,train,40442,6c8c2a11f01b532a75a01f052e3f536e10bcdca633e77ef3001d8ed852e83ee7,442,442,RGB,1.0,3,ea01f69d5dc40d72,4a4d6971717b2b2d,True,,JPEG
