relative_path,split,class_label,file_size,valid,error,file_sha256,canonical_content_id,phash_identity,dhash_identity,phash_rot90,dhash_rot90,phash_rot180,dhash_rot180,phash_rot270,dhash_rot270,phash_flip_h,dhash_flip_h,phash_flip_h_rot90,dhash_flip_h_rot90,phash_flip_v,dhash_flip_v,phash_flip_h_rot270,dhash_flip_h_rot270
Testing/meningioma/Te-me_230.jpg,Testing,meningioma,26971,True,,eadc6dd552a21452ea3a1f171e62f805c6f66927d6f8670961aac7e9495ded81,00059bd8d0c6de06481d5ad2b7e5bcac1b394b46c01553ab91e74ab2538e4ae8,d11b136e646e6cb4,71d8f8eab433a88e,816b1f1e56e0741f,79eb92d2d4a2eb7c,84b156c471c6793f,8eea33d0a8e0e471,d4eb4ab4034b21bf,c128bad494b62861,844e463b713b79e1,71e4e0a8d033ea8e,d43e4b6b03b5254b,6128b694d4ba28c1,d1e4539165916d4f,8ea833b4eaf8d871,819e1fe1561f74e0,7ceba2d4d292eb79
Training/meningioma/Tr-me_238.jpg,Training,meningioma,19460,True,,ad80fb721b5d5ee5b77ff2e29e3473a54db92a5004c7de810fe1353e89a65d33,00059bd8d0c6de06481d5ad2b7e5bcac1b394b46c01553ab91e74ab2538e4ae8,d11b136e646e6cb4,71d8f8eab433a88e,816b1f1e56e0741f,79eb92d2d4a2eb7c,84b156c471c6793f,8eea33d0a8e0e471,d4eb4ab4034b21bf,c128bad494b62861,844e463b713b79e1,71e4e0a8d033ea8e,d43e4b6b03b5254b,6128b694d4ba28c1,d1e4539165916d4f,8ea833b4eaf8d871,819e1fe1561f74e0,7ceba2d4d292eb79
Testing/meningioma/Te-me_243.jpg,Testing,meningioma,12919,True,,2879fe07fda1859fa38e6b675d8fb6cb92addc19a467a5a66c4834e345734752,000bd38177f28357175fa7a50291b8e6da4e70c402e7dda0b47c491b46102aca,923a6de4369bca2c,0870f8f8ecf8f871,96cc793267c6cc83,8cf0f0e4fcf07899,c790384f63319fc6,71e0e0c8e0e0f120,c3672c99326c9b71,64e0f0c0d8f0f04a,c76e38b062ce9d29,20f1e0e0c8e0e071,c3992c6632939b9e,4af0f0d8c0f0e064,92c56d1b3664cad3,71f8f8ecf8f87008,963279cc6739ce24,9978f0fce4f0f08c
Training/meningioma/Tr-me_880.jpg,Training,meningioma,9172,True,,2675eef8145df6693b593880acefd680b77d1fdb3d719ed36fc478f54baea924,000bd38177f28357175fa7a50291b8e6da4e70c402e7dda0b47c491b46102aca,923a6de4369bca2c,0870f8f8ecf8f871,96cc793267c6cc83,8cf0f0e4fcf07899,c790384f63319fc6,71e0e0c8e0e0f120,c3672c99326c9b71,64e0f0c0d8f0f04a,c76e38b062ce9d29,20f1e0e0c8e0e071,c3992c6632939b9e,4af0f0d8c0f0e064,92c56d1b3664cad3,71f8f8ecf8f87008,963279cc6739ce24,9978f0fce4f0f08c
Testing/meningioma/Te-me_18.jpg,Testing,meningioma,12491,True,,cdc4d724a668388abc3657213ea91c3e8d849b2c7e155dc4676ca38a4396b618,001a88d2f4fee46d0157868141fe87b6a202c795360f8376c248fe903ce671a2,844e46ef3b313b31,60f4b22921a296f0,918f1fe05a0f7ae0,78cea29b9bbade78,d1e413416e9b6e1b,f096aa6b6ab2d0f9,c5254a5a0fb56f4a,e184a22626b28ce1,d11b13ba6e646e64,f9d0b26a6baa96f0,c4da4aa50f4a2fb5,e18cb22626a284e1,84b34e103bce3bce,f096a22129b2f460,90701f0f5af07a1f,78deba9b9ba2ce78
Training/meningioma/Tr-me_331.jpg,Training,meningioma,11006,True,,7cfaba22355b770b309b9e019fb8a86ad4e3f22f16c00b6c003940435bb8a913,001a88d2f4fee46d0157868141fe87b6a202c795360f8376c248fe903ce671a2,844e46ef3b313b31,60f4b22921a296f0,918f1fe05a0f7ae0,78cea29b9bbade78,d1e413416e9b6e1b,f096aa6b6ab2d0f9,c5254a5a0fb56f4a,e184a22626b28ce1,d11b13ba6e646e64,f9d0b26a6baa96f0,c4da4aa50f4a2fb5,e18cb22626a284e1,84b34e103bce3bce,f096a22129b2f460,90701f0f5af07a1f,78deba9b9ba2ce78
Training/notumor/Tr-no_1016.jpg,Training,notumor,14989,True,,9a1a7d12c935c0029511710dba377c2d37ecf4924ec19c1644b6116b48c33610,003b3996b4b5123feea0cb96c58cffd56341d5bb2d4055f243af2ed7967403ef,95da5e394acc3998,78f4f6d4d89ee6f6,c592120c7f5b786d,f9cc505042e2f062,c0781b931f666d72,909886e4d490d0e1,903947ae2af12dc7,b9f0b8bdf5f5cc60,c08f0b6e1f996c8d,e1d090d4e4869890,90c747792a0e3d3e,60ccf5f5bdb8f0b9,95255ec45a333967,f6e69ed8d4f6f478,c56c12f37fa46892,62f0e2425050ccf9
Training/notumor/Tr-no_819.jpg,Training,notumor,14989,True,,9a1a7d12c935c0029511710dba377c2d37ecf4924ec19c1644b6116b48c33610,003b3996b4b5123feea0cb96c58cffd56341d5bb2d4055f243af2ed7967403ef,95da5e394acc3998,78f4f6d4d89ee6f6,c592120c7f5b786d,f9cc505042e2f062,c0781b931f666d72,909886e4d490d0e1,903947ae2af12dc7,b9f0b8bdf5f5cc60,c08f0b6e1f996c8d,e1d090d4e4869890,90c747792a0e3d3e,60ccf5f5bdb8f0b9,95255ec45a333967,f6e69ed8d4f6f478,c56c12f37fa46892,62f0e2425050ccf9
Training/meningioma/Tr-me_1101.jpg,Training,meningioma,21706,True,,09b9031e30e757eb6e648686f0ca412357e86895ebbc52d300d2d0a9305fd417,005e86b7e02be720160064ce82191d0e51926a4136f8f7037275e7e430fa9583,97876a4c619b256d,b060dcd8e0d479b2,c4c66b7b352cf430,12e9e4e098d47182,c23d3be6343170c7,b261d4f8e4c4f932,916c7ed960a6b19a,8271d4e6f8d86890,c2f23f1b34ce7038,32f9c4e4f8d461b2,91937e6e6059b165,9068d8f8e6d47182,97786eb371642592,b279d4e0d8dc60b0,c4392b8431f3e4cf,8271d498e0e4e912
Training/meningioma/Tr-me_836.jpg,Training,meningioma,21706,True,,09b9031e30e757eb6e648686f0ca412357e86895ebbc52d300d2d0a9305fd417,005e86b7e02be720160064ce82191d0e51926a4136f8f7037275e7e430fa9583,97876a4c619b256d,b060dcd8e0d479b2,c4c66b7b352cf430,12e9e4e098d47182,c23d3be6343170c7,b261d4f8e4c4f932,916c7ed960a6b19a,8271d4e6f8d86890,c2f23f1b34ce7038,32f9c4e4f8d461b2,91937e6e6059b165,9068d8f8e6d47182,97786eb371642592,b279d4e0d8dc60b0,c4392b8431f3e4cf,8271d498e0e4e912
Testing/meningioma/Te-me_165.jpg,Testing,meningioma,32492,True,,b981ea69aea30d8a852c1eed9f64a190a101c6f2b9b1d26b16d0864251d5ecb9,005f6e80a07e46a6cacfeb127e820e928893176488762bada9b431a2634438a9,c50a1fdd2a1e2af8,74deaaab9296444e,916e0bca5f4b6c46,f194a690b8bada7a,90a04a777eb47f50,8ddd96b62a2a84d1,c4c65e602ae13bed,a1a4a2e2e69ad670,905f42887e4b7dac,d1842a2ab696dd8d,c43b5e9f2a1e3a12,70d69ae6e2a2a4a1,c5f51f222be16a07,4e449692abaade74,91910b357fb46eb0,7adabab890a694f1
Training/meningioma/Tr-me_1112.jpg,Training,meningioma,23295,True,,fad1650afc5dc5512c9215f9f48dc1008498bba45510289e6df9922b120dcae7,005f6e80a07e46a6cacfeb127e820e928893176488762bada9b431a2634438a9,c50a1fdd2a1e2af8,74deaaab9296444e,916e0bca5f4b6c46,f194a690b8bada7a,90a04a777eb47f50,8ddd96b62a2a84d1,c4c65e602ae13bed,a1a4a2e2e69ad670,905f42887e4b7dac,d1842a2ab696dd8d,c43b5e9f2a1e3a12,70d69ae6e2a2a4a1,c5f51f222be16a07,4e449692abaade74,91910b357fb46eb0,7adabab890a694f1
Testing/meningioma/Te-me_81.jpg,Testing,meningioma,17464,True,,36f571bbd7db967e68e0e0bddba8f81ee825221e166dad668c8323c557129f9b,00753177560d1c94258311d57a47f6b7d4bcfa0108b8419923113bafe1690b4f,d50b1b9b2ae46ce4,71d0a6aab2baaaaa,95780f477a78680f,78eab29acaa2faf8,80a14e337f4e794e,aaaaa2b2aa9af470,c0d25ae52fd22da5,e0a0baaca6b2a8e1,805e4ecc6fb139b1,70f49aaab2a2aaaa,c02f5a1a2f2d3d5a,e1a8b2a6acbaa0e0,d5f41b642a1b6c1b,aaaabab2aaa6d071,95870fb07a8778f0,f8faa2ca9ab2ea78
Training/meningioma/Tr-me_740.jpg,Training,meningioma,13287,True,,18f69cb88362d858b70ef6e119ad2676bb82a0e5e4103352949fc6ee8a2d9b8d,00753177560d1c94258311d57a47f6b7d4bcfa0108b8419923113bafe1690b4f,d50b1b9b2ae46ce4,71d0a6aab2baaaaa,95780f477a78680f,78eab29acaa2faf8,80a14e337f4e794e,aaaaa2b2aa9af470,c0d25ae52fd22da5,e0a0baaca6b2a8e1,805e4ecc6fb139b1,70f49aaab2a2aaaa,c02f5a1a2f2d3d5a,e1a8b2a6acbaa0e0,d5f41b642a1b6c1b,aaaabab2aaa6d071,95870fb07a8778f0,f8faa2ca9ab2ea78
Training/notumor/Tr-no_1169.jpg,Training,notumor,16920,True,,0ff6650a53df2b89b4e569a7490843229227db14f5fc46fe99afdc789d058796,00828b3d2cb358b8f0f38365a3ae828f1c8f401f393c41c119c7e0f3a4af28ab,c35904281fcb4fcf,d0c86849e88de8e8,853810b75fde8f30,f898f64246669af4,96f351824e615e67,e8e84c6869e9acf4,d093451d0a7edb9a,d0a6999dbd90e6e0,960c517d4e9e5e98,f4ace969684ce8e8,d06f45e20a8bdb65,e0e690bd9d99a6d0,c3a604d71f344f72,e8e88de84968c8d0,85c710485f2b8fcf,f49a664642f698f8
Training/notumor/Tr-no_594.jpg,Training,notumor,13765,True,,917104b021c0753870d708b6f50260397d6b8c0c1eaed6ab598635d014d2a1b6,00828b3d2cb358b8f0f38365a3ae828f1c8f401f393c41c119c7e0f3a4af28ab,c35904281fcb4fcf,d0c86849e88de8e8,853810b75fde8f30,f898f64246669af4,96f351824e615e67,e8e84c6869e9acf4,d093451d0a7edb9a,d0a6999dbd90e6e0,960c517d4e9e5e98,f4ace969684ce8e8,d06f45e20a8bdb65,e0e690bd9d99a6d0,c3a604d71f344f72,e8e88de84968c8d0,85c710485f2b8fcf,f49a664642f698f8
Training/notumor/Tr-no_1326.jpg,Training,notumor,36062,True,,c5482c04ad0af03abc08de261901fdaa6811a99ca11a270e8dc89c550e3ccdfa,0084336c67b1ea3dd7f1a4a590dd95c9f09e2a1e33d1f5877e68d809760cd3f1,c77a38e56486665a,b279e8e8c0c470b2,94247a9e6161c76f,8070cc96b6ec7982,96d06d4f312c33f2,b2f1ccece8e861b2,c18f2f3434cb92cd,8261c89096cc7102,922f6db031d3330f,b261e8e8ecccf1b2,c1712fcb34b4933a,0271cc9690c86182,c785385a657966a5,b270c4c0e8e879b2,94db7a61619ec790,8279ecb696cc7080
Training/notumor/Tr-no_411.jpg,Training,notumor,36062,True,,c5482c04ad0af03abc08de261901fdaa6811a99ca11a270e8dc89c550e3ccdfa,0084336c67b1ea3dd7f1a4a590dd95c9f09e2a1e33d1f5877e68d809760cd3f1,c77a38e56486665a,b279e8e8c0c470b2,94247a9e6161c76f,8070cc96b6ec7982,96d06d4f312c33f2,b2f1ccece8e861b2,c18f2f3434cb92cd,8261c89096cc7102,922f6db031d3330f,b261e8e8ecccf1b2,c1712fcb34b4933a,0271cc9690c86182,c785385a657966a5,b270c4c0e8e879b2,94db7a61619ec790,8279ecb696cc7080
Training/pituitary/Tr-pi_1399.jpg,Training,pituitary,49394,True,,2ff387b9c84bad104f2f095f9832781f634931e584e02a1afab513037079eea5,009e08d4f0b81eddd7f820a5a886d1d0196948aaf18e5d47368232273df6642e,954a356b55255b95,d2bdece4202b769e,91e5357e527256c1,9466aac8d07495d8,c1e074c7109f1e3f,86912bfbd8c842b4,d40f61fe05d807ea,e456d1f4ecaa99d6,c15f74be10721ee1,b442c8d8fb2b9186,d4f0612f07371795,d699aaecf4d156e4,95b5319455da536a,9e762b20e4ecbdd2,815a34ab52ad52bf,d89574d0c8aa6694
Training/pituitary/Tr-pi_195.jpg,Training,pituitary,49394,True,,2ff387b9c84bad104f2f095f9832781f634931e584e02a1afab513037079eea5,009e08d4f0b81eddd7f820a5a886d1d0196948aaf18e5d47368232273df6642e,954a356b55255b95,d2bdece4202b769e,91e5357e527256c1,9466aac8d07495d8,c1e074c7109f1e3f,86912bfbd8c842b4,d40f61fe05d807ea,e456d1f4ecaa99d6,c15f74be10721ee1,b442c8d8fb2b9186,d4f0612f07371795,d699aaecf4d156e4,95b5319455da536a,9e762b20e4ecbdd2,815a34ab52ad52bf,d89574d0c8aa6694
Testing/meningioma/Te-me_187.jpg,Testing,meningioma,27186,True,,9cae4b313ce3331190a0d872b36cd7b023737156a29c681e13ef9384828478f9,00c9b8a906cad611669bed99f028a1e6fdd28d75d9bee58780c6b650536a4eca,91b34e4c3d9d6ce0,61cc8c189cc6d071,c5cc4b333ee16133,71e0f2b6ae9cdc61,c4191be76837394e,70f49cc6e7cecc39,90661e996b6b3599,79c4c68a92b0f871,c4e61f1968c839b7,39cccee7c69cf470,90991e666b953576,71f8b0928ac6c479,914c4eb33d626c1f,71d0c69c188ccc61,c5334bcc3e3e60cc,61dc9caeb6f2e071
Training/meningioma/Tr-me_52.jpg,Training,meningioma,24297,True,,ac3b5057b4ed5d49532b1a442243bdb6cc9e5ccf417421c0a0fbf7478a50c504,00c9b8a906cad611669bed99f028a1e6fdd28d75d9bee58780c6b650536a4eca,91b34e4c3d9d6ce0,61cc8c189cc6d071,c5cc4b333ee16133,71e0f2b6ae9cdc61,c4191be76837394e,70f49cc6e7cecc39,90661e996b6b3599,79c4c68a92b0f871,c4e61f1968c839b7,39cccee7c69cf470,90991e666b953576,71f8b0928ac6c479,914c4eb33d626c1f,71d0c69c188ccc61,c5334bcc3e3e60cc,61dc9caeb6f2e071
Testing/meningioma/Te-me_61.jpg,Testing,meningioma,33797,True,,b8a42737f41cb71d02cc8f6ea840c15f91ec938639d089be773149eb7cd878a6,00e4e2da06e78678a9d5e0ce5ed847eb36117c0dcf952e389a445b1143d8501b,901a7f616de532a6,79f8f0f0e0c8cce4,85c33f1d68d263c3,38fccac4c4c2fc38,c5b02ecb384f674c,d8cce8f8f0f0e061,d0696ab73d583469,e2c0bcd8dc8cc0e1,c54f2a3438b067f3,61e0f0f0f8e8ccd8,d0976a483da73696,e1c08cdcd8bcc0e2,90e57b9e6d1a3059,e4ccc8e0f0f0f879,853c3fe2682d633c,38fcc2c4c4cafc38
Training/meningioma/Tr-me_714.jpg,Training,meningioma,23698,True,,1db9c81ca21c0ec3f145865ef84c439d9e3fd951b8478cef6a3a2d31a6e7c5d1,00e4e2da06e78678a9d5e0ce5ed847eb36117c0dcf952e389a445b1143d8501b,901a7f616de532a6,79f8f0f0e0c8cce4,85c33f1d68d263c3,38fccac4c4c2fc38,c5b02ecb384f674c,d8cce8f8f0f0e061,d0696ab73d583469,e2c0bcd8dc8cc0e1,c54f2a3438b067f3,61e0f0f0f8e8ccd8,d0976a483da73696,e1c08cdcd8bcc0e2,90e57b9e6d1a3059,e4ccc8e0f0f0f879,853c3fe2682d633c,38fcc2c4c4cafc38
Testing/meningioma/Te-me_167.jpg,Testing,meningioma,12380,True,,0b2a2b578be6b8a5a897047a580f4c331a4ce7999585866bb41e22e46c536cd2,010cd2c6b4c47fee1c19cd54405a3f40b336b753c0dc8f2b1f95a8e04ccd0345,80375f693ab07c65,71d48e8d8b86d070,84cc5f9138de68ce,70cea6a69ecee471,d59c0ac36f1a21cf,f1f48e2e4e8ed471,d1660a3b6d363d64,61d884869a9a8cf1,d5630a3c6fe52d30,71d48e4e2e8ef4f1,d1990ac46dc93d9b,f18c9a9a8684d861,80c95f963a4f749a,70d0868b8d8ed471,84335f6e3a636871,71e4ce9ea6a6ce70
Training/meningioma/Tr-me_239.jpg,Training,meningioma,9268,True,,96c69ebadfc6c5a736937c6bdf11983ebf111d0cd9f738b1c1aafa96dc61f551,010cd2c6b4c47fee1c19cd54405a3f40b336b753c0dc8f2b1f95a8e04ccd0345,80375f693ab07c65,71d48e8d8b86d070,84cc5f9138de68ce,70cea6a69ecee471,d59c0ac36f1a21cf,f1f48e2e4e8ed471,d1660a3b6d363d64,61d884869a9a8cf1,d5630a3c6fe52d30,71d48e4e2e8ef4f1,d1990ac46dc93d9b,f18c9a9a8684d861,80c95f963a4f749a,70d0868b8d8ed471,84335f6e3a636871,71e4ce9ea6a6ce70
Testing/meningioma/Te-me_126.jpg,Testing,meningioma,18058,True,,15a557c6c92879340272c82ea514712faecbccf15b3f08c9070040b8e685d66f,010fe2126de99c8676fcbbad2763427a8c15cbc3b2ab26329ddc4f3b606e1389,8ffc544c0ef2c313,b6b649696949b2d4,c689449ad8078ffd,e48e4dd41c6d8ec4,db5601e65b5896b8,d4b26d69696d9292,932711308daddad7,dc8e49c7d44d8ed8,daa901195be79647,92926d69696db2d4,93dc11cf8d52daa8,d88e4dd4c7498edc,8f0354b30e4dc3ed,d4b249696949b6b6,c6764465d8f88f83,c48e6d1cd44d8ee4
Training/meningioma/Tr-me_845.jpg,Training,meningioma,13451,True,,699fa8d35abf23b9730f03bf92107d3414ce08bd874546a16825a3d5c4724f0c,010fe2126de99c8676fcbbad2763427a8c15cbc3b2ab26329ddc4f3b606e1389,8ffc544c0ef2c313,b6b649696949b2d4,c689449ad8078ffd,e48e4dd41c6d8ec4,db5601e65b5896b8,d4b26d69696d9292,932711308daddad7,dc8e49c7d44d8ed8,daa901195be79647,92926d69696db2d4,93dc11cf8d52daa8,d88e4dd4c7498edc,8f0354b30e4dc3ed,d4b249696949b6b6,c6764465d8f88f83,c48e6d1cd44d8ee4
Testing/notumor/Te-no_19.jpg,Testing,notumor,4846,True,,ef2f7507165014601bea07a28f4e43913d07164f5f391ab81ea6fcb2fe7c9ae1,0148faed01550144879ddb3dbf86e24c071f84a6e67cb60e3c9e9ea877950de5,97e7681c25726399,3070d4ccf4747132,c1996e6a313fc634,02f1e4babae06102,c24d3db670d83237,b271d0d0ccd47130,943b3bc0648f939e,0278f8a2a2d87082,c2b23d4d702736dc,3071d4ccd0d071b2,94cc3b3f64729361,8270d8a2a2f87802,971868e3658d6766,327174f4ccd47030,c1666e9531d8c6cb,0261e0babae4f102
Testing/notumor/Te-no_373.jpg,Testing,notumor,4851,True,,f9c32ab22c24121cdfc9e4b27f87f96eb9bdb8ca97658d30d6c18d30ba5d8975,0148faed01550144879ddb3dbf86e24c071f84a6e67cb60e3c9e9ea877950de5,c24d3db670d83237,b271d0d0ccd47130,943b3bc0648f939e,0278f8a2a2d87082,97e7681c25726399,3070d4ccf4747132,c1996e6a313fc634,02f1e4babae06102,971868e3658d6766,327174f4ccd47030,c1666e9531d8c6cb,0261e0babae4f102,c2b23d4d702736dc,3071d4ccd0d071b2,94cc3b3f64729361,8270d8a2a2f87802
Training/pituitary/Tr-pi_221.jpg,Training,pituitary,32090,True,,7d0738e4f6493b449e20a147b80f674c589dc478dd6b5ccd4fb6ea1c329f0cfe,0157df60bbc55f0545cbe9ff034bac10db42f6e0d534b6c51eca71f8af3ccda6,d40b523e2bf57826,79dcba5464b224d4,84591f495a6a79b3,70d6eae1dce2c4ec,81a107967e5f3d8c,c4dab2c995a2c461,d1f34ae30fc82c99,c8ccb8c448a890f0,815e076b7ea02d73,61c4a295c9b2dac4,d10c4a1e0f3f3ce6,f090a848c4b8ccc8,d4f452c52f0a78d9,d424b26454badc79,84a61fb65a95794c,ecc4e2dce1ead670
Training/pituitary/Tr-pi_430.jpg,Training,pituitary,32090,True,,7d0738e4f6493b449e20a147b80f674c589dc478dd6b5ccd4fb6ea1c329f0cfe,0157df60bbc55f0545cbe9ff034bac10db42f6e0d534b6c51eca71f8af3ccda6,d40b523e2bf57826,79dcba5464b224d4,84591f495a6a79b3,70d6eae1dce2c4ec,81a107967e5f3d8c,c4dab2c995a2c461,d1f34ae30fc82c99,c8ccb8c448a890f0,815e076b7ea02d73,61c4a295c9b2dac4,d10c4a1e0f3f3ce6,f090a848c4b8ccc8,d4f452c52f0a78d9,d424b26454badc79,84a61fb65a95794c,ecc4e2dce1ead670
Training/pituitary/Tr-pi_883.jpg,Training,pituitary,32090,True,,7d0738e4f6493b449e20a147b80f674c589dc478dd6b5ccd4fb6ea1c329f0cfe,0157df60bbc55f0545cbe9ff034bac10db42f6e0d534b6c51eca71f8af3ccda6,d40b523e2bf57826,79dcba5464b224d4,84591f495a6a79b3,70d6eae1dce2c4ec,81a107967e5f3d8c,c4dab2c995a2c461,d1f34ae30fc82c99,c8ccb8c448a890f0,815e076b7ea02d73,61c4a295c9b2dac4,d10c4a1e0f3f3ce6,f090a848c4b8ccc8,d4f452c52f0a78d9,d424b26454badc79,84a61fb65a95794c,ecc4e2dce1ead670
Training/notumor/Tr-no_1244.jpg,Training,notumor,14368,True,,17bd1588f84aafbccb846c974ae1f24cef5ce6f0fc0f32a4417af50bfe9f52cd,01732e43bccbf0e6b396ba7d2de6a846929eb4c5b5ad86580be411752eee7845,91971ed87a24795c,70d0d4d6b0d2f0f0,d0e40e473b9b683d,78e4aaa8a8a8e070,c42d4b722f8e3ce2,f0f0b4f094d4f471,854e5ba46e303d97,f1f8eaeaeaaad8e1,c4d24b8d2f713c1d,71f4d494f0b4f0f0,85b15b126ece3d68,e1d8aaeaeaeaf8f1,91681e276adb69a3,f0f0d2b0d6d4d070,d01b0efb3b6568c2,70e0a8a8a8aae478
Training/notumor/Tr-no_1392.jpg,Training,notumor,14368,True,,17bd1588f84aafbccb846c974ae1f24cef5ce6f0fc0f32a4417af50bfe9f52cd,01732e43bccbf0e6b396ba7d2de6a846929eb4c5b5ad86580be411752eee7845,91971ed87a24795c,70d0d4d6b0d2f0f0,d0e40e473b9b683d,78e4aaa8a8a8e070,c42d4b722f8e3ce2,f0f0b4f094d4f471,854e5ba46e303d97,f1f8eaeaeaaad8e1,c4d24b8d2f713c1d,71f4d494f0b4f0f0,85b15b126ece3d68,e1d8aaeaeaeaf8f1,91681e276adb69a3,f0f0d2b0d6d4d070,d01b0efb3b6568c2,70e0a8a8a8aae478
Training/notumor/Tr-no_781.jpg,Training,notumor,14368,True,,17bd1588f84aafbccb846c974ae1f24cef5ce6f0fc0f32a4417af50bfe9f52cd,01732e43bccbf0e6b396ba7d2de6a846929eb4c5b5ad86580be411752eee7845,91971ed87a24795c,70d0d4d6b0d2f0f0,d0e40e473b9b683d,78e4aaa8a8a8e070,c42d4b722f8e3ce2,f0f0b4f094d4f471,854e5ba46e303d97,f1f8eaeaeaaad8e1,c4d24b8d2f713c1d,71f4d494f0b4f0f0,85b15b126ece3d68,e1d8aaeaeaeaf8f1,91681e276adb69a3,f0f0d2b0d6d4d070,d01b0efb3b6568c2,70e0a8a8a8aae478
Testing/meningioma/Te-me_208.jpg,Testing,meningioma,32046,True,,b31d723ab6491c8da12fddc8b756b398e5f35cf08f063f092b1a8c7cbc2d78c3,017fb9af717c4ca346185bc049f67064e28ab518161bd73ffd912e7896df928e,c23f2df0700f36d8,107069ccd4cc71b2,91667aa46599c69b,8239ecc6ceec3982,9795785a25a56372,b271ccd4cc697010,c4cd2f3e30739331,8260c88c9cc86084,976a78a5255a638d,107069ccd4cc71b2,c4332ff130cc93ce,8460c89c8cc86082,c2c43d1f70f03667,b271ccd4cc697010,91997a5b6566c664,8239eccec6ec3982
Training/meningioma/Tr-me_421.jpg,Training,meningioma,23728,True,,f260fc621e5ae555a5eaaab2dcb29d491386a3849191b0ff9556bdf18a5ada76,017fb9af717c4ca346185bc049f67064e28ab518161bd73ffd912e7896df928e,c23f2df0700f36d8,107069ccd4cc71b2,91667aa46599c69b,8239ecc6ceec3982,9795785a25a56372,b271ccd4cc697010,c4cd2f3e30739331,8260c88c9cc86084,976a78a5255a638d,107069ccd4cc71b2,c4332ff130cc93ce,8460c89c8cc86082,c2c43d1f70f03667,b271ccd4cc697010,91997a5b6566c664,8239eccec6ec3982
Testing/meningioma/Te-me_219.jpg,Testing,meningioma,24573,True,,10349e0d5645628fe11b685fdb2396ebb7100a8257cd5d8f1e488bb8d92c131b,0190e1c64886433d8c3b4784059daaca7f2d73f5dea57117e2fbe7f1671c6344,959a454e169b6b8b,f4ae555c6d2baaec,c5cd023357475f58,ccb233521a5296e4,c07014e7c37d3e65,c8aa2b4945558ad0,9867579902ed0af3,d896b5273533b2cc,c0cf101b43ce3ede,d08a5545492baac8,98dd576606371a1d,ccb2333527b596d8,956545b196646b75,ecaa2b6d5c55aef4,c53202cc57b85fa7,e496521a5233b2cc
Training/meningioma/Tr-me_920.jpg,Training,meningioma,22860,True,,dcdedbce322da66be987e07d9595a8ed0f27df8ab9c06e450299c87caf20ead7,0190e1c64886433d8c3b4784059daaca7f2d73f5dea57117e2fbe7f1671c6344,959a454e169b6b8b,f4ae555c6d2baaec,c5cd023357475f58,ccb233521a5296e4,c07014e7c37d3e65,c8aa2b4945558ad0,9867579902ed0af3,d896b5273533b2cc,c0cf101b43ce3ede,d08a5545492baac8,98dd576606371a1d,ccb2333527b596d8,956545b196646b75,ecaa2b6d5c55aef4,c53202cc57b85fa7,e496521a5233b2cc
Training/notumor/Tr-no_433.jpg,Training,notumor,51558,True,,fb32f456cca40bf1867369a4abcae84ff15d634bc56637a568d09449114f95ae,0193a8097784027728d57ed51573bcf3fbcec4f2625e1152e2585f7e9d602afa,933e6a616ccb308f,69f8f8f8cccce871,85c27a3d6d94e568,33f0e0e4e6f4f033,c6943fcb39616c25,71e8cccce0e0e069,d0692f973a3eb0c2,33e0d098d8f8f031,c66b3b34389e60da,69e0e0e0cccce871,d0962f683ae3b03d,31f0f8d898d0e033,93c16e9e6c343d70,71e8ccccf8f8f869,853c7ac26d49e595,33f0f4e6e4e0f033
Training/notumor/Tr-no_492.jpg,Training,notumor,51558,True,,fb32f456cca40bf1867369a4abcae84ff15d634bc56637a568d09449114f95ae,0193a8097784027728d57ed51573bcf3fbcec4f2625e1152e2585f7e9d602afa,933e6a616ccb308f,69f8f8f8cccce871,85c27a3d6d94e568,33f0e0e4e6f4f033,c6943fcb39616c25,71e8cccce0e0e069,d0692f973a3eb0c2,33e0d098d8f8f031,c66b3b34389e60da,69e0e0e0cccce871,d0962f683ae3b03d,31f0f8d898d0e033,93c16e9e6c343d70,71e8ccccf8f8f869,853c7ac26d49e595,33f0f4e6e4e0f033
Testing/glioma/Te-gl_212.jpg,Testing,glioma,47089,True,,c711a606ec66e74a2bbe5721727a3deeb2fd9e4b20aa50c99afd65d7dea42541,01a271b378947f5aaebd8a0a45956b618fc1e785103dfb4fd0e08acfcdbde593,d40a51553bc60e7f,f0a661612bb48e8e,846e094e4b7e4fc6,eb9644686c4496da,81a044ff6e685bd5,8e8ed22b79798af0,d1e05cec1ed61a6c,a496ddc9e9dd9628,815f44047ed75f2a,f08a79792bd28e8e,d13f5c131e391a93,2896dde9c9dd96a4,d4f551ae3b3d0e80,8e8eb42b6161a6f0,84b509b94b974f39,da96446c684496eb
Testing/glioma/Te-gl_272.jpg,Testing,glioma,47089,True,,c711a606ec66e74a2bbe5721727a3deeb2fd9e4b20aa50c99afd65d7dea42541,01a271b378947f5aaebd8a0a45956b618fc1e785103dfb4fd0e08acfcdbde593,d40a51553bc60e7f,f0a661612bb48e8e,846e094e4b7e4fc6,eb9644686c4496da,81a044ff6e685bd5,8e8ed22b79798af0,d1e05cec1ed61a6c,a496ddc9e9dd9628,815f44047ed75f2a,f08a79792bd28e8e,d13f5c131e391a93,2896dde9c9dd96a4,d4f551ae3b3d0e80,8e8eb42b6161a6f0,84b509b94b974f39,da96446c684496eb
Testing/glioma/Te-gl_338.jpg,Testing,glioma,47089,True,,c711a606ec66e74a2bbe5721727a3deeb2fd9e4b20aa50c99afd65d7dea42541,01a271b378947f5aaebd8a0a45956b618fc1e785103dfb4fd0e08acfcdbde593,d40a51553bc60e7f,f0a661612bb48e8e,846e094e4b7e4fc6,eb9644686c4496da,81a044ff6e685bd5,8e8ed22b79798af0,d1e05cec1ed61a6c,a496ddc9e9dd9628,815f44047ed75f2a,f08a79792bd28e8e,d13f5c131e391a93,2896dde9c9dd96a4,d4f551ae3b3d0e80,8e8eb42b6161a6f0,84b509b94b974f39,da96446c684496eb
Testing/glioma/Te-gl_233.jpg,Testing,glioma,35688,True,,f99b13c4e56cbca5167f449103b92ca2d7d91c6e7bcd3edb03814ff03dec5a02,01cd6e265b7981f9bf2158e46973071a399526b598f015d98ec57f3f47fbbfd3,96493e2d3966387c,70e8d4d4d0c4ec7c,80bb3f547a4aa4a7,00f8eca8ecc4e001,c3e36b876ccc6192,c0c8dcf4d4d4e871,d5116afe2ee0f105,01f8dcc86ac8e001,c31c6b786c336d61,71e8d4d4f4dcc8c0,d5ee6a012c1cf1f2,01e0c86ac8dcf801,96b63ed2389938c3,7cecc4d0d4d4e870,80453fab7bb5a458,01e0c4eca8ecf800
Training/glioma/Tr-gl_420.jpg,Training,glioma,27448,True,,37914bc658c50ba2ca1ae4f1a57a8ee9421edcd49159dba28d60212abd3a229b,01cd6e265b7981f9bf2158e46973071a399526b598f015d98ec57f3f47fbbfd3,96493e2d3966387c,70e8d4d4d0c4ec7c,80bb3f547a4aa4a7,00f8eca8ecc4e001,c3e36b876ccc6192,c0c8dcf4d4d4e871,d5116afe2ee0f105,01f8dcc86ac8e001,c31c6b786c336d61,71e8d4d4f4dcc8c0,d5ee6a012c1cf1f2,01e0c86ac8dcf801,96b63ed2389938c3,7cecc4d0d4d4e870,80453fab7bb5a458,01e0c4eca8ecf800
Testing/meningioma/Te-me_171.jpg,Testing,meningioma,24340,True,,ea3bd80a786c4d44d3ed6c16fdcfd829fa7045d0227c623dc3ee1ef86f7adb39,01e8b09150b3fca95172736329ae9916cbec89d536739a8b204430a2526b4bda,c439594f3a6aca39,70c8ccccece0eac4,82494d967f6b1e0e,f0dbd5ddddadcd70,91930ce56fc09f93,d4a8f8c8ccccecf1,d7e3183c2ac54be4,f14c4a44445424f0,906c0c1a6f3b9f6c,f1ecccccc8f8a8d4,d71c18c32a3a4bdb,f0245444444a4cf1,c5c759b03a95cac6,c4eae0ecccccc870,82b64d697f905e31,70cdadddddd5dbf0
Training/meningioma/Tr-me_453.jpg,Training,meningioma,18781,True,,80dc72314701e8e722242e0e012c4c67f3a6d38b61138a9a01e251ae779190a4,01e8b09150b3fca95172736329ae9916cbec89d536739a8b204430a2526b4bda,c439594f3a6aca39,70c8ccccece0eac4,82494d967f6b1e0e,f0dbd5ddddadcd70,91930ce56fc09f93,d4a8f8c8ccccecf1,d7e3183c2ac54be4,f14c4a44445424f0,906c0c1a6f3b9f6c,f1ecccccc8f8a8d4,d71c18c32a3a4bdb,f0245444444a4cf1,c5c759b03a95cac6,c4eae0ecccccc870,82b64d697f905e31,70cdadddddd5dbf0
Training/notumor/Tr-no_115.jpg,Training,notumor,161038,True,,73a882655ceb0a5b8d3f4beea54d9ab58aa36e1021e7807dbb1c72617d4dfecc,02084cde41cc8ed010fbaa3371c36472c805896aaac5b311ef2f545d0579410a,867e79b13e816985,79f0e0eccccce8e8,959d7a876a36c8c8,78fcf4ccc4f0fc38,d3d42c1b2b0b3c2f,e8e8ccccc8f8f060,c0332f293f9c9d62,e0c0f0dcccd0c0e1,d32b2ce46bd43cd0,60f0f8c8cccce8e8,c0c02bd23f639d9d,e1c0d0ccdcf0c0e0,8681794e3e3e693a,e8e8ccccece0f079,95627a786ac9c837,38fcf0c4ccf4fc78
Training/notumor/Tr-no_1188.jpg,Training,notumor,161038,True,,73a882655ceb0a5b8d3f4beea54d9ab58aa36e1021e7807dbb1c72617d4dfecc,02084cde41cc8ed010fbaa3371c36472c805896aaac5b311ef2f545d0579410a,867e79b13e816985,79f0e0eccccce8e8,959d7a876a36c8c8,78fcf4ccc4f0fc38,d3d42c1b2b0b3c2f,e8e8ccccc8f8f060,c0332f293f9c9d62,e0c0f0dcccd0c0e1,d32b2ce46bd43cd0,60f0f8c8cccce8e8,c0c02bd23f639d9d,e1c0d0ccdcf0c0e0,8681794e3e3e693a,e8e8ccccece0f079,95627a786ac9c837,38fcf0c4ccf4fc78
Training/notumor/Tr-no_1140.jpg,Training,notumor,33685,True,,ca5a51914cad005d72af57fa6c9142fc9d650ca06ba23f3e839991c3fa4c8b36,0210cf467efdb3e2826f76479931ae140f01834e86ca6360afb345e3a2cebc3a,ce393dc6308d369a,b279f8f0e8e0f0b2,956b6a94e5499393,8670f8f0f0f87006,9b93686c65676331,b270f8e8f0e060b2,c0c13f3eb0e3c639,1ef1e0f0f0e07106,9b6c6893659863ce,b260e0f0e8f870b2,c03e3fc1b01cc6cf,0671e0f0f0e0f11e,cec63d3931323665,b2f0e0e8f0f879b2,95906a6be5b69364,0670f8f0f0f87086
Training/notumor/Tr-no_749.jpg,Training,notumor,33685,True,,ca5a51914cad005d72af57fa6c9142fc9d650ca06ba23f3e839991c3fa4c8b36,0210cf467efdb3e2826f76479931ae140f01834e86ca6360afb345e3a2cebc3a,ce393dc6308d369a,b279f8f0e8e0f0b2,956b6a94e5499393,8670f8f0f0f87006,9b93686c65676331,b270f8e8f0e060b2,c0c13f3eb0e3c639,1ef1e0f0f0e07106,9b6c6893659863ce,b260e0f0e8f870b2,c03e3fc1b01cc6cf,0671e0f0f0e0f11e,cec63d3931323665,b2f0e0e8f0f879b2,95906a6be5b69364,0670f8f0f0f87086
Training/notumor/Tr-no_931.jpg,Training,notumor,33685,True,,ca5a51914cad005d72af57fa6c9142fc9d650ca06ba23f3e839991c3fa4c8b36,0210cf467efdb3e2826f76479931ae140f01834e86ca6360afb345e3a2cebc3a,ce393dc6308d369a,b279f8f0e8e0f0b2,956b6a94e5499393,8670f8f0f0f87006,9b93686c65676331,b270f8e8f0e060b2,c0c13f3eb0e3c639,1ef1e0f0f0e07106,9b6c6893659863ce,b260e0f0e8f870b2,c03e3fc1b01cc6cf,0671e0f0f0e0f11e,cec63d3931323665,b2f0e0e8f0f879b2,95906a6be5b69364,0670f8f0f0f87086
Training/notumor/Tr-no_933.jpg,Training,notumor,72192,True,,ca0417b4c4dc6ac92ebdeeb71231b1a60a16299d04b7735c1bf725aa0649d8c2,021ac4b4365f7920c8c0ae2c0fae345dc6fe0db72cf25d704e43888a01ba26c5,950f453b0ee77630,c4d0e8e4ba989ee6,a4d9176c5a137e0b,f073e8a8a7a7ce6c,c0a592d15b6d2f9a,9086e6a2d0e8f0dc,d17346c60fbb0ba1,c88c1a1aeae811f0,c05a926e5bb22f65,dcf0e8d0a2e68690,f19c46390f462b5e,f011e8ea1a1a8cc8,95f045c40e387ecf,e69e98bae4e8d0c4,8426179358ee5ef4,6ccea7a7a8e873f0
Training/notumor/Tr-no_969.jpg,Training,notumor,72192,True,,ca0417b4c4dc6ac92ebdeeb71231b1a60a16299d04b7735c1bf725aa0649d8c2,021ac4b4365f7920c8c0ae2c0fae345dc6fe0db72cf25d704e43888a01ba26c5,950f453b0ee77630,c4d0e8e4ba989ee6,a4d9176c5a137e0b,f073e8a8a7a7ce6c,c0a592d15b6d2f9a,9086e6a2d0e8f0dc,d17346c60fbb0ba1,c88c1a1aeae811f0,c05a926e5bb22f65,dcf0e8d0a2e68690,f19c46390f462b5e,f011e8ea1a1a8cc8,95f045c40e387ecf,e69e98bae4e8d0c4,8426179358ee5ef4,6ccea7a7a8e873f0
Training/notumor/Tr-no_1000.jpg,Training,notumor,33408,True,,aa66d8e967787f1f68a537f5300e72131b53cc4706620d41e67f74b1eb53d931,021b5bf6fc19449b84774fb77227f36be159197aa55ed2cc3cd4cbf00909d8f7,916e5aa75a2d2cc5,e1e8eae8e8e8f878,919656576ea8786a,70f8f8f0d1d0f071,c4c40f0d0f87796f,e1e0e8e8e8a8e878,c43d03ff3f822dc0,71f0f47470e0e071,c43b0ff20f787990,78e8a8e8e8e8e0e1,c4c303023bfd2d3f,71e0e07074f4f071,95915a585ada3c7a,78f8e8e8e8eae8e1,916956a86e577895,71f0d0d1f0f8f870
Training/notumor/Tr-no_105.jpg,Training,notumor,33408,True,,aa66d8e967787f1f68a537f5300e72131b53cc4706620d41e67f74b1eb53d931,021b5bf6fc19449b84774fb77227f36be159197aa55ed2cc3cd4cbf00909d8f7,916e5aa75a2d2cc5,e1e8eae8e8e8f878,919656576ea8786a,70f8f8f0d1d0f071,c4c40f0d0f87796f,e1e0e8e8e8a8e878,c43d03ff3f822dc0,71f0f47470e0e071,c43b0ff20f787990,78e8a8e8e8e8e0e1,c4c303023bfd2d3f,71e0e07074f4f071,95915a585ada3c7a,78f8e8e8e8eae8e1,916956a86e577895,71f0d0d1f0f8f870
Testing/glioma/Te-gl_216.jpg,Testing,glioma,23156,True,,b054e1575bd5254d904f86d413f93f7ede36b16f01ce8119e060b6f707c6871f,0227fdfb167a806c84548a6708ab0820d56739171bb8dc3de9f901657af97e42,ce6c399364ce3319,94f079e0e0e07092,94336acce53396cc,0030f0ccf4f47100,9bc66c39316466b3,b2f0f8e8f860f094,c1993f66b099c366,0060d0d0c4d07200,9b396cc6319b664c,94f060f8e8f8f0b2,c1663f99b066c399,0072d0c4d0d06000,ce93396c643133e6,9270e0e0e079f094,94cc6a33e5cc9633,0071f4f4ccf03000
Testing/glioma/Te-gl_225.jpg,Testing,glioma,16385,True,,6864a3e2f7406bdef32f33aecfeeb19b0a5fe0ac92a6f7b09be01c2ddc255278,0227fdfb167a806c84548a6708ab0820d56739171bb8dc3de9f901657af97e42,ce6c399364ce3319,94f079e0e0e07092,94336acce53396cc,0030f0ccf4f47100,9bc66c39316466b3,b2f0f8e8f860f094,c1993f66b099c366,0060d0d0c4d07200,9b396cc6319b664c,94f060f8e8f8f0b2,c1663f99b066c399,0072d0c4d0d06000,ce93396c643133e6,9270e0e0e079f094,94cc6a33e5cc9633,0071f4f4ccf03000
Training/notumor/Tr-no_1154.jpg,Training,notumor,20545,True,,25dbc9664f03a7af82b74aec6c5497cd94dc5f6f639907656725d0ac88cfd111,024a5b3587301d87bd01d433c84758217fb3b7c73a14da09c7e02b4244562008,c00f3b202f9bb56e,e0e0e0e4e6829818,867e3ad969b46c90,6dece6e6f0d0ece2,95a56e8a7a38f4c4,e7e6be98d8f8f878,d3d46e71381c3837,98c8f4f09898c848,955a6e757ac6e018,78f8f8d898bee6e7,d32b6e8e3ce338c0,48c89898f0f4c898,c0f03bdf2e65a191,189882e6e4e0e0e0,86813b266d4b6d6b,e2ecd0f0e6e6ec6d
Training/notumor/Tr-no_1235.jpg,Training,notumor,20545,True,,25dbc9664f03a7af82b74aec6c5497cd94dc5f6f639907656725d0ac88cfd111,024a5b3587301d87bd01d433c84758217fb3b7c73a14da09c7e02b4244562008,c00f3b202f9bb56e,e0e0e0e4e6829818,867e3ad969b46c90,6dece6e6f0d0ece2,95a56e8a7a38f4c4,e7e6be98d8f8f878,d3d46e71381c3837,98c8f4f09898c848,955a6e757ac6e018,78f8f8d898bee6e7,d32b6e8e3ce338c0,48c89898f0f4c898,c0f03bdf2e65a191,189882e6e4e0e0e0,86813b266d4b6d6b,e2ecd0f0e6e6ec6d
Training/notumor/Tr-no_1360.jpg,Training,notumor,20545,True,,25dbc9664f03a7af82b74aec6c5497cd94dc5f6f639907656725d0ac88cfd111,024a5b3587301d87bd01d433c84758217fb3b7c73a14da09c7e02b4244562008,c00f3b202f9bb56e,e0e0e0e4e6829818,867e3ad969b46c90,6dece6e6f0d0ece2,95a56e8a7a38f4c4,e7e6be98d8f8f878,d3d46e71381c3837,98c8f4f09898c848,955a6e757ac6e018,78f8f8d898bee6e7,d32b6e8e3ce338c0,48c89898f0f4c898,c0f03bdf2e65a191,189882e6e4e0e0e0,86813b266d4b6d6b,e2ecd0f0e6e6ec6d
Training/notumor/Tr-no_854.jpg,Training,notumor,20545,True,,25dbc9664f03a7af82b74aec6c5497cd94dc5f6f639907656725d0ac88cfd111,024a5b3587301d87bd01d433c84758217fb3b7c73a14da09c7e02b4244562008,c00f3b202f9bb56e,e0e0e0e4e6829818,867e3ad969b46c90,6dece6e6f0d0ece2,95a56e8a7a38f4c4,e7e6be98d8f8f878,d3d46e71381c3837,98c8f4f09898c848,955a6e757ac6e018,78f8f8d898bee6e7,d32b6e8e3ce338c0,48c89898f0f4c898,c0f03bdf2e65a191,189882e6e4e0e0e0,86813b266d4b6d6b,e2ecd0f0e6e6ec6d
Training/pituitary/Tr-pi_464.jpg,Training,pituitary,37026,True,,8a4a14e666a67b90bf01bac1b85170bacf41fda33c7a7394d5e82e83c6f6f324,02836956176311e92fd3a82b5dec31bf80bfaaac9f198adc947547ce472fbcdc,d08557085e6f3ae9,e0f2499db7adaa08,c1d207551f936e9a,c8b2a0d01082daeb,d52f02a20fc56f47,efaa4a02466d90f0,947852ff4a393b30,28a4bef6f4eab2ec,c5d2025d0b3a6fbc,f0906d46024aaaef,948752804acf7bcf,ecb2eaf4f6bea428,907857f75e903a16,08aaadb79d49f2e0,c1ad07aa1f6c2e65,ebda8210d0a0b2c8
Training/pituitary/Tr-pi_75.jpg,Training,pituitary,37026,True,,8a4a14e666a67b90bf01bac1b85170bacf41fda33c7a7394d5e82e83c6f6f324,02836956176311e92fd3a82b5dec31bf80bfaaac9f198adc947547ce472fbcdc,d08557085e6f3ae9,e0f2499db7adaa08,c1d207551f936e9a,c8b2a0d01082daeb,d52f02a20fc56f47,efaa4a02466d90f0,947852ff4a393b30,28a4bef6f4eab2ec,c5d2025d0b3a6fbc,f0906d46024aaaef,948752804acf7bcf,ecb2eaf4f6bea428,907857f75e903a16,08aaadb79d49f2e0,c1ad07aa1f6c2e65,ebda8210d0a0b2c8
Testing/meningioma/Te-me_213.jpg,Testing,meningioma,26970,True,,c0ad227c9b3d1537b9264900413e3fe0a3ffdcded65a531450f1ba895ae1f8e2,028760b63ceed8b251730c385a297e3fdc89011daac344a5a227f20ee505fad7,97c24a6d3fbc64c0,31c88c2c4c8ef870,c58c1e733e61e827,71e0d4c6aad2cc64,c2791fc76a16316a,70e08ecdcbceec11,90264b9969cbbd8d,d9ccb4aa9cd4f871,c2961f386ae93995,11eccecbcd8ee070,90d94b666934bd72,71f8d49caab4ccd9,972c4a923f43643f,70f88e4c2c8cc831,c5731e8c3c9ee898,64ccd2aac6d4e071
Training/meningioma/Tr-me_489.jpg,Training,meningioma,23804,True,,29f768db76550147701feec1b895611e5bf285b3d7908187ce65e1c7d1609ddc,028760b63ceed8b251730c385a297e3fdc89011daac344a5a227f20ee505fad7,97c24a6d3fbc64c0,31c88c2c4c8ef870,c58c1e733e61e827,71e0d4c6aad2cc64,c2791fc76a16316a,70e08ecdcbceec11,90264b9969cbbd8d,d9ccb4aa9cd4f871,c2961f386ae93995,11eccecbcd8ee070,90d94b666934bd72,71f8d49caab4ccd9,972c4a923f43643f,70f88e4c2c8cc831,c5731e8c3c9ee898,64ccd2aac6d4e071
Testing/meningioma/Te-me_162.jpg,Testing,meningioma,9937,True,,b328f1679bf050f684a0a1f3b33805551b2ad2858a604308dee607c4643b3571,029993a22e96308a3241beb1f157ca99a1bc3e233a6f21700cdacd26dfe8f9b8,910666bb9acc6fb0,69ccf2b0795396f0,9d1133661e997a6c,70ceb3337331ea78,c4ec3311cf663a1b,f0922560b0b0cc68,c8b366cc0b332fc6,e1a8733133328ce1,841333ee8f993ae4,68ccb0b0602592f0,c8cc66334bcc2f39,e18c32333173a8e1,d1b166449a336f4e,f0965379b0f2cc69,9d2633991e667a92,78ea317333b3ce70
Training/meningioma/Tr-me_758.jpg,Training,meningioma,7177,True,,301c9f4242d3f7208d7099e307f6de9865b31d6b9d6d71a76e52344e9b84e90e,029993a22e96308a3241beb1f157ca99a1bc3e233a6f21700cdacd26dfe8f9b8,910666bb9acc6fb0,69ccf2b0795396f0,9d1133661e997a6c,70ceb3337331ea78,c4ec3311cf663a1b,f0922560b0b0cc68,c8b366cc0b332fc6,e1a8733133328ce1,841333ee8f993ae4,68ccb0b0602592f0,c8cc66334bcc2f39,e18c32333173a8e1,d1b166449a336f4e,f0965379b0f2cc69,9d2633991e667a92,78ea317333b3ce70
Testing/meningioma/Te-me_26.jpg,Testing,meningioma,54825,True,,8af45389729b1c164ceb212484e338aa6981922aaf14c78afc1d28762b19b2c9,02b5fc794bf108ba401948e0698afbd282e17cf828cac6a1ff1c239974858f78,c4ce1ab14bc5cc9e,e194a6a22e8ecc60,d73110ce6b386dc3,38ec9a6b6b6eacf1,91644f1b1e6d9935,e9cc8e8bba9ad678,829b456d3e923c6b,70ca892929a6c8e0,919b4ee41e9299cb,78d69aba8b8ecce9,8264459b3e6d38b7,e0c8a6292989ca70,c4331b4e5b3acc71,60cc8e2ea2a694e1,d7ce10306bc76d1c,f1ac6e6b6b9aec38
Training/meningioma/Tr-me_99.jpg,Training,meningioma,40788,True,,6ad9d32cdae2045bb1b09e49987220483033847ecd38c2a369a63bf4fab0194c,02b5fc794bf108ba401948e0698afbd282e17cf828cac6a1ff1c239974858f78,c4ce1ab14bc5cc9e,e194a6a22e8ecc60,d73110ce6b386dc3,38ec9a6b6b6eacf1,91644f1b1e6d9935,e9cc8e8bba9ad678,829b456d3e923c6b,70ca892929a6c8e0,919b4ee41e9299cb,78d69aba8b8ecce9,8264459b3e6d38b7,e0c8a6292989ca70,c4331b4e5b3acc71,60cc8e2ea2a694e1,d7ce10306bc76d1c,f1ac6e6b6b9aec38
Training/notumor/Tr-no_1070.jpg,Training,notumor,21850,True,,f3ce33b26a3784299fc2bc72215752b531bb1ff11e9b65dc39376039f8809f64,02d6f72a5c783eff7961e4294077412616e5e823e818d6f02da2ae6b4b4903c2,b1560cc51ce52afe,f8d89d9a38d74fb3,95aa87372bc2436b,ccd4d2b1ba8ecec2,e4f8596c494d7d44,320d14e3a644e4e0,d000d29d7f6976d1,bc8c8ea272b4d4cc,e407599049b07fbb,e0e444a6e3140d32,c0ffd2627e97002e,ccd4b472a28e8cbc,b1af0ebb1c1a2a1d,b34fd7389a9dd8f8,955587c92b7d4394,c2ce8ebab1d2d4cc
Training/notumor/Tr-no_412.jpg,Training,notumor,21850,True,,f3ce33b26a3784299fc2bc72215752b531bb1ff11e9b65dc39376039f8809f64,02d6f72a5c783eff7961e4294077412616e5e823e818d6f02da2ae6b4b4903c2,b1560cc51ce52afe,f8d89d9a38d74fb3,95aa87372bc2436b,ccd4d2b1ba8ecec2,e4f8596c494d7d44,320d14e3a644e4e0,d000d29d7f6976d1,bc8c8ea272b4d4cc,e407599049b07fbb,e0e444a6e3140d32,c0ffd2627e97002e,ccd4b472a28e8cbc,b1af0ebb1c1a2a1d,b34fd7389a9dd8f8,955587c92b7d4394,c2ce8ebab1d2d4cc
Training/meningioma/Tr-aug-me_90.jpg,Training,meningioma,13954,True,,e50960c499e99a17df350e4f261d140bb10d74d9a3d81d91c4878542e2b32538,02e938a2252d3b2f4efabd11ef725c02795689e7ca19b45d74025c2579158c34,c34f6c913066733b,b270e8c4c8c870b2,901b2ee461dbc73c,8078f8d8e8e47982,96e1393b65cc26b1,b2f1ece8cce8f1b2,c5b37b4e34719286,8261c8c8e4e0e102,961e39c56533664e,b2f1e8cce8ecf1b2,c54c7bb1348e9279,02e1e0e4c8c86182,c3b46c6e309973e4,b270c8c8c4e870b2,90e62f1b6164c7d3,8279e4e8d8f87880
Training/meningioma/Tr-me_1242.jpg,Training,meningioma,13954,True,,e50960c499e99a17df350e4f261d140bb10d74d9a3d81d91c4878542e2b32538,02e938a2252d3b2f4efabd11ef725c02795689e7ca19b45d74025c2579158c34,c34f6c913066733b,b270e8c4c8c870b2,901b2ee461dbc73c,8078f8d8e8e47982,96e1393b65cc26b1,b2f1ece8cce8f1b2,c5b37b4e34719286,8261c8c8e4e0e102,961e39c56533664e,b2f1e8cce8ecf1b2,c54c7bb1348e9279,02e1e0e4c8c86182,c3b46c6e309973e4,b270c8c8c4e870b2,90e62f1b6164c7d3,8279e4e8d8f87880
Training/meningioma/Tr-aug-me_97.jpg,Training,meningioma,26954,True,,089a7ad8107e9ef50fc7c35e7407b18fcda170be3707749807a059a5cb46b3a8,02f0c675ed79cf45e7641c7e5f1fe5a47a4154a30bb001db7f10f383213cfbcc,81de4e8b5e8e3a4c,e0ccaaf2b2cec4c4,949602b57f90366f,ecccacf0568cc861,d4f61b210b246fe6,dcdc84b2b088ccf8,c13c571f2a386bc5,39e8ce95f0cac8c8,d4091bde09db6b19,f8cc88b0b284dcdc,c1c357e02ac76b3a,c8c8caf095cee839,81a34e745e713ab3,c4c4ceb2f2aacce0,d469024a7f6d7e90,61c88c56f0acccec
Training/meningioma/Tr-me_532.jpg,Training,meningioma,26954,True,,089a7ad8107e9ef50fc7c35e7407b18fcda170be3707749807a059a5cb46b3a8,02f0c675ed79cf45e7641c7e5f1fe5a47a4154a30bb001db7f10f383213cfbcc,81de4e8b5e8e3a4c,e0ccaaf2b2cec4c4,949602b57f90366f,ecccacf0568cc861,d4f61b210b246fe6,dcdc84b2b088ccf8,c13c571f2a386bc5,39e8ce95f0cac8c8,d4091bde09db6b19,f8cc88b0b284dcdc,c1c357e02ac76b3a,c8c8caf095cee839,81a34e745e713ab3,c4c4ceb2f2aacce0,d469024a7f6d7e90,61c88c56f0acccec
Training/notumor/Tr-no_1180.jpg,Training,notumor,10256,True,,70dcee96fcf70d803e3203f15fc691bffc6c0a6ca38780c530bc7d45a9b4bf32,02fa9442a1086b1bf7566be1856054c6b202eecd9c5d0ccbb8cd1ca3815ed10a,936c3e93693136c9,3071d4d4f0e86830,91b66e49699db262,0078dcb898d87080,c6c62b393c9a6363,30e9e8f0d4d47130,c41c3be33c36e3c8,02f0e4e6e2c4e000,c6396bc63c64639c,3071d4d4f0e8e930,c4c33b1c3cc8e733,00e0c4e2e6e4f002,93933e6c69cc3632,3068e8f0d4d47130,91496eb66962b29d,8070d898b8dc7800
Training/notumor/Tr-no_677.jpg,Training,notumor,13121,True,,a8d8bd68e37588a5be079ea92de410d9097988aea40552f6fd08ca44a7dd6c74,02fa9442a1086b1bf7566be1856054c6b202eecd9c5d0ccbb8cd1ca3815ed10a,936c3e93693136c9,3071d4d4f0e86830,91b66e49699db262,0078dcb898d87080,c6c62b393c9a6363,30e9e8f0d4d47130,c41c3be33c36e3c8,02f0e4e6e2c4e000,c6396bc63c64639c,3071d4d4f0e8e930,c4c33b1c3cc8e733,00e0c4e2e6e4f002,93933e6c69cc3632,3068e8f0d4d47130,91496eb66962b29d,8070d898b8dc7800
Training/notumor/Tr-no_649.jpg,Training,notumor,32715,True,,23a839738271bed355a592894783aaec5b225a7ea883e26b116b63a6edb819a1,0303aee798cc27fa4861044a6b310812871c1084bc692e5be48319a6165770b9,d4580aab2f052f3f,f9e0b4b688aad4e8,903f1a3e7a703be0,38e48aacec88e4f8,81f05f017a2f7a95,e8d4aaac92d2e860,c5954e942eda6e4a,e0d8aec8caaed8e1,810d5ffe7a507a42,60e8d292acaad4e8,c16a4e6b2e252eb5,e1d8aecac8aed8e0,d4a70a542ffa2fc0,e8d4aa88b6b4e0f9,90c01bc17b8f3b1f,f8e488ecac8ae438
Training/notumor/Tr-no_817.jpg,Training,notumor,32715,True,,23a839738271bed355a592894783aaec5b225a7ea883e26b116b63a6edb819a1,0303aee798cc27fa4861044a6b310812871c1084bc692e5be48319a6165770b9,d4580aab2f052f3f,f9e0b4b688aad4e8,903f1a3e7a703be0,38e48aacec88e4f8,81f05f017a2f7a95,e8d4aaac92d2e860,c5954e942eda6e4a,e0d8aec8caaed8e1,810d5ffe7a507a42,60e8d292acaad4e8,c16a4e6b2e252eb5,e1d8aecac8aed8e0,d4a70a542ffa2fc0,e8d4aa88b6b4e0f9,90c01bc17b8f3b1f,f8e488ecac8ae438
Training/notumor/Tr-no_1295.jpg,Training,notumor,15347,True,,7b73d6019deb1482bc5fb7027f12719bea983c8eb0b0c0f3e95feb61c90fafb3,031d50c70272570b95b4372cb191c9b5d3d9a29afb4d1a32853c9ff488ba642e,c36e1e6169383cb3,71e8e8e8ccccc879,81275ed86e99e166,39f8cac6e7d2f831,96c44bcb3c966939,61cccccce8e8e871,d48d0a723b37b4cc,73e0a4189cace063,963b4b343c6969c6,71e8e8e8cccccc61,d4720b8d3bccb433,63e0ac9c18a4e073,c3911e9e69c73c4c,79c8cccce8e8e871,81d85f276e62e199,31f8d2e7c6caf839
Training/notumor/Tr-no_275.jpg,Training,notumor,12237,True,,255a288c72a0761a522e99142d6f1a7e820769eebeeae585bf42a733db0e7b7a,031d50c70272570b95b4372cb191c9b5d3d9a29afb4d1a32853c9ff488ba642e,c36e1e6169383cb3,71e8e8e8ccccc879,81275ed86e99e166,39f8cac6e7d2f831,96c44bcb3c966939,61cccccce8e8e871,d48d0a723b37b4cc,73e0a4189cace063,963b4b343c6969c6,71e8e8e8cccccc61,d4720b8d3bccb433,63e0ac9c18a4e073,c3911e9e69c73c4c,79c8cccce8e8e871,81d85f276e62e199,31f8d2e7c6caf839
Testing/meningioma/Te-me_277.jpg,Testing,meningioma,51430,True,,41bc0c7b4079d2fa8df7b97827a1d9fae68706e6c6457f43186d583da94c6df2,0326bef87cbb22979e023407c20533ebbf25be7b7caf8d0359fe5248888d1d7c,954a4a92164f3bdb,e8a86a6e9c9c5ab4,919a026467737f78,e8b0f872f2f498ca,c0e01f3a43e56f71,d2a5c4c689a9eae8,c43257ce32d93ad2,ace6d090b1e0f2e8,c01f1fc7431a6e8e,e8eaa989c6c4a5d2,c4cf573132263a2f,e8f2e0b190d0e6ac,95b54a6f16b07b24,b45a9c9c6e6aa8e8,9165029b678c7f87,ca98f4f272f8b0e8
Training/meningioma/Tr-me_50.jpg,Training,meningioma,47179,True,,9caa6d599f0ac5f111c5d81e3ac9c67be237310a05cad476d63e111b31725152,0326bef87cbb22979e023407c20533ebbf25be7b7caf8d0359fe5248888d1d7c,954a4a92164f3bdb,e8a86a6e9c9c5ab4,919a026467737f78,e8b0f872f2f498ca,c0e01f3a43e56f71,d2a5c4c689a9eae8,c43257ce32d93ad2,ace6d090b1e0f2e8,c01f1fc7431a6e8e,e8eaa989c6c4a5d2,c4cf573132263a2f,e8f2e0b190d0e6ac,95b54a6f16b07b24,b45a9c9c6e6aa8e8,9165029b678c7f87,ca98f4f272f8b0e8
Testing/meningioma/Te-me_278.jpg,Testing,meningioma,34176,True,,efbb74c524ab95fae4c5ff626880c4a7f23d066111ff682ae04c32b5c422af13,0339aa1b0596790106ef1b13ea5551099ed5e5ff5c2c668cb4d3c3b2edccccea,945a4b693e357865,71c896be9692d664,808c5f377a7368ca,70f2b39faf8ecc71,c0d01ac36b8f2dcf,d994b6968296ec71,d5264a9b2fd83d60,71cc8e0a0232b0f1,c12f1e3c6b703d34,71ec968296b694d9,d5d90a602f073d1f,f1b032020a8ecc71,94a54b963eca789a,64d69296be96c871,80731fce7a8d6835,71cc8eaf9fb3f270
Training/meningioma/Tr-me_479.jpg,Training,meningioma,24592,True,,b7e81c22bf6e933905cee1abef434f59f4f597b36e290ed1952c8adf3e23652b,0339aa1b0596790106ef1b13ea5551099ed5e5ff5c2c668cb4d3c3b2edccccea,945a4b693e357865,71c896be9692d664,808c5f377a7368ca,70f2b39faf8ecc71,c0d01ac36b8f2dcf,d994b6968296ec71,d5264a9b2fd83d60,71cc8e0a0232b0f1,c12f1e3c6b703d34,71ec968296b694d9,d5d90a602f073d1f,f1b032020a8ecc71,94a54b963eca789a,64d69296be96c871,80731fce7a8d6835,71cc8eaf9fb3f270
Training/notumor/Tr-no_1390.jpg,Training,notumor,71744,True,,65171c43207bd38c794fd14bf5f513325e8a4fe207f71539009bfb4f78b347d8,03552c048eeb6c57e0c8e5c60131d53a04a730d97b4377c25de58ff7848f0d7c,c31e2db43c9334cd,72e9e8e8e8c8f172,957e3ab56984c45a,0078e8c2dac8f810,96b4781e69396167,b170ece8e8e868b0,c0d46f1f3c2e91f0,10e0e8a4b4e86000,964b78f169d66198,b068e8e8e8ec70b1,c03f6fe03cd1910f,0060e8b4a4e8e010,c3e12d5b3c7c3432,72f1c8e8e8e8e972,95953a4a697bc4a5,10f8c8dac2e87800
Training/notumor/Tr-no_565.jpg,Training,notumor,71744,True,,65171c43207bd38c794fd14bf5f513325e8a4fe207f71539009bfb4f78b347d8,03552c048eeb6c57e0c8e5c60131d53a04a730d97b4377c25de58ff7848f0d7c,c31e2db43c9334cd,72e9e8e8e8c8f172,957e3ab56984c45a,0078e8c2dac8f810,96b4781e69396167,b170ece8e8e868b0,c0d46f1f3c2e91f0,10e0e8a4b4e86000,964b78f169d66198,b068e8e8e8ec70b1,c03f6fe03cd1910f,0060e8b4a4e8e010,c3e12d5b3c7c3432,72f1c8e8e8e8e972,95953a4a697bc4a5,10f8c8dac2e87800
Training/pituitary/Tr-pi_1323.jpg,Training,pituitary,33614,True,,dea65808e631f46024aaa034984629ab8a455f2b951ca7022f12fa9e62b7c8ff,03849f64f07adf005d057647b1d5f7a9234b816d777630313d40305b1664ff27,950a57783e7d6831,78ccba66dd92964e,80c91f425ed7685f,f0d6aaecaca4cc76,c0a002f26bd73ddb,8c96b64499a2cce1,d5624ae80b793df0,91cc5ac8c8aa94e0,c45f022d6b2d3d65,e1cca29944b6968c,d59d5a170b063d0f,e094aac8c85acc91,91f557873e82688e,4e9692dd66bacc78,80361fbd5eac68a5,76cca4acecaad6f0
Training/pituitary/Tr-pi_984.jpg,Training,pituitary,33614,True,,dea65808e631f46024aaa034984629ab8a455f2b951ca7022f12fa9e62b7c8ff,03849f64f07adf005d057647b1d5f7a9234b816d777630313d40305b1664ff27,950a57783e7d6831,78ccba66dd92964e,80c91f425ed7685f,f0d6aaecaca4cc76,c0a002f26bd73ddb,8c96b64499a2cce1,d5624ae80b793df0,91cc5ac8c8aa94e0,c45f022d6b2d3d65,e1cca29944b6968c,d59d5a170b063d0f,e094aac8c85acc91,91f557873e82688e,4e9692dd66bacc78,80361fbd5eac68a5,76cca4acecaad6f0
Training/notumor/Tr-no_388.jpg,Training,notumor,18154,True,,b7217d07fe4b60f472aaeee4b36e8429d4a1685bbb9fd13c1d471835326e801d,0390de0accd843c274a979a1a8e45fb187453b3505eda99c83cf5b33d670ef85,d44863b71d493735,61f4a6b2a694e4e0,905b33ec4c6633cd,78d898b4b2b6d478,81e2161d59e3669f,e8d8d69ab292d070,c5f146c619cc6763,e0d492b2d2e6e4e1,915d36e2591d6663,70d092b29ad6d8e8,c54e46391933679d,e1e4e6d2b292d4e0,d4f743480cb633cb,e0e494a6b2a6f461,90e433934cdb323f,78d4b6b2b498d878
Training/notumor/Tr-no_636.jpg,Training,notumor,18154,True,,b7217d07fe4b60f472aaeee4b36e8429d4a1685bbb9fd13c1d471835326e801d,0390de0accd843c274a979a1a8e45fb187453b3505eda99c83cf5b33d670ef85,d44863b71d493735,61f4a6b2a694e4e0,905b33ec4c6633cd,78d898b4b2b6d478,81e2161d59e3669f,e8d8d69ab292d070,c5f146c619cc6763,e0d492b2d2e6e4e1,915d36e2591d6663,70d092b29ad6d8e8,c54e46391933679d,e1e4e6d2b292d4e0,d4f743480cb633cb,e0e494a6b2a6f461,90e433934cdb323f,78d4b6b2b498d878
Training/pituitary/Tr-pi_410.jpg,Training,pituitary,34353,True,,6c374ab41105e5927d08e15103c8c27416f8e7d03c15c03d104ace5b310bd0ed,03a03170ea979a294595609efef16d327c0d9b341b6a152f3b97baadaf2836ef,d44a0f6d2c3d2d74,71c8a8b2b6aaaab2,802e3f7a7e4270cb,3cd484b4d08cd87c,81e05ac5799768de,b2aaaa92b2eaec71,d5846ad22bea3563,c1e4ceb4d2ded0c1,811f7a3a79687d21,71eceab292aaaab2,d57b4a2d2b15259c,c1d0ded2b4cee4c1,d4b52f922cc23d8b,b2aaaab6b2a8c871,80d11f857ebf6036,7cd88cd0b484d43c
Training/pituitary/Tr-pi_515.jpg,Training,pituitary,34353,True,,6c374ab41105e5927d08e15103c8c27416f8e7d03c15c03d104ace5b310bd0ed,03a03170ea979a294595609efef16d327c0d9b341b6a152f3b97baadaf2836ef,d44a0f6d2c3d2d74,71c8a8b2b6aaaab2,802e3f7a7e4270cb,3cd484b4d08cd87c,81e05ac5799768de,b2aaaa92b2eaec71,d5846ad22bea3563,c1e4ceb4d2ded0c1,811f7a3a79687d21,71eceab292aaaab2,d57b4a2d2b15259c,c1d0ded2b4cee4c1,d4b52f922cc23d8b,b2aaaab6b2a8c871,80d11f857ebf6036,7cd88cd0b484d43c
Training/notumor/Tr-no_194.jpg,Training,notumor,16776,True,,280d387f9ef5c5407c3a5618fc7e3a861fed385c6f4c2e11e1ee9b13a7faa102,03e933d1737079084de7306073554a49461deb91ca3c82c45f4a7c060d8e3489,ce6c38b634326799,3261696168686930,903d7ac2e12596fc,8238fcce8afc3882,9bc66d1c61b836b2,306969e9796979b0,c4972b68b48dc357,8660c0ac8cc06084,9b396de36147324c,b0796979e9696930,c5682f97b472c3a8,8460c08cacc06086,ce93384934cd63e6,3069686861696132,95c27e3de1da9602,8238fc8acefc3882
Training/notumor/Tr-no_219.jpg,Training,notumor,16776,True,,280d387f9ef5c5407c3a5618fc7e3a861fed385c6f4c2e11e1ee9b13a7faa102,03e933d1737079084de7306073554a49461deb91ca3c82c45f4a7c060d8e3489,ce6c38b634326799,3261696168686930,903d7ac2e12596fc,8238fcce8afc3882,9bc66d1c61b836b2,306969e9796979b0,c4972b68b48dc357,8660c0ac8cc06084,9b396de36147324c,b0796979e9696930,c5682f97b472c3a8,8460c08cacc06086,ce93384934cd63e6,3069686861696132,95c27e3de1da9602,8238fc8acefc3882
Testing/meningioma/Te-me_39.jpg,Testing,meningioma,18704,True,,deb3cf8255416bd3f24f48f7159965f9e48b5b346e5b22a41b11f8a7f22edec7,03ed2faeadf9105b2abef7c0c0b8914ed3f87374401e1c02e06efc70aaf2b524,815a5f28669d6a97,f0f0f0aa8e96d6d2,85951aba72d3695a,78f2d2c6c6f2f878,d4f01a82333f3d39,b494968eaaf0f0f0,d03f4f1027793cf0,e0e0b09c9cb490e0,d40f1a7d33c03dc6,f0f0f0aa8e9694b4,d0c04fef27863c0f,e090b49c9cb0e0e0,81a54fd7666a686c,d2d6968eaaf0f0f0,856a1a65762d6ba5,78f8f2c6c6d2f278
Training/meningioma/Tr-me_1225.jpg,Training,meningioma,16260,True,,32e43c129cf6fef5fecb82419213685e652d4dbc524f7c7f9d11c42b91c28fa9,03ed2faeadf9105b2abef7c0c0b8914ed3f87374401e1c02e06efc70aaf2b524,815a5f28669d6a97,f0f0f0aa8e96d6d2,85951aba72d3695a,78f2d2c6c6f2f878,d4f01a82333f3d39,b494968eaaf0f0f0,d03f4f1027793cf0,e0e0b09c9cb490e0,d40f1a7d33c03dc6,f0f0f0aa8e9694b4,d0c04fef27863c0f,e090b49c9cb0e0e0,81a54fd7666a686c,d2d6968eaaf0f0f0,856a1a65762d6ba5,78f8f2c6c6d2f278
Training/notumor/Tr-no_473.jpg,Training,notumor,14360,True,,2bcf7f2051a470cc90e74522c8141783f4e6e3b36b033e622bb446070804fbce,041928e2183b26f67479cbad81d80ef1ba83ad6da61f3513ffceac00e099cd61,c13b2ef03d75348c,71e8e8c8ccc8e0f0,916f7ea569d06033,70f8d8d8d8dcf070,94917b5a68cf612e,f0f8ecccece8e871,c4c12b0f3d7a3599,e1e0c4e4e4e4e0f1,946e7ba5687061d9,71e8e8ecccecf8f0,c43e2bf03d853566,f1e0e4e4e4c4e0e1,c1c42e0f3d9a347b,f0e0c8ccc8e8e871,91d47e5a692f60cc,70f0dcd8d8d8f870
Training/notumor/Tr-no_778.jpg,Training,notumor,14360,True,,2bcf7f2051a470cc90e74522c8141783f4e6e3b36b033e622bb446070804fbce,041928e2183b26f67479cbad81d80ef1ba83ad6da61f3513ffceac00e099cd61,c13b2ef03d75348c,71e8e8c8ccc8e0f0,916f7ea569d06033,70f8d8d8d8dcf070,94917b5a68cf612e,f0f8ecccece8e871,c4c12b0f3d7a3599,e1e0c4e4e4e4e0f1,946e7ba5687061d9,71e8e8ecccecf8f0,c43e2bf03d853566,f1e0e4e4e4c4e0e1,c1c42e0f3d9a347b,f0e0c8ccc8e8e871,91d47e5a692f60cc,70f0dcd8d8d8f870
Training/notumor/Tr-no_1179.jpg,Training,notumor,64566,True,,7a7fcfb55378e4367cb3f163dc510df7e4b5f95d8fee5e4407b6ef397d56e243,0436a819cb89633e2e0aba883e5355d1e892025862ced4cddd5d88018a0b89da,958f3a6a69c0387b,70f4d4d492b4d070,c4e03b0c7b1f7136,30f0e4aaa8e0f018,c0356fd03c6a6dd1,70f4d2b6d4d4d070,914a6ef62eb5249c,60f0f0eaa8d8f030,c0ca6b2f3c952d2e,70d0d4d4b6d2f470,91b76e592e6a2463,30f0d8a8eaf0f060,95703e95693f7884,70d0b492d4d4f470,c41d3ba37bc071c9,18f0e0a8aae4f030
Training/notumor/Tr-no_1320.jpg,Training,notumor,64566,True,,7a7fcfb55378e4367cb3f163dc510df7e4b5f95d8fee5e4407b6ef397d56e243,0436a819cb89633e2e0aba883e5355d1e892025862ced4cddd5d88018a0b89da,958f3a6a69c0387b,70f4d4d492b4d070,c4e03b0c7b1f7136,30f0e4aaa8e0f018,c0356fd03c6a6dd1,70f4d2b6d4d4d070,914a6ef62eb5249c,60f0f0eaa8d8f030,c0ca6b2f3c952d2e,70d0d4d4b6d2f470,91b76e592e6a2463,30f0d8a8eaf0f060,95703e95693f7884,70d0b492d4d4f470,c41d3ba37bc071c9,18f0e0a8aae4f030
Training/pituitary/Tr-pi_120.jpg,Training,pituitary,35727,True,,ac76926d9f73fd42c57092e3f991abe3036320552092ebf8d69d60d736a93622,047a5e6ed6fc4d1534183605c94f9e95552ccbc9aad43b5b3d058bb11edb7026,811e519e7e6a2e69,70dcaae9b2aadcd6,90c20f835fa55e5e,f8cdacd8d8acce78,d4b504742bd87bc3,94c4aab268aac4f1,c5785a6d0e0f0bf4,e18ccae4e4ca4ce0,d44b048b2b2f7b3c,f1c4aa68b2aac494,c5975ad60ef00b4b,e04ccae4e4ca8ce1,81f151617e9d2e96,d6dcaab2e9aadc70,902d0f785f5a5ea1,78ceacd8d8accdf8
Training/pituitary/Tr-pi_763.jpg,Training,pituitary,35727,True,,ac76926d9f73fd42c57092e3f991abe3036320552092ebf8d69d60d736a93622,047a5e6ed6fc4d1534183605c94f9e95552ccbc9aad43b5b3d058bb11edb7026,811e519e7e6a2e69,70dcaae9b2aadcd6,90c20f835fa55e5e,f8cdacd8d8acce78,d4b504742bd87bc3,94c4aab268aac4f1,c5785a6d0e0f0bf4,e18ccae4e4ca4ce0,d44b048b2b2f7b3c,f1c4aa68b2aac494,c5975ad60ef00b4b,e04ccae4e4ca8ce1,81f151617e9d2e96,d6dcaab2e9aadc70,902d0f785f5a5ea1,78ceacd8d8accdf8
Training/pituitary/Tr-pi_163.jpg,Training,pituitary,34335,True,,690ed9d73b96706b833cfbb95e40543fe022c7579ab74693873e2c26766c5efb,047f2a36815d21a847427ccc8ce6f24297f2085d04279a4835b9322903752d70,d50b3e782ab16d34,31f092aab2a2aaa2,846d3f4a7a5c6839,6cdc86aaa8c4fc3c,80a16bd27f1b389e,baaabab2aaa2f073,d1c66ae02de63d13,c3c0dcaaaa96c4c9,805e6b2d7fe43861,73f0a2aab2baaaba,d1386a1f2f093d6c,c9c496aaaadcc0c3,d4f43e832a4e658b,a2aaa2b2aa92f031,84923fb57aa368c6,3cfcc4a8aa86dc6c
Training/pituitary/Tr-pi_504.jpg,Training,pituitary,34335,True,,690ed9d73b96706b833cfbb95e40543fe022c7579ab74693873e2c26766c5efb,047f2a36815d21a847427ccc8ce6f24297f2085d04279a4835b9322903752d70,d50b3e782ab16d34,31f092aab2a2aaa2,846d3f4a7a5c6839,6cdc86aaa8c4fc3c,80a16bd27f1b389e,baaabab2aaa2f073,d1c66ae02de63d13,c3c0dcaaaa96c4c9,805e6b2d7fe43861,73f0a2aab2baaaba,d1386a1f2f093d6c,c9c496aaaadcc0c3,d4f43e832a4e658b,a2aaa2b2aa92f031,84923fb57aa368c6,3cfcc4a8aa86dc6c
Training/pituitary/Tr-pi_542.jpg,Training,pituitary,15564,True,,4f6314d65c3d703caa7b94440365f4c89fa68a7069a0a10054e6604956f60f28,0480471f9461006706cbb1faa961d489a5d8ef922d4163f3bb37610f8acbcced,e85555220977527f,b2e86971332d2fbb,849a959d89ba17b6,fe9eccb1b3ce9efe,bdff00885ccc07cd,220b4b337169e8a2,d5b2c037dd30533c,80868c1272cc8680,fd0005775c33673a,a2e86971334b0b22,d54dc0c8ddcf42c3,8086cc72128c8680,e8aa55df0999529a,bb2f2d337169e8b2,80e795678965176d,fe9eceb3b1cc9efe
Training/pituitary/Tr-pi_857.jpg,Training,pituitary,15564,True,,4f6314d65c3d703caa7b94440365f4c89fa68a7069a0a10054e6604956f60f28,0480471f9461006706cbb1faa961d489a5d8ef922d4163f3bb37610f8acbcced,e85555220977527f,b2e86971332d2fbb,849a959d89ba17b6,fe9eccb1b3ce9efe,bdff00885ccc07cd,220b4b337169e8a2,d5b2c037dd30533c,80868c1272cc8680,fd0005775c33673a,a2e86971334b0b22,d54dc0c8ddcf42c3,8086cc72128c8680,e8aa55df0999529a,bb2f2d337169e8b2,80e795678965176d,fe9eceb3b1cc9efe
Training/pituitary/Tr-pi_1154.jpg,Training,pituitary,46623,True,,de35915b30be9cb513305bb03b1fcf263dadf7259aa666e02f09215118f7f65a,048d265dbb16748c6af13df0c3566fad34398ed72c5a9860a6e6e64a17f7f8b4,d14e10f74c176799,c4a8c8d4b2ca8ab0,9125125a49ff56ea,f894ccb2b3cc9cd8,85e045495db937b3,f2aeacb2d4eceacc,c58f47f01c5703d3,e0c6cc32b2ccd6e0,851f45b61d4637cc,cceaecd4b2acaef2,c578470f1caa03bf,e0d6ccb232ccc6e0,d1b5101d48ec67e7,b08acab2d4c8a8c4,91da12b5495e5697,d89cccb3b2cc94f8
Training/pituitary/Tr-pi_1211.jpg,Training,pituitary,46623,True,,de35915b30be9cb513305bb03b1fcf263dadf7259aa666e02f09215118f7f65a,048d265dbb16748c6af13df0c3566fad34398ed72c5a9860a6e6e64a17f7f8b4,d14e10f74c176799,c4a8c8d4b2ca8ab0,9125125a49ff56ea,f894ccb2b3cc9cd8,85e045495db937b3,f2aeacb2d4eceacc,c58f47f01c5703d3,e0c6cc32b2ccd6e0,851f45b61d4637cc,cceaecd4b2acaef2,c578470f1caa03bf,e0d6ccb232ccc6e0,d1b5101d48ec67e7,b08acab2d4c8a8c4,91da12b5495e5697,d89cccb3b2cc94f8
Training/pituitary/Tr-pi_1339.jpg,Training,pituitary,46623,True,,de35915b30be9cb513305bb03b1fcf263dadf7259aa666e02f09215118f7f65a,048d265dbb16748c6af13df0c3566fad34398ed72c5a9860a6e6e64a17f7f8b4,d14e10f74c176799,c4a8c8d4b2ca8ab0,9125125a49ff56ea,f894ccb2b3cc9cd8,85e045495db937b3,f2aeacb2d4eceacc,c58f47f01c5703d3,e0c6cc32b2ccd6e0,851f45b61d4637cc,cceaecd4b2acaef2,c578470f1caa03bf,e0d6ccb232ccc6e0,d1b5101d48ec67e7,b08acab2d4c8a8c4,91da12b5495e5697,d89cccb3b2cc94f8
Training/pituitary/Tr-pi_160.jpg,Training,pituitary,46623,True,,de35915b30be9cb513305bb03b1fcf263dadf7259aa666e02f09215118f7f65a,048d265dbb16748c6af13df0c3566fad34398ed72c5a9860a6e6e64a17f7f8b4,d14e10f74c176799,c4a8c8d4b2ca8ab0,9125125a49ff56ea,f894ccb2b3cc9cd8,85e045495db937b3,f2aeacb2d4eceacc,c58f47f01c5703d3,e0c6cc32b2ccd6e0,851f45b61d4637cc,cceaecd4b2acaef2,c578470f1caa03bf,e0d6ccb232ccc6e0,d1b5101d48ec67e7,b08acab2d4c8a8c4,91da12b5495e5697,d89cccb3b2cc94f8
Training/notumor/Tr-no_880.jpg,Training,notumor,41675,True,,303c5c415fc8be331907a13c78d499fa000f24788fab65f7c9171c448978b09f,0491e742163971c9f994a12551a76c6a7e946d7b1b8132267743b3b6e1941567,974a7e2178b53865,71e8e8e8e8cce870,84b63f516a5be06a,38fcc4d4d4c0f831,c2e02b8b2d0f6dcb,f1e8cce8e8e8e871,d11c6a7a2ff0b5c0,73e0f4d4d4dcc0e3,c21f6b742de06d34,71e8e8e8e8cce8f1,d1c36a003f0eb53f,e3c0dcd4d4f4e073,87b53ed6784a388a,70e8cce8e8e8e871,84693fae6aa5e095,31f8c0d4d4c4fc38
Training/notumor/Tr-no_918.jpg,Training,notumor,41675,True,,303c5c415fc8be331907a13c78d499fa000f24788fab65f7c9171c448978b09f,0491e742163971c9f994a12551a76c6a7e946d7b1b8132267743b3b6e1941567,974a7e2178b53865,71e8e8e8e8cce870,84b63f516a5be06a,38fcc4d4d4c0f831,c2e02b8b2d0f6dcb,f1e8cce8e8e8e871,d11c6a7a2ff0b5c0,73e0f4d4d4dcc0e3,c21f6b742de06d34,71e8e8e8e8cce8f1,d1c36a003f0eb53f,e3c0dcd4d4f4e073,87b53ed6784a388a,70e8cce8e8e8e871,84693fae6aa5e095,31f8c0d4d4c4fc38
Training/pituitary/Tr-pi_132.jpg,Training,pituitary,30598,True,,a1ee82164acd190067400d50f236fbb6004c0002fe3c09e4cf2d71752865140b,04dcda1ea7d1b4a279a2395bb8130bb4584ba9558c258641843554e82aadef2d,940b5b3d2a3d6c3c,79d8aadca2b614ec,80dd174a7f6868ab,70cea2c4d9a5cc6e,c1a10e875f973996,c8d692aac4aae461,d5f74af02ac23d21,89cc5a64d0ba8cf1,c15e0f685f683969,61e4aac4aa92d6c8,d588420f2a3d3dde,f18cbad0645acc89,d4f45bd22ac26cc3,ec14b6a2dcaad879,80221fb57f976874,6ecca5d9c4a2ce70
Training/pituitary/Tr-pi_564.jpg,Training,pituitary,30598,True,,a1ee82164acd190067400d50f236fbb6004c0002fe3c09e4cf2d71752865140b,04dcda1ea7d1b4a279a2395bb8130bb4584ba9558c258641843554e82aadef2d,940b5b3d2a3d6c3c,79d8aadca2b614ec,80dd174a7f6868ab,70cea2c4d9a5cc6e,c1a10e875f973996,c8d692aac4aae461,d5f74af02ac23d21,89cc5a64d0ba8cf1,c15e0f685f683969,61e4aac4aa92d6c8,d588420f2a3d3dde,f18cbad0645acc89,d4f45bd22ac26cc3,ec14b6a2dcaad879,80221fb57f976874,6ecca5d9c4a2ce70
Testing/meningioma/Te-me_223.jpg,Testing,meningioma,50763,True,,03ce76b527d01938dde828aa4b9e3e882cee655017ea9ed27effa47790f184d2,0505ed3163c765e54798d34f29eb8c0e11cf9cf8d888a7e7a4907da8215f5053,c48e4e1f7b393138,60e4acd8cce8b4d1,c0570ff06d0f78e1,e1e4e4b69698e3f2,91241fbd6e93649a,74d2e8cce4cad8f8,95fd5a5a28852d4b,b038e69692d8d838,91db1b4a2e6c646d,f8d8cae4cce8d274,950a5ab5397a2db4,38d8d89296e638b0,c4714af07bc631c7,d1b4e8ccd8ace460,c0a80f1f7df0781e,f2e39896b6e4e4e1
Training/meningioma/Tr-me_965.jpg,Training,meningioma,38709,True,,0c7d71051f276819c1811d2cd311f32cf8c4618939f1f31bc7f64fb417950dbf,0505ed3163c765e54798d34f29eb8c0e11cf9cf8d888a7e7a4907da8215f5053,c48e4e1f7b393138,60e4acd8cce8b4d1,c0570ff06d0f78e1,e1e4e4b69698e3f2,91241fbd6e93649a,74d2e8cce4cad8f8,95fd5a5a28852d4b,b038e69692d8d838,91db1b4a2e6c646d,f8d8cae4cce8d274,950a5ab5397a2db4,38d8d89296e638b0,c4714af07bc631c7,d1b4e8ccd8ace460,c0a80f1f7df0781e,f2e39896b6e4e4e1
Training/notumor/Tr-no_250.jpg,Training,notumor,13582,True,,25c13de1f058a3b2d081828fab9a6589ac1feba9a0c3963e8033115e3b9bc2ee,0507792359ec2c03ffebf92b8c9b066d406493bb058b032717a8883afa1fb388,95865e78782d6672,70f0ee9a9ceeee9c,c1c41f463c19737b,e4e4c0a0ccccd178,d06d0bd22d9733d8,c68888c6a688f0f1,946e4aec69b326d1,a174ccccfafcd8d8,c0d30b2f2d7833a7,f1f088a6c68888c6,95d14a97694c366e,d8d8fcfacccc74a1,95795e8578d2660d,9ceeee9c9aeef070,c03b1fb93ce66384,78d1cccca0c0e4e4
Training/notumor/Tr-no_472.jpg,Training,notumor,13582,True,,25c13de1f058a3b2d081828fab9a6589ac1feba9a0c3963e8033115e3b9bc2ee,0507792359ec2c03ffebf92b8c9b066d406493bb058b032717a8883afa1fb388,95865e78782d6672,70f0ee9a9ceeee9c,c1c41f463c19737b,e4e4c0a0ccccd178,d06d0bd22d9733d8,c68888c6a688f0f1,946e4aec69b326d1,a174ccccfafcd8d8,c0d30b2f2d7833a7,f1f088a6c68888c6,95d14a97694c366e,d8d8fcfacccc74a1,95795e8578d2660d,9ceeee9c9aeef070,c03b1fb93ce66384,78d1cccca0c0e4e4
Training/notumor/Tr-no_1288.jpg,Training,notumor,136631,True,,2779f5d9e97ff8a2283e34ab88a7e6de22c561367944758e2796f427fd2dddd9,0514996e3a36ca8aa098699174c21befe7d7bd5aeb91622802058f87d2784988,d14a0fbd6e256964,61d0d4d4d4f0d470,90341f7f7ac66849,79f0a0a8a8a0f079,84e05a173b8f3cce,f0d4f0d4d4d4f471,859e4a852f683de3,61f0f8eaeafaf061,849f5af83b703c31,71f4d4d4d4f0d4f0,c5614a3a2f973d1c,61f0faeaeaf8f061,d1250f426eda699b,70d4f0d4d4d4d061,90cb1f907a3d68b6,79f0a0a8a8a0f079
Training/notumor/Tr-no_831.jpg,Training,notumor,136631,True,,2779f5d9e97ff8a2283e34ab88a7e6de22c561367944758e2796f427fd2dddd9,0514996e3a36ca8aa098699174c21befe7d7bd5aeb91622802058f87d2784988,d14a0fbd6e256964,61d0d4d4d4f0d470,90341f7f7ac66849,79f0a0a8a8a0f079,84e05a173b8f3cce,f0d4f0d4d4d4f471,859e4a852f683de3,61f0f8eaeafaf061,849f5af83b703c31,71f4d4d4d4f0d4f0,c5614a3a2f973d1c,61f0faeaeaf8f061,d1250f426eda699b,70d4f0d4d4d4d061,90cb1f907a3d68b6,79f0a0a8a8a0f079
Training/notumor/Tr-no_863.jpg,Training,notumor,136631,True,,2779f5d9e97ff8a2283e34ab88a7e6de22c561367944758e2796f427fd2dddd9,0514996e3a36ca8aa098699174c21befe7d7bd5aeb91622802058f87d2784988,d14a0fbd6e256964,61d0d4d4d4f0d470,90341f7f7ac66849,79f0a0a8a8a0f079,84e05a173b8f3cce,f0d4f0d4d4d4f471,859e4a852f683de3,61f0f8eaeafaf061,849f5af83b703c31,71f4d4d4d4f0d4f0,c5614a3a2f973d1c,61f0faeaeaf8f061,d1250f426eda699b,70d4f0d4d4d4d061,90cb1f907a3d68b6,79f0a0a8a8a0f079
Testing/meningioma/Te-me_71.jpg,Testing,meningioma,26771,True,,b576353f83cb34f2c43fc58122209388e2a12e64864e9b967d496ff79bb10927,0525541ee57fedd939f3950fd4adda0e55b09c7d992c7434767367f246e00f15,c53910c62f656f87,f1987a326662e4e9,916d4ebf4a601b74,78e49a8b985cacec,9093556c7ace3a2d,68d8b999b3a1e270,c4c31b151fca4e9e,c8cac5c60ea6d8e1,906d55937a713ad2,70e2a1b399b9d868,c43c1bea1f354e61,e1d8a60ec6c5cac8,c5c600392f9b6f78,e9e46266327a98f1,91964e604a9f1bcf,ecac5c988b9ae478
Training/meningioma/Tr-me_1168.jpg,Training,meningioma,24412,True,,989297d05b6c7b2c798c7efeccfff51fdf412e9e774b87cbe25d9f3909d49111,0525541ee57fedd939f3950fd4adda0e55b09c7d992c7434767367f246e00f15,c53910c62f656f87,f1987a326662e4e9,916d4ebf4a601b74,78e49a8b985cacec,9093556c7ace3a2d,68d8b999b3a1e270,c4c31b151fca4e9e,c8cac5c60ea6d8e1,906d55937a713ad2,70e2a1b399b9d868,c43c1bea1f354e61,e1d8a60ec6c5cac8,c5c600392f9b6f78,e9e46266327a98f1,91964e604a9f1bcf,ecac5c988b9ae478
Training/notumor/Tr-no_14.jpg,Training,notumor,26202,True,,76d577713f1cf4414f780058f2079f7e6446aba86e89a86d7dd36401ca79a727,053c6f2e31664899db8d75068b9963a6d06cf789a5ea9d890f2217f08052d600,ce393dc6308d369a,b279f8f0e8e07032,956b6a94e5499393,8670f8f0f0f87006,9b93686c65676370,3270f8e8f0e061b2,c0c13f3eb0e3c639,0ef1e0f0f0e0f106,9b6c6893649863cf,b261e0f0e8f87032,c03e3fc1b01cc6cf,06f1e0f0f0e0f10e,cec63d3931323665,3270e0e8f0f879b2,95906a6be5b69364,0670f8f0f0f87086
Training/notumor/Tr-no_48.jpg,Training,notumor,26202,True,,76d577713f1cf4414f780058f2079f7e6446aba86e89a86d7dd36401ca79a727,053c6f2e31664899db8d75068b9963a6d06cf789a5ea9d890f2217f08052d600,ce393dc6308d369a,b279f8f0e8e07032,956b6a94e5499393,8670f8f0f0f87006,9b93686c65676370,3270f8e8f0e061b2,c0c13f3eb0e3c639,0ef1e0f0f0e0f106,9b6c6893649863cf,b261e0f0e8f87032,c03e3fc1b01cc6cf,06f1e0f0f0e0f10e,cec63d3931323665,3270e0e8f0f879b2,95906a6be5b69364,0670f8f0f0f87086
Training/notumor/Tr-no_540.jpg,Training,notumor,10393,True,,79b6fe05b46ee2a734c4da64cd109bc508bfd1b76f46e9c496dbb406f86139f9,0556048690dd91c6da512772edf7d5e75a7273c63b3d04add1a48346d19aa569,9ec969b467329661,007071f4e4707000,d2963d69e0648f96,8038e0e0d0f03084,cb633c1e3298c3cd,0060e1d8d0717000,873c68c3b58e9a3c,4430f0e4f0f06004,cb9c3ce13267c332,007071d0d8e16000,87c3683cb531dac3,0460f0f0e4f03044,9e30694b67cd9698,007070e4f4717000,d2693d96e09a8e69,8430f0d0e0e03880
Training/notumor/Tr-no_753.jpg,Training,notumor,10393,True,,79b6fe05b46ee2a734c4da64cd109bc508bfd1b76f46e9c496dbb406f86139f9,0556048690dd91c6da512772edf7d5e75a7273c63b3d04add1a48346d19aa569,9ec969b467329661,007071f4e4707000,d2963d69e0648f96,8038e0e0d0f03084,cb633c1e3298c3cd,0060e1d8d0717000,873c68c3b58e9a3c,4430f0e4f0f06004,cb9c3ce13267c332,007071d0d8e16000,87c3683cb531dac3,0460f0f0e4f03044,9e30694b67cd9698,007070e4f4717000,d2693d96e09a8e69,8430f0d0e0e03880
Training/notumor/Tr-no_1378.jpg,Training,notumor,13106,True,,a3162569f0104e89e3950050d1d2f605cfe6bcf7c646f4bd596cb709d8b372c8,056b93d1676dd44d64d31bf9e94f57ccfededadbce8f4a0bbbac4fdba9b452a5,936c6c3271cae49b,29f0f0f8c8ccf8f1,87917a6665999176,22f8d8c2c6d8f801,c7c639986466f331,30e0ccece0f0f06a,d23b2fcc3037c45c,01e0e09cbce0e013,c63939672499b1ce,6af0f0e0eccce030,d2ce2f3330ccc6a3,13e0e0bc9ce0e001,92936ccd7137e464,f1f8ccc8f8f0f029,876e7a9965629589,01f8d8c6c2d8f822
Training/notumor/Tr-no_534.jpg,Training,notumor,11737,True,,dd8db43b9ad7e23ff49ec7c8390fe4982cd1138a73f76af0f655b2568915f789,056b93d1676dd44d64d31bf9e94f57ccfededadbce8f4a0bbbac4fdba9b452a5,936c6c3271cae49b,29f0f0f8c8ccf8f1,87917a6665999176,22f8d8c2c6d8f801,c7c639986466f331,30e0ccece0f0f06a,d23b2fcc3037c45c,01e0e09cbce0e013,c63939672499b1ce,6af0f0e0eccce030,d2ce2f3330ccc6a3,13e0e0bc9ce0e001,92936ccd7137e464,f1f8ccc8f8f0f029,876e7a9965629589,01f8d8c6c2d8f822
Training/meningioma/Tr-aug-me_89.jpg,Training,meningioma,14066,True,,0f673459b5dba7f9dab9a6a32309e2c89ddf4bb9b799d3350f56c33e8cc8b2d3,0575301b710d053969880a18b3e7ce56e1ea4841a9fa579e1da498385e9e4d8f,966d699631cb9398,c4b269f4dcecf092,979b6864652f9691,42b178c4d478b942,c3c73c3c6461c673,9270c8c4d069b2c4,c2333dce3095c33b,8462e0d4cce17284,c3383cc3649ec6cd,c4b269d0c4c87092,c2cf3d31307ac3c5,8472e1ccd4e06284,9692696d3134d367,92f0ecdcf469b2c4,9764689b65d0966e,42b978d4c478b142
Training/meningioma/Tr-me_889.jpg,Training,meningioma,14066,True,,0f673459b5dba7f9dab9a6a32309e2c89ddf4bb9b799d3350f56c33e8cc8b2d3,0575301b710d053969880a18b3e7ce56e1ea4841a9fa579e1da498385e9e4d8f,966d699631cb9398,c4b269f4dcecf092,979b6864652f9691,42b178c4d478b942,c3c73c3c6461c673,9270c8c4d069b2c4,c2333dce3095c33b,8462e0d4cce17284,c3383cc3649ec6cd,c4b269d0c4c87092,c2cf3d31307ac3c5,8472e1ccd4e06284,9692696d3134d367,92f0ecdcf469b2c4,9764689b65d0966e,42b978d4c478b142
Testing/notumor/Te-no_86.jpg,Testing,notumor,42529,True,,2a4d0ff348dec7f56acbe89f117f9c3a1c6cf49f850c34b9e64b82d962a5cb14,0589ae6a9dcd27bda8a9baf9e47843b6073dfee93e2ac80bcda98a4b87d0b263,966a39a17ac56987,b170e0e8ecf0f069,95a17a576a6ac9c8,29fcf4ccc4fc7c83,c3c06c0b2f6f3c2d,69f0f0c8e8f8f162,c00b2ffd3fc09c62,32c0c0dcccd0c06b,c33f6cb02f903cd2,62f1f8e8c8f0f069,c0e42f023f2f9c9d,6bc0d0ccdcc0c032,9695391a7a3a6978,69f0f0ece8e070b1,954e7aa86a85c937,837cfcc4ccf4fc29
Training/notumor/Tr-no_895.jpg,Training,notumor,42537,True,,c4cb47faeb488806b904313c4a21780d779cfbe01b12358b2e42b0267472b8d7,0589ae6a9dcd27bda8a9baf9e47843b6073dfee93e2ac80bcda98a4b87d0b263,9695391a7a3a6978,69f0f0ece8e070b1,c0e42f023f2f9c9d,6bc0d0ccdcc0c032,c33f6cb02f903cd2,62f1f8e8c8f0f069,954e7aa86a85c937,837cfcc4ccf4fc29,c3c06c0b2f6f3c2d,69f0f0c8e8f8f162,95a17a576a6ac9c8,29fcf4ccc4fc7c83,966a39a17ac56987,b170e0e8ecf0f069,c00b2ffd3fc09c62,32c0c0dcccd0c06b
Training/notumor/Tr-no_588.jpg,Training,notumor,10908,True,,a820973ab9e444f92fdc4e5eb2e584a72d5da660675f1793469f229f40199538,058a061573de9fa1ec23251690f6a715ba5287f29445d46a932a2fcf33ff20df,863e7a706ac169e5,79e8e8e8ccdce8e8,84c07b8f6a36e8f8,78f8f0ece4f2fc38,d3942eda3b632c0b,e8e8c4cce8e8e861,d1682e253f94bd52,e3c0b0d8c8f0e0e1,d36b2f253b943c30,61e8e8e8ccc4e8e8,d0942ed83b62bd8d,e1e0f0c8d8b0c0e3,86c17a8f6a3e299a,e8e8dccce8e8e879,853f7b706ac1e807,38fcf2e4ecf0f878
Training/notumor/Tr-no_989.jpg,Training,notumor,10908,True,,a820973ab9e444f92fdc4e5eb2e584a72d5da660675f1793469f229f40199538,058a061573de9fa1ec23251690f6a715ba5287f29445d46a932a2fcf33ff20df,863e7a706ac169e5,79e8e8e8ccdce8e8,84c07b8f6a36e8f8,78f8f0ece4f2fc38,d3942eda3b632c0b,e8e8c4cce8e8e861,d1682e253f94bd52,e3c0b0d8c8f0e0e1,d36b2f253b943c30,61e8e8e8ccc4e8e8,d0942ed83b62bd8d,e1e0f0c8d8b0c0e3,86c17a8f6a3e299a,e8e8dccce8e8e879,853f7b706ac1e807,38fcf2e4ecf0f878
Testing/notumor/Te-no_194.jpg,Testing,notumor,10991,True,,eaf5b3298bb7bd6f729b87c54e69eea87626d55f5853cba81ce2b7a537c4b344,05e8a918c3eab861a1bf3d1416f362fb9e71e53225a37ab3c5957bb6eb2f312a,d2386de53687309b,027178e8e0e0e068,954f7a3461c38dca,8178f0c8ecfc7801,c792384f636d6531,69f8f8f8e8e17102,c0e52f9e3569d8e0,04e1c0c8ecf0e102,876d38b063d265ce,0271e1e8f8f8f869,c09e2f613496d89f,02e1f0ecc8c0e104,d3c76d1a3678306c,68e0e0e0e8787102,95b07acb613c8d35,0178fcecc8f07881
Training/notumor/Tr-no_1004.jpg,Training,notumor,9609,True,,5974b1c4f3ed366ad867c794efc2ff3e2d7d47df283d5b25818f7b20d02f1081,05e8a918c3eab861a1bf3d1416f362fb9e71e53225a37ab3c5957bb6eb2f312a,d2386de53687309b,027178e8e0e0e068,954f7a3461c38dca,8178f0c8ecfc7801,c792384f636d6531,69f8f8f8e8e17102,c0e52f9e3569d8e0,04e1c0c8ecf0e102,876d38b063d265ce,0271e1e8f8f8f869,c09e2f613496d89f,02e1f0ecc8c0e104,d3c76d1a3678306c,68e0e0e0e8787102,95b07acb613c8d35,0178fcecc8f07881
Testing/glioma/Te-gl_140.jpg,Testing,glioma,52874,True,,75a94d8802948910edc24b520257853ad379e8be91af1393bd6b5092b23e05b1,05ebc4d9b37e941356459516a9ed38643f5c93d7357bbbc32df75be61531c437,91d14b920e2f7d65,f9d89269ec9cd878,d09e073f2ef03c1a,64d8b8a81292c8c1,c47b1e285b8538cf,e1c4c6c869b6e460,853652957b5a6db0,7ce4b6b7eae2e4d9,c4841ed75b7a7930,60e4b669c8c6c4e1,85c9526a7ba5694d,d9e4e2eab7b6e47c,912e4b7d0ed26c9a,78d89cec6992d8f9,d06307d22e0f3ce7,c1c89212a8b8d864
Testing/glioma/Te-gl_238.jpg,Testing,glioma,52874,True,,75a94d8802948910edc24b520257853ad379e8be91af1393bd6b5092b23e05b1,05ebc4d9b37e941356459516a9ed38643f5c93d7357bbbc32df75be61531c437,91d14b920e2f7d65,f9d89269ec9cd878,d09e073f2ef03c1a,64d8b8a81292c8c1,c47b1e285b8538cf,e1c4c6c869b6e460,853652957b5a6db0,7ce4b6b7eae2e4d9,c4841ed75b7a7930,60e4b669c8c6c4e1,85c9526a7ba5694d,d9e4e2eab7b6e47c,912e4b7d0ed26c9a,78d89cec6992d8f9,d06307d22e0f3ce7,c1c89212a8b8d864
Testing/meningioma/Te-me_116.jpg,Testing,meningioma,37473,True,,86847c6a4729a4b19bf1b3f58905c68812c6f75ea680c0ccb1621b94e165d16f,05f18b38c84b841f06f08ad11a3faa70c7362cb267e5e8a6403c9981b459a212,c4736ead39cc3984,69e8e0e0d0e4e070,951b7ab53e4a60a5,78f8c4d4c6ccf071,91d93b076c666c2e,71f8d8f4e8f8e869,c0b12f1f6be0350f,71f0cc94d4d8e061,91263bf86c996cd1,69e8f8e8f4d8f871,c04e2fe06b1f35f0,61e0d8d494ccf071,c48c6e523933397b,70e0e4d0e0e0e869,95e47a4a3eb5605a,71f0ccc6d4c4f878
Testing/meningioma/Te-me_235.jpg,Testing,meningioma,37473,True,,86847c6a4729a4b19bf1b3f58905c68812c6f75ea680c0ccb1621b94e165d16f,05f18b38c84b841f06f08ad11a3faa70c7362cb267e5e8a6403c9981b459a212,c4736ead39cc3984,69e8e0e0d0e4e070,951b7ab53e4a60a5,78f8c4d4c6ccf071,91d93b076c666c2e,71f8d8f4e8f8e869,c0b12f1f6be0350f,71f0cc94d4d8e061,91263bf86c996cd1,69e8f8e8f4d8f871,c04e2fe06b1f35f0,61e0d8d494ccf071,c48c6e523933397b,70e0e4d0e0e0e869,95e47a4a3eb5605a,71f0ccc6d4c4f878
Training/meningioma/Tr-me_339.jpg,Training,meningioma,26281,True,,24f09f91af40e42f2798bbc29df353ce17e6a0c0b533fb923b2fa8f75df6b496,05f18b38c84b841f06f08ad11a3faa70c7362cb267e5e8a6403c9981b459a212,c4736ead39cc3984,69e8e0e0d0e4e070,951b7ab53e4a60a5,78f8c4d4c6ccf071,91d93b076c666c2e,71f8d8f4e8f8e869,c0b12f1f6be0350f,71f0cc94d4d8e061,91263bf86c996cd1,69e8f8e8f4d8f871,c04e2fe06b1f35f0,61e0d8d494ccf071,c48c6e523933397b,70e0e4d0e0e0e869,95e47a4a3eb5605a,71f0ccc6d4c4f878
Training/meningioma/Tr-me_534.jpg,Training,meningioma,26281,True,,24f09f91af40e42f2798bbc29df353ce17e6a0c0b533fb923b2fa8f75df6b496,05f18b38c84b841f06f08ad11a3faa70c7362cb267e5e8a6403c9981b459a212,c4736ead39cc3984,69e8e0e0d0e4e070,951b7ab53e4a60a5,78f8c4d4c6ccf071,91d93b076c666c2e,71f8d8f4e8f8e869,c0b12f1f6be0350f,71f0cc94d4d8e061,91263bf86c996cd1,69e8f8e8f4d8f871,c04e2fe06b1f35f0,61e0d8d494ccf071,c48c6e523933397b,70e0e4d0e0e0e869,95e47a4a3eb5605a,71f0ccc6d4c4f878
Training/meningioma/Tr-me_86.jpg,Training,meningioma,26281,True,,24f09f91af40e42f2798bbc29df353ce17e6a0c0b533fb923b2fa8f75df6b496,05f18b38c84b841f06f08ad11a3faa70c7362cb267e5e8a6403c9981b459a212,c4736ead39cc3984,69e8e0e0d0e4e070,951b7ab53e4a60a5,78f8c4d4c6ccf071,91d93b076c666c2e,71f8d8f4e8f8e869,c0b12f1f6be0350f,71f0cc94d4d8e061,91263bf86c996cd1,69e8f8e8f4d8f871,c04e2fe06b1f35f0,61e0d8d494ccf071,c48c6e523933397b,70e0e4d0e0e0e869,95e47a4a3eb5605a,71f0ccc6d4c4f878
Training/notumor/Tr-no_1245.jpg,Training,notumor,35931,True,,b396caa83da170f384de32368fd40ab0fbb00232e12fd2b463eddff69741af44,05ffda0e672a16883cdb8e6ef7c8627c6b3c0def1d026ecda3382671cc85c7c5,c23b6de135e3308e,b271d4d4d4d4f071,954a7eb561c6c583,9378e48adae47893,9791794f644965e4,71f0d4d4d4d471b2,c1e12b1f347e906d,36e1d8a4a6d8e136,976e38b060b6659b,b271d4d4d4d4f071,c13f2be0349b90f6,36e1d8a6a4d8e136,c2c56d1e351d34f1,71f0d4d4d4d471b2,95b47e4a6129c57c,9378e4da8ae47893
Training/notumor/Tr-no_133.jpg,Training,notumor,35931,True,,b396caa83da170f384de32368fd40ab0fbb00232e12fd2b463eddff69741af44,05ffda0e672a16883cdb8e6ef7c8627c6b3c0def1d026ecda3382671cc85c7c5,c23b6de135e3308e,b271d4d4d4d4f071,954a7eb561c6c583,9378e48adae47893,9791794f644965e4,71f0d4d4d4d471b2,c1e12b1f347e906d,36e1d8a4a6d8e136,976e38b060b6659b,b271d4d4d4d4f071,c13f2be0349b90f6,36e1d8a6a4d8e136,c2c56d1e351d34f1,71f0d4d4d4d471b2,95b47e4a6129c57c,9378e4da8ae47893
Testing/glioma/Te-gl_204.jpg,Testing,glioma,13125,True,,9c20281ccdd53888d2ebcecc9c71521ed2431500eb4448e1b63465c050a0e59f,06099a2fe11ab93b940a4b2037c5b28d79a4bc54efd8f361066565a203c06f16,931b6e64689939e3,71f8f8f8cceccc71,85c63a386ecfe138,71dce2e7e5d2d879,c6b03bce3d336c48,71ccc8cce0e0e071,d06c6e933b65b492,61e0a45818b8c471,c64e3b313dcc6c86,71e0e0e0ccc8cc71,d0936e6c3b9ab42c,71c4b81858a4e061,93e46e9b6866391c,71ccecccf8f8f871,85393bc66e30e1c7,79d8d2e5e7e2dc71
Testing/glioma/Te-gl_259.jpg,Testing,glioma,13125,True,,9c20281ccdd53888d2ebcecc9c71521ed2431500eb4448e1b63465c050a0e59f,06099a2fe11ab93b940a4b2037c5b28d79a4bc54efd8f361066565a203c06f16,931b6e64689939e3,71f8f8f8cceccc71,85c63a386ecfe138,71dce2e7e5d2d879,c6b03bce3d336c48,71ccc8cce0e0e071,d06c6e933b65b492,61e0a45818b8c471,c64e3b313dcc6c86,71e0e0e0ccc8cc71,d0936e6c3b9ab42c,71c4b81858a4e061,93e46e9b6866391c,71ccecccf8f8f871,85393bc66e30e1c7,79d8d2e5e7e2dc71
Training/pituitary/Tr-pi_206.jpg,Training,pituitary,16271,True,,24fba8ffc9164a5a20cc482473121deeb485cd25c7e8a03e737569bfe0f31494,0642602ffbaa7d8a2233657aa8b60824dc9652f4569d6010d2d7ce6a2a3caca9,c0df666619c91e63,e8ece8f0d0ac8aaa,c41a31b54e8f73b2,c4c48420a484c686,9575338c4c634fc9,aaae4af4f0e8c8e8,91f4645f1b37261c,9e9cdedafbdedcdc,958a33734c9c4f36,e8c8e8f0f44aaeaa,914f64e01bda26e7,dcdcdefbdade9c9e,c07066dd19771e9c,aa8aacd0f0e8ece8,c4f5314a4e72734d,86c684a42084c4c4
Training/pituitary/Tr-pi_405.jpg,Training,pituitary,17709,True,,6e4a32b7a73554a9a26b0e594f63d76920f7caeea52be19c323f8ad755d17f8b,0642602ffbaa7d8a2233657aa8b60824dc9652f4569d6010d2d7ce6a2a3caca9,c0df666619c91e63,e8ece8f0d0ac8aaa,c41a31b54e8f73b2,c4c48420a484c686,9575338c4c634fc9,aaae4af4f0e8c8e8,91f4645f1b37261c,9e9cdedafbdedcdc,958a33734c9c4f36,e8c8e8f0f44aaeaa,914f64e01bda26e7,dcdcdefbdade9c9e,c07066dd19771e9c,aa8aacd0f0e8ece8,c4f5314a4e72734d,86c684a42084c4c4
Training/pituitary/Tr-pi_634.jpg,Training,pituitary,17709,True,,6e4a32b7a73554a9a26b0e594f63d76920f7caeea52be19c323f8ad755d17f8b,0642602ffbaa7d8a2233657aa8b60824dc9652f4569d6010d2d7ce6a2a3caca9,c0df666619c91e63,e8ece8f0d0ac8aaa,c41a31b54e8f73b2,c4c48420a484c686,9575338c4c634fc9,aaae4af4f0e8c8e8,91f4645f1b37261c,9e9cdedafbdedcdc,958a33734c9c4f36,e8c8e8f0f44aaeaa,914f64e01bda26e7,dcdcdefbdade9c9e,c07066dd19771e9c,aa8aacd0f0e8ece8,c4f5314a4e72734d,86c684a42084c4c4
Training/pituitary/Tr-pi_928.jpg,Training,pituitary,17709,True,,6e4a32b7a73554a9a26b0e594f63d76920f7caeea52be19c323f8ad755d17f8b,0642602ffbaa7d8a2233657aa8b60824dc9652f4569d6010d2d7ce6a2a3caca9,c0df666619c91e63,e8ece8f0d0ac8aaa,c41a31b54e8f73b2,c4c48420a484c686,9575338c4c634fc9,aaae4af4f0e8c8e8,91f4645f1b37261c,9e9cdedafbdedcdc,958a33734c9c4f36,e8c8e8f0f44aaeaa,914f64e01bda26e7,dcdcdefbdade9c9e,c07066dd19771e9c,aa8aacd0f0e8ece8,c4f5314a4e72734d,86c684a42084c4c4
Training/notumor/Tr-no_447.jpg,Training,notumor,38799,True,,ac76ca3b933520e9519c3fa096e38e281e467ae4bda0412daa34cb966954ff68,067c4751e3eb8c98be71ec48583f06b478f640478ebe74ca5e8b04dec81d56cd,856a5ba57ab50996,61e8ec8ccececc60,95975cd26a6a6949,38fca2cdcd8ef430,d0c00f0f2f1f7c3c,e1cc8c8ccec8e869,c03d0b783fe03ce3,30d08e4c4cbac060,d03f0ef02fe05cc3,69e8c8ce8c8ccce1,c0c20b873f3f3c3c,60c0ba4c4c8ed030,85955f5a7a4a2969,60cccece8cece861,95685c2d6a9569b6,30f48ecdcda2fc38
Training/notumor/Tr-no_720.jpg,Training,notumor,38799,True,,ac76ca3b933520e9519c3fa096e38e281e467ae4bda0412daa34cb966954ff68,067c4751e3eb8c98be71ec48583f06b478f640478ebe74ca5e8b04dec81d56cd,856a5ba57ab50996,61e8ec8ccececc60,95975cd26a6a6949,38fca2cdcd8ef430,d0c00f0f2f1f7c3c,e1cc8c8ccec8e869,c03d0b783fe03ce3,30d08e4c4cbac060,d03f0ef02fe05cc3,69e8c8ce8c8ccce1,c0c20b873f3f3c3c,60c0ba4c4c8ed030,85955f5a7a4a2969,60cccece8cece861,95685c2d6a9569b6,30f48ecdcda2fc38
Training/notumor/Tr-no_839.jpg,Training,notumor,38799,True,,ac76ca3b933520e9519c3fa096e38e281e467ae4bda0412daa34cb966954ff68,067c4751e3eb8c98be71ec48583f06b478f640478ebe74ca5e8b04dec81d56cd,856a5ba57ab50996,61e8ec8ccececc60,95975cd26a6a6949,38fca2cdcd8ef430,d0c00f0f2f1f7c3c,e1cc8c8ccec8e869,c03d0b783fe03ce3,30d08e4c4cbac060,d03f0ef02fe05cc3,69e8c8ce8c8ccce1,c0c20b873f3f3c3c,60c0ba4c4c8ed030,85955f5a7a4a2969,60cccece8cece861,95685c2d6a9569b6,30f48ecdcda2fc38
Testing/meningioma/Te-me_4.jpg,Testing,meningioma,14807,True,,790486755f0d3a02e2de284d3b28d5c238080836afad61cfbd60b8b8bf9820d8,068c1be45a67ce1e8f653db597e6549773e9ff018bb3b7d643113b19929e6e5a,e740309b63c61f67,d4a245c1496b550f,9432a9cd127a9f65,fe966cacf466b6de,b2ea6531366c4ecc,0f55296d7c5d9ad4,c198fc6747c0cace,849299d0cac99680,b21565ce36934e33,d49a5d7c6d29550f,c167fc98472fca30,8096c9cad0999284,e7bf306063391b98,0f556b49c145a2d4,94cda93212879f9b,deb666f4ac6c96fe
Training/meningioma/Tr-me_1286.jpg,Training,meningioma,13439,True,,8014da7bd1038ca29824ab595a45f36d1bf1316872250c8c3110a05c74ac0d3b,068c1be45a67ce1e8f653db597e6549773e9ff018bb3b7d643113b19929e6e5a,e740309b63c61f67,d4a245c1496b550f,9432a9cd127a9f65,fe966cacf466b6de,b2ea6531366c4ecc,0f55296d7c5d9ad4,c198fc6747c0cace,849299d0cac99680,b21565ce36934e33,d49a5d7c6d29550f,c167fc98472fca30,8096c9cad0999284,e7bf306063391b98,0f556b49c145a2d4,94cda93212879f9b,deb666f4ac6c96fe
Training/meningioma/Tr-aug-me_95.jpg,Training,meningioma,19648,True,,ef0e11d139ea444dbd4e266a8ccd3f79d22d82c5b16189481ec4047b605fb9c8,06ae3ff751facc4bdc94ece2ca3c168c6ac47104dd25a2a1ed32a1d71df26bb1,97597a2f68663829,71d8c8ccd0ccecec,80903f1d7b6bb42e,00f8c488e4e4c001,c2f32f8538cc2dc3,c8c8ccd4cce4e471,d53a6ab72ec1e184,01ecd0d8ecdce001,c20c2f7a3d332d3c,71e4e4ccd4ccc8c8,d5c56a482e36e173,01e0dcecd8d0ec01,97a67ad068997896,ececccd0ccc8d871,806c3fe27b94b4d1,01c0e4e488c4f800
Training/meningioma/Tr-me_1295.jpg,Training,meningioma,19648,True,,ef0e11d139ea444dbd4e266a8ccd3f79d22d82c5b16189481ec4047b605fb9c8,06ae3ff751facc4bdc94ece2ca3c168c6ac47104dd25a2a1ed32a1d71df26bb1,97597a2f68663829,71d8c8ccd0ccecec,80903f1d7b6bb42e,00f8c488e4e4c001,c2f32f8538cc2dc3,c8c8ccd4cce4e471,d53a6ab72ec1e184,01ecd0d8ecdce001,c20c2f7a3d332d3c,71e4e4ccd4ccc8c8,d5c56a482e36e173,01e0dcecd8d0ec01,97a67ad068997896,ececccd0ccc8d871,806c3fe27b94b4d1,01c0e4e488c4f800
Training/notumor/Tr-no_1395.jpg,Training,notumor,11761,True,,bd5b12c433485230720aa33032e1f6bd089702090481d7e56dccfa43435d6950,076cd038236a2da18624f590fcb0209f6fe290d8b6870c07fac9996f0ce459c5,855e7aa16a276935,b1e0f0ececdacc78,90957f966a3a6c68,78fce2cde8f4f83b,d0c42f0b2f8d3c9d,e1cca4c8c8d0e872,c53f2a3c3f9039c2,23e0d0e84cb0c0e1,d02b2ff42f723c60,72e8d0c8c8a4cce1,c5c02a833f6f383d,e1c0b04ce8d0e023,85817a5e7ad869ca,78ccdaececf0e0b1,906a3f616ac56c97,3bf8f4e8cde2fc78
Training/notumor/Tr-no_17.jpg,Training,notumor,11761,True,,bd5b12c433485230720aa33032e1f6bd089702090481d7e56dccfa43435d6950,076cd038236a2da18624f590fcb0209f6fe290d8b6870c07fac9996f0ce459c5,855e7aa16a276935,b1e0f0ececdacc78,90957f966a3a6c68,78fce2cde8f4f83b,d0c42f0b2f8d3c9d,e1cca4c8c8d0e872,c53f2a3c3f9039c2,23e0d0e84cb0c0e1,d02b2ff42f723c60,72e8d0c8c8a4cce1,c5c02a833f6f383d,e1c0b04ce8d0e023,85817a5e7ad869ca,78ccdaececf0e0b1,906a3f616ac56c97,3bf8f4e8cde2fc78
Testing/glioma/Te-gl_299.jpg,Testing,glioma,33913,True,,8872585c004347ea73fad063e407998e62786cc8d7a0938ad85792f19a55eb0a,076f593bac9794afcd02b8240dffafb808f844ae048e508ebb4f8ac0fbedde89,96493e27396cf035,70e8d4d4d4ccecf4,82b93fd46c4ab0ae,00f8cca8e8dce801,c3e36b856cc2a587,d0c8ccd4d0d4e8b1,d7136a7e39e0e504,01e8c4e8eacce001,d31c6b726c3da560,b1e8d4d0d4ccc8d0,d7ec6a003813e5f3,01e0cceae8c4e801,86b63ed83893f0ca,f4ecccd4d4d4e870,82463fab6cb5b059,01e8dce8a8ccf800
Testing/glioma/Te-gl_364.jpg,Testing,glioma,33913,True,,8872585c004347ea73fad063e407998e62786cc8d7a0938ad85792f19a55eb0a,076f593bac9794afcd02b8240dffafb808f844ae048e508ebb4f8ac0fbedde89,96493e27396cf035,70e8d4d4d4ccecf4,82b93fd46c4ab0ae,00f8cca8e8dce801,c3e36b856cc2a587,d0c8ccd4d0d4e8b1,d7136a7e39e0e504,01e8c4e8eacce001,d31c6b726c3da560,b1e8d4d0d4ccc8d0,d7ec6a003813e5f3,01e0cceae8c4e801,86b63ed83893f0ca,f4ecccd4d4d4e870,82463fab6cb5b059,01e8dce8a8ccf800
Training/glioma/Tr-gl_361.jpg,Training,glioma,25981,True,,90551aa3ecdd39de63e7e0bd299a90ab0f8d542e5b69e57b129cd1742999efa3,076f593bac9794afcd02b8240dffafb808f844ae048e508ebb4f8ac0fbedde89,96493e27396cf035,70e8d4d4d4ccecf4,82b93fd46c4ab0ae,00f8cca8e8dce801,c3e36b856cc2a587,d0c8ccd4d0d4e8b1,d7136a7e39e0e504,01e8c4e8eacce001,d31c6b726c3da560,b1e8d4d0d4ccc8d0,d7ec6a003813e5f3,01e0cceae8c4e801,86b63ed83893f0ca,f4ecccd4d4d4e870,82463fab6cb5b059,01e8dce8a8ccf800
Training/notumor/Tr-no_1126.jpg,Training,notumor,14958,True,,3a34904d65c8cc7579373460050623901047e49eec67a5d635390374c5b48634,0776039f381601cdbfd8a3c467df7b7d2f7a2cf67255c2a887f1fcfe327afc21,c33f2d70359319cc,72e1e8c8e8e8e0f1,857e78e16396c439,0170e4ccc8e4f038,969579da61394c66,70f8e8e8ece87831,d0d52d4b363c91b3,21f0d8ecccd8f102,967a796561c64c99,3178e8ece8e8f870,d03b2df436c3916c,02f1d8ccecd8f021,c3d02dcf346c1973,f1e0e8e8c8e8e172,8591785e6369c4ee,38f0e4c8cce47001
Training/notumor/Tr-no_564.jpg,Training,notumor,14958,True,,3a34904d65c8cc7579373460050623901047e49eec67a5d635390374c5b48634,0776039f381601cdbfd8a3c467df7b7d2f7a2cf67255c2a887f1fcfe327afc21,c33f2d70359319cc,72e1e8c8e8e8e0f1,857e78e16396c439,0170e4ccc8e4f038,969579da61394c66,70f8e8e8ece87831,d0d52d4b363c91b3,21f0d8ecccd8f102,967a796561c64c99,3178e8ece8e8f870,d03b2df436c3916c,02f1d8ccecd8f021,c3d02dcf346c1973,f1e0e8e8c8e8e172,8591785e6369c4ee,38f0e4c8cce47001
Training/notumor/Tr-no_1051.jpg,Training,notumor,8733,True,,fd701e8cdd7a47b2b7198334e09d7947edf3d2efdd68b73b8d47282256f9f475,079623c1f361bf8674d04c466240b21bc9e73b940fd2136dacee047f96ebae8a,907a6fc56d92344d,b2f8dcdcd4d4f0b2,94c66a3969e464cf,13f8ec8e9aecf893,c5d03e6f383861e6,b2f0d4d4c4c460b2,c16c3f933c4e3165,36e0c8a68ec8e036,c56f3e9039c76119,b260c4c4d4d4f0b2,c1933f6c3cb1319a,36e0c88ea6c8e036,90856b3a6d6d34b3,b2f0d4d4dcdcf8b2,94796ac6693b6439,93f8ec9a8eecf813
Training/notumor/Tr-no_1158.jpg,Training,notumor,8733,True,,fd701e8cdd7a47b2b7198334e09d7947edf3d2efdd68b73b8d47282256f9f475,079623c1f361bf8674d04c466240b21bc9e73b940fd2136dacee047f96ebae8a,907a6fc56d92344d,b2f8dcdcd4d4f0b2,94c66a3969e464cf,13f8ec8e9aecf893,c5d03e6f383861e6,b2f0d4d4c4c460b2,c16c3f933c4e3165,36e0c8a68ec8e036,c56f3e9039c76119,b260c4c4d4d4f0b2,c1933f6c3cb1319a,36e0c88ea6c8e036,90856b3a6d6d34b3,b2f0d4d4dcdcf8b2,94796ac6693b6439,93f8ec9a8eecf813
Training/notumor/Tr-no_330.jpg,Training,notumor,8733,True,,fd701e8cdd7a47b2b7198334e09d7947edf3d2efdd68b73b8d47282256f9f475,079623c1f361bf8674d04c466240b21bc9e73b940fd2136dacee047f96ebae8a,907a6fc56d92344d,b2f8dcdcd4d4f0b2,94c66a3969e464cf,13f8ec8e9aecf893,c5d03e6f383861e6,b2f0d4d4c4c460b2,c16c3f933c4e3165,36e0c8a68ec8e036,c56f3e9039c76119,b260c4c4d4d4f0b2,c1933f6c3cb1319a,36e0c88ea6c8e036,90856b3a6d6d34b3,b2f0d4d4dcdcf8b2,94796ac6693b6439,93f8ec9a8eecf813
Testing/meningioma/Te-me_293.jpg,Testing,meningioma,14431,True,,bf179c5981986242a58d0c3b3ddb9ec1a487e89979c9b8346d2412cc792b20d7,07a07f79f49addce9201cb1a990821957a132f2afa152b2234a107be8b06d544,c73c1ac93ce1633c,71f4cca8f2c8c8c8,94694f967936b249,70e4ac9eb8ecec72,92964e63694b3697,ecececb0eaccd071,c1c31a3c2c9ce7e3,b1c8c8e282cad861,92694e9e69b43669,71d0cceab0ececec,c13c1ac32c63f71d,61d8ca82e2c8c8b1,c7c31b363c1e63c2,c8c8c8f2a8ccf471,94964f6979c9a296,72ececb89eace470
Training/meningioma/Tr-me_799.jpg,Training,meningioma,10596,True,,f9d94f5dbe03a80e7725fbfd4927ef965bf852983da2497e40addfab16c94a3e,07a07f79f49addce9201cb1a990821957a132f2afa152b2234a107be8b06d544,c73c1ac93ce1633c,71f4cca8f2c8c8c8,94694f967936b249,70e4ac9eb8ecec72,92964e63694b3697,ecececb0eaccd071,c1c31a3c2c9ce7e3,b1c8c8e282cad861,92694e9e69b43669,71d0cceab0ececec,c13c1ac32c63f71d,61d8ca82e2c8c8b1,c7c31b363c1e63c2,c8c8c8f2a8ccf471,94964f6979c9a296,72ececb89eace470
Training/notumor/Tr-no_315.jpg,Training,notumor,165993,True,,e3ea07d69e4b3242a2bc56046a2c9547c6e15d8169d3bdad7d4f8f9baf2a2442,08b89f14ad8c34c429a1f276039fb06582bc9411b56c59a44bd02351e5140d07,904b7b156d4eb46c,71f0d4f4b2d4f831,82972b6d6de064c7,31f98cb4b49cf931,c5e02ebf38e4e186,71e0d4b0d0d4f071,d7387ec6384a312d,7360c6d292ce6072,c51f3e40385be179,71f0d4d0b0d4e071,d7c67e1838b53192,7260ce92d2c66073,90b46bea6db1b483,31f8d4b2f4d4f071,826d2bb26d1f6478,31f99cb4b48cf931
Training/notumor/Tr-no_8.jpg,Training,notumor,165993,True,,e3ea07d69e4b3242a2bc56046a2c9547c6e15d8169d3bdad7d4f8f9baf2a2442,08b89f14ad8c34c429a1f276039fb06582bc9411b56c59a44bd02351e5140d07,904b7b156d4eb46c,71f0d4f4b2d4f831,82972b6d6de064c7,31f98cb4b49cf931,c5e02ebf38e4e186,71e0d4b0d0d4f071,d7387ec6384a312d,7360c6d292ce6072,c51f3e40385be179,71f0d4d0b0d4e071,d7c67e1838b53192,7260ce92d2c66073,90b46bea6db1b483,31f8d4b2f4d4f071,826d2bb26d1f6478,31f99cb4b48cf931
Training/notumor/Tr-no_935.jpg,Training,notumor,165993,True,,e3ea07d69e4b3242a2bc56046a2c9547c6e15d8169d3bdad7d4f8f9baf2a2442,08b89f14ad8c34c429a1f276039fb06582bc9411b56c59a44bd02351e5140d07,904b7b156d4eb46c,71f0d4f4b2d4f831,82972b6d6de064c7,31f98cb4b49cf931,c5e02ebf38e4e186,71e0d4b0d0d4f071,d7387ec6384a312d,7360c6d292ce6072,c51f3e40385be179,71f0d4d0b0d4e071,d7c67e1838b53192,7260ce92d2c66073,90b46bea6db1b483,31f8d4b2f4d4f071,826d2bb26d1f6478,31f99cb4b48cf931
Training/notumor/Tr-no_1145.jpg,Training,notumor,12710,True,,e9a63334af63a2ec8cab2149ec091466c60df5fe115cf36cc30c9304dacbb376,08bc90fa39447222522272284f0c96caf6b38a312128688419260614112ea0de,805b1ff87a9168cd,71d4d49696aad468,95b41a837ade689a,78e4aaaaaa8af478,d5f14a122b3b3d62,e9d4aa9696d4d471,c01e4f292f7c3d31,e1d0aeaaaaaad0e1,d50e4aed2fc43d90,71d4d49696aad4e9,c0e14fd62e823dce,e1d0aaaaaaaed0e1,80a41f477e6e683b,68d4aa9696d4d471,955b1a7c7b216865,78f48aaaaaaae478
Training/notumor/Tr-no_1234.jpg,Training,notumor,12710,True,,e9a63334af63a2ec8cab2149ec091466c60df5fe115cf36cc30c9304dacbb376,08bc90fa39447222522272284f0c96caf6b38a312128688419260614112ea0de,805b1ff87a9168cd,71d4d49696aad468,95b41a837ade689a,78e4aaaaaa8af478,d5f14a122b3b3d62,e9d4aa9696d4d471,c01e4f292f7c3d31,e1d0aeaaaaaad0e1,d50e4aed2fc43d90,71d4d49696aad4e9,c0e14fd62e823dce,e1d0aaaaaaaed0e1,80a41f477e6e683b,68d4aa9696d4d471,955b1a7c7b216865,78f48aaaaaaae478
Training/notumor/Tr-no_430.jpg,Training,notumor,12710,True,,e9a63334af63a2ec8cab2149ec091466c60df5fe115cf36cc30c9304dacbb376,08bc90fa39447222522272284f0c96caf6b38a312128688419260614112ea0de,805b1ff87a9168cd,71d4d49696aad468,95b41a837ade689a,78e4aaaaaa8af478,d5f14a122b3b3d62,e9d4aa9696d4d471,c01e4f292f7c3d31,e1d0aeaaaaaad0e1,d50e4aed2fc43d90,71d4d49696aad4e9,c0e14fd62e823dce,e1d0aaaaaaaed0e1,80a41f477e6e683b,68d4aa9696d4d471,955b1a7c7b216865,78f48aaaaaaae478
Training/notumor/Tr-no_280.jpg,Training,notumor,45175,True,,64eee5cd2516c265ea888fc3d784e97daed289385a487567e66b2aabacf50555,08d3004cbcbacc1cc2249d8dc08fd799103aa04a20bfd99aaebe466e21a2bf6e,963c69c3649693ce,00f178ece8e87030,97c67839613297c5,0070e4ccc4f83800,c3963c69313ce665,30f1e8e8c8e17000,c26e2f933498c26f,0060e0c4ccd8f100,c3693cb630c3c69b,0070e1c8e8e8f130,c2933f6c3467c299,00f1d8ccc4e06000,96c3691c6569f331,3070e8e8ec78f100,973968c661cd9732,0038f8c4cce47000
Training/notumor/Tr-no_448.jpg,Training,notumor,45175,True,,64eee5cd2516c265ea888fc3d784e97daed289385a487567e66b2aabacf50555,08d3004cbcbacc1cc2249d8dc08fd799103aa04a20bfd99aaebe466e21a2bf6e,963c69c3649693ce,00f178ece8e87030,97c67839613297c5,0070e4ccc4f83800,c3963c69313ce665,30f1e8e8c8e17000,c26e2f933498c26f,0060e0c4ccd8f100,c3693cb630c3c69b,0070e1c8e8e8f130,c2933f6c3467c299,00f1d8ccc4e06000,96c3691c6569f331,3070e8e8ec78f100,973968c661cd9732,0038f8c4cce47000
Training/pituitary/Tr-pi_1209.jpg,Training,pituitary,14677,True,,53446ebefbb558643e11fe7ecf3059737e2814172797c680e50463dd03656fdf,09063b3427dbdf5d73dbd9930302198b1813b7068f14f209106f569ddf6e7dae,c0991ee6791c1fe2,f0c8f1b38cc6a545,d16619916ec933b5,e08088e0e6d8d870,95335b4d2db65a48,5d5a9c4e3230a8f0,84cc4c3b3b736617,f1e4e498f8eefef8,95cc4bb32c494ab7,f0a830324e9c5a5d,84334ce63b9c66f8,f8feeef898e4e4f1,c0661e1d78e31f1d,45a5c68cb3f1c8f0,d199196e6e36334a,70d8d8e6e08880e0
Training/pituitary/Tr-pi_1352.jpg,Training,pituitary,14677,True,,53446ebefbb558643e11fe7ecf3059737e2814172797c680e50463dd03656fdf,09063b3427dbdf5d73dbd9930302198b1813b7068f14f209106f569ddf6e7dae,c0991ee6791c1fe2,f0c8f1b38cc6a545,d16619916ec933b5,e08088e0e6d8d870,95335b4d2db65a48,5d5a9c4e3230a8f0,84cc4c3b3b736617,f1e4e498f8eefef8,95cc4bb32c494ab7,f0a830324e9c5a5d,84334ce63b9c66f8,f8feeef898e4e4f1,c0661e1d78e31f1d,45a5c68cb3f1c8f0,d199196e6e36334a,70d8d8e6e08880e0
Testing/glioma/Te-gl_171.jpg,Testing,glioma,28239,True,,177abe5e79819aaca240e172e350d26a7b6e4d12c1c4c9f5a16c6cbb2e2a650d,09116c3b440fc1c94b859bcfc38a5eff3e2eec17de91e3853faa0f85bbf5912b,c687053f1abc8fb0,6ccced657568a6f0,c5ff14e21a09da8d,70966271c9c9ca7c,d32d50954f1eda1a,f09ae9415948c8c8,92d541484fa78f67,c1ac6c6c71a996f1,93d2506a4fe1dac5,c8c8485941e99af0,92aa40b74f5c8fd8,f196a9716c6cacc1,c67905c01a4f8f6f,f0a6687565edcc6c,c780151d1ef6da72,7ccac9c971629670
Testing/glioma/Te-gl_228.jpg,Testing,glioma,28239,True,,177abe5e79819aaca240e172e350d26a7b6e4d12c1c4c9f5a16c6cbb2e2a650d,09116c3b440fc1c94b859bcfc38a5eff3e2eec17de91e3853faa0f85bbf5912b,c687053f1abc8fb0,6ccced657568a6f0,c5ff14e21a09da8d,70966271c9c9ca7c,d32d50954f1eda1a,f09ae9415948c8c8,92d541484fa78f67,c1ac6c6c71a996f1,93d2506a4fe1dac5,c8c8485941e99af0,92aa40b74f5c8fd8,f196a9716c6cacc1,c67905c01a4f8f6f,f0a6687565edcc6c,c780151d1ef6da72,7ccac9c971629670
Training/notumor/Tr-no_1267.jpg,Training,notumor,17506,True,,1e1a27e88f2812b4b950fca09bf5f4b8fe20514826756ac69b37b43c0c73214b,094d0e666d7a78ca9f0fa31b563bafa869f006f22c8517505e7dd992d7af0986,954a46797aa67859,78dcf8ec989eceee,84841e655b5b6c6f,f4e6aedae6a6dc39,c0f013d33f0c2df3,888c86e6c8e0c4e0,d12e4bce0ef139c4,60c49a98a48a88d0,c01f132c2ff32d1d,e0c4e0c8e6868c88,d1d14b790e0e393b,d0888aa4989ac460,95b546867a5978a6,eece9e98ecf8dc78,847b1e9b5ba46c91,39dca6e6daaee6f4
Training/notumor/Tr-no_380.jpg,Training,notumor,17506,True,,1e1a27e88f2812b4b950fca09bf5f4b8fe20514826756ac69b37b43c0c73214b,094d0e666d7a78ca9f0fa31b563bafa869f006f22c8517505e7dd992d7af0986,954a46797aa67859,78dcf8ec989eceee,84841e655b5b6c6f,f4e6aedae6a6dc39,c0f013d33f0c2df3,888c86e6c8e0c4e0,d12e4bce0ef139c4,60c49a98a48a88d0,c01f132c2ff32d1d,e0c4e0c8e6868c88,d1d14b790e0e393b,d0888aa4989ac460,95b546867a5978a6,eece9e98ecf8dc78,847b1e9b5ba46c91,39dca6e6daaee6f4
Training/notumor/Tr-no_387.jpg,Training,notumor,17506,True,,1e1a27e88f2812b4b950fca09bf5f4b8fe20514826756ac69b37b43c0c73214b,094d0e666d7a78ca9f0fa31b563bafa869f006f22c8517505e7dd992d7af0986,954a46797aa67859,78dcf8ec989eceee,84841e655b5b6c6f,f4e6aedae6a6dc39,c0f013d33f0c2df3,888c86e6c8e0c4e0,d12e4bce0ef139c4,60c49a98a48a88d0,c01f132c2ff32d1d,e0c4e0c8e6868c88,d1d14b790e0e393b,d0888aa4989ac460,95b546867a5978a6,eece9e98ecf8dc78,847b1e9b5ba46c91,39dca6e6daaee6f4
Testing/glioma/Te-gl_169.jpg,Testing,glioma,33403,True,,f39d7632b9967a19ba2c9475f88cfa007f2bf4aa33ea6d8f8ff09d522aadc5bb,097517e1d7c2d27c31d447bb7a9d52a8c4d01e6e1b4e8eed9f48f8c7e885a5f9,936c2e7168b47372,b271e8d4dcc8ece0,84247f6c689ba36d,0074cce4e6ec7800,86c27bdb3d0e26c8,f8c8ecc4d0e870b2,d10e2ac43d31f6c7,02e1c898d8ccd102,c6397b243de12627,b270e8d0c4ecc8f8,d1e12a383d8ef638,02d1ccd898c8e102,93932e8e685b638d,e0ecc8dcd4e871b2,84db7f936864a392,0078ece6e4cc7400
Training/glioma/Tr-gl_1271.jpg,Training,glioma,25499,True,,598cc0afe5393e23bd2088621622ade0ba7561a309aeb24167bf888dbe41b87e,097517e1d7c2d27c31d447bb7a9d52a8c4d01e6e1b4e8eed9f48f8c7e885a5f9,936c2e7168b47372,b271e8d4dcc8ece0,84247f6c689ba36d,0074cce4e6ec7800,86c27bdb3d0e26c8,f8c8ecc4d0e870b2,d10e2ac43d31f6c7,02e1c898d8ccd102,c6397b243de12627,b270e8d0c4ecc8f8,d1e12a383d8ef638,02d1ccd898c8e102,93932e8e685b638d,e0ecc8dcd4e871b2,84db7f936864a392,0078ece6e4cc7400
Testing/meningioma/Te-me_228.jpg,Testing,meningioma,16489,True,,bd050c09c3c01a44d48094de9b613423722725e6af36246c60952b9f5c45c729,09bf1436c86012197c847d731e71ed03f227c1f76e56b0f317fe51f285974648,90524f9b3b253cda,e8d4d4d698b0c4f0,919e0e243bd979c3,78e49898a88ef078,c5f81a316e8f6970,f0dcf2e694d4d4e8,c4345b8e6e732c69,61f08eeae6e6d8e1,c5071ace6e70698f,e8d4d494e6f2dcf0,c4cb5b716e8c2c96,e1d8e6e6ea8ef061,90ad4f643bda3c25,f0c4b098d6d4d4e8,91610edb3b26793c,78f08ea89898e478
Training/meningioma/Tr-me_497.jpg,Training,meningioma,14560,True,,995eefcf311b352e0f1e8855db68f9c40e8aa033f422663b715860c76aa4b1db,09bf1436c86012197c847d731e71ed03f227c1f76e56b0f317fe51f285974648,90524f9b3b253cda,e8d4d4d698b0c4f0,919e0e243bd979c3,78e49898a88ef078,c5f81a316e8f6970,f0dcf2e694d4d4e8,c4345b8e6e732c69,61f08eeae6e6d8e1,c5071ace6e70698f,e8d4d494e6f2dcf0,c4cb5b716e8c2c96,e1d8e6e6ea8ef061,90ad4f643bda3c25,f0c4b098d6d4d4e8,91610edb3b26793c,78f08ea89898e478
Testing/meningioma/Te-me_82.jpg,Testing,meningioma,7177,True,,59d5ca6397cbfb618d05b0e240b138fb61c3f3832b6a70b3f7b9a96806ef4582,0a063d008da900752595ea671743101cecb7e4d9b390c493d10ee5c1dcc964bd,9b6c6c933166c399,44b269d1d0d96900,93996c66e19b9664,421878d8d06c3842,cec6393964cc9633,006964f47469b244,c63339ccb431c3ce,8460c9f4e4e12084,ce3939c6643396cc,44b26974f4646900,c6cc3933b4cec331,8420e1e4f4c96084,9b936c6c3199c366,0069d9d0d169b244,93666c99e164969b,42386cd0d8781842
Training/meningioma/Tr-me_583.jpg,Training,meningioma,4919,True,,8a78218d3ea57c7e537c14609d48154a1cee9748243fff43f287db8c1957d11f,0a063d008da900752595ea671743101cecb7e4d9b390c493d10ee5c1dcc964bd,9b6c6c933166c399,44b269d1d0d96900,93996c66e19b9664,421878d8d06c3842,cec6393964cc9633,006964f47469b244,c63339ccb431c3ce,8460c9f4e4e12084,ce3939c6643396cc,44b26974f4646900,c6cc3933b4cec331,8420e1e4f4c96084,9b936c6c3199c366,0069d9d0d169b244,93666c99e164969b,42386cd0d8781842
Testing/meningioma/Te-me_138.jpg,Testing,meningioma,10120,True,,8238d1f576cd9a0d6fb599baa2dec1f08b8d9355412d1cf91db367a8729da07f,0a205f4351c14b28d77dc7a31418183a7034e847920b76db3a67d56c3bc4f8b0,950a76796ae06b35,b97cdce4fa9a8eec,84c13f4e5a5e6a6c,70f2e2f0f2e464bc,c0a023d33f4a3e9f,c88ea6a0d8c4c162,d12b62e40ff42fc2,42d9d8b0f0b8b0d0,c05f232c3fb53e60,62c1c4d8a0a68ec8,d1946a1b0f0b3f39,d0b0b8f0b0d8d942,95b576844a1e6bca,ec8e9afae4dc7cb9,843e3fb15aa16a93,bc64e4f2f0e2f270
Training/meningioma/Tr-me_557.jpg,Training,meningioma,7285,True,,c8f4e6c756ce13736de8efe827079034e0265bd4dc9379f194c819c90dee49e1,0a205f4351c14b28d77dc7a31418183a7034e847920b76db3a67d56c3bc4f8b0,950a76796ae06b35,b97cdce4fa9a8eec,84c13f4e5a5e6a6c,70f2e2f0f2e464bc,c0a023d33f4a3e9f,c88ea6a0d8c4c162,d12b62e40ff42fc2,42d9d8b0f0b8b0d0,c05f232c3fb53e60,62c1c4d8a0a68ec8,d1946a1b0f0b3f39,d0b0b8f0b0d8d942,95b576844a1e6bca,ec8e9afae4dc7cb9,843e3fb15aa16a93,bc64e4f2f0e2f270
Testing/meningioma/Te-me_180.jpg,Testing,meningioma,15038,True,,20c540c392630d5bba27c8a6c47a1933df2a9803135b061ef80652904e810432,0a5ca709a238712a90d7fd7c008bb4a06eb264589f309b0e38db8699c389a81f,954a4a97164f7f18,ecac2b6edccefad4,9499126467637f69,e8b0f0e6e6b498ec,c0e01f3d43f52af2,d4a08cc4892bcac8,c53257ca32cb2bc3,c8e6d29898f0f2e8,c01f1fe2439a2e4f,c8ca2b89c48ca0d4,c5cd573532342b3c,e8f2f09898d2e6c8,95b54a6816a07fa7,d4facedc6e2bacec,9066029b679e7e96,ec98b4e6e6f0b0e8
Training/meningioma/Tr-me_616.jpg,Training,meningioma,13746,True,,e29bcad3a9669e308de687b578cb0b414b4fd17020fc63b1f350b06026337139,0a5ca709a238712a90d7fd7c008bb4a06eb264589f309b0e38db8699c389a81f,954a4a97164f7f18,ecac2b6edccefad4,9499126467637f69,e8b0f0e6e6b498ec,c0e01f3d43f52af2,d4a08cc4892bcac8,c53257ca32cb2bc3,c8e6d29898f0f2e8,c01f1fe2439a2e4f,c8ca2b89c48ca0d4,c5cd573532342b3c,e8f2f09898d2e6c8,95b54a6816a07fa7,d4facedc6e2bacec,9066029b679e7e96,ec98b4e6e6f0b0e8
Testing/meningioma/Te-me_96.jpg,Testing,meningioma,34400,True,,ba6bb4c25be87a339ccfda7a83e3d3018a19a9f2d7d53321c9dcf7a41d7134ee,0a73ac55a792efaf6fbeca570c7022d5dd81b19a7259b8bddc4a26c687725098,901a7f616de436a6,79f8f0f0e0c8cce4,85c33f1d68d263c3,38fccac4c4c2fc38,c5b02ecb384f674c,d8cce8f8f0f0e061,d0686ab73d583669,e3c0bcd8dc8cc0e1,c54f2a3438b163f3,61e0f0f0f8e8ccd8,d0976a483da73696,e1c08cdcd8bcc0e3,90e57b9e6d1a3219,e4ccc8e0f0f0f879,853c3fe2682d633c,38fcc2c4c4cafc38
Training/meningioma/Tr-me_458.jpg,Training,meningioma,24063,True,,ce8b974baddb2dc8bac4115b3f5c9c3006cd7a0134c3722906ef5c08d3294150,0a73ac55a792efaf6fbeca570c7022d5dd81b19a7259b8bddc4a26c687725098,901a7f616de436a6,79f8f0f0e0c8cce4,85c33f1d68d263c3,38fccac4c4c2fc38,c5b02ecb384f674c,d8cce8f8f0f0e061,d0686ab73d583669,e3c0bcd8dc8cc0e1,c54f2a3438b163f3,61e0f0f0f8e8ccd8,d0976a483da73696,e1c08cdcd8bcc0e3,90e57b9e6d1a3219,e4ccc8e0f0f0f879,853c3fe2682d633c,38fcc2c4c4cafc38
Testing/meningioma/Te-me_30.jpg,Testing,meningioma,27715,True,,f9c7519fa1b025afb6c7dcb3e7ac3807ab36ffaa535b8dbf72ed6b418303f486,0a7b3ba9d4042065643e304416a652bee8122aa551b802c1c3e5feaeafebc79b,801f5ffa29687d21,71ccb2b28a8eb2ce,90c91f8d7e9d7094,78f099e8ec98f87c,d5b50a507cc7299b,8cb20eaeb292cc71,c5634a272b37253e,c1e066c8e866f0e1,d54a0aaf7c3d2874,71cc92b2ae0eb28c,c59c4ad92bcc25c7,e1f066e8c866e0c1,80e05f0529977dde,ceb28e8ab2b2cc71,90361f727e62706b,7cf898ece899f078
Training/meningioma/Tr-me_109.jpg,Training,meningioma,19823,True,,c22c1029b1f5d3b96679b64527073e0b5f575d492094578a9eff022649af84ec,0a7b3ba9d4042065643e304416a652bee8122aa551b802c1c3e5feaeafebc79b,801f5ffa29687d21,71ccb2b28a8eb2ce,90c91f8d7e9d7094,78f099e8ec98f87c,d5b50a507cc7299b,8cb20eaeb292cc71,c5634a272b37253e,c1e066c8e866f0e1,d54a0aaf7c3d2874,71cc92b2ae0eb28c,c59c4ad92bcc25c7,e1f066e8c866e0c1,80e05f0529977dde,ceb28e8ab2b2cc71,90361f727e62706b,7cf898ece899f078
Testing/glioma/Te-gl_311.jpg,Testing,glioma,34064,True,,039687b8d459da27d82239679a8b862b07f90393adc5bd0f511a38a0b7baa04f,0aaed2276e1b921cc78a443f5aea4f6ad16e3d4a2260d72629a3f7513cf38df1,c6493f0f38e53478,71c8c4d0e8ece46c,84bb2fd47949b08b,01e4eca4acace401,d3e26aa56d0f6192,c8d8c8e8f4dcec71,d1117a7e2ce3e521,01d8cacadac8d801,d31c6a5a6db0616d,71ecdcf4e8c8d8c8,d1ea7a812c1ce59e,01d8c8dacacad801,86b63ff0381a34c7,6ce4ece8d0c4c871,84c52f2b79b6b074,01e4acaca4ece401
Training/glioma/Tr-gl_1057.jpg,Training,glioma,26019,True,,dcb8d6cb4496603b7d8757bef29fa39cf1d84a4e5d953b3135d19dbd788b7dff,0aaed2276e1b921cc78a443f5aea4f6ad16e3d4a2260d72629a3f7513cf38df1,c6493f0f38e53478,71c8c4d0e8ece46c,84bb2fd47949b08b,01e4eca4acace401,d3e26aa56d0f6192,c8d8c8e8f4dcec71,d1117a7e2ce3e521,01d8cacadac8d801,d31c6a5a6db0616d,71ecdcf4e8c8d8c8,d1ea7a812c1ce59e,01d8c8dacacad801,86b63ff0381a34c7,6ce4ece8d0c4c871,84c52f2b79b6b074,01e4acaca4ece401
Testing/meningioma/Te-me_274.jpg,Testing,meningioma,12843,True,,9d77e3a05ebb113dabfd559fb0840079b9fbd2d7ee52002f4dfccba75f2dbe71,0b0806abf69a9405a8b192e0fcaa0bed93e87caeb79d234a292383c120f7309b,c6da2f8d343761b0,71e0c8eccce8e071,d13d2ff23043e4c9,39f0f0d8dce8e871,937a7a27619d341a,71f8e8c8c8ecf871,84977a5865e9b163,71e8e8c4e4f0f061,93977ad8616234e5,71f8ecc8c8e8f871,84687ae76516f19c,61f0f0e4c4e8e871,c63d2f7234c8614f,71e0e8ccecc8e071,d1c22f4d70bce436,71e8e8dcd8f0f039
Training/meningioma/Tr-me_1163.jpg,Training,meningioma,9501,True,,f3d00bbb942117c2fb62466414d3c466ca283b678200fe87424e4128b80b2dba,0b0806abf69a9405a8b192e0fcaa0bed93e87caeb79d234a292383c120f7309b,c6da2f8d343761b0,71e0c8eccce8e071,d13d2ff23043e4c9,39f0f0d8dce8e871,937a7a27619d341a,71f8e8c8c8ecf871,84977a5865e9b163,71e8e8c4e4f0f061,93977ad8616234e5,71f8ecc8c8e8f871,84687ae76516f19c,61f0f0e4c4e8e871,c63d2f7234c8614f,71e0e8ccecc8e071,d1c22f4d70bce436,71e8e8dcd8f0f039
Testing/meningioma/Te-me_231.jpg,Testing,meningioma,44187,True,,d04c10c4f3530ea0dc96002c117a18ed2252afe362b935aec1c673eec7fa0b4b,0b14e21ec1ed0863d6a1c4a3dbef90b475e25815c5d7d735e889241b38a484c8,970f789c4b386dc1,b8646ac8e864bcd9,95d6264b7e2dc834,31f8b67298d07680,c2a52d361e9a786b,64c2d8a8eca9d962,807c72e12b879d9e,0291f4e2b192e030,c25a2dc91eed7894,62d9a9eca8d8c264,c483731e2f789d61,30e092b1e2f49102,977078634b472d1e,d9bc64e8c86a64b8,912b26b47ed2c8cb,8076d09872b6f831
Training/meningioma/Tr-me_158.jpg,Training,meningioma,33946,True,,f17a463d83cc7fa4f2608f3791009e6bc87d73118755ed6043adaa054d94b695,0b14e21ec1ed0863d6a1c4a3dbef90b475e25815c5d7d735e889241b38a484c8,970f789c4b386dc1,b8646ac8e864bcd9,95d6264b7e2dc834,31f8b67298d07680,c2a52d361e9a786b,64c2d8a8eca9d962,807c72e12b879d9e,0291f4e2b192e030,c25a2dc91eed7894,62d9a9eca8d8c264,c483731e2f789d61,30e092b1e2f49102,977078634b472d1e,d9bc64e8c86a64b8,912b26b47ed2c8cb,8076d09872b6f831
Testing/meningioma/Te-me_83.jpg,Testing,meningioma,29322,True,,ca02d2e726540598237ff366f8a9d4078f5f045bc85b2a996c8c044228fb8cf7,0b31b7df6b7162f1c0cbead3d79393f23fd8a6209e5d56b19d232e16ac49e065,81e0566f3d257e34,f1c8aeb2b2e9dce8,c08f5fd41af43263,60e6c79595ccc468,d44a03c5689f2b9f,e8c468b2b28aec70,95270a7a4f6a67c8,68dccc56561c98f9,d4b5073e68746b61,70ec8ab2b268c4e8,95d80a854f956737,f9981c5656ccdc68,811f56903dca7eca,e8dce9b2b2aec8f1,c0725f2b1a3f329c,68c4cc9595c7e660
Training/meningioma/Tr-me_905.jpg,Training,meningioma,25681,True,,d3dc17e9beb57b30ad2dee3323cb2a7a7e893bcc0666b7938600f71decf5fb39,0b31b7df6b7162f1c0cbead3d79393f23fd8a6209e5d56b19d232e16ac49e065,81e0566f3d257e34,f1c8aeb2b2e9dce8,c08f5fd41af43263,60e6c79595ccc468,d44a03c5689f2b9f,e8c468b2b28aec70,95270a7a4f6a67c8,68dccc56561c98f9,d4b5073e68746b61,70ec8ab2b268c4e8,95d80a854f956737,f9981c5656ccdc68,811f56903dca7eca,e8dce9b2b2aec8f1,c0725f2b1a3f329c,68c4cc9595c7e660
Testing/glioma/Te-gl_253.jpg,Testing,glioma,23480,True,,ae926d6c5e0601d1fd2d452de6eaa3a03b8cb0581d52114a1c0890b7c0a1ca56,0bbc5b40d1b23dfc2122e45d237f86e25c7c42ba8492eeaaa2a6e8fdb4b1467e,851e7a6169a167e6,b2f8e4f0cee8d0d4,85c47f9b683c6361,30e8c4a4c4c87880,d0b42fcb3c1b324d,d4f4e88ce0d8e0b2,d06e2a313d9636cb,02e0ecdcdadce832,d06b2f343ce432b3,b2e0d8e08ce8f4d4,d0916ace3d693635,32e8dcdadcece002,85c17a9e694e6719,d4d0e8cef0e4f8b2,853b3f6068c3639e,8078c8c4a4c4e830
Testing/glioma/Te-gl_85.jpg,Testing,glioma,31080,True,,dfe3ba072de070d1d78c367f8facb4680032ff69735adda54f57511090770be2,0bbc5b40d1b23dfc2122e45d237f86e25c7c42ba8492eeaaa2a6e8fdb4b1467e,851e7a6169a167e6,b2f8e4f0cee8d0d4,85c47f9b683c6361,30e8c4a4c4c87880,d0b42fcb3c1b324d,d4f4e88ce0d8e0b2,d06e2a313d9636cb,02e0ecdcdadce832,d06b2f343ce432b3,b2e0d8e08ce8f4d4,d0916ace3d693635,32e8dcdadcece002,85c17a9e694e6719,d4d0e8cef0e4f8b2,853b3f6068c3639e,8078c8c4a4c4e830
Testing/meningioma/Te-me_216.jpg,Testing,meningioma,26981,True,,4cc66638107c582da061fb013badc87dfb5dbdb94deee50550a5df8b967d9947,0be07f2863f3540ad3cd7273d9f4e986860f855ad7ac13fe0b52497c285ef41d,91364f6938b86cc7,31cc8cb8dcc6c878,85cc5e333e9c614e,60f0f2b6aedecc61,c49c1ae36d13396d,61ec9cc4e2cecc31,d0661b996b3734e4,79cc848a92b0f079,c4631a3c6ded3992,31cccee2c49cec61,d0991b666bc9341f,79f0b0928a84cc79,91c94fb638476c3c,78c8c6dcb88ccc31,85335ecc3e6361b1,61ccdeaeb6f2f060
Training/meningioma/Tr-me_330.jpg,Training,meningioma,24073,True,,3f485834e521c740f298d16190f0afa1209a0e2d01080015ca6a8b5f3febe1fe,0be07f2863f3540ad3cd7273d9f4e986860f855ad7ac13fe0b52497c285ef41d,91364f6938b86cc7,31cc8cb8dcc6c878,85cc5e333e9c614e,60f0f2b6aedecc61,c49c1ae36d13396d,61ec9cc4e2cecc31,d0661b996b3734e4,79cc848a92b0f079,c4631a3c6ded3992,31cccee2c49cec61,d0991b666bc9341f,79f0b0928a84cc79,91c94fb638476c3c,78c8c6dcb88ccc31,85335ecc3e6361b1,61ccdeaeb6f2f060
Testing/meningioma/Te-me_54.jpg,Testing,meningioma,27277,True,,4b341616b6b9a8c0060988aa8174ee101aca4f96ae8007a2df0137ff2c33d5dd,0bf052d08db83a9a36c0b1aff4ef21247d3a7f30762ddece045717709650998e,96c64b6d3cb861c5,31ccccac4e8ef871,c58c1e733c36e0ce,71e0c4c6cad0cc31,c36c1ec76912346f,70e08e8dcacccc11,90264bd969dcb566,70ccf4ac9cd4f871,c3931e3c69ed3590,11ccccca8d8ee070,90d94b266973b599,71f8d49cacf4cc70,963d4b963c47613a,71f88e4eaccccc31,c5731e8c3cd9e033,31ccd0cac6c4e071
Training/meningioma/Tr-me_200.jpg,Training,meningioma,23965,True,,7ae82ad05ee2fd7dc4d6ee5f4793ac4fc8c416bba68b698a2df7d59d76b1cd2b,0bf052d08db83a9a36c0b1aff4ef21247d3a7f30762ddece045717709650998e,96c64b6d3cb861c5,31ccccac4e8ef871,c58c1e733c36e0ce,71e0c4c6cad0cc31,c36c1ec76912346f,70e08e8dcacccc11,90264bd969dcb566,70ccf4ac9cd4f871,c3931e3c69ed3590,11ccccca8d8ee070,90d94b266973b599,71f8d49cacf4cc70,963d4b963c47613a,71f88e4eaccccc31,c5731e8c3cd9e033,31ccd0cac6c4e071
Training/notumor/Tr-no_1397.jpg,Training,notumor,46209,True,,90b09a698e88ffae221f5f5c0c732e7a17e93387b4e91fc0be28b3aa3b91ba33,0c0eef84bbc7849af6a65b93fad9164433ad48fbae669f5b4302188e3460a62f,811956fe6c786b85,70d49292b2c8d4e0,91c91e8f5ec6323c,70f088e2b288f470,d4b3034479c23f2f,f8d0ecb2b6b6d461,c46b4b350b6c6796,f1d0e6b2b8eeb0f0,d44c03ab793d3ed0,61d4b6b6b2ecd0f8,c49c4bca0b93676b,f0b0eeb8b2e6d0f1,81e656116c976b7a,e0d4c8b29292d470,913e1e745e3932c3,70f488b2e288f070
Training/notumor/Tr-no_660.jpg,Training,notumor,46209,True,,90b09a698e88ffae221f5f5c0c732e7a17e93387b4e91fc0be28b3aa3b91ba33,0c0eef84bbc7849af6a65b93fad9164433ad48fbae669f5b4302188e3460a62f,811956fe6c786b85,70d49292b2c8d4e0,91c91e8f5ec6323c,70f088e2b288f470,d4b3034479c23f2f,f8d0ecb2b6b6d461,c46b4b350b6c6796,f1d0e6b2b8eeb0f0,d44c03ab793d3ed0,61d4b6b6b2ecd0f8,c49c4bca0b93676b,f0b0eeb8b2e6d0f1,81e656116c976b7a,e0d4c8b29292d470,913e1e745e3932c3,70f488b2e288f070
Testing/meningioma/Te-me_105.jpg,Testing,meningioma,18203,True,,935ba7f0696adb99b0bc47bd75e6ae0ae86426d1fb6922dac8b9569ddaea8a16,0c18093c1d7e9ee435e18ec897025f457f59e6fec34158f7aca1a419b752d46e,907b6be53c9668c2,70e0dcccfcd4c471,958c7a316ae26d8e,09f0f2f2f8f6f839,85d13e4f693c2d45,71dcd4c0ccc4e870,c0a62f9b3f4b3825,60e090e0b0b0f020,c52e3eb06bc32d92,70e8c4ccc0d4dc71,c0592e643eb730db,20f0b0b0e090e060,d0846b1a3e697c3d,71c4d4fcccdce070,95737acc6a1c6570,39f8f6f8f2f2f009
Training/meningioma/Tr-me_530.jpg,Training,meningioma,15821,True,,c4eae93e7fb065a8f96e0c916bced76f23e218331d5c540451200114f1dc4084,0c18093c1d7e9ee435e18ec897025f457f59e6fec34158f7aca1a419b752d46e,907b6be53c9668c2,70e0dcccfcd4c471,958c7a316ae26d8e,09f0f2f2f8f6f839,85d13e4f693c2d45,71dcd4c0ccc4e870,c0a62f9b3f4b3825,60e090e0b0b0f020,c52e3eb06bc32d92,70e8c4ccc0d4dc71,c0592e643eb730db,20f0b0b0e090e060,d0846b1a3e697c3d,71c4d4fcccdce070,95737acc6a1c6570,39f8f6f8f2f2f009
Testing/notumor/Te-no_121.jpg,Testing,notumor,12375,True,,0ac00682257258ee21f7c81af7bc22efbbbb4385e67e4d005f2000ad3b85561b,0ca395fbadf95f1cd5db9816142a0c63aee08b2ea358eddcd822715d844959db,942f7a606bfc6143,397cd0f4d8aeb4fd,84c07e5b6c3b69b4,71f4eaf4e4f07834,c1852fca3e5634e9,40d282a4d0f4c062,d16a2bf139913c1e,d2e0f0d8d0a8d071,c17a2f353ea93416,62c0f4d0a482d240,d1952b0e396e3ce1,71d0a8d0d8f0e0d2,94d07a9f6b0361bc,fdb4aed8f4d07c39,843f7ea46cc4694b,3478f0e4f4eaf471
Training/notumor/Tr-no_832.jpg,Training,notumor,9821,True,,9e4d567cc1c9654db6c31518f61e6f3832fd18f2c07551468ab0becf30ccd345,0ca395fbadf95f1cd5db9816142a0c63aee08b2ea358eddcd822715d844959db,942f7a606bfc6143,397cd0f4d8aeb4fd,84c07e5b6c3b69b4,71f4eaf4e4f07834,c1852fca3e5634e9,40d282a4d0f4c062,d16a2bf139913c1e,d2e0f0d8d0a8d071,c17a2f353ea93416,62c0f4d0a482d240,d1952b0e396e3ce1,71d0a8d0d8f0e0d2,94d07a9f6b0361bc,fdb4aed8f4d07c39,843f7ea46cc4694b,3478f0e4f4eaf471
Testing/meningioma/Te-me_8.jpg,Testing,meningioma,10921,True,,65a902fcdd43caafbfd32f996cda5eb70f49870ae04b457e63b4e12149168225,0cbea4713192a70002d9afa1d63f9fcb6b6ac255a97550b10be913f72ed5914d,947a4b693e257865,71c896be9692d674,808c5f777a7268ca,70f2a39faf8ecc71,c0d01ac36b8f2dcf,d194b6968296ec71,d5260a9f2fd83d60,71cc860a021ab0f1,c13f1e3c6b703d30,71ec968296b694d1,d5d90a602f073d1f,f1b01a020a86cc71,94854b963eda789a,74d69296be96c871,80735fca7a8d6835,71cc8eaf9fa3f270
Training/meningioma/Tr-me_486.jpg,Training,meningioma,7925,True,,f3fec5bf88028bff924a9866b3efc5711b6a4f4f1bce52692ddef89db1d2996b,0cbea4713192a70002d9afa1d63f9fcb6b6ac255a97550b10be913f72ed5914d,947a4b693e257865,71c896be9692d674,808c5f777a7268ca,70f2a39faf8ecc71,c0d01ac36b8f2dcf,d194b6968296ec71,d5260a9f2fd83d60,71cc860a021ab0f1,c13f1e3c6b703d30,71ec968296b694d1,d5d90a602f073d1f,f1b01a020a86cc71,94854b963eda789a,74d69296be96c871,80735fca7a8d6835,71cc8eaf9fa3f270
Testing/notumor/Te-no_365.jpg,Testing,notumor,13999,True,,4c557fefde640a1a8d578beff11021e893bdee3817bd99456ad60e4f1d7b6c49,0d84aa392cf585c7e6b7bd21ee27a720acb12491154f35c0dc72f97eb9058dd8,92c24f3c2d7d6961,69e888f0f8f0d469,c09c1f6f3ac3e0f0,21e486a5a582c461,c7681a96788b3ccb,69d4d0e0d0eee869,95324ac56b69b55a,28ccbe5a5a9ed838,c7971b6978703c34,69e8eed0e0d0d469,95c94a3a6f92b585,38d89e5a5abecc28,923d4ec32d8a699e,69d4f0f8f088e869,c0e71f903e3ce02f,61c482a5a586e421
Training/notumor/Tr-no_362.jpg,Training,notumor,12624,True,,77ed920e1688b867cf62bed46e5bcafb5d16d7a04f869cef88bce986d262ca6d,0d84aa392cf585c7e6b7bd21ee27a720acb12491154f35c0dc72f97eb9058dd8,92c24f3c2d7d6961,69e888f0f8f0d469,c09c1f6f3ac3e0f0,21e486a5a582c461,c7681a96788b3ccb,69d4d0e0d0eee869,95324ac56b69b55a,28ccbe5a5a9ed838,c7971b6978703c34,69e8eed0e0d0d469,95c94a3a6f92b585,38d89e5a5abecc28,923d4ec32d8a699e,69d4f0f8f088e869,c0e71f903e3ce02f,61c482a5a586e421
Testing/meningioma/Te-me_179.jpg,Testing,meningioma,28353,True,,f55311fb8ccf1b86450233262bd00b176bd1c404e5849b59c0a3cd5e4440626b,0d9e2d3aa11d3a25e10934fb327c74553f5ed08fcce71b9aa1099773575071d2,c50c115b4e3f7ce2,d4c8a4c5c802ceca,816c07d95eb91d4b,e6ead29dc9d2daec,94b644f97f952948,ac8cb7ec5cdae8d4,d4ce52731b1748e5,c8a4b46c46b4a898,9459441e5f6a29b7,d4e8da5cecb78cac,d4395adc1bec481e,98a8b4466cb4a4c8,c1f311bc4ac57c1d,cace02c8c5a4c8d4,819b07365ece1db4,ecdad2c99dd2eae6
Testing/meningioma/Te-me_198.jpg,Testing,meningioma,28353,True,,f55311fb8ccf1b86450233262bd00b176bd1c404e5849b59c0a3cd5e4440626b,0d9e2d3aa11d3a25e10934fb327c74553f5ed08fcce71b9aa1099773575071d2,c50c115b4e3f7ce2,d4c8a4c5c802ceca,816c07d95eb91d4b,e6ead29dc9d2daec,94b644f97f952948,ac8cb7ec5cdae8d4,d4ce52731b1748e5,c8a4b46c46b4a898,9459441e5f6a29b7,d4e8da5cecb78cac,d4395adc1bec481e,98a8b4466cb4a4c8,c1f311bc4ac57c1d,cace02c8c5a4c8d4,819b07365ece1db4,ecdad2c99dd2eae6
Training/meningioma/Tr-me_432.jpg,Training,meningioma,25923,True,,e2c7bc9c2d735e5b584b329f5cda1aec1f2415b2972c4aa8efc8d0a61e61b280,0d9e2d3aa11d3a25e10934fb327c74553f5ed08fcce71b9aa1099773575071d2,c50c115b4e3f7ce2,d4c8a4c5c802ceca,816c07d95eb91d4b,e6ead29dc9d2daec,94b644f97f952948,ac8cb7ec5cdae8d4,d4ce52731b1748e5,c8a4b46c46b4a898,9459441e5f6a29b7,d4e8da5cecb78cac,d4395adc1bec481e,98a8b4466cb4a4c8,c1f311bc4ac57c1d,cace02c8c5a4c8d4,819b07365ece1db4,ecdad2c99dd2eae6
Training/meningioma/Tr-me_561.jpg,Training,meningioma,25923,True,,e2c7bc9c2d735e5b584b329f5cda1aec1f2415b2972c4aa8efc8d0a61e61b280,0d9e2d3aa11d3a25e10934fb327c74553f5ed08fcce71b9aa1099773575071d2,c50c115b4e3f7ce2,d4c8a4c5c802ceca,816c07d95eb91d4b,e6ead29dc9d2daec,94b644f97f952948,ac8cb7ec5cdae8d4,d4ce52731b1748e5,c8a4b46c46b4a898,9459441e5f6a29b7,d4e8da5cecb78cac,d4395adc1bec481e,98a8b4466cb4a4c8,c1f311bc4ac57c1d,cace02c8c5a4c8d4,819b07365ece1db4,ecdad2c99dd2eae6
Training/notumor/Tr-no_1274.jpg,Training,notumor,18316,True,,71b3de7ee123124b0cf239be46cde689f527b1b56127ff7668cabca4c6384513,0df8266504aa6946c44cb56f2250600d31ee0926c921738729d10111bd949415,91e41f915ec618de,ecd68e8e9e9acc78,d5bb40452b922d6f,f18c061b0306cc61,c46e4a3b0b6d4d74,e1cca6868e8e94c8,801855ef7e3878e5,70cc9f3f079bce70,c4b14bc44b934ddb,c8948e8e86a6cce1,80e755117ec7781e,70ce9b073f9fcc70,913b1f6e5e391831,78cc9a9e8e8ed6ec,d54d40bb2b6d2db0,61cc06031b068cf1
Training/notumor/Tr-no_911.jpg,Training,notumor,15039,True,,a3b52d8a675f4344381842cea58e6966d3a9bd4fff0e77685c0656b1838cce9e,0df8266504aa6946c44cb56f2250600d31ee0926c921738729d10111bd949415,91e41f915ec618de,ecd68e8e9e9acc78,d5bb40452b922d6f,f18c061b0306cc61,c46e4a3b0b6d4d74,e1cca6868e8e94c8,801855ef7e3878e5,70cc9f3f079bce70,c4b14bc44b934ddb,c8948e8e86a6cce1,80e755117ec7781e,70ce9b073f9fcc70,913b1f6e5e391831,78cc9a9e8e8ed6ec,d54d40bb2b6d2db0,61cc06031b068cf1
Testing/glioma/Te-gl_166.jpg,Testing,glioma,36100,True,,c3e0dfa4276ce9ec6db117fa83397c51ba751c0031b7ee044b682e34b5a82100,0e3e709528eca4676b4d02f26e53e088a1b8f43127f18d90d7062342d80d9654,95c55a0c6b3e6d70,79fcdeca9ef63cd9,c0940f5a3fed2c35,70c8a2899c89d060,c46b0fa63e9438da,64c09086a484c061,952e5af02a03799f,39f46ec6669aec71,c4940f593e6f382d,61c084a48690c064,95c15a0f6bbc7960,71ec9a66c66ef439,91325ab36bc16d87,d93cf69ecadefc79,c06b0fa53ed62cca,60d0899c89a2c870
Testing/glioma/Te-gl_278.jpg,Testing,glioma,36100,True,,c3e0dfa4276ce9ec6db117fa83397c51ba751c0031b7ee044b682e34b5a82100,0e3e709528eca4676b4d02f26e53e088a1b8f43127f18d90d7062342d80d9654,95c55a0c6b3e6d70,79fcdeca9ef63cd9,c0940f5a3fed2c35,70c8a2899c89d060,c46b0fa63e9438da,64c09086a484c061,952e5af02a03799f,39f46ec6669aec71,c4940f593e6f382d,61c084a48690c064,95c15a0f6bbc7960,71ec9a66c66ef439,91325ab36bc16d87,d93cf69ecadefc79,c06b0fa53ed62cca,60d0899c89a2c870
Training/notumor/Tr-no_1289.jpg,Training,notumor,32146,True,,84acb850a9c5348cd00623122246c83dffd727e007aedc1d484e39d06e784c6f,0e404014b914257fb0398e693e4a947ea5008223d5db8500157ce8967df45be0,85d67a99685b6478,71f4ccccd4d4f831,d0902b8b3d3d646f,79f8e4b4a4e4f871,d07c2f333df031c2,33e0d4d4ccccd071,857a7e61689731c5,61e0d8dad2d8e061,d0832fcc3d0f313d,71d0ccccd4d4e033,85c57ede6868313a,61e0d8d2dad8e061,85697a6668a56597,31f8d4d4ccccf471,d06f2b753dc26494,71f8e4a4b4e4f879
Training/notumor/Tr-no_156.jpg,Training,notumor,32146,True,,84acb850a9c5348cd00623122246c83dffd727e007aedc1d484e39d06e784c6f,0e404014b914257fb0398e693e4a947ea5008223d5db8500157ce8967df45be0,85d67a99685b6478,71f4ccccd4d4f831,d0902b8b3d3d646f,79f8e4b4a4e4f871,d07c2f333df031c2,33e0d4d4ccccd071,857a7e61689731c5,61e0d8dad2d8e061,d0832fcc3d0f313d,71d0ccccd4d4e033,85c57ede6868313a,61e0d8d2dad8e061,85697a6668a56597,31f8d4d4ccccf471,d06f2b753dc26494,71f8e4a4b4e4f879
Testing/meningioma/Te-me_206.jpg,Testing,meningioma,17975,True,,8288cd2152fc6daeaf7da557eca1d0f2e9e72367ee10b4c5e09248597637e82a,0e54e83d8cec2987119ce9f7db2e71034b6b94ee482c8ec43d4324286ece075b,a40b5b951f6ad239,7cceb9efdccce316,92d901e46d67668f,d4b8a8e8a4accc6c,f1a11e3f4be08792,9038cc8408628cc1,c773544e38cd3325,c9cccadae8eae2d4,d15e1ec0491f876d,c18c620884cc3890,c78cd4b138323bda,d4e2eae8dacaccc9,84f44b6a1cb5d2c7,16e3ccdcefb9ce7c,9226853b6d986e79,6cccaca4e8a8b8d4
Training/meningioma/Tr-me_753.jpg,Training,meningioma,16150,True,,99f6632afb9629ee8b0f9994a819e797ff7f1513c471da4fda70e81420eb6f51,0e54e83d8cec2987119ce9f7db2e71034b6b94ee482c8ec43d4324286ece075b,a40b5b951f6ad239,7cceb9efdccce316,92d901e46d67668f,d4b8a8e8a4accc6c,f1a11e3f4be08792,9038cc8408628cc1,c773544e38cd3325,c9cccadae8eae2d4,d15e1ec0491f876d,c18c620884cc3890,c78cd4b138323bda,d4e2eae8dacaccc9,84f44b6a1cb5d2c7,16e3ccdcefb9ce7c,9226853b6d986e79,6cccaca4e8a8b8d4
Training/pituitary/Tr-pi_1187.jpg,Training,pituitary,268072,True,,aff49c4e9fbe859bc0608338e96e8e4eab4743e7100c05f81b48e68a799d38d4,0e65d230affe593cfd3a3c1ceb9e0871ebe1bbb8c129090a53d15e696a1bc6b2,d1804b1fce6a2fd8,e8d092d4d44c88da,c85206663fe53e4d,ecf1b0a273b0e2fa,842a1eb5dbc07af2,a4eecdd4d4b6f4e8,94f052c46a4d6be7,80b8f23032f270c8,84d51e4a8b3f7a0d,e8f4b6d4d4cdeea4,9d0f533b6ab06b18,c870f23230f2b880,d17f4be00e952b07,da884cd4d492d0e8,c9ad06913f1a3eb2,fae2b073a2b0f1ec
Training/pituitary/Tr-pi_384.jpg,Training,pituitary,268072,True,,aff49c4e9fbe859bc0608338e96e8e4eab4743e7100c05f81b48e68a799d38d4,0e65d230affe593cfd3a3c1ceb9e0871ebe1bbb8c129090a53d15e696a1bc6b2,d1804b1fce6a2fd8,e8d092d4d44c88da,c85206663fe53e4d,ecf1b0a273b0e2fa,842a1eb5dbc07af2,a4eecdd4d4b6f4e8,94f052c46a4d6be7,80b8f23032f270c8,84d51e4a8b3f7a0d,e8f4b6d4d4cdeea4,9d0f533b6ab06b18,c870f23230f2b880,d17f4be00e952b07,da884cd4d492d0e8,c9ad06913f1a3eb2,fae2b073a2b0f1ec
Training/pituitary/Tr-pi_863.jpg,Training,pituitary,268072,True,,aff49c4e9fbe859bc0608338e96e8e4eab4743e7100c05f81b48e68a799d38d4,0e65d230affe593cfd3a3c1ceb9e0871ebe1bbb8c129090a53d15e696a1bc6b2,d1804b1fce6a2fd8,e8d092d4d44c88da,c85206663fe53e4d,ecf1b0a273b0e2fa,842a1eb5dbc07af2,a4eecdd4d4b6f4e8,94f052c46a4d6be7,80b8f23032f270c8,84d51e4a8b3f7a0d,e8f4b6d4d4cdeea4,9d0f533b6ab06b18,c870f23230f2b880,d17f4be00e952b07,da884cd4d492d0e8,c9ad06913f1a3eb2,fae2b073a2b0f1ec
Testing/meningioma/Te-me_66.jpg,Testing,meningioma,17710,True,,535e5fd3284fb948f3b07147480899b2df00c0705e3ff3e5808d96bd30be2057,0ea8d3ec108e3c21a5fcfdd4bded426955af6b756ccc76e01ecca7c5fc3c683e,c5372acc33f04df0,69c4e2ced072f0d0,956e6db2322d6835,78f2b6ccccdcf278,909d7f66661a585a,74f0b1f48cb8dc69,c0c7381867873d9f,e0b0c4cccc92b060,90627f9966e518e5,69dcb88cf4b1f074,c03b38e767783d60,60b092ccccc4b0e0,c5c82a33334f4d4f,d0f072d0cee2c469,95976d4d32d268ca,78f2dcccccb6f278
Training/meningioma/Tr-me_1198.jpg,Training,meningioma,15883,True,,556f561ec1c7743e7a8dfec5de7d34c0ab28e60352c21c677b2bb7354baeff1f,0ea8d3ec108e3c21a5fcfdd4bded426955af6b756ccc76e01ecca7c5fc3c683e,c5372acc33f04df0,69c4e2ced072f0d0,956e6db2322d6835,78f2b6ccccdcf278,909d7f66661a585a,74f0b1f48cb8dc69,c0c7381867873d9f,e0b0c4cccc92b060,90627f9966e518e5,69dcb88cf4b1f074,c03b38e767783d60,60b092ccccc4b0e0,c5c82a33334f4d4f,d0f072d0cee2c469,95976d4d32d268ca,78f2dcccccb6f278
Testing/glioma/Te-gl_32.jpg,Testing,glioma,17778,True,,04aa41d8514362877d7f8fd81e543bc8584e4a6ba1ac025c2f37515f32abd9b0,0eb8b92d72d1d9882dbef37a552f26f9ab2c8f3c2ab60933d085714a8e1f6a6b,801f157e5bda9a98,68c6abc9494dad9a,87e310805f8f5e97,e48f686242b0d77c,d5f540d40e70cf72,a60a496c6c2a9ce1,d27d552a0a250b7f,c01072b539e10ed8,d54a402b0e8fcfcd,e19c2a6c6c490aa6,d2f745d50ada0bc2,d80ee139b57210c0,80e155e15b659b67,9aad4d49c9abc668,871c107f5f705e68,7cd7b04262688fe4
Testing/glioma/Te-gl_389.jpg,Testing,glioma,17778,True,,04aa41d8514362877d7f8fd81e543bc8584e4a6ba1ac025c2f37515f32abd9b0,0eb8b92d72d1d9882dbef37a552f26f9ab2c8f3c2ab60933d085714a8e1f6a6b,801f157e5bda9a98,68c6abc9494dad9a,87e310805f8f5e97,e48f686242b0d77c,d5f540d40e70cf72,a60a496c6c2a9ce1,d27d552a0a250b7f,c01072b539e10ed8,d54a402b0e8fcfcd,e19c2a6c6c490aa6,d2f745d50ada0bc2,d80ee139b57210c0,80e155e15b659b67,9aad4d49c9abc668,871c107f5f705e68,7cd7b04262688fe4
Testing/meningioma/Te-me_37.jpg,Testing,meningioma,51353,True,,9dcd34c5328623dc7c0f06cbb7598017efbb3b6b59d3a70c099343922290de99,0ebff62d7f4aac6e5f06254efd8877dd52317625603c8ea6da2db05acb959698,811f5e722e6b6c19,78d8faeadac6c8e2,80c91e9e6f95643e,f09d8cca55e4fc35,d4b50bca79c819b3,b8ac8ca4a8a0e4e1,d5634b343e3f3190,50c0d055acce46f0,d44a0b35793f394c,e1e4a0a8a48cacb8,d59c49cb3ec0316b,f046ceac55d0c050,81e05e9f2c9c6ce6,e2c8c6daeafad878,80361e716f6a7cc5,35fce455ca8c9df0
Training/meningioma/Tr-me_1290.jpg,Training,meningioma,37460,True,,a70f40c8cfc4a3811c80f6f00cc80d890c602ccdd5cb610c4e77db115e2195c1,0ebff62d7f4aac6e5f06254efd8877dd52317625603c8ea6da2db05acb959698,811f5e722e6b6c19,78d8faeadac6c8e2,80c91e9e6f95643e,f09d8cca55e4fc35,d4b50bca79c819b3,b8ac8ca4a8a0e4e1,d5634b343e3f3190,50c0d055acce46f0,d44a0b35793f394c,e1e4a0a8a48cacb8,d59c49cb3ec0316b,f046ceac55d0c050,81e05e9f2c9c6ce6,e2c8c6daeafad878,80361e716f6a7cc5,35fce455ca8c9df0
Training/pituitary/Tr-pi_17.jpg,Training,pituitary,189502,True,,f2152513bd2804ec1ef7e8b188ab72a991417708a0b98e3dac3131578d1aa794,0f0dbd5d273a6074272ae896820359e75ab12fbe280fb25ab6717ed500c09f54,959f1e586b1af418,7cf0eacad2d4ece4,c2e50a087d5f6c37,e0c94490d2e1f908,c0354bf23eb0b5b2,d8c0d4b4a488f0c0,974f57a028b5319d,e36078b4f6dd6838,c0ce4b0d3e4fa54d,c0f088a4b4d4c0d8,97b05f5f284a3962,3868ddf6b47860e3,95601ea749e5e0e7,e4ecd4d2caeaf07c,c21a0af77de26cc8,08f9e1d29044c9e0
Training/pituitary/Tr-pi_306.jpg,Training,pituitary,189502,True,,f2152513bd2804ec1ef7e8b188ab72a991417708a0b98e3dac3131578d1aa794,0f0dbd5d273a6074272ae896820359e75ab12fbe280fb25ab6717ed500c09f54,959f1e586b1af418,7cf0eacad2d4ece4,c2e50a087d5f6c37,e0c94490d2e1f908,c0354bf23eb0b5b2,d8c0d4b4a488f0c0,974f57a028b5319d,e36078b4f6dd6838,c0ce4b0d3e4fa54d,c0f088a4b4d4c0d8,97b05f5f284a3962,3868ddf6b47860e3,95601ea749e5e0e7,e4ecd4d2caeaf07c,c21a0af77de26cc8,08f9e1d29044c9e0
Testing/meningioma/Te-me_296.jpg,Testing,meningioma,25945,True,,664c8e8cd61fc28844149e95bf4c7b75bc9012d92869446f94d4dc8f8c7bece9,0f145432c5dac9edd2f5f09f66db7d835c883b5ea688e3b39ed5d94cb02635d9,d24d2f60747ca476,a2e8acac888c4d4d,826627fa6493a19f,ed65d5c9e19979f4,97a67aca0196f598,4d4dceeecacae8ba,d7cc72503139f435,d06166786c545948,97587a151169f527,bae8cacaeece4d4d,d73262a731c6f48a,4859546c786661d0,c2f22fbf44c3a08d,4d4d8c88acace8a2,829d3f8d646fa170,f47999e1c9d565ed
Training/meningioma/Tr-me_145.jpg,Training,meningioma,23516,True,,fcfe7634ac373c6839916f9cce74ce6369249bd96bd55aa3ae3d0050d2119410,0f145432c5dac9edd2f5f09f66db7d835c883b5ea688e3b39ed5d94cb02635d9,d24d2f60747ca476,a2e8acac888c4d4d,826627fa6493a19f,ed65d5c9e19979f4,97a67aca0196f598,4d4dceeecacae8ba,d7cc72503139f435,d06166786c545948,97587a151169f527,bae8cacaeece4d4d,d73262a731c6f48a,4859546c786661d0,c2f22fbf44c3a08d,4d4d8c88acace8a2,829d3f8d646fa170,f47999e1c9d565ed
Training/notumor/Tr-no_349.jpg,Training,notumor,17096,True,,3e66ecd9f2d07394ea13b8f2ce9212677a14aea1066e13a1445b00cbc59b998e,0f2c00e1e9bd7ca8992b9c40afdeec0a19efed4b19192442002d3ee3a66831b0,d04e1bba3ee43b60,69f4d4d4a8aad4f8,94321f457a937a9c,78f4a8a8a8a8f478,85e54e142b4e6ecb,e0d4aaead4d4d069,c1984aef2f092f36,e1d0eaeaeaead0e0,851a4aef2bb16e34,69d0d4d4eaaad4e0,c1674a102ff62fc9,e0d0eaeaeaead0e1,d0b01b417e1b3b9e,f8d4aaa8d4d4f469,94c51fba7a4c7a22,78f4a8a8a8a8f478
Training/notumor/Tr-no_779.jpg,Training,notumor,17096,True,,3e66ecd9f2d07394ea13b8f2ce9212677a14aea1066e13a1445b00cbc59b998e,0f2c00e1e9bd7ca8992b9c40afdeec0a19efed4b19192442002d3ee3a66831b0,d04e1bba3ee43b60,69f4d4d4a8aad4f8,94321f457a937a9c,78f4a8a8a8a8f478,85e54e142b4e6ecb,e0d4aaead4d4d069,c1984aef2f092f36,e1d0eaeaeaead0e0,851a4aef2bb16e34,69d0d4d4eaaad4e0,c1674a102ff62fc9,e0d0eaeaeaead0e1,d0b01b417e1b3b9e,f8d4aaa8d4d4f469,94c51fba7a4c7a22,78f4a8a8a8a8f478
Testing/meningioma/Te-me_94.jpg,Testing,meningioma,12103,True,,7912b475d4fe70819a6982a63f4487ade1f9ea600b1bdf99c60c1019facd9e02,0f54b3da8bfa5f911b58e6fe9ba336acdf6fc7af7bcce8ec1ce342dab5291ffb,c7c33a386ac33939,69ccc0c4c4f4ec60,c4333bcc3b62ec38,78d8b4c8f0f0f038,92696f923a696c93,78c8d0dcdcfccc69,91996e666ec8b992,60f0f0f0ecd2e461,92966f693b926c68,69ccfcdcdcd0c878,91666e996e22b965,61e4d2ecf0f0f060,c73c3ac36e3839c2,60ecf4c4c4c0cc69,c4cc3b333b80ecc7,38f0f0f0c8b4d878
Training/meningioma/Tr-me_946.jpg,Training,meningioma,9125,True,,20b8d58afcccf5666c37e7daed3ebbbcd71665ee7f87b4d3ca502705beb7e1e4,0f54b3da8bfa5f911b58e6fe9ba336acdf6fc7af7bcce8ec1ce342dab5291ffb,c7c33a386ac33939,69ccc0c4c4f4ec60,c4333bcc3b62ec38,78d8b4c8f0f0f038,92696f923a696c93,78c8d0dcdcfccc69,91996e666ec8b992,60f0f0f0ecd2e461,92966f693b926c68,69ccfcdcdcd0c878,91666e996e22b965,61e4d2ecf0f0f060,c73c3ac36e3839c2,60ecf4c4c4c0cc69,c4cc3b333b80ecc7,38f0f0f0c8b4d878
Training/meningioma/Tr-me_1094.jpg,Training,meningioma,28082,True,,451f339dbf4d33864e0dd8940f533bbeddda6492cf60bb15615342bd467cc721,0f5c9bc45257b0781c8a8d2a923f6bcd0015b6bc102c5db5677c089ebbb51d37,94957a1a3f687839,78f4f4cceca8e0e1,c0d92f043f3738b6,62e0b0c4acf4e46c,c13f6fb06ac26d82,78f8eac8ccd0d0e1,95517a8e6a956d1c,c9d8d0cadcf2f831,c1c02f4f6a3d2d6c,e1d0d0ccc8eaf878,95ae7a506a626de2,31f8f2dccad0d8c9,946a2ae53b9738c6,e1e0a8ecccf4f478,c0262ffb3fc83849,6ce4f4acc4b0e062
Training/meningioma/Tr-me_219.jpg,Training,meningioma,28082,True,,451f339dbf4d33864e0dd8940f533bbeddda6492cf60bb15615342bd467cc721,0f5c9bc45257b0781c8a8d2a923f6bcd0015b6bc102c5db5677c089ebbb51d37,94957a1a3f687839,78f4f4cceca8e0e1,c0d92f043f3738b6,62e0b0c4acf4e46c,c13f6fb06ac26d82,78f8eac8ccd0d0e1,95517a8e6a956d1c,c9d8d0cadcf2f831,c1c02f4f6a3d2d6c,e1d0d0ccc8eaf878,95ae7a506a626de2,31f8f2dccad0d8c9,946a2ae53b9738c6,e1e0a8ecccf4f478,c0262ffb3fc83849,6ce4f4acc4b0e062
Training/notumor/Tr-no_499.jpg,Training,notumor,12235,True,,41efe60c9486d5c559d6ede0449c1da09b12bfbf8241ba4f28c60f82634cfe04,0fcfe0c5ca8e28899cfbbc87a6042e57571ee25d9a8b7e6dc018036baf1c8998,856a5ba57ab50996,61e8ec8ccececc60,95975cd26a6a6949,38fca2cdcd8ef430,d0c00f0f2f1f7c3c,e1cc8c8ccec8e879,c03f09783fe03ce3,30d08e4c4cbac060,d03f0ef02fe05cc3,79e8c8ce8c8ccce1,c0c20b873f3f3c3c,60c0ba4c4c8ed030,85955f5a7a4a4969,60cccece8cece861,95685c2d6a9569b6,30f48ecdcda2fc38
Training/notumor/Tr-no_734.jpg,Training,notumor,12235,True,,41efe60c9486d5c559d6ede0449c1da09b12bfbf8241ba4f28c60f82634cfe04,0fcfe0c5ca8e28899cfbbc87a6042e57571ee25d9a8b7e6dc018036baf1c8998,856a5ba57ab50996,61e8ec8ccececc60,95975cd26a6a6949,38fca2cdcd8ef430,d0c00f0f2f1f7c3c,e1cc8c8ccec8e879,c03f09783fe03ce3,30d08e4c4cbac060,d03f0ef02fe05cc3,79e8c8ce8c8ccce1,c0c20b873f3f3c3c,60c0ba4c4c8ed030,85955f5a7a4a4969,60cccece8cece861,95685c2d6a9569b6,30f48ecdcda2fc38
Training/pituitary/Tr-pi_1309.jpg,Training,pituitary,34589,True,,1bbe995f377f1eb224e2a963238bbfacf7bf49a3d7219bbc3dd781b5c34e4fb8,0fd418ba77dad9b666326d0b5e69d67ff163d41efd14584d288485c9571a3893,c03d2bf42d693666,b2e8d0d4ccccd469,906a7fad6cac2391,017cd8a4acd87c01,95976e5e60c362cc,69d4ccccd4f468b2,c5c02a2f392e763b,02c1e4cadae4c102,95687ea1783c6333,b268f4d4ccccd469,c53f2ad031f176c4,02c1e4dacae4c102,c0c23f0b3d963799,69d4ccccd4d0e8b2,90957f526c53236e,017cd8aca4d87c01
Training/pituitary/Tr-pi_261.jpg,Training,pituitary,34589,True,,1bbe995f377f1eb224e2a963238bbfacf7bf49a3d7219bbc3dd781b5c34e4fb8,0fd418ba77dad9b666326d0b5e69d67ff163d41efd14584d288485c9571a3893,c03d2bf42d693666,b2e8d0d4ccccd469,906a7fad6cac2391,017cd8a4acd87c01,95976e5e60c362cc,69d4ccccd4f468b2,c5c02a2f392e763b,02c1e4cadae4c102,95687ea1783c6333,b268f4d4ccccd469,c53f2ad031f176c4,02c1e4dacae4c102,c0c23f0b3d963799,69d4ccccd4d0e8b2,90957f526c53236e,017cd8aca4d87c01
Training/notumor/Tr-no_79.jpg,Training,notumor,42479,True,,fe9912cb2a3bbf99e64c6674791db7c6d926d465387208ce20f2b4b87efd6d7c,1016a17e67b309d1ed140b81ef0619821f5efb5922b32bdeed1d14902ab5a884,c3c06c0b2f6f3c2d,69f0f0c8e8f8f162,c00b2ffd3fc09c62,32c0c0dcccd0c06b,966a39a17ac56987,b170e0e8ecf0f069,95a17a576a6ac9c8,29fcf4ccc4fc7c83,9695391a7a3a6978,69f0f0ece8e070b1,954e7aa86a85c937,837cfcc4ccf4fc29,c33f6cb02f903cd2,62f1f8e8c8f0f069,c0e42f023f2f9c9d,6bc0d0ccdcc0c032
Training/notumor/Tr-no_975.jpg,Training,notumor,42496,True,,7d3ed9bbd82529237c3a31107966ecad504ffb5d3ed73ba36d19d8cd1d8e0d48,1016a17e67b309d1ed140b81ef0619821f5efb5922b32bdeed1d14902ab5a884,c33f6cb02f903cd2,62f1f8e8c8f0f069,954e7aa86a85c937,837cfcc4ccf4fc29,9695391a7a3a6978,69f0f0ece8e070b1,c0e42f023f2f9c9d,6bc0d0ccdcc0c032,966a39a17ac56987,b170e0e8ecf0f069,c00b2ffd3fc09c62,32c0c0dcccd0c06b,c3c06c0b2f6f3c2d,69f0f0c8e8f8f162,95a17a576a6ac9c8,29fcf4ccc4fc7c83
Training/notumor/Tr-no_1398.jpg,Training,notumor,14151,True,,6f3bdbdba45d1f985b33e51c93c318e0f04f2c3186dfae874050a99a11b1af02,1022e374863375f945db2f2e6c0af45272f26f0c92266e8bdab5dfcf58cb32df,959f7e702be06123,387ceacada8ce4e4,c4c13f0f6c1f6934,e1e0d080e6e4643c,c0372bda7f4a3489,d8d8c6a4ac88c1e3,916b6aa529b52c9e,c3d9d898fcf4f838,c0ca2b253ebd3476,e3c188aca4c6d8d8,919c6a5a3d4a7c69,38f8f4fc98d8d9c3,95607e856b1761dc,e4e48cdacaea7c38,c4363ff068e069cb,3c64e4e680d0e0e1
Training/notumor/Tr-no_516.jpg,Training,notumor,14151,True,,6f3bdbdba45d1f985b33e51c93c318e0f04f2c3186dfae874050a99a11b1af02,1022e374863375f945db2f2e6c0af45272f26f0c92266e8bdab5dfcf58cb32df,959f7e702be06123,387ceacada8ce4e4,c4c13f0f6c1f6934,e1e0d080e6e4643c,c0372bda7f4a3489,d8d8c6a4ac88c1e3,916b6aa529b52c9e,c3d9d898fcf4f838,c0ca2b253ebd3476,e3c188aca4c6d8d8,919c6a5a3d4a7c69,38f8f4fc98d8d9c3,95607e856b1761dc,e4e48cdacaea7c38,c4363ff068e069cb,3c64e4e680d0e0e1
Training/notumor/Tr-no_1187.jpg,Training,notumor,9387,True,,88aba8f5a882187bc3df678f2b3a88c6c59cec1c01fb732e5671a5ffb6a494d7,1023fd7c1086d8462c6176d37c97e21066fc3d9c257d61c4dc3f6b33fcf7aaae,d21f6e603c646765,3179d0f0f0c8f071,80683f376896e2fc,01f0e4b0b2c87819,86b43bca694a32cf,71f0e8f0f0f46173,d5c26a1d3d30b716,22e1e8b2f2d8f003,874b7b3569353630,7361f4f0f0e8f071,d11d6a623dc1b729,03f0d8f2b2e8e122,c2e02e9f389b639a,71f0c8f0f0d07931,80b73fc8686fe243,1978c8b2b0e4f001
Training/notumor/Tr-no_420.jpg,Training,notumor,9387,True,,88aba8f5a882187bc3df678f2b3a88c6c59cec1c01fb732e5671a5ffb6a494d7,1023fd7c1086d8462c6176d37c97e21066fc3d9c257d61c4dc3f6b33fcf7aaae,d21f6e603c646765,3179d0f0f0c8f071,80683f376896e2fc,01f0e4b0b2c87819,86b43bca694a32cf,71f0e8f0f0f46173,d5c26a1d3d30b716,22e1e8b2f2d8f003,874b7b3569353630,7361f4f0f0e8f071,d11d6a623dc1b729,03f0d8f2b2e8e122,c2e02e9f389b639a,71f0c8f0f0d07931,80b73fc8686fe243,1978c8b2b0e4f001
Training/notumor/Tr-no_518.jpg,Training,notumor,42451,True,,7adb02dafa127d16b635a76df10314f68ded12fa7a20457e4d666d2873a2130f,1039f6af4e6bb6516eb0c0c4c9338f0afdcf67c3140969e518f5abce2c295c5a,d44a2b656fb42d92,61d4d4b4b0b6fcf9,85273efa6a6161c5,39fca6a2b2aae878,81e07ecf3a1e7838,60c092f2d2d4d479,d08c6b503fcb346e,e1e8aab2ba9ac063,811f7e303ae178c7,79d4d4d2f292c060,d0726baf3f343490,63c09abab2aae8e1,c4b52b9a6d4b2d2c,f9fcb6b0b4d4d461,85d83e856a9e693a,78e8aab2a2a6fc39
Training/notumor/Tr-no_92.jpg,Training,notumor,42451,True,,7adb02dafa127d16b635a76df10314f68ded12fa7a20457e4d666d2873a2130f,1039f6af4e6bb6516eb0c0c4c9338f0afdcf67c3140969e518f5abce2c295c5a,d44a2b656fb42d92,61d4d4b4b0b6fcf9,85273efa6a6161c5,39fca6a2b2aae878,81e07ecf3a1e7838,60c092f2d2d4d479,d08c6b503fcb346e,e1e8aab2ba9ac063,811f7e303ae178c7,79d4d4d2f292c060,d0726baf3f343490,63c09abab2aae8e1,c4b52b9a6d4b2d2c,f9fcb6b0b4d4d461,85d83e856a9e693a,78e8aab2a2a6fc39
Testing/meningioma/Te-me_279.jpg,Testing,meningioma,13220,True,,dd744532f6d754160bbcb4b1c72a140d4f63874222ef8785d22d0ac046271bc9,1048b82ea59f7a2d6de4407985f4febf72747d98ef250c4ca3dda4ab11a8c865,c26f2fa42c3364ce,f069d8d4f4d4d870,91247ed36984e59b,8078e48698cc7880,97c57a0e79993164,70e4d4d0d4e46930,c49f2b593c6eb031,02e0cce69ec8e002,973a6ab12966319b,3069e4d4d0d4e470,c4692bae3cd1b0ce,02e0c89ee6cce002,c2942f5b7ccc6471,70d8d4f4d4d869f0,91c37e04697be564,8078cc9886e47880
Training/meningioma/Tr-me_897.jpg,Training,meningioma,9972,True,,102ec1a84a997171c48cea71d746215bea0fc31cbf51d3a6ba13bea5194b0bf3,1048b82ea59f7a2d6de4407985f4febf72747d98ef250c4ca3dda4ab11a8c865,c26f2fa42c3364ce,f069d8d4f4d4d870,91247ed36984e59b,8078e48698cc7880,97c57a0e79993164,70e4d4d0d4e46930,c49f2b593c6eb031,02e0cce69ec8e002,973a6ab12966319b,3069e4d4d0d4e470,c4692bae3cd1b0ce,02e0c89ee6cce002,c2942f5b7ccc6471,70d8d4f4d4d869f0,91c37e04697be564,8078cc9886e47880
Training/notumor/Tr-no_1194.jpg,Training,notumor,8136,True,,3fe17b3fd3ce3aa90a87f7fec9e5ceb19fd057ad5f5e716ace23115a24ef66b6,10bffd0c18eeaff891d5a262a6d6565f973b58ab0bf7a37c5fdbf8f0e45b2a54,cf4b3c9c70323339,307169ccd4f069b2,90372fc0f14fc63c,8230e4a8a8e07082,9ae1793665986693,b269f0d4cc697130,c5957a4aa4e59396,8270f8eaead87082,9a1e69c92567666c,307169ccd4f069b2,c56a7ab5a41a9369,8270d8eaeaf87082,cfb42c6330cd33c6,b269f0d4cc697130,90c82f3ff1b0c6c3,8270e0a8a8e43082
Training/notumor/Tr-no_1253.jpg,Training,notumor,10469,True,,9cb0bd6ba354991ae933b55af58ca040f3b8db01add876aba09159d7badd3599,10bffd0c18eeaff891d5a262a6d6565f973b58ab0bf7a37c5fdbf8f0e45b2a54,cf4b3c9c70323339,307169ccd4f069b2,90372fc0f14fc63c,8230e4a8a8e07082,9ae1793665986693,b269f0d4cc697130,c5957a4aa4e59396,8270f8eaead87082,9a1e69c92567666c,307169ccd4f069b2,c56a7ab5a41a9369,8270d8eaeaf87082,cfb42c6330cd33c6,b269f0d4cc697130,90c82f3ff1b0c6c3,8270e0a8a8e43082
Training/pituitary/Tr-pi_805.jpg,Training,pituitary,40442,True,,6c8c2a11f01b532a75a01f052e3f536e10bcdca633e77ef3001d8ed852e83ee7,111dae07946ea1f3dc7ad5f7e33d835967efef5adb1222362ce493d55710778f,ea01f69d5dc40d72,4a4d6971717b2b2d,b44aa3c69ec1a3a7,fc3c9e74749e967e,bfaba377086608d8,4b2b217171694dad,e1e8f46acb2af40a,819686d1d186c3c0,bf54a3c848997a27,ad4d697171212b4b,e115f491cb94f4f0,c0c386d1d1869681,eafaf6225d221d88,2d2b7b7171694d4a,b4b5a1399a3ea15a,7e969e74749e3cfc
Training/pituitary/Tr-pi_878.jpg,Training,pituitary,40442,True,,6c8c2a11f01b532a75a01f052e3f536e10bcdca633e77ef3001d8ed852e83ee7,111dae07946ea1f3dc7ad5f7e33d835967efef5adb1222362ce493d55710778f,ea01f69d5dc40d72,4a4d6971717b2b2d,b44aa3c69ec1a3a7,fc3c9e74749e967e,bfaba377086608d8,4b2b217171694dad,e1e8f46acb2af40a,819686d1d186c3c0,bf54a3c848997a27,ad4d697171212b4b,e115f491cb94f4f0,c0c386d1d1869681,eafaf6225d221d88,2d2b7b7171694d4a,b4b5a1399a3ea15a,7e969e74749e3cfc
Testing/glioma/Te-gl_144.jpg,Testing,glioma,48294,True,,9240553fcd8fe826ed548984db69d2d0178a14adb7aba345b6e7ba539e15d71f,114734cb991b3eef1fa55a194230788bc4b33a6271fffad51695974a3ed98bb6,95d34a4b6b9d2d84,69dcaabaa8e8d471,c5870a3b3f787921,70e8d8e060d8e071,c0791fe13e377824,71d4e8aaa2aac469,902d5f916bd22d8b,70f8a4e0f8e4e871,c0861f1e3ec878db,69c4aaa2aae8d471,90d25f6e6a2d2c74,71e8e4f8e0a4f870,952c4ab46b622d7b,71d4e8a8baaadc69,c5780ac43e8778de,71e0d860e0d8e870
Testing/glioma/Te-gl_59.jpg,Testing,glioma,48294,True,,9240553fcd8fe826ed548984db69d2d0178a14adb7aba345b6e7ba539e15d71f,114734cb991b3eef1fa55a194230788bc4b33a6271fffad51695974a3ed98bb6,95d34a4b6b9d2d84,69dcaabaa8e8d471,c5870a3b3f787921,70e8d8e060d8e071,c0791fe13e377824,71d4e8aaa2aac469,902d5f916bd22d8b,70f8a4e0f8e4e871,c0861f1e3ec878db,69c4aaa2aae8d471,90d25f6e6a2d2c74,71e8e4f8e0a4f870,952c4ab46b622d7b,71d4e8a8baaadc69,c5780ac43e8778de,71e0d860e0d8e870
Training/notumor/Tr-no_224.jpg,Training,notumor,10180,True,,20b0c7de1c131e75deff54e8f0c51eef6c48116cdcbf7bb1f47fc7e4c7f07ab1,11c0422fc09138d44594dcf7fd4f6f8df070fa394a8765911f537534245fba16,c64f3fb07892612b,70f0d4d4d4d4f070,94253bc3691fe51c,20fce4aaa8e4f820,93e56a5a2d393495,70f0d4d4d4d4f070,c18f6e683cb5b0b2,30c0d8eaaad8c030,921a6aa52dc7347e,70f0d4d4d4d4f070,c1706e973c4bb0cd,30c0d8aaead8c030,c7b03f0f786c61c4,70f0d4d4d4d4f070,94ca3b3c69e0e563,20f8e4a8aae4fc20
Training/notumor/Tr-no_232.jpg,Training,notumor,10180,True,,20b0c7de1c131e75deff54e8f0c51eef6c48116cdcbf7bb1f47fc7e4c7f07ab1,11c0422fc09138d44594dcf7fd4f6f8df070fa394a8765911f537534245fba16,c64f3fb07892612b,70f0d4d4d4d4f070,94253bc3691fe51c,20fce4aaa8e4f820,93e56a5a2d393495,70f0d4d4d4d4f070,c18f6e683cb5b0b2,30c0d8eaaad8c030,921a6aa52dc7347e,70f0d4d4d4d4f070,c1706e973c4bb0cd,30c0d8aaead8c030,c7b03f0f786c61c4,70f0d4d4d4d4f070,94ca3b3c69e0e563,20f8e4a8aae4fc20
Training/notumor/Tr-no_29.jpg,Training,notumor,10180,True,,20b0c7de1c131e75deff54e8f0c51eef6c48116cdcbf7bb1f47fc7e4c7f07ab1,11c0422fc09138d44594dcf7fd4f6f8df070fa394a8765911f537534245fba16,c64f3fb07892612b,70f0d4d4d4d4f070,94253bc3691fe51c,20fce4aaa8e4f820,93e56a5a2d393495,70f0d4d4d4d4f070,c18f6e683cb5b0b2,30c0d8eaaad8c030,921a6aa52dc7347e,70f0d4d4d4d4f070,c1706e973c4bb0cd,30c0d8aaead8c030,c7b03f0f786c61c4,70f0d4d4d4d4f070,94ca3b3c69e0e563,20f8e4a8aae4fc20
Training/notumor/Tr-no_1346.jpg,Training,notumor,7041,True,,fa0c1c4fb6eabf57c61ae1afd2f24efd5aa69d47a6df7d468579cdee91a86c8a,11c705a1479bae74b61e9cd5d2864995258c7d8b8ef6d18aee54e6613e9b968a,95625bec3a84689f,60d0ccc4f4d2f078,958d5a563b686b4c,f8f4f2d6d6caf4f8,c0c80e476f2f3e35,e1f090d0c4ccf4f9,c0270ffc6ec03ee2,e0d0a09494b0d0e0,c0370eb86fd13aca,f9f4ccc4d090f0e1,c0d80f036e3f3e1d,e0d0b09494a0d0e0,959d5b123a7a6b60,78f0d2f4c4ccd060,95725aa93b956ba0,f8f4cad6d6f2f4f8
Training/notumor/Tr-no_889.jpg,Training,notumor,7041,True,,fa0c1c4fb6eabf57c61ae1afd2f24efd5aa69d47a6df7d468579cdee91a86c8a,11c705a1479bae74b61e9cd5d2864995258c7d8b8ef6d18aee54e6613e9b968a,95625bec3a84689f,60d0ccc4f4d2f078,958d5a563b686b4c,f8f4f2d6d6caf4f8,c0c80e476f2f3e35,e1f090d0c4ccf4f9,c0270ffc6ec03ee2,e0d0a09494b0d0e0,c0370eb86fd13aca,f9f4ccc4d090f0e1,c0d80f036e3f3e1d,e0d0b09494a0d0e0,959d5b123a7a6b60,78f0d2f4c4ccd060,95725aa93b956ba0,f8f4cad6d6f2f4f8
Testing/meningioma/Te-me_86.jpg,Testing,meningioma,17271,True,,2c9f7f2d80eac2f53f5a58d8a45f5e29aa942b5f9899dffa56592aeec66c3975,11c70b3d1cf080e8dd9397c322b76c23d63036fb071f1ca754284150ac9ea20f,c51b1f622e3669f0,21d0d2e49086c4e4,806d1f9a48d37c3d,69c68e9387dcd83c,94b143ca7b9c34ba,d8dc9ef6c8a4f468,d5c64b301d792997,c0e44416268a9468,944e43377b633465,68f4a4c8f69edcd8,d5384bcf1d863968,68948a261644e4c0,c1e4169d2ec961af,e4c48690e4d2d021,81931f656a2c7de2,3cd8dc87938ec669
Training/meningioma/Tr-me_1121.jpg,Training,meningioma,12755,True,,887770a828d268a2487b833f31281d0291951557c1ecd96ed38f3e8966d0def0,11c70b3d1cf080e8dd9397c322b76c23d63036fb071f1ca754284150ac9ea20f,c51b1f622e3669f0,21d0d2e49086c4e4,806d1f9a48d37c3d,69c68e9387dcd83c,94b143ca7b9c34ba,d8dc9ef6c8a4f468,d5c64b301d792997,c0e44416268a9468,944e43377b633465,68f4a4c8f69edcd8,d5384bcf1d863968,68948a261644e4c0,c1e4169d2ec961af,e4c48690e4d2d021,81931f656a2c7de2,3cd8dc87938ec669
Training/notumor/Tr-no_1281.jpg,Training,notumor,14699,True,,1760da4ac516c8564bf06bc349176a1463dbb49f4de7b6d0b986ff015b96bd62,11f1d0cd13a8721da13e90aa22893ff13e5e1f2ad338632a15ba2f8e62b23ae6,d0161ffa7a962951,e8cccc8c8e96ccf0,94661a033a9b7cde,f8e4e69694c4fc78,84bc4a502f3c78fb,e0cc948ececccce8,c1cc4fa86f312976,e0c0d4c69698d8e0,85434baf2fc37d04,e8ccccce8e94cce0,c1334f576fcc2909,e0d89896c6d4c0e0,d0e91f057a6929ae,f0cc968e8ccccce8,94991afd3a666c23,78fcc49496e6e4f8
Training/notumor/Tr-no_550.jpg,Training,notumor,14699,True,,1760da4ac516c8564bf06bc349176a1463dbb49f4de7b6d0b986ff015b96bd62,11f1d0cd13a8721da13e90aa22893ff13e5e1f2ad338632a15ba2f8e62b23ae6,d0161ffa7a962951,e8cccc8c8e96ccf0,94661a033a9b7cde,f8e4e69694c4fc78,84bc4a502f3c78fb,e0cc948ececccce8,c1cc4fa86f312976,e0c0d4c69698d8e0,85434baf2fc37d04,e8ccccce8e94cce0,c1334f576fcc2909,e0d89896c6d4c0e0,d0e91f057a6929ae,f0cc968e8ccccce8,94991afd3a666c23,78fcc49496e6e4f8
Training/notumor/Tr-no_293.jpg,Training,notumor,4386,True,,2db2426323e2d116ddfd79ca17da4f0c3861a527eba11414ce1ffe403b5810bd,120db4bd374be23a1e64130c0e2f30b9125eee7389566bee62bf26beaf5ac1a8,9712197f12fa1b25,dcb2c94d4d558ad0,84eb150136efde4c,ec9a6545cde492f4,c6b84cd547505f8b,f4ae554d4d48b2c4,d14540eb67458be7,d0b6d84c5d59a6c0,c6474c2a47af4e74,c4b2484d4d55aef4,d1be405663ba8b1b,c0a6595d4cd8b6d0,93fd1980124d1bdf,d08a554d4dc9b2dc,841415fe3691deb3,f492e4cd45659aec
Training/notumor/Tr-no_60.jpg,Training,notumor,4386,True,,2db2426323e2d116ddfd79ca17da4f0c3861a527eba11414ce1ffe403b5810bd,120db4bd374be23a1e64130c0e2f30b9125eee7389566bee62bf26beaf5ac1a8,9712197f12fa1b25,dcb2c94d4d558ad0,84eb150136efde4c,ec9a6545cde492f4,c6b84cd547505f8b,f4ae554d4d48b2c4,d14540eb67458be7,d0b6d84c5d59a6c0,c6474c2a47af4e74,c4b2484d4d55aef4,d1be405663ba8b1b,c0a6595d4cd8b6d0,93fd1980124d1bdf,d08a554d4dc9b2dc,841415fe3691deb3,f492e4cd45659aec
Testing/meningioma/Te-me_101.jpg,Testing,meningioma,18534,True,,32aeabe5bd8a77001d06adbb24a0c1727d110692d91e6a5143251f9719696b58,121fa95775e58009eea5f53ffa1ac612a47a766104133d871f3d67a35551495a,91d91b216f656ce4,71f0f0c8d8cccc70,c1b11f1f6af8680b,78fc929292f2f870,c4734e8b2acf390e,f0cccce4e8f0f071,940a4ab53f527da9,70c090b6b6a6c0e1,c48e4e743f3039f1,71f0f0e8e4ccccf0,94e44a423fa57d56,e1c0a6b6b690c070,91261b9e6b9a6c1b,70ccccd8c8f0f071,c14f1fe06a0f28fc,70f8f2929292fc78
Training/meningioma/Tr-me_404.jpg,Training,meningioma,16642,True,,6dd5943d1831c3b133d5e8cbe5a3f87087256db4ac6af3e8878df2a0255efc87,121fa95775e58009eea5f53ffa1ac612a47a766104133d871f3d67a35551495a,91d91b216f656ce4,71f0f0c8d8cccc70,c1b11f1f6af8680b,78fc929292f2f870,c4734e8b2acf390e,f0cccce4e8f0f071,940a4ab53f527da9,70c090b6b6a6c0e1,c48e4e743f3039f1,71f0f0e8e4ccccf0,94e44a423fa57d56,e1c0a6b6b690c070,91261b9e6b9a6c1b,70ccccd8c8f0f071,c14f1fe06a0f28fc,70f8f2929292fc78
Testing/meningioma/Te-me_113.jpg,Testing,meningioma,22020,True,,39cabdc25d698ca1fbb4db79efa72184c0f92d854c553ee098d74ccbcfa38fef,127d70566b738d45c438ec684ad85c330332bcbdf77e189d3ac83ce10596f61d,91d141921e2f7e6d,f9d802696cdcdcf8,d09e073f0ff01e1a,64d8b8a8129298c0,c47b14285b857bc7,e0c4c4c969bfe460,8536529d5b5a4bb4,7ce6b6b7eae2e4d9,c48414d75b7a7b38,60e4bf69c9c4c4e0,85cb526a5aa54b4f,d9e4e2eab7b6e67c,912e417d1ed16e9a,f8dcdc6c6902d8f9,d06307da0f0f1ee5,c0989212a8b8d864
Training/meningioma/Tr-me_962.jpg,Training,meningioma,20242,True,,560ac96dc3f7ab9c6b84af2cb3f6a4a7f510b75e865bafeaa95f705992846861,127d70566b738d45c438ec684ad85c330332bcbdf77e189d3ac83ce10596f61d,91d141921e2f7e6d,f9d802696cdcdcf8,d09e073f0ff01e1a,64d8b8a8129298c0,c47b14285b857bc7,e0c4c4c969bfe460,8536529d5b5a4bb4,7ce6b6b7eae2e4d9,c48414d75b7a7b38,60e4bf69c9c4c4e0,85cb526a5aa54b4f,d9e4e2eab7b6e67c,912e417d1ed16e9a,f8dcdc6c6902d8f9,d06307da0f0f1ee5,c0989212a8b8d864
Testing/meningioma/Te-me_149.jpg,Testing,meningioma,8844,True,,bb624454b04721a0bfe7e06c9bd2288c233f848603d9ae719ba2b052f530634a,12adc83f6e46f1e78ead91842f73086141fc58953b47987299eea23782132640,9b986c6666499b95,b0f0f0f0e8e8f0b2,c3c3383ce6c69a78,02d1e8ccc4f87182,ce3239cc3163ce27,92f0e8e8f0f0f0f2,92496d96b264cfd2,8270e0dccce87480,cecd3933331ccec0,f2f0f0f0e8e8f092,92966d68b293c72d,8074e8ccdce07082,9b672c9962369b62,b2f0e8e8f0f0f0b0,c33c38c3e6399a87,8271f8c4cce8d102
Training/meningioma/Tr-me_960.jpg,Training,meningioma,6348,True,,3e4fe94fcd8a70b5c029f7ea855604275ce818be383392b41ed37fb578678598,12adc83f6e46f1e78ead91842f73086141fc58953b47987299eea23782132640,9b986c6666499b95,b0f0f0f0e8e8f0b2,c3c3383ce6c69a78,02d1e8ccc4f87182,ce3239cc3163ce27,92f0e8e8f0f0f0f2,92496d96b264cfd2,8270e0dccce87480,cecd3933331ccec0,f2f0f0f0e8e8f092,92966d68b293c72d,8074e8ccdce07082,9b672c9962369b62,b2f0e8e8f0f0f0b0,c33c38c3e6399a87,8271f8c4cce8d102
Testing/meningioma/Te-me_280.jpg,Testing,meningioma,32794,True,,de382067b21e04f72300a7acbe0d7c1c4b2cca4a65153f9816155f0c7afb4dc2,12b271761228788c8fbd6c510f6377dd671f5a861685fb352dac3169b9b465fd,c6cc6e386133317b,70f0d8ccf0b8e8e8,c0163fe87117adf0,79e5e6d292d7f458,93663b923e9964d1,e8e8e2f0cce0f071,95bc6a422cb5f85a,e1d014b6b4985861,93993b6d3266642e,71f0e0ccf0e2e8e8,95436abd2c4af8a5,615898b4b614d0e1,c6336ec76bcc3184,e8e8b8f0ccd8f070,c0e93f1771e0a50f,58f4d792d2e6e579
Training/meningioma/Tr-me_954.jpg,Training,meningioma,25925,True,,589c2d7cc54da48a6870686143589d963f0c4d9da3d44c884ae61969f4239780,12b271761228788c8fbd6c510f6377dd671f5a861685fb352dac3169b9b465fd,c6cc6e386133317b,70f0d8ccf0b8e8e8,c0163fe87117adf0,79e5e6d292d7f458,93663b923e9964d1,e8e8e2f0cce0f071,95bc6a422cb5f85a,e1d014b6b4985861,93993b6d3266642e,71f0e0ccf0e2e8e8,95436abd2c4af8a5,615898b4b614d0e1,c6336ec76bcc3184,e8e8b8f0ccd8f070,c0e93f1771e0a50f,58f4d792d2e6e579
Training/meningioma/Tr-aug-me_91.jpg,Training,meningioma,16670,True,,5c32bc4af148302670ffb8a5aa58fc239cea60fbbfc08ba34a65230a0de6f6f4,12bb9b8460950540af58f322e4e8f79d81acbfd922671eca43dfcad79c9b116a,d34f6c913066339b,b270e8ccd8d870b2,919b2e64619bc73c,8278f8d8e8f47982,c6e5393a65cc6631,b2f1e4e4cce8f092,c4b17bce3431d296,8261d0e8e4e06182,c61a39c5653366ce,92f0e8cce4e4f1b2,c4ce7b3134ce9269,8261e0e4e8d06182,d3b26c6f30993364,b270d8d8cce870b2,91e42e9b6164c7d3,8279f4e8d8f87882
Training/meningioma/Tr-me_245.jpg,Training,meningioma,16670,True,,5c32bc4af148302670ffb8a5aa58fc239cea60fbbfc08ba34a65230a0de6f6f4,12bb9b8460950540af58f322e4e8f79d81acbfd922671eca43dfcad79c9b116a,d34f6c913066339b,b270e8ccd8d870b2,919b2e64619bc73c,8278f8d8e8f47982,c6e5393a65cc6631,b2f1e4e4cce8f092,c4b17bce3431d296,8261d0e8e4e06182,c61a39c5653366ce,92f0e8cce4e4f1b2,c4ce7b3134ce9269,8261e0e4e8d06182,d3b26c6f30993364,b270d8d8cce870b2,91e42e9b6164c7d3,8279f4e8d8f87882
Testing/glioma/Te-gl_170.jpg,Testing,glioma,37700,True,,36d2f03fd5b0ffd8a3ac1d2fe9f2c3cf4967f82751629676198f774e0ee21a9c,12cabf624eb0fe32aedff88febe545dcd6aedf74cde89834d550035034ae58c2,9a316dcc6c99986d,b069696969796969,86c66939bfc7809a,0470ec6cacd4208c,cf9a38663033cdc3,69696169696969b2,c36c3c93ea6cd530,4210d4cac9c81002,cf64381939cccd3c,b269696969616969,c3933c6ce292d587,0210c8c9cad41042,9ace6cb36c669892,69697969696969b0,963969c6bf398065,8c20d4ac6cec7004
Testing/glioma/Te-gl_178.jpg,Testing,glioma,37700,True,,36d2f03fd5b0ffd8a3ac1d2fe9f2c3cf4967f82751629676198f774e0ee21a9c,12cabf624eb0fe32aedff88febe545dcd6aedf74cde89834d550035034ae58c2,9a316dcc6c99986d,b069696969796969,86c66939bfc7809a,0470ec6cacd4208c,cf9a38663033cdc3,69696169696969b2,c36c3c93ea6cd530,4210d4cac9c81002,cf64381939cccd3c,b269696969616969,c3933c6ce292d587,0210c8c9cad41042,9ace6cb36c669892,69697969696969b0,963969c6bf398065,8c20d4ac6cec7004
Testing/meningioma/Te-me_62.jpg,Testing,meningioma,17125,True,,4061e76d26b82a92d71bd6440dad3bb875b36fc8443f6d48c1e33d16f6658729,1319e8bfa932545237ee46348000d68510622bdf37441c3c894e1fcc51555f22,c4ca3b692fa738b0,70e8ace8b2b2cccc,c5263fd87a316cc1,70f6c690b0f6d6f0,91606ec37a1d6d5a,ccccb2b2e8cae870,90846a762fd9396b,f09490f2f69c90f1,919b6e3c3ae268a5,70e8cae8b2b2cccc,907b6a8d2f263996,f1909cf6f29094f0,c4353b962f58390f,ccccb2b2e8ace870,c5d03f237a8c6c3c,f0d6f6b090c6f670
Training/meningioma/Tr-me_678.jpg,Training,meningioma,13337,True,,51354c7bdca6dd0d7a03ed215d768df8ab0db7f7831226e3b90af30e5863bc8d,1319e8bfa932545237ee46348000d68510622bdf37441c3c894e1fcc51555f22,c4ca3b692fa738b0,70e8ace8b2b2cccc,c5263fd87a316cc1,70f6c690b0f6d6f0,91606ec37a1d6d5a,ccccb2b2e8cae870,90846a762fd9396b,f09490f2f69c90f1,919b6e3c3ae268a5,70e8cae8b2b2cccc,907b6a8d2f263996,f1909cf6f29094f0,c4353b962f58390f,ccccb2b2e8ace870,c5d03f237a8c6c3c,f0d6f6b090c6f670
Training/notumor/Tr-no_138.jpg,Training,notumor,33378,True,,24d874e516a3da5ce8ada80135a0a62c8474538f72f098ad9d3e7ff794595f35,132f5fec668ecb7ca6987e50c0b38a721d677bac833958e2f2496977b3febf41,977a68a5689661cb,3179d4d4d4d4f071,95947a1b696bc568,1bf4e4eaeae4f813,c2d02f4f3d3d3461,71f0d4d4c4d46172,c03e2fb13cc3b0ce,32e0d8a8a8d8d026,c22f2df03dc2349e,7261d4c4d4d4f071,c0d12f4e3c3eb03d,26d0d8a8a8d8e032,97857a5a69696534,71f0d4d4d4d47931,956b7ac46994c593,13f8e4eaeae4f41b
Training/notumor/Tr-no_1383.jpg,Training,notumor,33378,True,,24d874e516a3da5ce8ada80135a0a62c8474538f72f098ad9d3e7ff794595f35,132f5fec668ecb7ca6987e50c0b38a721d677bac833958e2f2496977b3febf41,977a68a5689661cb,3179d4d4d4d4f071,95947a1b696bc568,1bf4e4eaeae4f813,c2d02f4f3d3d3461,71f0d4d4c4d46172,c03e2fb13cc3b0ce,32e0d8a8a8d8d026,c22f2df03dc2349e,7261d4c4d4d4f071,c0d12f4e3c3eb03d,26d0d8a8a8d8e032,97857a5a69696534,71f0d4d4d4d47931,956b7ac46994c593,13f8e4eaeae4f41b
Training/notumor/Tr-no_43.jpg,Training,notumor,15287,True,,4984bb79a4b6f8bbe65f017c74fd7c1dce3f24d94cc9d33f92e22b441a0866ca,1339d82d8fa5776341ba8c54dfbe5737097fa2e8019d33d3e2fde02bb382b41c,d5c80ae16f8d2c37,f0d4d4d48a96dc69,d4271b7e6e702962,71f0a2e8e8b2f0f1,80625f4b3a27799d,61c496aed4d4d4f0,818d4ed43bda7cc8,70f0b2c8e8aaf071,809d5fb43ad87962,f0d4d4d4ae96c461,81724e2b3b257c37,71f0aae8c8b2f070,d5370a1e6f722cc8,69dc968ad4d4d4f0,d4d81b816e8f299d,f1f0b2e8e8a2f071
Training/notumor/Tr-no_963.jpg,Training,notumor,15287,True,,4984bb79a4b6f8bbe65f017c74fd7c1dce3f24d94cc9d33f92e22b441a0866ca,1339d82d8fa5776341ba8c54dfbe5737097fa2e8019d33d3e2fde02bb382b41c,d5c80ae16f8d2c37,f0d4d4d48a96dc69,d4271b7e6e702962,71f0a2e8e8b2f0f1,80625f4b3a27799d,61c496aed4d4d4f0,818d4ed43bda7cc8,70f0b2c8e8aaf071,809d5fb43ad87962,f0d4d4d4ae96c461,81724e2b3b257c37,71f0aae8c8b2f070,d5370a1e6f722cc8,69dc968ad4d4d4f0,d4d81b816e8f299d,f1f0b2e8e8a2f071
Testing/meningioma/Te-me_232.jpg,Testing,meningioma,18999,True,,096fe04df8baf322fa3033d1c8dcc769ce2c759d8872fba5f3b88646fa88b064,133a7699c42657280c66b554ec4e2610201318690a02708ee04f4f335c06c195,d27b6fe53c922888,70e1dcccfcd4e471,950c7a316bc6e58e,01f0f0f2faf6f839,87d13a4f69382d65,71d8d4c0ccc46870,c0a62f9b3e6eb124,20e090a0b0f0f000,872e3ab069c72d9a,7068c4ccc0d4d871,c0592f643e93b0db,00f0f0b0a090e020,d2846f1a3c6d7c32,71e4d4fcccdce170,95f07acc6b38e470,39f8f6faf2f0f001
Training/meningioma/Tr-me_205.jpg,Training,meningioma,16515,True,,c4d0ad53156cd1b77ce696394ebcf92492e1b19990e350438eac561f282a7405,133a7699c42657280c66b554ec4e2610201318690a02708ee04f4f335c06c195,d27b6fe53c922888,70e1dcccfcd4e471,950c7a316bc6e58e,01f0f0f2faf6f839,87d13a4f69382d65,71d8d4c0ccc46870,c0a62f9b3e6eb124,20e090a0b0f0f000,872e3ab069c72d9a,7068c4ccc0d4d871,c0592f643e93b0db,00f0f0b0a090e020,d2846f1a3c6d7c32,71e4d4fcccdce170,95f07acc6b38e470,39f8f6faf2f0f001
Training/notumor/Tr-no_1205.jpg,Training,notumor,7577,True,,41d847d03ff8e8a80fde982029492adf6c622dc7d78fad2db48b14287c552296,134fb829c258b9f4fb2066fac6f1d8980ad916c3de5f847d855ba3798ba64945,96696996659b926c,06f16968ece86932,9696696965669693,ce79fce4c4f8f9c4,c7c73c3c3031c7c6,1269e8c8e8617014,c33c3ec330cec339,9c60e0d8d8c0608c,c33c3cc330cec739,147061e8c8e86912,c3c33c3c30f3c3c6,8c60c0d8d8e0609c,969669696564b693,3269e8ec6869f106,966969966599966c,c4f9f8c4e4fc79ce
Training/notumor/Tr-no_639.jpg,Training,notumor,5713,True,,f64c5b137db85b27a8d909dd0f0cdf9bcda986bae8ff2bd8491b25e45615c7b2,134fb829c258b9f4fb2066fac6f1d8980ad916c3de5f847d855ba3798ba64945,96696996659b926c,06f16968ece86932,9696696965669693,ce79fce4c4f8f9c4,c7c73c3c3031c7c6,1269e8c8e8617014,c33c3ec330cec339,9c60e0d8d8c0608c,c33c3cc330cec739,147061e8c8e86912,c3c33c3c30f3c3c6,8c60c0d8d8e0609c,969669696564b693,3269e8ec6869f106,966969966599966c,c4f9f8c4e4fc79ce
Testing/meningioma/Te-me_31.jpg,Testing,meningioma,14579,True,,d92efa88092779d3c25197e69bdc238ff39cc37befc438b2a1a0f5cb5f1946d2,1361ad68056d781b57ede1eb691b2ce4d9f65ae28dc283b9a88cd28e0c3a733f,871e3ae168b469cd,6970f0d4c4c8f471,95c47e1b6b3ae064,31f0e0c8c8f8f839,c2942f4b3c1e3c67,71d0ecdcd4f0e069,c06e2bb13e90b5ce,63e0e0ececf8f063,c26b2fb43ce13c98,69e0f0d4dcecd071,c0912b4e3e6fb531,63f0f8ecece0e063,97c17a1e694b6932,71f4c8c4d4f07069,951b3ae46bc5e093,39f8f8c8c8e0f031
Training/meningioma/Tr-me_1166.jpg,Training,meningioma,10992,True,,c70dc85daacdc0227c689b1945a83b0e026425721769070db8eb664bb274b569,1361ad68056d781b57ede1eb691b2ce4d9f65ae28dc283b9a88cd28e0c3a733f,871e3ae168b469cd,6970f0d4c4c8f471,95c47e1b6b3ae064,31f0e0c8c8f8f839,c2942f4b3c1e3c67,71d0ecdcd4f0e069,c06e2bb13e90b5ce,63e0e0ececf8f063,c26b2fb43ce13c98,69e0f0d4dcecd071,c0912b4e3e6fb531,63f0f8ecece0e063,97c17a1e694b6932,71f4c8c4d4f07069,951b3ae46bc5e093,39f8f8c8c8e0f031
Testing/meningioma/Te-me_214.jpg,Testing,meningioma,42111,True,,287e57e51279330fe35b02999f3e99c4a8d71a2982384edeb6dc21e65e69c853,13c75457b3868f3f778f9d0207ac6918846e232ae84579796f2dbd07331e2f62,902d4bb26dda3dc2,78ece8aa8cccc8f1,95d25a696e353594,71d8dcc6d6def878,c5871f1a39706d69,70e8ccceaae8c8e1,c0780fc33b1f603f,60e0849494c4e470,c1781ee7388f6896,e1c8e8aacecce870,c0870f3c3be270eb,70e4c4949484e060,90d24b4d6d253d3d,f1c8cc8caae8ec78,952d5a966e4a356a,78f8ded6c6dcd871
Training/meningioma/Tr-me_639.jpg,Training,meningioma,29787,True,,7145b21317f3aaaf1d5d68132cbaaca5b7cdf4042e1b7ecf3c4c95b405a06655,13c75457b3868f3f778f9d0207ac6918846e232ae84579796f2dbd07331e2f62,902d4bb26dda3dc2,78ece8aa8cccc8f1,95d25a696e353594,71d8dcc6d6def878,c5871f1a39706d69,70e8ccceaae8c8e1,c0780fc33b1f603f,60e0849494c4e470,c1781ee7388f6896,e1c8e8aacecce870,c0870f3c3be270eb,70e4c4949484e060,90d24b4d6d253d3d,f1c8cc8caae8ec78,952d5a966e4a356a,78f8ded6c6dcd871
Testing/meningioma/Te-me_288.jpg,Testing,meningioma,13855,True,,c1a08f474188d182e6243e1a4655f9731307c63399e7ada68048c588dfb990ed,13d02d23e824de9aedc17d30997c52ffb5524fced4c1d1455199764afe1d9fb9,956e1e7863623963,38f0f0ccd4b0d0f8,80a25f4d721f6d74,e0cdaecec4d27421,c0c44bda37c86dcb,e0f4f2d4c8f0f0e1,d5080ae727b538de,1a90b4dc8c8a4ce8,c03b4b2d36376c36,e1f0f0c8d4f2f4e0,d5f70a18374a392b,e84c8a8cdcb4901a,95911e87639d399c,f8d0b0d4ccf0f038,805d5fb272e06d8b,2174d2c4ceaecde0
Training/meningioma/Tr-me_980.jpg,Training,meningioma,11209,True,,5cf790ecbaf61047d2be14e69a561ed21192a69336555ddd0180096f75feb074,13d02d23e824de9aedc17d30997c52ffb5524fced4c1d1455199764afe1d9fb9,956e1e7863623963,38f0f0ccd4b0d0f8,80a25f4d721f6d74,e0cdaecec4d27421,c0c44bda37c86dcb,e0f4f2d4c8f0f0e1,d5080ae727b538de,1a90b4dc8c8a4ce8,c03b4b2d36376c36,e1f0f0c8d4f2f4e0,d5f70a18374a392b,e84c8a8cdcb4901a,95911e87639d399c,f8d0b0d4ccf0f038,805d5fb272e06d8b,2174d2c4ceaecde0
Testing/meningioma/Te-me_20.jpg,Testing,meningioma,20107,True,,d50fe37de5cb0b6f97374864487a719fcaaca4e9ede3ef711b623314d64cdbc9,13dd036d718321f7fca68fd79d0995eb049375849470500c41c84022b4ac42e6,815a5f28669d6997,f0f0f0aa8e96d6d2,8595189a76d3695b,78f2d2c6c6f2f878,d4f01a82333f3d39,b494968ea2f0f0f0,d03f4f1023793cf1,e0e0b09c8cb4b0e0,d40f0a7d33c81dc7,f0f0f0a28e9694b4,d0c04fef27863c0f,e0b0b48c9cb0e0e0,81a54fd76662686d,d2d6968eaaf0f0f0,857a1a65762d69a5,78f8f2c6c6d2f278
Training/meningioma/Tr-me_373.jpg,Training,meningioma,18020,True,,0393684019b077c8ca1612bffafae672b08a84ed5e66d5290eb93d541a9face9,13dd036d718321f7fca68fd79d0995eb049375849470500c41c84022b4ac42e6,815a5f28669d6997,f0f0f0aa8e96d6d2,8595189a76d3695b,78f2d2c6c6f2f878,d4f01a82333f3d39,b494968ea2f0f0f0,d03f4f1023793cf1,e0e0b09c8cb4b0e0,d40f0a7d33c81dc7,f0f0f0a28e9694b4,d0c04fef27863c0f,e0b0b48c9cb0e0e0,81a54fd76662686d,d2d6968eaaf0f0f0,857a1a65762d69a5,78f8f2c6c6d2f278
Testing/meningioma/Te-me_95.jpg,Testing,meningioma,13951,True,,8e3337290795e87f60d3aae62e5dc24891c709967907fb85545364a8682a368b,141692f8a4f7d22b7b7a0824db3ad449e9c2aa42c5bb60ab5eb7e9c6b1f4f44d,811e1fe87aa53ac5,7068e0c4d4e9d270,95e61a957a9a685a,f8f2f0f2e0f27039,d4b44a422f0b6d6f,f1b468c4dcd8e9f1,c04c4b3f2f343df0,63f0b0f8b0f0b0e0,d44b4abd2fd06d90,f1e9d8dcc468b4f1,c0b34bc02fcb3d0f,e0b0f0b0f8b0f063,81e11f177a5e383a,70d2e9d4c4e06870,95191e6a7a656aa5,3970f2e0f2f0f2f8
Training/meningioma/Tr-me_1091.jpg,Training,meningioma,10078,True,,4c3af3bbaa0e4fef239bd973509aeda877af2ba720a3d469a1d5438a9e55a910,141692f8a4f7d22b7b7a0824db3ad449e9c2aa42c5bb60ab5eb7e9c6b1f4f44d,811e1fe87aa53ac5,7068e0c4d4e9d270,95e61a957a9a685a,f8f2f0f2e0f27039,d4b44a422f0b6d6f,f1b468c4dcd8e9f1,c04c4b3f2f343df0,63f0b0f8b0f0b0e0,d44b4abd2fd06d90,f1e9d8dcc468b4f1,c0b34bc02fcb3d0f,e0b0f0b0f8b0f063,81e11f177a5e383a,70d2e9d4c4e06870,95191e6a7a656aa5,3970f2e0f2f0f2f8
Testing/meningioma/Te-me_175.jpg,Testing,meningioma,13775,True,,ce9682cf32ab75a300537fc7170a731c536079308142e167d949634b29034aec,14b1cf616d04bb0cacc26fad629b3d16d82228f6de035575ce5e7bade717b349,c04fc00b1b3f3fa5,e1a4a229f331ae8e,a11f07f15eb85ea0,6ac2b6b2d2d38be2,95e595a14e956a0f,8e8a733069bad878,f4b5525f0bb20b2a,b82e3494b2923ca9,951a955e4e6a6af0,78d8ba6930738a8e,f44a52a40bed0bf5,a93c92b294342eb8,c4b0c5f41bd03f5a,8eae31f329a2a4e1,a1e0070e5e475e5f,e28bd3d2b2b6c26a
Training/meningioma/Tr-me_737.jpg,Training,meningioma,10355,True,,9baac7589f86296c10c7ba8cc026cd6f975fea93d53a82991baff3fee28af182,14b1cf616d04bb0cacc26fad629b3d16d82228f6de035575ce5e7bade717b349,c04fc00b1b3f3fa5,e1a4a229f331ae8e,a11f07f15eb85ea0,6ac2b6b2d2d38be2,95e595a14e956a0f,8e8a733069bad878,f4b5525f0bb20b2a,b82e3494b2923ca9,951a955e4e6a6af0,78d8ba6930738a8e,f44a52a40bed0bf5,a93c92b294342eb8,c4b0c5f41bd03f5a,8eae31f329a2a4e1,a1e0070e5e475e5f,e28bd3d2b2b6c26a
Training/notumor/Tr-no_1077.jpg,Training,notumor,15092,True,,2cd1096a6415c70403948e7aaac0694451619850a4ce545b4f9134b06401248b,152d51d9c50acbba6ca776275c23a1b4f73ae331a667b44a1861842be348c659,966a6db77a9820d2,69e8e8e8e8cce870,95947a626c4bd98d,70fcf4f4f4dcc870,c3c1381d2f367c78,f0e8c4e8e8e8e869,c03e2fc83be58c27,f1ecc4d0d0d0c0e1,c33e38e22fc93487,69e8e8e8e8c4e8f0,c0c32f373b1e8cd8,e1c0d0d0d0c4ecf1,96946d487a67692d,70e8cce8e8e8e869,95697a9d6cb0d930,70c8dcf4f4f4fc70
Training/notumor/Tr-no_1400.jpg,Training,notumor,15092,True,,2cd1096a6415c70403948e7aaac0694451619850a4ce545b4f9134b06401248b,152d51d9c50acbba6ca776275c23a1b4f73ae331a667b44a1861842be348c659,966a6db77a9820d2,69e8e8e8e8cce870,95947a626c4bd98d,70fcf4f4f4dcc870,c3c1381d2f367c78,f0e8c4e8e8e8e869,c03e2fc83be58c27,f1ecc4d0d0d0c0e1,c33e38e22fc93487,69e8e8e8e8c4e8f0,c0c32f373b1e8cd8,e1c0d0d0d0c4ecf1,96946d487a67692d,70e8cce8e8e8e869,95697a9d6cb0d930,70c8dcf4f4f4fc70
Testing/meningioma/Te-me_202.jpg,Testing,meningioma,11617,True,,a63f2866a725f2b4a72deebd9399962fa5fd20a0a5a7b3c571bd97ba1365c857,157a4f3e387058141518331e2a0fcf3860218da605c3de29bb219a9ff8ad66da,c23f2df0700f36d8,107069ccd4cc71b2,91667aa46599c69b,8239ecc6ceec3982,9795785a25a56372,b271ccd4cc697010,c4cd2f3e30739331,8260c88c9cc86084,976a78a5255a638d,107069ccd4cc71b2,c4332ff130cc93ce,8460c89c8cc86082,c2c43d1f70f03667,b271ccd4cc697010,91997a5b6566c664,8239eccec6ec3982
Training/meningioma/Tr-me_465.jpg,Training,meningioma,8899,True,,e465760e8b0ca460951cfa70174020194061c32793bc236212be4280a8b25a6e,157a4f3e387058141518331e2a0fcf3860218da605c3de29bb219a9ff8ad66da,c23f2df0700f36d8,107069ccd4cc71b2,91667aa46599c69b,8239ecc6ceec3982,9795785a25a56372,b271ccd4cc697010,c4cd2f3e30739331,8260c88c9cc86084,976a78a5255a638d,107069ccd4cc71b2,c4332ff130cc93ce,8460c89c8cc86082,c2c43d1f70f03667,b271ccd4cc697010,91997a5b6566c664,8239eccec6ec3982
Training/notumor/Tr-no_750.jpg,Training,notumor,20463,True,,413708f4f5a9e003997c5c966035431a1bd741b16cde99a42ca6155cccf8f17d,15859b298598e9de23dfea8c3441be2039c7f462869ae2213c38f9cd3dd98ef9,d11b2e7839e63199,79f0c8dcd8d4e4e4,85693e2479db6c34,60e8f6d2d6e6e47c,84b17bd66e4c6433,d8d8d4e4c4ecf060,d0c36b8e2c71399e,c1d89894b490e818,844e7b2d6cb364cc,60f0ecc4e4d4d8d8,d03e6b712c9e3961,18e890b49498d8c1,d1e42e873b197166,e4e4d4d8dcc8f079,85943edb792464cb,7ce4e6d6d2f6e860
Training/notumor/Tr-no_843.jpg,Training,notumor,20463,True,,413708f4f5a9e003997c5c966035431a1bd741b16cde99a42ca6155cccf8f17d,15859b298598e9de23dfea8c3441be2039c7f462869ae2213c38f9cd3dd98ef9,d11b2e7839e63199,79f0c8dcd8d4e4e4,85693e2479db6c34,60e8f6d2d6e6e47c,84b17bd66e4c6433,d8d8d4e4c4ecf060,d0c36b8e2c71399e,c1d89894b490e818,844e7b2d6cb364cc,60f0ecc4e4d4d8d8,d03e6b712c9e3961,18e890b49498d8c1,d1e42e873b197166,e4e4d4d8dcc8f079,85943edb792464cb,7ce4e6d6d2f6e860
Testing/meningioma/Te-me_195.jpg,Testing,meningioma,12137,True,,cf13d1ba3994cea11a9c3ff8df2934c324f15b393c6aadc20235c2eaa784ac9a,15aefccf5cf61034e5c6cdccad17d04191184c9bf7fedb52323f0c142ea806ab,d57b404730cbc38f,ccb249333266628e,870b48b7457e5768,e0b369d4dc4c35f2,90f115ed6561d6a5,8eb999b3136db2cc,d7a75ddd10d40ac2,b043cdc4d46932f0,902f1516659ed6da,ccb26d13b399b98e,d35e5de2103b027d,f03269d4c4cd43b0,d5b540bc32f4c3f0,8e6266323349b2cc,87f648c8459157d7,f2354cdcd469b3e0
Training/meningioma/Tr-me_3.jpg,Training,meningioma,8445,True,,2f8546e485b635df17caf0595ffc29c1db3d87aaddc2681b8d6b6caa85ffd515,15aefccf5cf61034e5c6cdccad17d04191184c9bf7fedb52323f0c142ea806ab,d57b404730cbc38f,ccb249333266628e,870b48b7457e5768,e0b369d4dc4c35f2,90f115ed6561d6a5,8eb999b3136db2cc,d7a75ddd10d40ac2,b043cdc4d46932f0,902f1516659ed6da,ccb26d13b399b98e,d35e5de2103b027d,f03269d4c4cd43b0,d5b540bc32f4c3f0,8e6266323349b2cc,87f648c8459157d7,f2354cdcd469b3e0
Training/notumor/Tr-no_1208.jpg,Training,notumor,37547,True,,7d5fb3078f6ed56884ebf8c14928f4e8e05ffd2065cf1b5f4b23cd6dfa3f49ef,15c895850a1974e39320613bede2f43f646a0bd7ffff81a39c4fee6695a86066,80544fab6f813ab7,f0b494d496b2d0e0,95971bbc3a903bc2,78f0eaa4a4aaf0f8,95fe1a013a2b6b1d,f8f4b296d4d6d2f0,c03d4e166f3a6e68,e0f0aa8adaa8f0e0,d5011afe3ad06be2,f0d2d6d496b2f4f8,c0424ee96fc16e97,e0f0a8da8aaaf0e0,80ab4f546f7a3e48,e0d0b296d494b4f0,95681b433a693b3d,f8f0aaa4a4eaf078
Training/notumor/Tr-no_410.jpg,Training,notumor,37547,True,,7d5fb3078f6ed56884ebf8c14928f4e8e05ffd2065cf1b5f4b23cd6dfa3f49ef,15c895850a1974e39320613bede2f43f646a0bd7ffff81a39c4fee6695a86066,80544fab6f813ab7,f0b494d496b2d0e0,95971bbc3a903bc2,78f0eaa4a4aaf0f8,95fe1a013a2b6b1d,f8f4b296d4d6d2f0,c03d4e166f3a6e68,e0f0aa8adaa8f0e0,d5011afe3ad06be2,f0d2d6d496b2f4f8,c0424ee96fc16e97,e0f0a8da8aaaf0e0,80ab4f546f7a3e48,e0d0b296d494b4f0,95681b433a693b3d,f8f0aaa4a4eaf078
Training/notumor/Tr-no_1046.jpg,Training,notumor,35982,True,,05ec18666c6b751b8845a93824ea25c9bb251606b71f76c0c3875d69e973f72d,15dc8c6bb8bf4da3c5e3805f185462e072ab6ac7e2f2420bc9b4dfb0c6ab72f5,c23b3fe22cc13497,31f8e8e8e8e8e870,956b7a1c68c4f19a,70e8d8f0f0f8f878,97916a4c794b613d,f0e8e8e8e8e8e031,c0c12fb63d7ea4b0,61e0e0f0f0e4e8f0,876e6ab3799461c2,31e0e8e8e8e8e8f0,c03e2fc93d81a4cf,f0e8e4f0f0e0e061,d3c43f1d2c3e3468,70e8e8e8e8e8f831,95947a63682bf165,78f8f8f0f0d8e870
Training/notumor/Tr-no_454.jpg,Training,notumor,35982,True,,05ec18666c6b751b8845a93824ea25c9bb251606b71f76c0c3875d69e973f72d,15dc8c6bb8bf4da3c5e3805f185462e072ab6ac7e2f2420bc9b4dfb0c6ab72f5,c23b3fe22cc13497,31f8e8e8e8e8e870,956b7a1c68c4f19a,70e8d8f0f0f8f878,97916a4c794b613d,f0e8e8e8e8e8e031,c0c12fb63d7ea4b0,61e0e0f0f0e4e8f0,876e6ab3799461c2,31e0e8e8e8e8e8f0,c03e2fc93d81a4cf,f0e8e4f0f0e0e061,d3c43f1d2c3e3468,70e8e8e8e8e8f831,95947a63682bf165,78f8f8f0f0d8e870
Training/pituitary/Tr-pi_1023.jpg,Training,pituitary,19750,True,,6a5297d22f19dd71bd4206cb01599d77f971a1e498f8bff96273ed21dc07b356,15e1b8491e14af7e43ff715ede84d5710ce30d1952fd486820be6b386962df22,876e38b56096655b,b261c0e8c8d470b2,94b57aca612dc56c,8078d4c8ccd47982,d2c46d3f353c30b1,b2f1d4ecc8f879b2,c31f3fe0348790ce,8261c0c8e8d0e102,d23b6de035c7304e,b279f8c8ecd4f1b2,c1e03f9f347c9039,02e1d0e8c8c06182,9791386a616de5e4,b270d4c8e8c061b2,954a7a3561d6c593,8279d4ccc8d47880
Training/pituitary/Tr-pi_1071.jpg,Training,pituitary,26904,True,,b204aa522460d1a772549e65023ac4f67b3ad1f57a1be54c59ece19fcd2d0081,15e1b8491e14af7e43ff715ede84d5710ce30d1952fd486820be6b386962df22,876e38b56096655b,b261c0e8c8d470b2,94b57aca612dc56c,8078d4c8ccd47982,d2c46d3f353c30b1,b2f1d4ecc8f879b2,c31f3fe0348790ce,8261c0c8e8d0e102,d23b6de035c7304e,b279f8c8ecd4f1b2,c1e03f9f347c9039,02e1d0e8c8c06182,9791386a616de5e4,b270d4c8e8c061b2,954a7a3561d6c593,8279d4ccc8d47880
Training/pituitary/Tr-pi_1207.jpg,Training,pituitary,26904,True,,b204aa522460d1a772549e65023ac4f67b3ad1f57a1be54c59ece19fcd2d0081,15e1b8491e14af7e43ff715ede84d5710ce30d1952fd486820be6b386962df22,876e38b56096655b,b261c0e8c8d470b2,94b57aca612dc56c,8078d4c8ccd47982,d2c46d3f353c30b1,b2f1d4ecc8f879b2,c31f3fe0348790ce,8261c0c8e8d0e102,d23b6de035c7304e,b279f8c8ecd4f1b2,c1e03f9f347c9039,02e1d0e8c8c06182,9791386a616de5e4,b270d4c8e8c061b2,954a7a3561d6c593,8279d4ccc8d47880
Training/pituitary/Tr-pi_991.jpg,Training,pituitary,26904,True,,b204aa522460d1a772549e65023ac4f67b3ad1f57a1be54c59ece19fcd2d0081,15e1b8491e14af7e43ff715ede84d5710ce30d1952fd486820be6b386962df22,876e38b56096655b,b261c0e8c8d470b2,94b57aca612dc56c,8078d4c8ccd47982,d2c46d3f353c30b1,b2f1d4ecc8f879b2,c31f3fe0348790ce,8261c0c8e8d0e102,d23b6de035c7304e,b279f8c8ecd4f1b2,c1e03f9f347c9039,02e1d0e8c8c06182,9791386a616de5e4,b270d4c8e8c061b2,954a7a3561d6c593,8279d4ccc8d47880
Testing/meningioma/Te-me_251.jpg,Testing,meningioma,12130,True,,87886ae7a7ec7535a975fa0b267d5889a995699a4fd5d7672f5a7346659dff38,15f9e6faa9d2445ab8d7a9f796f7c0a2c220a5b666ce09f6b022f38532312c54,c5cf3a382ec12d87,79e0e2e2e2b6d8e9,c53a3acb7b346930,71ecaee2e2e2e478,90656f923a7b3865,68e492b8b8b8f861,909a6f612e9e3c9a,e1d8b8b8988ac861,909a6f6d7a84789a,61f8b8b8b892e468,90656f9e2e613c65,61c88a98b8b8d8e1,c5303ac76f2e6d30,e9d8b6e2e2e2e079,c5c43a347acb69c6,78e4e2e2e2aeec71
Training/meningioma/Tr-me_450.jpg,Training,meningioma,8540,True,,df42fa96f4e750ec67b95889f912770e0408328899912b9497691c99e3fb63c3,15f9e6faa9d2445ab8d7a9f796f7c0a2c220a5b666ce09f6b022f38532312c54,c5cf3a382ec12d87,79e0e2e2e2b6d8e9,c53a3acb7b346930,71ecaee2e2e2e478,90656f923a7b3865,68e492b8b8b8f861,909a6f612e9e3c9a,e1d8b8b8988ac861,909a6f6d7a84789a,61f8b8b8b892e468,90656f9e2e613c65,61c88a98b8b8d8e1,c5303ac76f2e6d30,e9d8b6e2e2e2e079,c5c43a347acb69c6,78e4e2e2e2aeec71
Training/notumor/Tr-no_40.jpg,Training,notumor,107824,True,,a8bf58f1fee6cc15adfbbbbe78513606502269b917a52dfe0991621ad5ba401c,16fc5cbc1ea42a4e5c4b5e1dff7d35adb4aa77b74617c1a333044147906ebaf5,c3363cd864b335c9,3169d4d4f0f0f871,95666e8f3195c478,03e0e4c8a8e07009,969c6972319970e7,71e0f0d0d4d46970,c1cc3b27643f91d2,23f1f8eaecd8e803,9663698d31f6709c,7069d4d4d0f0e071,c5333bde64c1912d,03e8d8eceaf8f123,c3c93c27645c35b6,71f8f0f0d4d46931,95996e76316ac487,0970e0a8c8e4e003
Training/notumor/Tr-no_581.jpg,Training,notumor,107824,True,,a8bf58f1fee6cc15adfbbbbe78513606502269b917a52dfe0991621ad5ba401c,16fc5cbc1ea42a4e5c4b5e1dff7d35adb4aa77b74617c1a333044147906ebaf5,c3363cd864b335c9,3169d4d4f0f0f871,95666e8f3195c478,03e0e4c8a8e07009,969c6972319970e7,71e0f0d0d4d46970,c1cc3b27643f91d2,23f1f8eaecd8e803,9663698d31f6709c,7069d4d4d0f0e071,c5333bde64c1912d,03e8d8eceaf8f123,c3c93c27645c35b6,71f8f0f0d4d46931,95996e76316ac487,0970e0a8c8e4e003
Testing/meningioma/Te-me_19.jpg,Testing,meningioma,27286,True,,560108cf47bf68a25d59b30642274cf8a2eef0596e6ce275e878652c3ab65f0d,177fff6125db9e61446fc39eb98c5001438252b9226292f732480d9493647092,c4270ff80fc46cc7,e0ccce92b284c4f1,956852ef3a346996,69c4c63726ceec7c,918d5e525a6a396d,70dcdeb2b68cccf8,c0c207456fbe3c3e,c0c88c9b139cdc68,91725ead5a953992,f8cc8cb6b2dedc70,c03d07ba6f613cc3,68dc9c139b8cc8c0,c4d80f070f3f6d38,f1c484b292cecce0,959752103aef6969,7cecce2637c6c469
Training/meningioma/Tr-me_771.jpg,Training,meningioma,24718,True,,62de21ad35edc274140c0f364d02f6e9117af8dc98e56e344bce8b219657197b,177fff6125db9e61446fc39eb98c5001438252b9226292f732480d9493647092,c4270ff80fc46cc7,e0ccce92b284c4f1,956852ef3a346996,69c4c63726ceec7c,918d5e525a6a396d,70dcdeb2b68cccf8,c0c207456fbe3c3e,c0c88c9b139cdc68,91725ead5a953992,f8cc8cb6b2dedc70,c03d07ba6f613cc3,68dc9c139b8cc8c0,c4d80f070f3f6d38,f1c484b292cecce0,959752103aef6969,7cecce2637c6c469
Testing/meningioma/Te-me_295.jpg,Testing,meningioma,11996,True,,ab6340a63c76fe15809d9989b432bb6520301573452d9efed240c9e211e100f9,1790276fb3c7db73804ed4feec8fca92e98ce5bc851c1015a234a78db955d768,c4f13a2f68b1a4e6,71e886b2aae0cc61,c7367f93384c31a8,69cccee1e1cee463,915b6b852d1bf14c,79ccf8aab29ee871,929f2a796de66403,39d88c78788ccc69,91a46b7a2de4b0b3,71e89eb2aaf8cc79,92632ac66d1964fe,69cc8c78788cd839,c41e3ed0784ee559,61cce0aab286e871,c7c97f6438933154,63e4cee1e1cecc69
Testing/meningioma/Te-me_70.jpg,Testing,meningioma,8737,True,,69c1c453795ef46d2c171bafe4d4af47b0f059026d3e231227668cd7c8928068,1790276fb3c7db73804ed4feec8fca92e98ce5bc851c1015a234a78db955d768,c4f13a2f68b1a4e6,71e886b2aae0cc61,c7367f93384c31a8,69cccee1e1cee463,915b6b852d1bf14c,79ccf8aab29ee871,929f2a796de66403,39d88c78788ccc69,91a46b7a2de4b0b3,71e89eb2aaf8cc79,92632ac66d1964fe,69cc8c78788cd839,c41e3ed0784ee559,61cce0aab286e871,c7c97f6438933154,63e4cee1e1cecc69
Training/notumor/Tr-no_1333.jpg,Training,notumor,29392,True,,682871b3c7250e0c56b28688840ac15101ec847a891e0b2d2cb72f0436ff8073,18cb59e6cb0872e99487c39b2cd7cc93110f10f69266ffefd041e63430a8a919,d14e0aad6f304f65,f0e8e8ccccc88ae8,90361d7b7ab46a64,7cfcecdddde9ecf8,84e45f073a9a1acf,e8aeeccccce8e870,c58c48d12f0e3fce,e0c8684444c8c0c1,841b5ffc3a655a30,70e8e8ccccecaee8,c561482e2ff13f31,c1c0c8444468c8e0,d1b10a126fcf0f9a,e88ac8cccce8e8f0,90cb1d847a5b6a9b,f8ece9ddddecfc7c
Training/notumor/Tr-no_273.jpg,Training,notumor,29392,True,,682871b3c7250e0c56b28688840ac15101ec847a891e0b2d2cb72f0436ff8073,18cb59e6cb0872e99487c39b2cd7cc93110f10f69266ffefd041e63430a8a919,d14e0aad6f304f65,f0e8e8ccccc88ae8,90361d7b7ab46a64,7cfcecdddde9ecf8,84e45f073a9a1acf,e8aeeccccce8e870,c58c48d12f0e3fce,e0c8684444c8c0c1,841b5ffc3a655a30,70e8e8ccccecaee8,c561482e2ff13f31,c1c0c8444468c8e0,d1b10a126fcf0f9a,e88ac8cccce8e8f0,90cb1d847a5b6a9b,f8ece9ddddecfc7c
Training/notumor/Tr-no_1061.jpg,Training,notumor,12392,True,,a3d86920c0bc02e0c062091ab21078a4387ed519b881c89568ab969d3dc37d33,19b55a48a14fc0aa8e20c98dedba98d0945ac37c64e31239310076b8c3a8e4bb,d70a20bf12edc33c,e1e8e8484969aacc,96693566556a9a69,78f6e9e8e8edfafc,82a2755557479796,ccaa696dede8e870,c3d768cd20c0cfd3,c0a048e8e86890e1,825d75aa47b89669,70e8e8ed6d69aacc,c33c603b003fcf3e,e19068e8e848a0c0,d7f728411252c7d3,ccaa694948e8e8e1,968635995595da96,fcfaede8e8e9f678
Training/notumor/Tr-no_1134.jpg,Training,notumor,12392,True,,a3d86920c0bc02e0c062091ab21078a4387ed519b881c89568ab969d3dc37d33,19b55a48a14fc0aa8e20c98dedba98d0945ac37c64e31239310076b8c3a8e4bb,d70a20bf12edc33c,e1e8e8484969aacc,96693566556a9a69,78f6e9e8e8edfafc,82a2755557479796,ccaa696dede8e870,c3d768cd20c0cfd3,c0a048e8e86890e1,825d75aa47b89669,70e8e8ed6d69aacc,c33c603b003fcf3e,e19068e8e848a0c0,d7f728411252c7d3,ccaa694948e8e8e1,968635995595da96,fcfaede8e8e9f678
Testing/meningioma/Te-me_121.jpg,Testing,meningioma,11810,True,,6a86bd97e2f696c93ab917bef8d9bf7ed7d151237e3bc437aedb265b793c0697,19c8d28a94d69b7d106a93e3e614d43206935c33ed9442bf448f30cdddea09ae,c13e1ee16a3479e1,71e0e8c8c88ae4f0,91645f996e9b682c,78fcfecdc6d8f838,94954b4b3f962c4b,f0d0aeecece8f871,c4ce0a333f313f86,c3e0e49c4480c0e1,946a4bb43f692cb4,71f8e8ececaed0f0,c4310acc3bce3d79,e1c080449ce4e0c3,c1c01e1e6acb7b1e,f0e48ac8c8e8e071,919b5f666a646893,38f8d8c6cdfefc78
Training/meningioma/Tr-me_706.jpg,Training,meningioma,8563,True,,8ae6b462e807908c4ee9ed56dfedef1c5e0151e543d820be29803cd56e4c38ba,19c8d28a94d69b7d106a93e3e614d43206935c33ed9442bf448f30cdddea09ae,c13e1ee16a3479e1,71e0e8c8c88ae4f0,91645f996e9b682c,78fcfecdc6d8f838,94954b4b3f962c4b,f0d0aeecece8f871,c4ce0a333f313f86,c3e0e49c4480c0e1,946a4bb43f692cb4,71f8e8ececaed0f0,c4310acc3bce3d79,e1c080449ce4e0c3,c1c01e1e6acb7b1e,f0e48ac8c8e8e071,919b5f666a646893,38f8d8c6cdfefc78
Testing/meningioma/Te-me_159.jpg,Testing,meningioma,28301,True,,6f41b1588a32f33ec72b5d3a277d2a84a3bbc7b030b50dd54b3733f75653e926,19e1e94a5fe3cc0cf08f1b329399cfa8e41a14071db2e32e2ed8e442a80df2b1,c0643b6f3cb070cf,3251d4b2b2f0cc79,852c7ed139a631ce,3964c4a8a8cce431,95ce6ec5691a2565,61ccf0b2b2d474b2,d1962b7b6c0c646d,73d8cceaeadcd962,95316e3a69e5259a,b274d4b2b2f0cc61,d0792b846cf3649b,62d9dceaeaccd873,c09b3bd03d4f70b1,79ccf0b2b2d45132,85d37e2e39593131,31e4cca8a8c46439
Training/meningioma/Tr-me_1122.jpg,Training,meningioma,24340,True,,faf979dc936e8bdda191a2af8b4790136ff54f4e9a3319ffaa9f06a3c8216b17,19e1e94a5fe3cc0cf08f1b329399cfa8e41a14071db2e32e2ed8e442a80df2b1,c0643b6f3cb070cf,3251d4b2b2f0cc79,852c7ed139a631ce,3964c4a8a8cce431,95ce6ec5691a2565,61ccf0b2b2d474b2,d1962b7b6c0c646d,73d8cceaeadcd962,95316e3a69e5259a,b274d4b2b2f0cc61,d0792b846cf3649b,62d9dceaeaccd873,c09b3bd03d4f70b1,79ccf0b2b2d45132,85d37e2e39593131,31e4cca8a8c46439
Training/notumor/Tr-no_1336.jpg,Training,notumor,12856,True,,23794834130a37699051efa29c29b9af12ae94b6a65d3957d7f9ad667f9bdf0f,19f94e3a147c36cbb24e9dc90637601a47b63dd75fa271f0b410feb232683574,c35904281fcb4fcf,d0c86849e88de8e8,853810b75fde8f30,f898f64246669af4,96f351824e615e67,e8e84c686de9acf4,d093451d0a7edb9a,d0a6999d3d90e6e0,960c517d4e9e5e98,f4ace96d684ce8e8,d06f45e20a8bdb65,e0e6903d9d99a6d0,c3a604d71f344f72,e8e88de84968c8d0,85c710485f2b8fcf,f49a664642f698f8
Training/notumor/Tr-no_165.jpg,Training,notumor,12856,True,,23794834130a37699051efa29c29b9af12ae94b6a65d3957d7f9ad667f9bdf0f,19f94e3a147c36cbb24e9dc90637601a47b63dd75fa271f0b410feb232683574,c35904281fcb4fcf,d0c86849e88de8e8,853810b75fde8f30,f898f64246669af4,96f351824e615e67,e8e84c686de9acf4,d093451d0a7edb9a,d0a6999d3d90e6e0,960c517d4e9e5e98,f4ace96d684ce8e8,d06f45e20a8bdb65,e0e6903d9d99a6d0,c3a604d71f344f72,e8e88de84968c8d0,85c710485f2b8fcf,f49a664642f698f8
Training/notumor/Tr-no_112.jpg,Training,notumor,25759,True,,2ed15a662d8dcdf6077f3bf8bb4d21722e2a3b90ff2cf194db18b75933a4d322,1a13d36dc5129f88814786d5144c27fa5a37f3c74be2f0de93642c01622248d5,c3692ca23cb5aec3,71e8e8c8c8e8c8f0,973e7e316a81913a,78f4fce8e8dcf070,96c17908691feb69,70ece8ecece8e830,c2942b593f3be690,f1e0c4e8e8c0d0e1,862879f369e0e996,30e8e8ecece8ec70,c26b2ba43f84866f,e1d0c0e8e8c4e0f1,c3922e5d3c4aae3c,f0c8e8c8c8e8e871,97c17e0c6a2e93c5,70f0dce8e8fcf478
Training/notumor/Tr-no_1178.jpg,Training,notumor,25759,True,,2ed15a662d8dcdf6077f3bf8bb4d21722e2a3b90ff2cf194db18b75933a4d322,1a13d36dc5129f88814786d5144c27fa5a37f3c74be2f0de93642c01622248d5,c3692ca23cb5aec3,71e8e8c8c8e8c8f0,973e7e316a81913a,78f4fce8e8dcf070,96c17908691feb69,70ece8ecece8e830,c2942b593f3be690,f1e0c4e8e8c0d0e1,862879f369e0e996,30e8e8ecece8ec70,c26b2ba43f84866f,e1d0c0e8e8c4e0f1,c3922e5d3c4aae3c,f0c8e8c8c8e8e871,97c17e0c6a2e93c5,70f0dce8e8fcf478
Training/notumor/Tr-no_1265.jpg,Training,notumor,25759,True,,2ed15a662d8dcdf6077f3bf8bb4d21722e2a3b90ff2cf194db18b75933a4d322,1a13d36dc5129f88814786d5144c27fa5a37f3c74be2f0de93642c01622248d5,c3692ca23cb5aec3,71e8e8c8c8e8c8f0,973e7e316a81913a,78f4fce8e8dcf070,96c17908691feb69,70ece8ecece8e830,c2942b593f3be690,f1e0c4e8e8c0d0e1,862879f369e0e996,30e8e8ecece8ec70,c26b2ba43f84866f,e1d0c0e8e8c4e0f1,c3922e5d3c4aae3c,f0c8e8c8c8e8e871,97c17e0c6a2e93c5,70f0dce8e8fcf478
Training/notumor/Tr-no_308.jpg,Training,notumor,25759,True,,2ed15a662d8dcdf6077f3bf8bb4d21722e2a3b90ff2cf194db18b75933a4d322,1a13d36dc5129f88814786d5144c27fa5a37f3c74be2f0de93642c01622248d5,c3692ca23cb5aec3,71e8e8c8c8e8c8f0,973e7e316a81913a,78f4fce8e8dcf070,96c17908691feb69,70ece8ecece8e830,c2942b593f3be690,f1e0c4e8e8c0d0e1,862879f369e0e996,30e8e8ecece8ec70,c26b2ba43f84866f,e1d0c0e8e8c4e0f1,c3922e5d3c4aae3c,f0c8e8c8c8e8e871,97c17e0c6a2e93c5,70f0dce8e8fcf478
Training/notumor/Tr-no_494.jpg,Training,notumor,25759,True,,2ed15a662d8dcdf6077f3bf8bb4d21722e2a3b90ff2cf194db18b75933a4d322,1a13d36dc5129f88814786d5144c27fa5a37f3c74be2f0de93642c01622248d5,c3692ca23cb5aec3,71e8e8c8c8e8c8f0,973e7e316a81913a,78f4fce8e8dcf070,96c17908691feb69,70ece8ecece8e830,c2942b593f3be690,f1e0c4e8e8c0d0e1,862879f369e0e996,30e8e8ecece8ec70,c26b2ba43f84866f,e1d0c0e8e8c4e0f1,c3922e5d3c4aae3c,f0c8e8c8c8e8e871,97c17e0c6a2e93c5,70f0dce8e8fcf478
Testing/glioma/Te-gl_143.jpg,Testing,glioma,14413,True,,8854fba4d018533127553c10ffebacf8d730192cb6f07d957ea5d3fb48421eea,1a941a381a886ee5e3cbabdd38de5dbe448671e5a332565f96207f2ae8ba4c6b,c5703a836b9f315c,69d4b0e0caeaf071,95376a982d7a3c61,79f8e0f4d4f8f071,90da6b293e356476,71f0a8acf8f2d069,c19c3f3278d069cb,71f0e0d4d0c8e061,90256fd63eca64c9,69d0f2f8aca8f071,c0633fcd780f6934,61e0c8d0d4e0f071,c58f3a7c6b6031a3,71f0eacae0b0d469,94c96a672d853c9e,71f0f8d4f4e0f879
Testing/glioma/Te-gl_72.jpg,Testing,glioma,14413,True,,8854fba4d018533127553c10ffebacf8d730192cb6f07d957ea5d3fb48421eea,1a941a381a886ee5e3cbabdd38de5dbe448671e5a332565f96207f2ae8ba4c6b,c5703a836b9f315c,69d4b0e0caeaf071,95376a982d7a3c61,79f8e0f4d4f8f071,90da6b293e356476,71f0a8acf8f2d069,c19c3f3278d069cb,71f0e0d4d0c8e061,90256fd63eca64c9,69d0f2f8aca8f071,c0633fcd780f6934,61e0c8d0d4e0f071,c58f3a7c6b6031a3,71f0eacae0b0d469,94c96a672d853c9e,71f0f8d4f4e0f879
Testing/meningioma/Te-me_93.jpg,Testing,meningioma,38271,True,,52f5ab2cd9062f8345c03115db0773650ebae255d3f2c8561a9f2336cabbb5a8,1b147031145a58c0a709014653ff607bc041933665687fb5a1d021ac8be121b3,d4690a1e6ff43361,f1c88a32d0ccfcf0,85324f7978633ab4,70ccdc94b0d0c060,81c35fb43a5e60cb,f0c0ccd093aee870,d1981ac32dc96f1e,f9dcd4f2d2c4ccf1,813c5f5b3aa166b4,70e8ae93d0ccc0f0,d1671a3c2d346de1,f1ccc4d2f2d4dcf9,d4960ae16f0b339e,f0fcccd0328ac8f1,84cd4f96789c3a4b,60c0d0b094dccc70
Training/meningioma/Tr-me_131.jpg,Training,meningioma,26509,True,,37f56b108bf51b46843a02ee76d310daebdf2d9fcbbd0d8554514689203b7d90,1b147031145a58c0a709014653ff607bc041933665687fb5a1d021ac8be121b3,d4690a1e6ff43361,f1c88a32d0ccfcf0,85324f7978633ab4,70ccdc94b0d0c060,81c35fb43a5e60cb,f0c0ccd093aee870,d1981ac32dc96f1e,f9dcd4f2d2c4ccf1,813c5f5b3aa166b4,70e8ae93d0ccc0f0,d1671a3c2d346de1,f1ccc4d2f2d4dcf9,d4960ae16f0b339e,f0fcccd0328ac8f1,84cd4f96789c3a4b,60c0d0b094dccc70
Training/pituitary/Tr-pi_193.jpg,Training,pituitary,39045,True,,c27c953b150b8cfa6c2820bac42a13a5d1b5b6420409973ba07a18542429afd5,1b3615911f264e8a224904c5420c7248317ce2b700d35244aff30024da7c8c52,908f573c1af60ada,70f2c8f4b9b20c88,c5da14405b8b6d9f,f8a46a5040e6dc74,c52502964f5d5f78,eecfb26250e8b0e1,907345ee4f213ab5,d18498fcf5a9dae0,c5da02694fa34d8f,e1b0e85062b2cfee,908f41170fde3ace,e0daa9f5fc9884d1,917857c31a395a6d,880cb2b9f4c8f270,c52514bd5b746f60,74dce640506aa4f8
Training/pituitary/Tr-pi_812.jpg,Training,pituitary,39045,True,,c27c953b150b8cfa6c2820bac42a13a5d1b5b6420409973ba07a18542429afd5,1b3615911f264e8a224904c5420c7248317ce2b700d35244aff30024da7c8c52,908f573c1af60ada,70f2c8f4b9b20c88,c5da14405b8b6d9f,f8a46a5040e6dc74,c52502964f5d5f78,eecfb26250e8b0e1,907345ee4f213ab5,d18498fcf5a9dae0,c5da02694fa34d8f,e1b0e85062b2cfee,908f41170fde3ace,e0daa9f5fc9884d1,917857c31a395a6d,880cb2b9f4c8f270,c52514bd5b746f60,74dce640506aa4f8
Training/notumor/Tr-no_813.jpg,Training,notumor,12060,True,,d07ac7d4c62a45c3ca88e4b57cf485acd22b5d5f5e519110f769eb0cd9169d47,1b69ac21405ac89bc80e048a390cd61c33b4140ab26f810a00292eeed13fe62d,c29b0f703d6330cf,b269ccccccc4e932,c16a1ea569d6e592,8270cc828ac47081,97315ada68c96565,b168dccccccc69b2,d4c06b1f3c7eb038,02f1dcaebecc7182,97ce5a256836659a,b269ccccccdc68b1,943f4bf03c83b0c7,8271ccbeaedcf102,c2e42f9f3d9c3430,32e9c4cccccc69b2,c1951e5a6929e56d,8170c48a82cc7082
Training/notumor/Tr-no_946.jpg,Training,notumor,9553,True,,fb9efc392533bc8dbbc3d107a43a31b16d512b881955e4a9c37592305dbe58da,1b69ac21405ac89bc80e048a390cd61c33b4140ab26f810a00292eeed13fe62d,c29b0f703d6330cf,b269ccccccc4e932,c16a1ea569d6e592,8270cc828ac47081,97315ada68c96565,b168dccccccc69b2,d4c06b1f3c7eb038,02f1dcaebecc7182,97ce5a256836659a,b269ccccccdc68b1,943f4bf03c83b0c7,8271ccbeaedcf102,c2e42f9f3d9c3430,32e9c4cccccc69b2,c1951e5a6929e56d,8170c48a82cc7082
Training/notumor/Tr-no_766.jpg,Training,notumor,63465,True,,7f04f0b6fd5821e19cf5a273a540df06a1f6bdcaa63bb235743e274fff825fbd,1bda3046932932238362b42da96b44e805d354ffec5c9b5279969e4e8f6bd154,865e7fa86e204e99,69e8e8e8e8e8f8d0,91953c8c7b11eada,70eed4d8d4ece838,d3f42a023b8f1b33,f4a0e8e8e8e8e869,c02f29242ebbbf70,61c8c8d4e4d488f0,d30b2aed3b700bcc,69e8e8e8e8e8a0f4,c4c069cb2e44bf8f,f088d4e4d4c8c861,86a17f076e5a4a66,d0f8e8e8e8e8e869,916a3c617beaea21,38e8ecd4d8d4ee70
Training/notumor/Tr-no_967.jpg,Training,notumor,63465,True,,7f04f0b6fd5821e19cf5a273a540df06a1f6bdcaa63bb235743e274fff825fbd,1bda3046932932238362b42da96b44e805d354ffec5c9b5279969e4e8f6bd154,865e7fa86e204e99,69e8e8e8e8e8f8d0,91953c8c7b11eada,70eed4d8d4ece838,d3f42a023b8f1b33,f4a0e8e8e8e8e869,c02f29242ebbbf70,61c8c8d4e4d488f0,d30b2aed3b700bcc,69e8e8e8e8e8a0f4,c4c069cb2e44bf8f,f088d4e4d4c8c861,86a17f076e5a4a66,d0f8e8e8e8e8e869,916a3c617beaea21,38e8ecd4d8d4ee70
Training/pituitary/Tr-pi_1252.jpg,Training,pituitary,74371,True,,dc8ef910fb6a27abfe1862e83beeacb91864e160cd6919e5f0b2ebc039b865c4,1c046f2a9855c5e3e7fc78db2a93c72017ba2f1239c29fb7de63cf3a640fc316,954a356b55275395,d2bdece4202b669e,91e5357c53725651,9466abc8d07495d8,d1e074e110af0ebf,86912bfa98c842b4,d40f61fe05f803ea,e456d1f4ec2a99c6,c05f74bf10720ee9,b442c898fa2b9186,d5f075a907270795,c6992aecf4d156e4,95b5359455d8536a,9e662b20e4ecbdd2,815a34ab50ad56bf,d89574d0c8ab6694
Training/pituitary/Tr-pi_461.jpg,Training,pituitary,74371,True,,dc8ef910fb6a27abfe1862e83beeacb91864e160cd6919e5f0b2ebc039b865c4,1c046f2a9855c5e3e7fc78db2a93c72017ba2f1239c29fb7de63cf3a640fc316,954a356b55275395,d2bdece4202b669e,91e5357c53725651,9466abc8d07495d8,d1e074e110af0ebf,86912bfa98c842b4,d40f61fe05f803ea,e456d1f4ec2a99c6,c05f74bf10720ee9,b442c898fa2b9186,d5f075a907270795,c6992aecf4d156e4,95b5359455d8536a,9e662b20e4ecbdd2,815a34ab50ad56bf,d89574d0c8ab6694
Training/pituitary/Tr-pi_528.jpg,Training,pituitary,74371,True,,dc8ef910fb6a27abfe1862e83beeacb91864e160cd6919e5f0b2ebc039b865c4,1c046f2a9855c5e3e7fc78db2a93c72017ba2f1239c29fb7de63cf3a640fc316,954a356b55275395,d2bdece4202b669e,91e5357c53725651,9466abc8d07495d8,d1e074e110af0ebf,86912bfa98c842b4,d40f61fe05f803ea,e456d1f4ec2a99c6,c05f74bf10720ee9,b442c898fa2b9186,d5f075a907270795,c6992aecf4d156e4,95b5359455d8536a,9e662b20e4ecbdd2,815a34ab50ad56bf,d89574d0c8ab6694
Training/notumor/Tr-no_1015.jpg,Training,notumor,27824,True,,de08225737a2a8a8ddda2e0684baa925356b9c0fe77585f2992a0980398c2d07,1c1190d3ca62f9e688489c24aa0dd09580c1d85b68a055c7ffcc06fc1c1172af,c04b2fb57c646c9c,70f1d4d4f0f0f061,913d3ee66bc0608f,8978f0aaeae0f039,95e17a1f298e3932,71f0f0f0d4d47071,c4976b4c3e6a3525,63f0f8a8aaf0e166,951e7ae0697139c9,7170d4d4f0f0f071,c4606bb33e9435da,66e1f0aaa8f8f063,c0b42f4a3cdb6c63,61f0f0f0d4d4f170,91ce3e196b3f6070,39f0e0eaaaf07889
Training/notumor/Tr-no_1339.jpg,Training,notumor,27824,True,,de08225737a2a8a8ddda2e0684baa925356b9c0fe77585f2992a0980398c2d07,1c1190d3ca62f9e688489c24aa0dd09580c1d85b68a055c7ffcc06fc1c1172af,c04b2fb57c646c9c,70f1d4d4f0f0f061,913d3ee66bc0608f,8978f0aaeae0f039,95e17a1f298e3932,71f0f0f0d4d47071,c4976b4c3e6a3525,63f0f8a8aaf0e166,951e7ae0697139c9,7170d4d4f0f0f071,c4606bb33e9435da,66e1f0aaa8f8f063,c0b42f4a3cdb6c63,61f0f0f0d4d4f170,91ce3e196b3f6070,39f0e0eaaaf07889
Testing/meningioma/Te-me_5.jpg,Testing,meningioma,15615,True,,56cf9f66248d14af34d23eaa420b0c509a94f19c63b1937f8bf63f92cca301f5,1c66a360079dc49ced8fff8d8823d235d70414ef1b59efb6ad659d9f1fd72fef,815e5f2a70e957a1,f1e0e2b28fcbd3c6,85951d97749d7258,78f9c9e6c2cdf030,d4f40a802df356db,9c342c0eb2b0f870,d03b4c3d213727f2,30e04cb8986c60e1,d40b0a7f25fc12f4,70f8b0b20e2c349c,d5c74cc729ca270d,e1606c98b84ce030,81a15fd57036475e,c6d3cb8fb2e2e0f1,856e1d6a746272a7,30f0cdc2e6c9f978
Training/meningioma/Tr-me_1083.jpg,Training,meningioma,14166,True,,3dda830ebaa3389847012b51952891707f147df53645461c849dda635a9bb3dc,1c66a360079dc49ced8fff8d8823d235d70414ef1b59efb6ad659d9f1fd72fef,815e5f2a70e957a1,f1e0e2b28fcbd3c6,85951d97749d7258,78f9c9e6c2cdf030,d4f40a802df356db,9c342c0eb2b0f870,d03b4c3d213727f2,30e04cb8986c60e1,d40b0a7f25fc12f4,70f8b0b20e2c349c,d5c74cc729ca270d,e1606c98b84ce030,81a15fd57036475e,c6d3cb8fb2e2e0f1,856e1d6a746272a7,30f0cdc2e6c9f978
Training/notumor/Tr-no_1109.jpg,Training,notumor,51267,True,,537e7ad0a496f23042626741b362e936fc711da2aa25d4c5ce628d03bf4109cb,1cd9dc3d0f2d0534dceeb04891af3ad65d5fbe878146336cfb72e3e2be47f423,d50d0afe6af06b60,70d0d29676aab4d8,94601f6b3a273a3d,f8f4aaa8a88ae478,80a75f543b5a3ec2,e0d2aa9196b4f4f1,c1ca4ac12f856f97,e1d8aeeaea8ad0e0,80505fab3ba53e35,f1f4b49691aad2e0,c1354a3e2e726f68,e0d08aeaeaaed8e1,d5f20a016a0f6b9f,d8b4aa7696d2d070,949f1f947ad03ac2,78e48aa8a8aaf4f8
Training/notumor/Tr-no_1380.jpg,Training,notumor,51267,True,,537e7ad0a496f23042626741b362e936fc711da2aa25d4c5ce628d03bf4109cb,1cd9dc3d0f2d0534dceeb04891af3ad65d5fbe878146336cfb72e3e2be47f423,d50d0afe6af06b60,70d0d29676aab4d8,94601f6b3a273a3d,f8f4aaa8a88ae478,80a75f543b5a3ec2,e0d2aa9196b4f4f1,c1ca4ac12f856f97,e1d8aeeaea8ad0e0,80505fab3ba53e35,f1f4b49691aad2e0,c1354a3e2e726f68,e0d08aeaeaaed8e1,d5f20a016a0f6b9f,d8b4aa7696d2d070,949f1f947ad03ac2,78e48aa8a8aaf4f8
Training/notumor/Tr-no_1083.jpg,Training,notumor,31516,True,,ae511b11b26309a2e60432852cb26d6b019057fc2aab35867badf8af04daa3b6,1ce86920ee006d7a0b880d28607c76e45f552515ebc64d13ea1de502f425891b,91973ed87a247958,71f0d4d4f0d0f0f0,d0e42e463b9b683d,78e4aaa8a8a8e070,c42d6b722f8e2ce2,f0f0b4f094d4f071,854e7b246e303d97,e1f8eaeaeaaad8e1,c4d26b8d2f713c0d,71f0d494f0b4f0f0,85b17b106ece3d68,e1d8aaeaeaeaf8e1,81683e276adb69a3,f0f0d0f0d4d4f071,d01b2efb3b6468c2,70e0a8a8a8aae478
Training/notumor/Tr-no_217.jpg,Training,notumor,31516,True,,ae511b11b26309a2e60432852cb26d6b019057fc2aab35867badf8af04daa3b6,1ce86920ee006d7a0b880d28607c76e45f552515ebc64d13ea1de502f425891b,91973ed87a247958,71f0d4d4f0d0f0f0,d0e42e463b9b683d,78e4aaa8a8a8e070,c42d6b722f8e2ce2,f0f0b4f094d4f071,854e7b246e303d97,e1f8eaeaeaaad8e1,c4d26b8d2f713c0d,71f0d494f0b4f0f0,85b17b106ece3d68,e1d8aaeaeaeaf8e1,81683e276adb69a3,f0f0d0f0d4d4f071,d01b2efb3b6468c2,70e0a8a8a8aae478
Training/notumor/Tr-no_1290.jpg,Training,notumor,12785,True,,ef5addab9afd41d9a24d73711092b35f1610683975b03f80bff9d48d144970ef,1d0f7d3f411c6def1ea3d2730aef82994c71b383dbf79f0ce31bf0cc3087374b,963c69e3649683ce,00f178ece8e87030,97c67a39613297c4,0070e4ccccf83800,c3963c49313cf665,30f1e8e8c8e17000,c26e2f933498c26f,0060e0ccccd8f100,c3693cb630c3e69a,0070e1c8e8e8f130,c2932f6e3467c299,00f1d8cccce06000,96c3691c6569f331,3070e8e8ec78f100,973978c461cd9732,0038f8cccce47000
Training/notumor/Tr-no_281.jpg,Training,notumor,12785,True,,ef5addab9afd41d9a24d73711092b35f1610683975b03f80bff9d48d144970ef,1d0f7d3f411c6def1ea3d2730aef82994c71b383dbf79f0ce31bf0cc3087374b,963c69e3649683ce,00f178ece8e87030,97c67a39613297c4,0070e4ccccf83800,c3963c49313cf665,30f1e8e8c8e17000,c26e2f933498c26f,0060e0ccccd8f100,c3693cb630c3e69a,0070e1c8e8e8f130,c2932f6e3467c299,00f1d8cccce06000,96c3691c6569f331,3070e8e8ec78f100,973978c461cd9732,0038f8cccce47000
Training/notumor/Tr-no_3.jpg,Training,notumor,8180,True,,2f2b8e61cf480af3e41ad5cd553252ddff1774a1e17e25765c1c71582df89bb1,1d253f75acdf84c062d0a711d447299627d6b5add088cad18930fe9b597463bc,c63e2de1348bb1c9,d0e0e8e8ccc8e0f0,976a7ab56516c4c8,00f8f0e4e4f4f800,9396784b6161e667,f0f8cccce8e8f8c0,c2c42f1f30bdd362,00e0d0d8d8f06000,936b78b4619ee498,c0f8e8e8ccccf8f0,c23f2fe03043d39d,0060f0d8d8d0e000,c6c32d1e3474b336,f0e0c8cce8e8e0d0,97917a4a65e8c437,00f8f4e4e4f0f800
Training/notumor/Tr-no_747.jpg,Training,notumor,10600,True,,4f3c00ef520660295576c472a0cafc9f1bb400d736b352b736966af08bf09235,1d253f75acdf84c062d0a711d447299627d6b5add088cad18930fe9b597463bc,c63e2de1348bb1c9,d0e0e8e8ccc8e0f0,976a7ab56516c4c8,00f8f0e4e4f4f800,9396784b6161e667,f0f8cccce8e8f8c0,c2c42f1f30bdd362,00e0d0d8d8f06000,936b78b4619ee498,c0f8e8e8ccccf8f0,c23f2fe03043d39d,0060f0d8d8d0e000,c6c32d1e3474b336,f0e0c8cce8e8e0d0,97917a4a65e8c437,00f8f4e4e4f0f800
Testing/meningioma/Te-me_9.jpg,Testing,meningioma,23280,True,,6ad191b6525adf85064c08ec3ab520ca7fc28acb73bd31781d54d8e03315e139,1d62acf04d13c18fb21bbaf70e0fa5cdf4ddd6a087acdfd7500016427b0d4b13,81d0175bb22ee66e,f0b2a60f0b33614d,caa80f8715d83d4f,e3c9a99080ebc9e9,d47a42f1e784b3c4,4d61312f0d9ab2f0,9f065a2fc0726ae5,686c28fef66a6c38,d485420ae77bb13b,f0b29a0d2f31614d,9ff95ad2408d6a1a,386c6af6fe286c68,892f17a4b2d1f691,4d61330b0fa6b2f0,ca530f7815273fb0,e9c9eb8090a9c9e3
Training/meningioma/Tr-me_715.jpg,Training,meningioma,20661,True,,7aed0c5305f66cb3c67a0d617ef6e73e3f965cff91bedcc3bc074fba768d152e,1d62acf04d13c18fb21bbaf70e0fa5cdf4ddd6a087acdfd7500016427b0d4b13,81d0175bb22ee66e,f0b2a60f0b33614d,caa80f8715d83d4f,e3c9a99080ebc9e9,d47a42f1e784b3c4,4d61312f0d9ab2f0,9f065a2fc0726ae5,686c28fef66a6c38,d485420ae77bb13b,f0b29a0d2f31614d,9ff95ad2408d6a1a,386c6af6fe286c68,892f17a4b2d1f691,4d61330b0fa6b2f0,ca530f7815273fb0,e9c9eb8090a9c9e3
Training/notumor/Tr-no_1379.jpg,Training,notumor,29015,True,,84b2155377f2b5ec87d3988642b885d5b6249e7907486184ac311e15a8a599a9,1d768558376e814e18424605f3272e6ee7baf9ee4ba0dba84a3cfc575661994c,870f3ee078996137,70f0c8c8ccc4f070,94e53f526d1ee118,20d4e0a6a6f4f020,c2a56b4a2d73349d,70f0ccccececf070,c14b6ef838b4b4b2,38d0d09a9ae0d438,c25a6ab52dec346a,70f0ececccccf070,c1b46e07394bb46d,38d4e09a9ad0d038,97f03f1f784661c0,70f0c4ccc8c8f070,941a3bad6ce1e187,20f0f4a6a6e0d420
Training/notumor/Tr-no_810.jpg,Training,notumor,29015,True,,84b2155377f2b5ec87d3988642b885d5b6249e7907486184ac311e15a8a599a9,1d768558376e814e18424605f3272e6ee7baf9ee4ba0dba84a3cfc575661994c,870f3ee078996137,70f0c8c8ccc4f070,94e53f526d1ee118,20d4e0a6a6f4f020,c2a56b4a2d73349d,70f0ccccececf070,c14b6ef838b4b4b2,38d0d09a9ae0d438,c25a6ab52dec346a,70f0ececccccf070,c1b46e07394bb46d,38d4e09a9ad0d038,97f03f1f784661c0,70f0c4ccc8c8f070,941a3bad6ce1e187,20f0f4a6a6e0d420
Training/notumor/Tr-no_539.jpg,Training,notumor,14040,True,,39c0884fa9dfa4bf3e2464f41480e240ad7db4eded8a5b1ced54c772956746e1,1d9e62b6058039922dbdacadc3e825ed119f393af4f6e08f6021bce04f7854cd,95386f616a873d98,e8f0f8f8d0cce8e0,85c77a386b592e49,70f8f8f2f2f4f071,c0923acb3f3d6a32,e8e8ccd4e0e0d0e8,c06d2f923ea179e1,71e0d0b0b0e0e0d1,c06d3a343fc26acd,e8d0e0e0d4cce8e8,d0922f6d3e0c7b1c,d1e0e0b0b0d0e071,95c36f1a6a683867,e0e8ccd0f8f8f0e8,85387ac76ba42cb6,71f0f4f2f2f8f870
Training/notumor/Tr-no_543.jpg,Training,notumor,12956,True,,040daff6e5eb6eaa70b0f175576954db75ab0f754d1877736f019dccac1a2bd2,1d9e62b6058039922dbdacadc3e825ed119f393af4f6e08f6021bce04f7854cd,95386f616a873d98,e8f0f8f8d0cce8e0,85c77a386b592e49,70f8f8f2f2f4f071,c0923acb3f3d6a32,e8e8ccd4e0e0d0e8,c06d2f923ea179e1,71e0d0b0b0e0e0d1,c06d3a343fc26acd,e8d0e0e0d4cce8e8,d0922f6d3e0c7b1c,d1e0e0b0b0d0e071,95c36f1a6a683867,e0e8ccd0f8f8f0e8,85387ac76ba42cb6,71f0f4f2f2f8f870
Training/notumor/Tr-no_1240.jpg,Training,notumor,45788,True,,49db0659a53802695ac4af817cff544f8034e7c9883a6751e0e321c86337f86a,1dc3ab399088b6265a7ea1e49162c2163bad8b2941beb04d7a0398c0be6c0e3d,953e7ae868671964,71f0d4d4f0f8d471,90c27d1d7a3a6479,39f0e8a8e8e0f811,c0942f423dcd6dce,71d4e0f0d4d4f071,c56a2ab72f9031d3,31e0d8e8eae8f063,c06b2fbd3d324c31,71f0d4d4f0e0d471,c5972a4a2f6f312c,63f0e8eae8d8e031,95c17a176898799b,71d4f8f0d4d4f071,903d7de27ac56486,11f8e0e8a8e8f039
Training/notumor/Tr-no_990.jpg,Training,notumor,45788,True,,49db0659a53802695ac4af817cff544f8034e7c9883a6751e0e321c86337f86a,1dc3ab399088b6265a7ea1e49162c2163bad8b2941beb04d7a0398c0be6c0e3d,953e7ae868671964,71f0d4d4f0f8d471,90c27d1d7a3a6479,39f0e8a8e8e0f811,c0942f423dcd6dce,71d4e0f0d4d4f071,c56a2ab72f9031d3,31e0d8e8eae8f063,c06b2fbd3d324c31,71f0d4d4f0e0d471,c5972a4a2f6f312c,63f0e8eae8d8e031,95c17a176898799b,71d4f8f0d4d4f071,903d7de27ac56486,11f8e0e8a8e8f039
Training/notumor/Tr-no_1095.jpg,Training,notumor,14296,True,,db13da94073aaa03960e97acb4ab41019e4be57c88c8b708e66791696f4bc4b9,1de03881bb6a2bf943050c5ddecd7e98d89172c278832757e6baeed48a18621e,865e5b886a66794d,78ecececccece470,90900e9d7b3aecdc,70f8d4ccccf0f031,d3d40e223fcc2cc7,f1d8c8ccc8c8c861,c53a5a272e90b976,31f0f0ccccc0e0f0,d30b0edd3f332c18,61c8c8c8ccc8d8f1,c5c51ac82e6fb989,f0e0c0ccccf0f031,86a15b676a997992,70e4ecccececec78,906f0e627bc5ec23,31f0f0ccccd4f870
Training/notumor/Tr-no_69.jpg,Training,notumor,14296,True,,db13da94073aaa03960e97acb4ab41019e4be57c88c8b708e66791696f4bc4b9,1de03881bb6a2bf943050c5ddecd7e98d89172c278832757e6baeed48a18621e,865e5b886a66794d,78ecececccece470,90900e9d7b3aecdc,70f8d4ccccf0f031,d3d40e223fcc2cc7,f1d8c8ccc8c8c861,c53a5a272e90b976,31f0f0ccccc0e0f0,d30b0edd3f332c18,61c8c8c8ccc8d8f1,c5c51ac82e6fb989,f0e0c0ccccf0f031,86a15b676a997992,70e4ecccececec78,906f0e627bc5ec23,31f0f0ccccd4f870
Testing/meningioma/Te-me_184.jpg,Testing,meningioma,27770,True,,065838e8c921af9cd741387fc62a1caf696e46c11fe15ac6ef95982cc9b74dee,1e10a3d223349347a837366c02e1dc0909422db7a01847bb8a5cc5b1ecf68dc5,c7441b3b4cc36d71,71cce0e0aa4f4973,843313cf3e3db44c,7cdca66667e6f47c,92ee4e91196938db,316d0daaf8f8cc71,d19846646f97e1e2,c1d09819999ac4c1,92114e6e1d9f7874,71ccf8f8aa0d6d31,d165469b6f60e11d,c1c49a991998d0c1,c7bb1bc4483c2d8e,73494faae0e0cc71,84cf13313acab4b7,7cf4e66766a6dc7c
Training/meningioma/Tr-me_19.jpg,Training,meningioma,24585,True,,9c8572b3fb29d4a2467cdd2a8ef06efadb3430358234296b9e3e9fd6d8b31a0f,1e10a3d223349347a837366c02e1dc0909422db7a01847bb8a5cc5b1ecf68dc5,c7441b3b4cc36d71,71cce0e0aa4f4973,843313cf3e3db44c,7cdca66667e6f47c,92ee4e91196938db,316d0daaf8f8cc71,d19846646f97e1e2,c1d09819999ac4c1,92114e6e1d9f7874,71ccf8f8aa0d6d31,d165469b6f60e11d,c1c49a991998d0c1,c7bb1bc4483c2d8e,73494faae0e0cc71,84cf13313acab4b7,7cf4e66766a6dc7c
Testing/meningioma/Te-me_265.jpg,Testing,meningioma,7607,True,,51052c8439701c2832aaa26111104f4f7e03c0c99641205ee29cea957bf44a35,1e6678e627ff3207394073fa9683af694f6e30d3f58abd2c19b4e9de9151b101,922e6de13493666e,b268ecd8e8d471b2,944c7a736194c7cb,8271f4b6aad47980,c7c4784b653933e4,b270d4e8e0c868b2,c1662fd9343e9265,0261d4aa92d07182,877b38b461c6331b,b268c8e0e8d470b2,c1f92f2634c9929e,8271d092aad46102,92d16d1e346d66b1,b271d4e8d8ec68b2,94337b8c616bc734,8079d4aab6f47182
Training/meningioma/Tr-me_126.jpg,Training,meningioma,5237,True,,deaee0ac0187be63718484cd3a6bdc76a6bbdfedc10ea56e36045feb624bb24d,1e6678e627ff3207394073fa9683af694f6e30d3f58abd2c19b4e9de9151b101,922e6de13493666e,b268ecd8e8d471b2,944c7a736194c7cb,8271f4b6aad47980,c7c4784b653933e4,b270d4e8e0c868b2,c1662fd9343e9265,0261d4aa92d07182,877b38b461c6331b,b268c8e0e8d470b2,c1f92f2634c9929e,8271d092aad46102,92d16d1e346d66b1,b271d4e8d8ec68b2,94337b8c616bc734,8079d4aab6f47182
Training/meningioma/Tr-aug-me_92.jpg,Training,meningioma,25891,True,,8f9c305ee1ad7c0f9e616d2f95e5536f5858b575e81d7a56e98b574bb8a20666,1e8dbd9eb7aad79d22260ea5df0572c138a95ba311c32adec6e9239569655d8b,91da4a8d0bcb9e2e,e8cca8d4aad4d4d4,d69a013c7f646f60,79ec842c2cc4d4c0,c4701f277a61cb95,d4d494aad4eac8e8,83315c972ace3acb,7cd4dccbcbdcc861,c08f1fd85a9eca2a,e8c8ead4aa94d4d4,83ce5c692ab13a37,61c8dccbcbdcd47c,95254a722f349fd1,d4d4d4aad4a8cce8,d66401c27f136f9c,c0d4c42c2c84ec79
Training/meningioma/Tr-me_268.jpg,Training,meningioma,25891,True,,8f9c305ee1ad7c0f9e616d2f95e5536f5858b575e81d7a56e98b574bb8a20666,1e8dbd9eb7aad79d22260ea5df0572c138a95ba311c32adec6e9239569655d8b,91da4a8d0bcb9e2e,e8cca8d4aad4d4d4,d69a013c7f646f60,79ec842c2cc4d4c0,c4701f277a61cb95,d4d494aad4eac8e8,83315c972ace3acb,7cd4dccbcbdcc861,c08f1fd85a9eca2a,e8c8ead4aa94d4d4,83ce5c692ab13a37,61c8dccbcbdcd47c,95254a722f349fd1,d4d4d4aad4a8cce8,d66401c27f136f9c,c0d4c42c2c84ec79
Training/pituitary/Tr-pi_396.jpg,Training,pituitary,74811,True,,59b7545faed7fe8962c1853d6dd379ab5e5ddfe6970a42a0017a4114fb1a95ad,1ea1cbca3e6a804d3ff674058af5ccdb20bcae38ff2f8bf34cf965336ed35d69,954a356b55275395,d2bdece4a02b669e,81e5357c537256d1,9e66abc8d07495d8,d1e074e110af0ebf,86912bfad8c842b4,d40f61fe05f803ea,e456d1f4ec2a9986,c15f743f10720ee9,b442c8d8fa2b9186,d5f075a907270795,86992aecf4d156e4,95b5359455d8536a,9e662ba0e4ecbdd2,815a34ab50ad56bf,d89574d0c8ab669e
Training/pituitary/Tr-pi_476.jpg,Training,pituitary,74811,True,,59b7545faed7fe8962c1853d6dd379ab5e5ddfe6970a42a0017a4114fb1a95ad,1ea1cbca3e6a804d3ff674058af5ccdb20bcae38ff2f8bf34cf965336ed35d69,954a356b55275395,d2bdece4a02b669e,81e5357c537256d1,9e66abc8d07495d8,d1e074e110af0ebf,86912bfad8c842b4,d40f61fe05f803ea,e456d1f4ec2a9986,c15f743f10720ee9,b442c8d8fa2b9186,d5f075a907270795,86992aecf4d156e4,95b5359455d8536a,9e662ba0e4ecbdd2,815a34ab50ad56bf,d89574d0c8ab669e
Training/notumor/Tr-no_116.jpg,Training,notumor,111486,True,,cc336bb30a64c66a0897e048331ca9818b553b8d0c313ed4980971c5b8ea1b46,1f44186e59f31a427c97545be2fe61d79f7bab49fbc2912ad0e1d3f4f4369e7f,9443481f6b691f6d,e8d49694e8e8d496,80924d6d3f6d5ab2,f4cda88d8db8e3f2,c1c91db53ec348c7,96d4e8e8d696d468,d53858c76ac70f1a,b038e24c4eea4cd0,c1361d4b3e3c4b3c,68d496d6e8e8d496,d5c718386a380ff5,d04cea4e4ce238b0,94bc48e16b961f96,96d4e8e89496d4e8,806d0d923f935a5f,f2e3b88d8da8cdf4
Training/notumor/Tr-no_121.jpg,Training,notumor,111486,True,,cc336bb30a64c66a0897e048331ca9818b553b8d0c313ed4980971c5b8ea1b46,1f44186e59f31a427c97545be2fe61d79f7bab49fbc2912ad0e1d3f4f4369e7f,9443481f6b691f6d,e8d49694e8e8d496,80924d6d3f6d5ab2,f4cda88d8db8e3f2,c1c91db53ec348c7,96d4e8e8d696d468,d53858c76ac70f1a,b038e24c4eea4cd0,c1361d4b3e3c4b3c,68d496d6e8e8d496,d5c718386a380ff5,d04cea4e4ce238b0,94bc48e16b961f96,96d4e8e89496d4e8,806d0d923f935a5f,f2e3b88d8da8cdf4
Testing/meningioma/Te-me_266.jpg,Testing,meningioma,14670,True,,3f176b81b6978f4ba31f8414f7169886e0f8774ff831551d58929832c593e5cd,1f7596bc5ce4e5911451ec2eb17ee590c62f6848974921cab74c764b230f2eda,844e5fba5ab26887,70d4a2a4a2aadc70,959412c37a1e78de,70d6b65341a2ec79,d1e54a100f3a3d6f,f1c4aabadabad4f1,c03f43692fb42d74,61c8b279159294f1,d11b0aef0fc53d90,f1d4badabaaac4f1,c0e147962f4b2dcb,f194921579b2c861,84b15f455a4f687a,70dcaaa2a4a2d470,956a163c7ae17d21,79eca24153b6d670
Training/meningioma/Tr-me_1249.jpg,Training,meningioma,10902,True,,2e27f1fa36558c2356b50a6f437d33f07c9187b3adcba56977e04aa6f30b3d68,1f7596bc5ce4e5911451ec2eb17ee590c62f6848974921cab74c764b230f2eda,844e5fba5ab26887,70d4a2a4a2aadc70,959412c37a1e78de,70d6b65341a2ec79,d1e54a100f3a3d6f,f1c4aabadabad4f1,c03f43692fb42d74,61c8b279159294f1,d11b0aef0fc53d90,f1d4badabaaac4f1,c0e147962f4b2dcb,f194921579b2c861,84b15f455a4f687a,70dcaaa2a4a2d470,956a163c7ae17d21,79eca24153b6d670
Testing/meningioma/Te-me_197.jpg,Testing,meningioma,33987,True,,d2e28f585c7aec0c59898578a258d64189c62a1845bde369407e3766b648d868,1fb580624e1e1bca678dde78a1bee10496483e09c22a22c15a3953c76b4a55bb,953b6a3c25e4708f,0778d8e6feb4a2c6,85d97e2d71626136,70f3d0d2f6e367ac,c0913f96704e753d,9cbac28098e4e11a,d07b2b8725ce349c,c219189094f430f1,c06e3f6970b125da,1ae1e49880c2ba9c,d08e2b7b25373463,f130f494901819c2,95c46ac3651f7478,c6a2b4fee6d87807,85267ed2719d61c9,ac67e3f6d2d0f370
Training/meningioma/Tr-me_437.jpg,Training,meningioma,26037,True,,edaff90338db46c64d17412392dc68cd9493db0ebc3211c51a93021baa25ef09,1fb580624e1e1bca678dde78a1bee10496483e09c22a22c15a3953c76b4a55bb,953b6a3c25e4708f,0778d8e6feb4a2c6,85d97e2d71626136,70f3d0d2f6e367ac,c0913f96704e753d,9cbac28098e4e11a,d07b2b8725ce349c,c219189094f430f1,c06e3f6970b125da,1ae1e49880c2ba9c,d08e2b7b25373463,f130f494901819c2,95c46ac3651f7478,c6a2b4fee6d87807,85267ed2719d61c9,ac67e3f6d2d0f370
Testing/meningioma/Te-me_52.jpg,Testing,meningioma,42301,True,,96d13f31ce2855d42059c938bca3fbe684753e76f98c67d0d9aaae0e8d0fbd90,1fb6feeca0325e0c882171d2494a1979dfa227fe8e1faa23327fc46c39d8fefd,8ffc544c16d2c31e,b6b64d6969c9a996,c699409ad18f0f7d,e68f64d61e6dadc6,dc5601e6577896b4,966a6c69694d9292,9333153484addad7,9c4a498794d90e98,dca901595787964f,92924d69696c6a96,93dc15cf84db5a28,980ed99487494a9c,8f0354f3063dc3e5,96a9c969694db6b6,c676406dd1f98f82,c6ad6d1ed6648fe6
Training/meningioma/Tr-me_154.jpg,Training,meningioma,33098,True,,820dbfd9b7449559802740a08ded8d506dbbad2abdda7293d3595bd9dcf4e746,1fb6feeca0325e0c882171d2494a1979dfa227fe8e1faa23327fc46c39d8fefd,8ffc544c16d2c31e,b6b64d6969c9a996,c699409ad18f0f7d,e68f64d61e6dadc6,dc5601e6577896b4,966a6c69694d9292,9333153484addad7,9c4a498794d90e98,dca901595787964f,92924d69696c6a96,93dc15cf84db5a28,980ed99487494a9c,8f0354f3063dc3e5,96a9c969694db6b6,c676406dd1f98f82,c6ad6d1ed6648fe6
Training/pituitary/Tr-pi_356.jpg,Training,pituitary,137916,True,,8d463bf588c1bc9e685df1729434a541f187054456fe244024966078fe1aef61,1fe44a9842a5f4e1a9a1c202600843cdba8265de8dd0b58ebc5370728e46873a,91056efb19762699,d4f2ccc8b2217861,93cb366239d93626,f9c8ec92dbece97c,c4ab3b514cdc3333,71e16bb2ecccb0d4,c66363cc6c73638c,c0688824b4c8ec40,c4543bae4c23f3cc,d4b0ccecb26be171,c49c63376c8c6373,40ecc8b4248868c0,91fe6e041999e666,617821b2c8ccf2d4,9134369d396636d9,7ce9ecdb92ecc8f9
Training/pituitary/Tr-pi_759.jpg,Training,pituitary,137916,True,,8d463bf588c1bc9e685df1729434a541f187054456fe244024966078fe1aef61,1fe44a9842a5f4e1a9a1c202600843cdba8265de8dd0b58ebc5370728e46873a,91056efb19762699,d4f2ccc8b2217861,93cb366239d93626,f9c8ec92dbece97c,c4ab3b514cdc3333,71e16bb2ecccb0d4,c66363cc6c73638c,c0688824b4c8ec40,c4543bae4c23f3cc,d4b0ccecb26be171,c49c63376c8c6373,40ecc8b4248868c0,91fe6e041999e666,617821b2c8ccf2d4,9134369d396636d9,7ce9ecdb92ecc8f9
Training/pituitary/Tr-pi_77.jpg,Training,pituitary,137916,True,,8d463bf588c1bc9e685df1729434a541f187054456fe244024966078fe1aef61,1fe44a9842a5f4e1a9a1c202600843cdba8265de8dd0b58ebc5370728e46873a,91056efb19762699,d4f2ccc8b2217861,93cb366239d93626,f9c8ec92dbece97c,c4ab3b514cdc3333,71e16bb2ecccb0d4,c66363cc6c73638c,c0688824b4c8ec40,c4543bae4c23f3cc,d4b0ccecb26be171,c49c63376c8c6373,40ecc8b4248868c0,91fe6e041999e666,617821b2c8ccf2d4,9134369d396636d9,7ce9ecdb92ecc8f9
Testing/meningioma/Te-me_42.jpg,Testing,meningioma,12668,True,,19f85781d3642a0c0a9d3831265070195500ff2f41feb84cf72bb87b12060e7e,20056c25310a13276784dbd8e695821fc228338edbdf6d88d027f6a2594f8ff9,902d4bb26dda39c3,78ece8aa8ccce8f1,95d25a696e353594,71d8dcc6d6def878,c5871f1a39706d69,70e8ccceaae8c8e1,c0780fc33b1f603f,60e0849494c4e470,c1781ee7388f6896,e1c8e8aacecce870,c0870f3c3bf260eb,70e4c4949484e060,90d24b4d6d253d3d,f1e8cc8caae8ec78,952d5a966e4a356a,78f8ded6c6dcd871
Training/meningioma/Tr-me_1110.jpg,Training,meningioma,9233,True,,6b436fb29f9dd27c8e6a2f30c8d516947c3b856bad43c45b7722e8360e517cbf,20056c25310a13276784dbd8e695821fc228338edbdf6d88d027f6a2594f8ff9,902d4bb26dda39c3,78ece8aa8ccce8f1,95d25a696e353594,71d8dcc6d6def878,c5871f1a39706d69,70e8ccceaae8c8e1,c0780fc33b1f603f,60e0849494c4e470,c1781ee7388f6896,e1c8e8aacecce870,c0870f3c3bf260eb,70e4c4949484e060,90d24b4d6d253d3d,f1e8cc8caae8ec78,952d5a966e4a356a,78f8ded6c6dcd871
Training/notumor/Tr-no_577.jpg,Training,notumor,127722,True,,2e9979eb629886f51f2e4b143f7526fe57537077b3bcb1bfd7d4ecad00b30547,204e21272d4b40d66ec861504a17d99d4776784fd0156d6bff602b0c9cf7aa96,c64e6db56cd2342c,71f1e8e8cccce871,94373be96904c4cf,01f8f49494f4f801,93e4783f39786186,71e8cccce8e87071,c1997e433cae9165,01e0d0d4d6d0e003,931b78e039c76179,7170e8e8cccce871,c1667ebc3c51919a,03e0d0d6d4d0e001,c6b12d6a6c2d34d3,71e8cccce8e8f171,94ec3b1669fbc430,01f8f49494f4f801
Training/notumor/Tr-no_764.jpg,Training,notumor,127722,True,,2e9979eb629886f51f2e4b143f7526fe57537077b3bcb1bfd7d4ecad00b30547,204e21272d4b40d66ec861504a17d99d4776784fd0156d6bff602b0c9cf7aa96,c64e6db56cd2342c,71f1e8e8cccce871,94373be96904c4cf,01f8f49494f4f801,93e4783f39786186,71e8cccce8e87071,c1997e433cae9165,01e0d0d4d6d0e003,931b78e039c76179,7170e8e8cccce871,c1667ebc3c51919a,03e0d0d6d4d0e001,c6b12d6a6c2d34d3,71e8cccce8e8f171,94ec3b1669fbc430,01f8f49494f4f801
Testing/glioma/Te-gl_129.jpg,Testing,glioma,14885,True,,917cadd5aad4a8288a4f759d4f4a261e66c3187dbace1293b76aa8434b691b37,20bc1528e96ee79042fe12a6a6ae1e49f935736a66487799715d3a353f2da48b,d0486fb33d993c26,f1c0b8b8b898c8e0,941e3b616ed439c3,38f8f8b0a28edcf8,85e23a1d6a7369cc,f8ece6e2e2e2fc70,c1b06eca3b6e6469,e0c486baf2e0e0e1,851d3ae66acc6933,70fce2e2e2e6ecf8,c14f6e343b916c96,e1e0e0f2ba86c4e0,d0b76f483d263c89,e0c898b8b8b8c0f1,94e03b9e6e2b313c,f8dc8ea2b0f8f838
Testing/glioma/Te-gl_303.jpg,Testing,glioma,14885,True,,917cadd5aad4a8288a4f759d4f4a261e66c3187dbace1293b76aa8434b691b37,20bc1528e96ee79042fe12a6a6ae1e49f935736a66487799715d3a353f2da48b,d0486fb33d993c26,f1c0b8b8b898c8e0,941e3b616ed439c3,38f8f8b0a28edcf8,85e23a1d6a7369cc,f8ece6e2e2e2fc70,c1b06eca3b6e6469,e0c486baf2e0e0e1,851d3ae66acc6933,70fce2e2e2e6ecf8,c14f6e343b916c96,e1e0e0f2ba86c4e0,d0b76f483d263c89,e0c898b8b8b8c0f1,94e03b9e6e2b313c,f8dc8ea2b0f8f838
Testing/meningioma/Te-me_259.jpg,Testing,meningioma,14216,True,,a147b1910d63258713da833522f6e321bed28401314d5248fbab73df9a46bcac,2116937822904d54b50a0e66e9e500225e48d10fa156dbbbc65a5e17237293f4,841b57797a9668d2,7ceae5a5dd96e4cc,84c41ac65a5b6dcf,e8a66294c6eec878,d1b002d32f3c3df8,ccd896445a58a8c1,d16e4f280ff13865,e1cc889cd6b99ae8,d15f022c2fd33d07,c1a8585a4496d8cc,d1914fd70f0e389a,e89ab9d69c88cce1,84e557867a6968ad,cce496dda5e5ea7c,853b1a7d5aa46d70,78c8eec69462a6e8
Training/meningioma/Tr-me_553.jpg,Training,meningioma,10523,True,,e06cbd846ceb5fc12ef5b7407d421fe2ed2641de68cdfc6ba64ea4bfa85d8fcc,2116937822904d54b50a0e66e9e500225e48d10fa156dbbbc65a5e17237293f4,841b57797a9668d2,7ceae5a5dd96e4cc,84c41ac65a5b6dcf,e8a66294c6eec878,d1b002d32f3c3df8,ccd896445a58a8c1,d16e4f280ff13865,e1cc889cd6b99ae8,d15f022c2fd33d07,c1a8585a4496d8cc,d1914fd70f0e389a,e89ab9d69c88cce1,84e557867a6968ad,cce496dda5e5ea7c,853b1a7d5aa46d70,78c8eec69462a6e8
Testing/meningioma/Te-me_205.jpg,Testing,meningioma,11067,True,,8aaadd0f631a11d4e11796b9afc422aea41548c3b9607b338377f3002747101e,2153ddf5682138f9a899c646ea0dc9a4da25210c8b1cad5164225216acb99eca,954a473bb26d6893,71d4a8beb8aaaa8e,89991e66565b794a,7cfbdbf2a6c2ef78,c0e01691e7e73d39,8eaaa2e282ead471,dc334bce03f92ce0,e108b098b02420c1,c01f126ee7383dc6,71d4ea82e2a2aa8e,dccc4f33032e2c1f,c12024b098b008e1,95b547c4b692786c,8eaaaab8bea8d471,89661e9956a479b5,78efc2a6f2dbfb7c
Training/meningioma/Tr-me_661.jpg,Training,meningioma,7865,True,,43d69187c66f53cf5bbfaad79bdeda18678b2bde8f1c144c051e4a8ae1f53fe5,2153ddf5682138f9a899c646ea0dc9a4da25210c8b1cad5164225216acb99eca,954a473bb26d6893,71d4a8beb8aaaa8e,89991e66565b794a,7cfbdbf2a6c2ef78,c0e01691e7e73d39,8eaaa2e282ead471,dc334bce03f92ce0,e108b098b02420c1,c01f126ee7383dc6,71d4ea82e2a2aa8e,dccc4f33032e2c1f,c12024b098b008e1,95b547c4b692786c,8eaaaab8bea8d471,89661e9956a479b5,78efc2a6f2dbfb7c
Training/notumor/Tr-no_1393.jpg,Training,notumor,44008,True,,8a05324c1e59d079c88ad71e484739999eab506d3e7eb1bca857264329113b94,21a7fa6395769ba6feb3ed413b9d8d25e3b7afbac48108cc4b675bde11ef00f9,9199569678e96a4d,78d49292f0ccd4e8,d4d40e074fcf323a,70f488e0e888e470,c433033c2d433fe7,c8d4ccf0b6b6d4e1,817e5bad1a656790,f1d8eee8f8eed0f0,c4cc03c32dfc3f1c,e1d4b6b6f0ccd4c8,81855b521a9b676f,f0d0eef8e8eed8f1,9166566978566ab6,e8d4ccf09292d478,d42f0ef84f3132c5,70e488e8e088f470
Training/notumor/Tr-no_642.jpg,Training,notumor,44008,True,,8a05324c1e59d079c88ad71e484739999eab506d3e7eb1bca857264329113b94,21a7fa6395769ba6feb3ed413b9d8d25e3b7afbac48108cc4b675bde11ef00f9,9199569678e96a4d,78d49292f0ccd4e8,d4d40e074fcf323a,70f488e0e888e470,c433033c2d433fe7,c8d4ccf0b6b6d4e1,817e5bad1a656790,f1d8eee8f8eed0f0,c4cc03c32dfc3f1c,e1d4b6b6f0ccd4c8,81855b521a9b676f,f0d0eef8e8eed8f1,9166566978566ab6,e8d4ccf09292d478,d42f0ef84f3132c5,70e488e8e088f470
Training/notumor/Tr-no_698.jpg,Training,notumor,12094,True,,22bf0f1e359f334d7346fe81383649fd75079daf61d151614dfdf9d19c766be4,21b8d4cae1ad9f2dcd0feb19c0a1267b0959f1abde5bfa25eb284f617bdce5f6,963c68c331c7b798,b270e8e8e8c8e871,97cb6a34613996e1,31f8ecd4d4ec7892,c2963d69646de236,30e8ece8e8e8f132,c2613f9e3492c3cb,30e1c8d4d4c8e062,c3693d966492e2cd,32f1e8e8e8ece830,c29e3f61346dc334,62e0c8d4d4c8e130,97c3683c3138b763,71e8c8e8e8e870b2,97346acb61c6961e,9278ecd4d4ecf831
Training/notumor/Tr-no_930.jpg,Training,notumor,15159,True,,9af05acd768793e89fc6776c3af838b0bf0747cfc3a3737e1cd3af44ea09c930,21b8d4cae1ad9f2dcd0feb19c0a1267b0959f1abde5bfa25eb284f617bdce5f6,963c68c331c7b798,b270e8e8e8c8e871,97cb6a34613996e1,31f8ecd4d4ec7892,c2963d69646de236,30e8ece8e8e8f132,c2613f9e3492c3cb,30e1c8d4d4c8e062,c3693d966492e2cd,32f1e8e8e8ece830,c29e3f61346dc334,62e0c8d4d4c8e130,97c3683c3138b763,71e8c8e8e8e870b2,97346acb61c6961e,9278ecd4d4ecf831
Testing/meningioma/Te-me_241.jpg,Testing,meningioma,13145,True,,75de2e313a9570e899b592d69c150554c350699b058d3410e2eea78c6db8dc9a,21c7483d92cec54e720746d2ae248d0f87f2b400a9697a1d2e2d034c3556662c,c4cc4ee53b333992,e0f4b22a23a2d4f1,d10f1ef06a0f6de0,79cca29a9abadc78,91641b4f6e996c39,70d4b22b2bb2d0f8,84a54b5a3fa57a4a,e1c4a2a6a6bacc61,919b1bb06e666cc6,f8d0b22b2bb2d470,845a4ba53f5a38b5,61ccbaa6a6a2c4e1,c4334e1a3bcc396d,f1d4a2232ab2f4e0,d1f01e0f6af02d1e,78dcba9a9aa2cc79
Training/meningioma/Tr-me_1146.jpg,Training,meningioma,11824,True,,a47bcad5ac91f50b2fb3590b03fd0e575cc10f3a0c06c1d35a61f397b6efaf39,21c7483d92cec54e720746d2ae248d0f87f2b400a9697a1d2e2d034c3556662c,c4cc4ee53b333992,e0f4b22a23a2d4f1,d10f1ef06a0f6de0,79cca29a9abadc78,91641b4f6e996c39,70d4b22b2bb2d0f8,84a54b5a3fa57a4a,e1c4a2a6a6bacc61,919b1bb06e666cc6,f8d0b22b2bb2d470,845a4ba53f5a38b5,61ccbaa6a6a2c4e1,c4334e1a3bcc396d,f1d4a2232ab2f4e0,d1f01e0f6af02d1e,78dcba9a9aa2cc79
Training/notumor/Tr-no_455.jpg,Training,notumor,37869,True,,b19b70050792743117c0ca8237e721b433a3d76b7cd1ae7e2bfaa50f73985957,220e71738af6c6830e56feba1f47aa7886166746c403d3e35539539a008c6c33,852c5af06697799a,e8f2faccccd6ece8,95c55ac873132d79,f0f0f2c8caf2f8f8,d0c70f5a333d2c35,e8c894cccca0b0e8,c02f0fe226b978d3,e0e0b0acecb0f0f0,d0790bad33c22ccf,e8b0a0cccc94c8e8,c0d00f9d3667786d,f0f0b0ecacb0e0e0,95935e0766687965,e8ecd6ccccfaf2e8,953a5a3763cc2d86,f8f8f2cac8f2f0f0
Training/notumor/Tr-no_866.jpg,Training,notumor,37869,True,,b19b70050792743117c0ca8237e721b433a3d76b7cd1ae7e2bfaa50f73985957,220e71738af6c6830e56feba1f47aa7886166746c403d3e35539539a008c6c33,852c5af06697799a,e8f2faccccd6ece8,95c55ac873132d79,f0f0f2c8caf2f8f8,d0c70f5a333d2c35,e8c894cccca0b0e8,c02f0fe226b978d3,e0e0b0acecb0f0f0,d0790bad33c22ccf,e8b0a0cccc94c8e8,c0d00f9d3667786d,f0f0b0ecacb0e0e0,95935e0766687965,e8ecd6ccccfaf2e8,953a5a3763cc2d86,f8f8f2cac8f2f0f0
Training/notumor/Tr-no_1334.jpg,Training,notumor,73953,True,,95ffabd6cfd94e094cd1af64396bfa75f578a012f52b23cbf8e5fa828ffa4863,2263c78edbde84688e518a707f34a9f553b7281242b8d0e00b9749fa6aa0a237,966968b5719631dc,b27170d4d4f46871,959e7a65616b84a5,8b70e4c8dee4708a,c3c33d1f243c6476,71e9d0d4d4f171b2,c03e2fcf34c1d10f,0cf1d884e4d8e00c,c33c3de064d3649d,b271f1d4d4d0e971,c0c32f35343fd1f0,0ce0d8e484d8f10c,9696684a71797137,7168f4d4d47071b2,95697a9f6195845a,8a70e4dec8e4708b
Training/notumor/Tr-no_235.jpg,Training,notumor,73953,True,,95ffabd6cfd94e094cd1af64396bfa75f578a012f52b23cbf8e5fa828ffa4863,2263c78edbde84688e518a707f34a9f553b7281242b8d0e00b9749fa6aa0a237,966968b5719631dc,b27170d4d4f46871,959e7a65616b84a5,8b70e4c8dee4708a,c3c33d1f243c6476,71e9d0d4d4f171b2,c03e2fcf34c1d10f,0cf1d884e4d8e00c,c33c3de064d3649d,b271f1d4d4d0e971,c0c32f35343fd1f0,0ce0d8e484d8f10c,9696684a71797137,7168f4d4d47071b2,95697a9f6195845a,8a70e4dec8e4708b
Training/pituitary/Tr-pi_1098.jpg,Training,pituitary,38348,True,,93ea61a9b554ed27c76d767221bba1d6c8b24a03521aee53f4b822b89efa41b2,22688be26d40a117d6d21f81da7f93d5fc6102a28177da11e286cc756e931e89,c03d2ff03d743364,b2e8c8d4d4ccccc9,906e7fad68962295,01fcdcf0f0ccfc01,95977a5a688a26ce,6cccccd4d4c8e8b2,c5c02a033d3c773f,03c0ccb0f0c4c003,95687aa578756631,b2e8c8d4d4cccc6c,c5392af03dc377c0,03c0c4f0b0ccc003,c0c22f0f2d8f339b,c9ccccd4d4c8e8b2,90957f5e686d226a,01fcccf0f0dcfc01
Training/pituitary/Tr-pi_1155.jpg,Training,pituitary,38348,True,,93ea61a9b554ed27c76d767221bba1d6c8b24a03521aee53f4b822b89efa41b2,22688be26d40a117d6d21f81da7f93d5fc6102a28177da11e286cc756e931e89,c03d2ff03d743364,b2e8c8d4d4ccccc9,906e7fad68962295,01fcdcf0f0ccfc01,95977a5a688a26ce,6cccccd4d4c8e8b2,c5c02a033d3c773f,03c0ccb0f0c4c003,95687aa578756631,b2e8c8d4d4cccc6c,c5392af03dc377c0,03c0c4f0b0ccc003,c0c22f0f2d8f339b,c9ccccd4d4c8e8b2,90957f5e686d226a,01fcccf0f0dcfc01
Training/pituitary/Tr-pi_1380.jpg,Training,pituitary,29615,True,,fa1b99a077c2038fb23ef239e11ae9c34bae7cb6ffcaf1fc44a4793a775384ce,22688be26d40a117d6d21f81da7f93d5fc6102a28177da11e286cc756e931e89,c03d2ff03d743364,b2e8c8d4d4ccccc9,906e7fad68962295,01fcdcf0f0ccfc01,95977a5a688a26ce,6cccccd4d4c8e8b2,c5c02a033d3c773f,03c0ccb0f0c4c003,95687aa578756631,b2e8c8d4d4cccc6c,c5392af03dc377c0,03c0c4f0b0ccc003,c0c22f0f2d8f339b,c9ccccd4d4c8e8b2,90957f5e686d226a,01fcccf0f0dcfc01
Training/notumor/Tr-no_1085.jpg,Training,notumor,52569,True,,2ad6ffff97ce8cbfd5d4785955ea16a6ccf7090eb67a8015e47cd8902571b827,2277d3a5255276f70de80b7c1fe897bbcdf71c174a877a039948bcf9ab8ec69b,817a7e2879e17a25,31e0d0d0d4aad6e8,80957d957a9e6272,3cf0d9e8e8f0f438,d4d02b822ccb6f8f,e894aad4f4d4f833,d138283f2f3437d8,e2d0f0e8e864e0c3,d42f2b7d2c340f70,33f8d4f4d4aa94e8,d5c22ac02fcb3727,c3e064e8e8f0d0e2,81817ed7791e1a9a,e8d6aad4d0d0e031,846a7f6a7a61628d,38f4f0e8e8d9f03c
Training/notumor/Tr-no_692.jpg,Training,notumor,52569,True,,2ad6ffff97ce8cbfd5d4785955ea16a6ccf7090eb67a8015e47cd8902571b827,2277d3a5255276f70de80b7c1fe897bbcdf71c174a877a039948bcf9ab8ec69b,817a7e2879e17a25,31e0d0d0d4aad6e8,80957d957a9e6272,3cf0d9e8e8f0f438,d4d02b822ccb6f8f,e894aad4f4d4f833,d138283f2f3437d8,e2d0f0e8e864e0c3,d42f2b7d2c340f70,33f8d4f4d4aa94e8,d5c22ac02fcb3727,c3e064e8e8f0d0e2,81817ed7791e1a9a,e8d6aad4d0d0e031,846a7f6a7a61628d,38f4f0e8e8d9f03c
Training/notumor/Tr-no_767.jpg,Training,notumor,52569,True,,2ad6ffff97ce8cbfd5d4785955ea16a6ccf7090eb67a8015e47cd8902571b827,2277d3a5255276f70de80b7c1fe897bbcdf71c174a877a039948bcf9ab8ec69b,817a7e2879e17a25,31e0d0d0d4aad6e8,80957d957a9e6272,3cf0d9e8e8f0f438,d4d02b822ccb6f8f,e894aad4f4d4f833,d138283f2f3437d8,e2d0f0e8e864e0c3,d42f2b7d2c340f70,33f8d4f4d4aa94e8,d5c22ac02fcb3727,c3e064e8e8f0d0e2,81817ed7791e1a9a,e8d6aad4d0d0e031,846a7f6a7a61628d,38f4f0e8e8d9f03c
Training/notumor/Tr-no_98.jpg,Training,notumor,52569,True,,2ad6ffff97ce8cbfd5d4785955ea16a6ccf7090eb67a8015e47cd8902571b827,2277d3a5255276f70de80b7c1fe897bbcdf71c174a877a039948bcf9ab8ec69b,817a7e2879e17a25,31e0d0d0d4aad6e8,80957d957a9e6272,3cf0d9e8e8f0f438,d4d02b822ccb6f8f,e894aad4f4d4f833,d138283f2f3437d8,e2d0f0e8e864e0c3,d42f2b7d2c340f70,33f8d4f4d4aa94e8,d5c22ac02fcb3727,c3e064e8e8f0d0e2,81817ed7791e1a9a,e8d6aad4d0d0e031,846a7f6a7a61628d,38f4f0e8e8d9f03c
Training/notumor/Tr-no_1105.jpg,Training,notumor,14255,True,,d56567916b5975d9f260f61a4cad99040696bd105293112af3d703c4bec42feb,22a0480f90ac13449cc882d146d51c84cb8d16e0d1e76b04583589bdf4d56e10,916a1fad3a226c9d,e8e8cccce8d6d8f8,91b15e527bcc6c46,f8fce2dadcf4fcf8,c4c04a476fd83b37,e0e094e8cccce8e8,c41b0bf82e6639ec,e0c0d0c4a4b8c0e0,c43f4af82e2739c8,e8e8cccce894e0e0,c4fc0b072e993b1b,e0c0b8a4c4d0c0e0,91951f527b8d6c62,f8d8d6e8cccce8e8,91425ea97b336cb1,f8fcf4dcdae2fcf8
Training/notumor/Tr-no_569.jpg,Training,notumor,14255,True,,d56567916b5975d9f260f61a4cad99040696bd105293112af3d703c4bec42feb,22a0480f90ac13449cc882d146d51c84cb8d16e0d1e76b04583589bdf4d56e10,916a1fad3a226c9d,e8e8cccce8d6d8f8,91b15e527bcc6c46,f8fce2dadcf4fcf8,c4c04a476fd83b37,e0e094e8cccce8e8,c41b0bf82e6639ec,e0c0d0c4a4b8c0e0,c43f4af82e2739c8,e8e8cccce894e0e0,c4fc0b072e993b1b,e0c0b8a4c4d0c0e0,91951f527b8d6c62,f8d8d6e8cccce8e8,91425ea97b336cb1,f8fcf4dcdae2fcf8
Testing/notumor/Te-no_77.jpg,Testing,notumor,16364,True,,3897062aac96a4bd1b6b9c1c834eee1358a8277ff7f0f7397dd6e6ba9cbdb46c,22a5487f1c4478d8111cdfaa33d0060656b69ac707aea8bbd817e812678ecb4b,c34a3cbf43b47c60,70f0c8c8cc6aaa8e,943437c972c9d867,7cfcf4f4d4f0f25c,96e06915363e69ce,8eaaa9ccececf070,c19c626327678dcd,c0b0f0d4d0d0c0c0,961f69ea16e12935,70f0ececcca9aa8e,c1636e9c279d8d32,c0c0d0d0d4f0b0c0,c3b53c40434f3c9f,8eaa6accc8c8f070,94cb37367236d898,5cf2f0d4f4f4fc7c
Training/notumor/Tr-no_1096.jpg,Training,notumor,13279,True,,d4977d06d30eeefc174fa2defb6dba7047e11204f10513fe8e5f7a106e880a77,22a5487f1c4478d8111cdfaa33d0060656b69ac707aea8bbd817e812678ecb4b,c34a3cbf43b47c60,70f0c8c8cc6aaa8e,943437c972c9d867,7cfcf4f4d4f0f25c,96e06915363e69ce,8eaaa9ccececf070,c19c626327678dcd,c0b0f0d4d0d0c0c0,961f69ea16e12935,70f0ececcca9aa8e,c1636e9c279d8d32,c0c0d0d0d4f0b0c0,c3b53c40434f3c9f,8eaa6accc8c8f070,94cb37367236d898,5cf2f0d4f4f4fc7c
Testing/notumor/Te-no_92.jpg,Testing,notumor,21099,True,,7a3fac9104743aa9ecd56374dafb71c6b8084ace9b13e4cb7b881f198a4bb479,22c097b5c35761a635600a715a4edb90d9ca41c0f7258959e0f28946a844f3ca,9389501f7e7368e4,38f89f696cb9cc84,c1d00f435af6dc2b,e0d2b2ac99d2caf2,c63301b52bd93d4e,decc62c96906e0e3,947a5ae90f7cc981,b0acb466cab2b4f8,c6de054e2b263db1,e3e00669c962ccde,94855a560f93c97e,f8b4b2ca66b4acb0,937654e47e8c681b,84ccb96c699ff838,c12f0fbc5a199cd4,f2cad299acb2d2e0
Training/notumor/Tr-no_1319.jpg,Training,notumor,17097,True,,e2624788382fce1d1c00840375cdd541241d61de6137e9c1c6d69f83d7c99307,22c097b5c35761a635600a715a4edb90d9ca41c0f7258959e0f28946a844f3ca,9389501f7e7368e4,38f89f696cb9cc84,c1d00f435af6dc2b,e0d2b2ac99d2caf2,c63301b52bd93d4e,decc62c96906e0e3,947a5ae90f7cc981,b0acb466cab2b4f8,c6de054e2b263db1,e3e00669c962ccde,94855a560f93c97e,f8b4b2ca66b4acb0,937654e47e8c681b,84ccb96c699ff838,c12f0fbc5a199cd4,f2cad299acb2d2e0
Training/notumor/Tr-no_1330.jpg,Training,notumor,28639,True,,1180fefcd5ba2a8f43c541c3158c3d6b3edb8309eab8dc9c61f109d10d5b5050,232cf63b06dda5427c1049a275fe26db927a7ab22d3b520c98173b974a234620,c22f2b343f603f70,70f1e8e8a8c4d4c9,807a7fe06aa5aa95,99f8f3f1d5f7f8b9,97857a9e6a8a6a8a,6cd4d4eae8e07031,d5d02a083f07bd3d,62e010547000e026,97787e616a256a25,3170e0e8ead4d46c,d52e2ab03fd0bdc0,26e000705410e062,c2c02bcb3b8f2c8f,c9d4c4a8e8e8f170,80857f1b6a5aea6a,b9f8f7d5f1f3f899
Training/notumor/Tr-no_825.jpg,Training,notumor,28639,True,,1180fefcd5ba2a8f43c541c3158c3d6b3edb8309eab8dc9c61f109d10d5b5050,232cf63b06dda5427c1049a275fe26db927a7ab22d3b520c98173b974a234620,c22f2b343f603f70,70f1e8e8a8c4d4c9,807a7fe06aa5aa95,99f8f3f1d5f7f8b9,97857a9e6a8a6a8a,6cd4d4eae8e07031,d5d02a083f07bd3d,62e010547000e026,97787e616a256a25,3170e0e8ead4d46c,d52e2ab03fd0bdc0,26e000705410e062,c2c02bcb3b8f2c8f,c9d4c4a8e8e8f170,80857f1b6a5aea6a,b9f8f7d5f1f3f899
Testing/meningioma/Te-me_2.jpg,Testing,meningioma,20735,True,,bb916ba7fe525b5ba8f325bdfb2941bbb9119c84f0ae3662a59bcd342679cfe8,238b291e2a6f1cc57790bd79d7e09e29e797fdd49974f1f9d06cc8c5b81bf3a8,c0e2193dc7e25d39,da95c5c5c412a3d2,cc3355cc33e70cc5,96bae2c9a2e3e6f0,956a4c97926a6c9b,b43ab7dc5c5c56a4,999b0066674f596e,f09838ba4cb8a296,95b54c6892b74c6d,a4565c5cdcb73ab4,9966449967b65d91,96a2b84cba3898f0,c01f19c2c71d5dce,d2a312c4c5c595da,ccce5533331a4c3b,f0e6e3a2c9e2ba96
Training/meningioma/Tr-me_1069.jpg,Training,meningioma,14912,True,,8fa0f1b0bad36d5bd71216ede76d56161464a390dd2600b0b1cbb81038188c39,238b291e2a6f1cc57790bd79d7e09e29e797fdd49974f1f9d06cc8c5b81bf3a8,c0e2193dc7e25d39,da95c5c5c412a3d2,cc3355cc33e70cc5,96bae2c9a2e3e6f0,956a4c97926a6c9b,b43ab7dc5c5c56a4,999b0066674f596e,f09838ba4cb8a296,95b54c6892b74c6d,a4565c5cdcb73ab4,9966449967b65d91,96a2b84cba3898f0,c01f19c2c71d5dce,d2a312c4c5c595da,ccce5533331a4c3b,f0e6e3a2c9e2ba96
Training/notumor/Tr-no_1023.jpg,Training,notumor,34394,True,,5a66211168e2f92209f3aee80fe618a1555144bada16fdc2035d1780321c02cf,241d97feb23340432c4584d3d9e4419f90970abf07935c953533ded96c278a73,96386a716dc534e3,3171d4d4dcd4d471,85c27b3d6875a1e2,13f8daaaaada7813,c3923fcb386b6149,71d4d4c4d4d47172,d0682e873dd7f448,26e0a4aaaaa4e037,c36d3f34389461b6,7271d4d4c4d4d471,d0972e683d20f4b7,37e0a4aaaaa4e026,96c76a9e693a341c,71d4d4dcd4d47131,853d7bd2688ea11d,1378daaaaadaf813
Training/notumor/Tr-no_400.jpg,Training,notumor,34394,True,,5a66211168e2f92209f3aee80fe618a1555144bada16fdc2035d1780321c02cf,241d97feb23340432c4584d3d9e4419f90970abf07935c953533ded96c278a73,96386a716dc534e3,3171d4d4dcd4d471,85c27b3d6875a1e2,13f8daaaaada7813,c3923fcb386b6149,71d4d4c4d4d47172,d0682e873dd7f448,26e0a4aaaaa4e037,c36d3f34389461b6,7271d4d4c4d4d471,d0972e683d20f4b7,37e0a4aaaaa4e026,96c76a9e693a341c,71d4d4dcd4d47131,853d7bd2688ea11d,1378daaaaadaf813
Training/notumor/Tr-no_304.jpg,Training,notumor,34775,True,,ee17905768c01705c6abcc330d664f063c5ceada4e3ea6722be796cc9bc9986f,2465c4d8de408dbdc7e90e920e690bb3780176cbbb85072871b0783c26dc7166,967a6ea568c3218f,3169f0e8dcdce871,95907a3f6948e5e8,33fcf4f6f6fcf823,c2d03b0f3d6d7065,71e8c4c4e0e06962,c03b2f953ce6b0ca,32e0c09090d0c032,c22f3bf03d92709a,6269e0e0c4c4e871,c0c52f6a3c1db0bd,32c0d09090c0e032,97856e5a693c6570,71e8dcdce8f06931,956c7ac069b1e517,23f8fcf6f6f4fc33
Training/notumor/Tr-no_916.jpg,Training,notumor,34775,True,,ee17905768c01705c6abcc330d664f063c5ceada4e3ea6722be796cc9bc9986f,2465c4d8de408dbdc7e90e920e690bb3780176cbbb85072871b0783c26dc7166,967a6ea568c3218f,3169f0e8dcdce871,95907a3f6948e5e8,33fcf4f6f6fcf823,c2d03b0f3d6d7065,71e8c4c4e0e06962,c03b2f953ce6b0ca,32e0c09090d0c032,c22f3bf03d92709a,6269e0e0c4c4e871,c0c52f6a3c1db0bd,32c0d09090c0e032,97856e5a693c6570,71e8dcdce8f06931,956c7ac069b1e517,23f8fcf6f6f4fc33
Training/notumor/Tr-no_1203.jpg,Training,notumor,10979,True,,840e12a9d0fc509d61fab11db74d1716234312bd96939b632e19b8f102ace3cf,254b37d20a83ee647c1fc9a38332303d5c272ef404d24a310e7d51474eda88c5,876a7e31789568c6,b269e0e8e8e8cc61,85947ac36a5ae16b,007cf6ece4de7881,d2c02b8b2d3f3d4c,79cce8e8e8f869b2,d01e2e693ff0b4c1,02e184d8c890c102,d23f2b642dc03d93,b269f8e8e8e8cc79,d0c12e863f0fb43e,02c190c8d884e102,87953ece786a6819,61cce8e8e8e069b2,856b7a3c6aa5e194,8178dee4ecf67c00
Training/notumor/Tr-no_154.jpg,Training,notumor,10979,True,,840e12a9d0fc509d61fab11db74d1716234312bd96939b632e19b8f102ace3cf,254b37d20a83ee647c1fc9a38332303d5c272ef404d24a310e7d51474eda88c5,876a7e31789568c6,b269e0e8e8e8cc61,85947ac36a5ae16b,007cf6ece4de7881,d2c02b8b2d3f3d4c,79cce8e8e8f869b2,d01e2e693ff0b4c1,02e184d8c890c102,d23f2b642dc03d93,b269f8e8e8e8cc79,d0c12e863f0fb43e,02c190c8d884e102,87953ece786a6819,61cce8e8e8e069b2,856b7a3c6aa5e194,8178dee4ecf67c00
Training/notumor/Tr-no_725.jpg,Training,notumor,10979,True,,840e12a9d0fc509d61fab11db74d1716234312bd96939b632e19b8f102ace3cf,254b37d20a83ee647c1fc9a38332303d5c272ef404d24a310e7d51474eda88c5,876a7e31789568c6,b269e0e8e8e8cc61,85947ac36a5ae16b,007cf6ece4de7881,d2c02b8b2d3f3d4c,79cce8e8e8f869b2,d01e2e693ff0b4c1,02e184d8c890c102,d23f2b642dc03d93,b269f8e8e8e8cc79,d0c12e863f0fb43e,02c190c8d884e102,87953ece786a6819,61cce8e8e8e069b2,856b7a3c6aa5e194,8178dee4ecf67c00
Testing/notumor/Te-no_23.jpg,Testing,notumor,4838,True,,208045779cfef68f84dd4635756b33124b5c34315e6ef3452a4071137e8b9cef,259f5cd1c6fab97629de4e054fd05af660e57ec72cd5baa26a01cedf6f7772c3,c2b23d4d702736dc,3071d4ccd0d071b2,c1666e9531d8c6cb,0261e0babae4f102,971868e3658d6766,3271f4f4ccd47030,94cc3b3f64729361,8270d8a2a2f87802,97e7681c25726399,3070d4ccf4f47132,943b3bc0648f939e,0278f8a2a2d87082,c24d3db670d83633,b271d0d0ccd47130,c1996e6b3137c634,02f1e4babae06102
Training/notumor/Tr-no_1088.jpg,Training,notumor,4841,True,,ad25a4fea67a5b521955499381869e0474db6f543b1cd8daf7866c7c4b5c8c58,259f5cd1c6fab97629de4e054fd05af660e57ec72cd5baa26a01cedf6f7772c3,971868e3658d6766,3271f4f4ccd47030,94cc3b3f64729361,8270d8a2a2f87802,c2b23d4d702736dc,3071d4ccd0d071b2,c1666e9531d8c6cb,0261e0babae4f102,c24d3db670d83633,b271d0d0ccd47130,c1996e6b3137c634,02f1e4babae06102,97e7681c25726399,3070d4ccf4f47132,943b3bc0648f939e,0278f8a2a2d87082
Testing/meningioma/Te-me_1.jpg,Testing,meningioma,33110,True,,0d788a5156cb295ffdd9eefb5ca7f88a68d6e5e93fbee087d879d37a088c460a,2605b26c6751b86dec5fe090c609671e2e0e96f7d055c5584c25e3327b664986,d14b3f6c24646ef0,71f8c8c4ccb2aae8,81283f5e72e16a1f,6cf2d29e9ad2f268,84e16ac631ce3b5e,e8aab2c4ccece071,d4826ab4276a37b5,e9b0b4a286b4b0c8,841e6e3973313ba5,71e0ecccc4b2aae8,d4756a0b2795374a,c8b0b486a2b4b0e9,d1a43f93249b6e0b,e8aab2ccc4c8f871,81d73fa1721f62e0,68f2d29a9ed2f26c
Training/meningioma/Tr-me_36.jpg,Training,meningioma,24945,True,,e43e01934b68943651419d25cae4ccea04db2678db91b0e6a257c54732f920f8,2605b26c6751b86dec5fe090c609671e2e0e96f7d055c5584c25e3327b664986,d14b3f6c24646ef0,71f8c8c4ccb2aae8,81283f5e72e16a1f,6cf2d29e9ad2f268,84e16ac631ce3b5e,e8aab2c4ccece071,d4826ab4276a37b5,e9b0b4a286b4b0c8,841e6e3973313ba5,71e0ecccc4b2aae8,d4756a0b2795374a,c8b0b486a2b4b0e9,d1a43f93249b6e0b,e8aab2ccc4c8f871,81d73fa1721f62e0,68f2d29a9ed2f26c
Training/notumor/Tr-no_421.jpg,Training,notumor,80949,True,,5f51fecec97f1264f4cb6a9f7d0d847f17e49033ec034b11d2cc5c8b79ba6519,260c5fb5ccbf48f0c1f900d1a10c186685f57b8e99f54b45c30e7e40a19f4b60,cecb2ca5393c3334,f261e9f0e8e8f0f0,d02f3fd0ec4ac2a5,807cd8b4b6d87800,9b61690f6c86669e,f0f0e8e8f06079b0,85856a7ab9e0970f,02e0e492d2e4c002,9b9e69b06c696661,b07960f0e8e8f0f0,856a6a81b91f97f0,02c0e4d292e4e002,ce343c1a39c333cb,f0f0e8e8f0e961f2,d0d03f0fecb5c252,0078d8b6b4d87c80
Training/notumor/Tr-no_582.jpg,Training,notumor,80949,True,,5f51fecec97f1264f4cb6a9f7d0d847f17e49033ec034b11d2cc5c8b79ba6519,260c5fb5ccbf48f0c1f900d1a10c186685f57b8e99f54b45c30e7e40a19f4b60,cecb2ca5393c3334,f261e9f0e8e8f0f0,d02f3fd0ec4ac2a5,807cd8b4b6d87800,9b61690f6c86669e,f0f0e8e8f06079b0,85856a7ab9e0970f,02e0e492d2e4c002,9b9e69b06c696661,b07960f0e8e8f0f0,856a6a81b91f97f0,02c0e4d292e4e002,ce343c1a39c333cb,f0f0e8e8f0e961f2,d0d03f0fecb5c252,0078d8b6b4d87c80
Training/notumor/Tr-no_1190.jpg,Training,notumor,7299,True,,fe20d08e5475898e9b66661cddbe32d6d006438e57c36cd87be27b8dd9c0676d,260f3ff37d3e2b441840a2ff077adec90efea85ab2d0fac7dc997b5b5b5ae746,927a6aa568c721cf,3169f8e8dcdce871,95907a3f6948e5e8,33fcf4f6f6fcf823,c3d03b0f3d6d3065,71e8c4c4e0e06960,c03b2f953ce6b0ca,32e0c09090d0c033,c32f3bf03d92309a,6069e0e0c4c4e871,c0c52f6a3c1db0bd,33c0d09090c0e032,97856e5a693c6570,71e8dcdce8f86931,956d7ac06931e517,23f8fcf6f6f4fc33
Training/notumor/Tr-no_44.jpg,Training,notumor,7299,True,,fe20d08e5475898e9b66661cddbe32d6d006438e57c36cd87be27b8dd9c0676d,260f3ff37d3e2b441840a2ff077adec90efea85ab2d0fac7dc997b5b5b5ae746,927a6aa568c721cf,3169f8e8dcdce871,95907a3f6948e5e8,33fcf4f6f6fcf823,c3d03b0f3d6d3065,71e8c4c4e0e06960,c03b2f953ce6b0ca,32e0c09090d0c033,c32f3bf03d92309a,6069e0e0c4c4e871,c0c52f6a3c1db0bd,33c0d09090c0e032,97856e5a693c6570,71e8dcdce8f86931,956d7ac06931e517,23f8fcf6f6f4fc33
Testing/meningioma/Te-me_229.jpg,Testing,meningioma,42446,True,,80954652d15d172bfeddcc5cfbfef504b221e9c5378bbb195a06b2b6c486ce3f,265d3f95851481ec876ea2e96939c17853e75873e6efde7609381fc10104f7c9,c73c1ac93ce1633c,71f4cca8f2c8c8c8,94694f967936a269,79e4ac9ab8ecec72,92964e63694b3697,ecececb0eaccd071,c1c31a3c2c9cf7e2,b1c8c8e282cad861,92694f9c69b43669,71d0cceab0ececec,c13c1ac32c63f71d,61d8ca82e2c8c8b1,c7c31b363c1e63c2,c8c8c8f2a8ccf471,94964f6979c9a296,72ececb89aace479
Training/meningioma/Tr-me_688.jpg,Training,meningioma,32429,True,,ae8aa3c5ee2590c27b3ce8b795ee1d76d399da54bb4682fe01ea50f8fd15aac7,265d3f95851481ec876ea2e96939c17853e75873e6efde7609381fc10104f7c9,c73c1ac93ce1633c,71f4cca8f2c8c8c8,94694f967936a269,79e4ac9ab8ecec72,92964e63694b3697,ecececb0eaccd071,c1c31a3c2c9cf7e2,b1c8c8e282cad861,92694f9c69b43669,71d0cceab0ececec,c13c1ac32c63f71d,61d8ca82e2c8c8b1,c7c31b363c1e63c2,c8c8c8f2a8ccf471,94964f6979c9a296,72ececb89aace479
Training/meningioma/Tr-aug-me_94.jpg,Training,meningioma,18849,True,,b8a72a6ed1229b7b33dc11c8641ebf15e55e9db20fd933e6372234013b8707b8,26ac75d7d6edb5441efff56ea14eb7452166f8f7afe4cc35b6da3e4377ec8ca8,957a6a2969a57271,b268ccf4d0ccd4f0,84947f3c787b6262,04f4c4b6b4c47480,c0d03f833c0f27db,f0d4ccf4c0cce032,d13e2a962dd137c8,02d0dcd292dcd0c2,c02f3f7c3cf02724,32e0ccc0f4ccd4f0,d1c12a692d2e3737,c2d0dc92d2dcd002,95856ad6695a728e,f0d4ccd0f4cc68b2,846b7fc37884629d,8074c4b4b6c4f404
Training/meningioma/Tr-me_824.jpg,Training,meningioma,18849,True,,b8a72a6ed1229b7b33dc11c8641ebf15e55e9db20fd933e6372234013b8707b8,26ac75d7d6edb5441efff56ea14eb7452166f8f7afe4cc35b6da3e4377ec8ca8,957a6a2969a57271,b268ccf4d0ccd4f0,84947f3c787b6262,04f4c4b6b4c47480,c0d03f833c0f27db,f0d4ccf4c0cce032,d13e2a962dd137c8,02d0dcd292dcd0c2,c02f3f7c3cf02724,32e0ccc0f4ccd4f0,d1c12a692d2e3737,c2d0dc92d2dcd002,95856ad6695a728e,f0d4ccd0f4cc68b2,846b7fc37884629d,8074c4b4b6c4f404
Testing/meningioma/Te-me_276.jpg,Testing,meningioma,34945,True,,64d6885599aa04ff6a12e8f961437ba39c355f66f67beac2992daedcf2f6e20e,26c2a930b67a46cad9f737e09334ae4f27e515bc347890fd3fcdc456df44bff5,85181f7f62376e21,70f0f2ccc462ead8,80e51f9b72493e4e,f096a2868cb4f16c,d0b24ac5379c3b8b,e4a8b9dcccb0f0f1,d54f4a2127e36be0,c970d0ce9eb294f0,d04d4a3a37633b74,f1f0b0ccdcb9a8e4,d5b04ace271c6b1b,f094b29eced070c9,85e71f8062c86ede,d8ea62c4ccf2f070,801a1f7472b63eb5,6cf1b48c86a296f0
Training/meningioma/Tr-me_167.jpg,Training,meningioma,30960,True,,44c5b942e58c6d70f1c96fdc7c9b3a0b960c2d41bb74546d96006f8d588c9b03,26c2a930b67a46cad9f737e09334ae4f27e515bc347890fd3fcdc456df44bff5,85181f7f62376e21,70f0f2ccc462ead8,80e51f9b72493e4e,f096a2868cb4f16c,d0b24ac5379c3b8b,e4a8b9dcccb0f0f1,d54f4a2127e36be0,c970d0ce9eb294f0,d04d4a3a37633b74,f1f0b0ccdcb9a8e4,d5b04ace271c6b1b,f094b29eced070c9,85e71f8062c86ede,d8ea62c4ccf2f070,801a1f7472b63eb5,6cf1b48c86a296f0
Training/pituitary/Tr-pi_1122.jpg,Training,pituitary,268812,True,,ac081dc77c62c1902feb757aa652c2af19c67d31ec646fd3f2a50249729f570c,2732c878c0a858426930c13a82d9e37b7e793b90f0ea2f76786724395bce94a4,d1804b1fce6a2fd8,e8d092d4d44c88da,c95206663f653e4d,ecf1b0b273b0e2fe,842a1eb5dbc07af2,a4eecdd4d4b6f4e8,94f053c46a496be7,80b8f23032f270c8,80d51e4a8b3f7a8d,e8f4b6d4d4cdeea4,9d0f533b6ab06b18,c870f23230f2b880,d17f4be00e952b23,da884cd4d492d0e8,c9ad06913f1a3eb2,fee2b073b2b0f1ec
Training/pituitary/Tr-pi_1196.jpg,Training,pituitary,268812,True,,ac081dc77c62c1902feb757aa652c2af19c67d31ec646fd3f2a50249729f570c,2732c878c0a858426930c13a82d9e37b7e793b90f0ea2f76786724395bce94a4,d1804b1fce6a2fd8,e8d092d4d44c88da,c95206663f653e4d,ecf1b0b273b0e2fe,842a1eb5dbc07af2,a4eecdd4d4b6f4e8,94f053c46a496be7,80b8f23032f270c8,80d51e4a8b3f7a8d,e8f4b6d4d4cdeea4,9d0f533b6ab06b18,c870f23230f2b880,d17f4be00e952b23,da884cd4d492d0e8,c9ad06913f1a3eb2,fee2b073b2b0f1ec
Training/pituitary/Tr-pi_943.jpg,Training,pituitary,268812,True,,ac081dc77c62c1902feb757aa652c2af19c67d31ec646fd3f2a50249729f570c,2732c878c0a858426930c13a82d9e37b7e793b90f0ea2f76786724395bce94a4,d1804b1fce6a2fd8,e8d092d4d44c88da,c95206663f653e4d,ecf1b0b273b0e2fe,842a1eb5dbc07af2,a4eecdd4d4b6f4e8,94f053c46a496be7,80b8f23032f270c8,80d51e4a8b3f7a8d,e8f4b6d4d4cdeea4,9d0f533b6ab06b18,c870f23230f2b880,d17f4be00e952b23,da884cd4d492d0e8,c9ad06913f1a3eb2,fee2b073b2b0f1ec
Testing/meningioma/Te-me_174.jpg,Testing,meningioma,23465,True,,fb2b0e33367c6b46c5aee62ff7fa335a1cd7f185792e84090f8a62e722d91d8b,279e7ec37eac1e90641407c7b4e8f09c5dd3ee69fb4eef5d066f36b623f106e9,811e63e81eb50bf9,70e0cec4b2aa8acc,95ce35b25bb16a18,7ce4e4f8f8e5fe7c,d4b536424b1f5a53,ccaeaab2dc8cf870,c16460190e3b3ffe,c18058e0e0d8d8c0,d44a36bd4be05aac,70f88cdcb2aaaecc,c09b60e70ee43f4d,c0d8d8e0e05880c1,81e167171f4b0f96,cc8aaab2c4cee070,9531354d5b4c6aa7,7cfee5f8f8e4e47c
Training/meningioma/Tr-me_110.jpg,Training,meningioma,20927,True,,7e93bc227b48e72c38365bbc077e3ac58b5be977cce4a752e09df9f1402c22fb,279e7ec37eac1e90641407c7b4e8f09c5dd3ee69fb4eef5d066f36b623f106e9,811e63e81eb50bf9,70e0cec4b2aa8acc,95ce35b25bb16a18,7ce4e4f8f8e5fe7c,d4b536424b1f5a53,ccaeaab2dc8cf870,c16460190e3b3ffe,c18058e0e0d8d8c0,d44a36bd4be05aac,70f88cdcb2aaaecc,c09b60e70ee43f4d,c0d8d8e0e05880c1,81e167171f4b0f96,cc8aaab2c4cee070,9531354d5b4c6aa7,7cfee5f8f8e4e47c
Testing/meningioma/Te-me_290.jpg,Testing,meningioma,14370,True,,c5ec0715901e8f65020aeb24537aa586c2b89574687d446b6cac805cfe2f85ab,27dd2193e10593279935c3e433168cbabdad8070590a3abc33ddf54849c9a1a2,d34b2ea438e56593,7068d0d8d8ccec70,95393e7668cb6138,187cf2b296c4f418,84e17b0e6d4f3439,70c8cce4e4f46830,c0936bdc3d633496,60d0dc86b2b0c060,841e7bf16db034c6,3068f4e4e4ccc870,c06c6b233d9e346d,60c0b0b286dcd060,d1b42e5b381b656c,70ecccd8d8d06870,95c63e896836e1c7,18f4c496b2f27c18
Training/meningioma/Tr-me_597.jpg,Training,meningioma,10811,True,,6340faba2fff3a8e99b8a8a08805383f95adf276c2468136af37199cdbd87f33,27dd2193e10593279935c3e433168cbabdad8070590a3abc33ddf54849c9a1a2,d34b2ea438e56593,7068d0d8d8ccec70,95393e7668cb6138,187cf2b296c4f418,84e17b0e6d4f3439,70c8cce4e4f46830,c0936bdc3d633496,60d0dc86b2b0c060,841e7bf16db034c6,3068f4e4e4ccc870,c06c6b233d9e346d,60c0b0b286dcd060,d1b42e5b381b656c,70ecccd8d8d06870,95c63e896836e1c7,18f4c496b2f27c18
Testing/meningioma/Te-me_50.jpg,Testing,meningioma,9781,True,,189c6dfd75947dadad4abd3daff45ce9d5b1909c9eea812d796eca85896f39e2,2892496f09f87195c1a37557685c4ff65b91c851ff02ae6591d108e5aab829be,901a7f616de532a6,79f8f0f0e0c8cce4,85c33f1d68d063c7,38fccec4c4c2fc38,c5b02ecb384f674c,d8ccecf8f0f0e061,d0686ab73d583669,e2c0bcd8dc8cc0e1,c54f2a3438b067f3,61e0f0f0f8ecccd8,d0976a483da73696,e1c08cdcd8bcc0e2,90e57b9e6d1a3219,e4ccc8e0f0f0f879,853c3fe2682f6338,38fcc2c4c4cefc38
Training/meningioma/Tr-me_468.jpg,Training,meningioma,7007,True,,e6ca19cc14a4c5dfaee656165c5b8c93608ab5adb96c354b15fec32fd3249857,2892496f09f87195c1a37557685c4ff65b91c851ff02ae6591d108e5aab829be,901a7f616de532a6,79f8f0f0e0c8cce4,85c33f1d68d063c7,38fccec4c4c2fc38,c5b02ecb384f674c,d8ccecf8f0f0e061,d0686ab73d583669,e2c0bcd8dc8cc0e1,c54f2a3438b067f3,61e0f0f0f8ecccd8,d0976a483da73696,e1c08cdcd8bcc0e2,90e57b9e6d1a3219,e4ccc8e0f0f0f879,853c3fe2682f6338,38fcc2c4c4cefc38
Testing/meningioma/Te-me_117.jpg,Testing,meningioma,12968,True,,776c01ae38336a0f10e1f54fc77e2f307a60c904daaf11713015db72378c54f8,28ddad5f518e013a3a3100a60befdd1fa7986ae862ead0e8c1bc933066f9f4ce,c1c33e3866c33b69,69d4d0c8c8f8f861,c4323bcd33c76e30,78f0e8e8f0f0f039,94696b9233696ec3,78e0e0acecf4d469,91986e67662d3b92,60f0f0f0e8e8f0e1,94966b6932966e3c,69d4f4ecace0e078,91676e9866823b6d,e1f0e8e8f0f0f060,c1383ec3663c3b96,61f8f8c8c8d0d469,c4cd3b3233286ec7,39f0f0f0e8e8f078
Training/meningioma/Tr-me_846.jpg,Training,meningioma,9616,True,,f1871bee9eb8abe560678ed1f1242f4b1e92dc78b99b183e9ac69ad7f147f8f4,28ddad5f518e013a3a3100a60befdd1fa7986ae862ead0e8c1bc933066f9f4ce,c1c33e3866c33b69,69d4d0c8c8f8f861,c4323bcd33c76e30,78f0e8e8f0f0f039,94696b9233696ec3,78e0e0acecf4d469,91986e67662d3b92,60f0f0f0e8e8f0e1,94966b6932966e3c,69d4f4ecace0e078,91676e9866823b6d,e1f0e8e8f0f0f060,c1383ec3663c3b96,61f8f8c8c8d0d469,c4cd3b3233286ec7,39f0f0f0e8e8f078
Testing/meningioma/Te-me_234.jpg,Testing,meningioma,26406,True,,88db6aa1c085c4ed123b0550eb95f25d13bcd1ea4d0f23a44fb469ff8ae49540,28f4604616439fb03b153b5d145c2196224a60157775c5da9619bb7c4ae4cba2,c5270f7c1be44ac6,e0ceee82daaa84e0,856856e73a0a6b37,e8c6c737674fec7c,908d5ad64e4e1f6c,f89eaaa0ba888cf8,d0c2074d6fa03ebd,c0c80c19131c9ce8,90725b294eb13f93,f88c88baa0aa9ef8,d03d01b26f5f3e42,e89c1c13190cc8c0,c5d80f831b3b6a39,e084aada82eecee0,859754183af56be8,7cec4f6737c7c6e8
Training/meningioma/Tr-me_760.jpg,Training,meningioma,23980,True,,df3b60233bc68318448f9d2cc3ca4cfffe663807569eae0dc839e3a97d262117,28f4604616439fb03b153b5d145c2196224a60157775c5da9619bb7c4ae4cba2,c5270f7c1be44ac6,e0ceee82daaa84e0,856856e73a0a6b37,e8c6c737674fec7c,908d5ad64e4e1f6c,f89eaaa0ba888cf8,d0c2074d6fa03ebd,c0c80c19131c9ce8,90725b294eb13f93,f88c88baa0aa9ef8,d03d01b26f5f3e42,e89c1c13190cc8c0,c5d80f831b3b6a39,e084aada82eecee0,859754183af56be8,7cec4f6737c7c6e8
Training/pituitary/Tr-pi_246.jpg,Training,pituitary,16405,True,,14a873e8998c4a88896fd7be1155eeaf656b88209c8e9fcf7db731de3478484c,2998d1dbe286ca80b78bb8d6b35a703ba332de6d7b30aed7f6cfc569658870f9,805b2f867aa97b26,f0e8bab2a8a8a2ea,94b52bb12e467b98,decc88a4a488f4f0,d5f17a2c2f032e8c,a8baeaeab2a2e8f0,c11f6a1f3b642e32,f0d0ecdadaeecc84,d1067ad32bcc2e72,f0e8a2b2eaeabaa8,c1e07ae03b9b2ecc,84cceedadaecd0f0,80a42f597a567bd8,eaa2a8a8b2bae8f0,944a2f4a6e317b66,f0f488a4a488ccde
Training/pituitary/Tr-pi_698.jpg,Training,pituitary,16405,True,,14a873e8998c4a88896fd7be1155eeaf656b88209c8e9fcf7db731de3478484c,2998d1dbe286ca80b78bb8d6b35a703ba332de6d7b30aed7f6cfc569658870f9,805b2f867aa97b26,f0e8bab2a8a8a2ea,94b52bb12e467b98,decc88a4a488f4f0,d5f17a2c2f032e8c,a8baeaeab2a2e8f0,c11f6a1f3b642e32,f0d0ecdadaeecc84,d1067ad32bcc2e72,f0e8a2b2eaeabaa8,c1e07ae03b9b2ecc,84cceedadaecd0f0,80a42f597a567bd8,eaa2a8a8b2bae8f0,944a2f4a6e317b66,f0f488a4a488ccde
Training/pituitary/Tr-pi_969.jpg,Training,pituitary,16405,True,,14a873e8998c4a88896fd7be1155eeaf656b88209c8e9fcf7db731de3478484c,2998d1dbe286ca80b78bb8d6b35a703ba332de6d7b30aed7f6cfc569658870f9,805b2f867aa97b26,f0e8bab2a8a8a2ea,94b52bb12e467b98,decc88a4a488f4f0,d5f17a2c2f032e8c,a8baeaeab2a2e8f0,c11f6a1f3b642e32,f0d0ecdadaeecc84,d1067ad32bcc2e72,f0e8a2b2eaeabaa8,c1e07ae03b9b2ecc,84cceedadaecd0f0,80a42f597a567bd8,eaa2a8a8b2bae8f0,944a2f4a6e317b66,f0f488a4a488ccde
Testing/meningioma/Te-me_75.jpg,Testing,meningioma,18762,True,,49938c1a7f37ea232898c06615f57fef3e9a8a464c93a20206394a1aa2360e46,2a1885744182cee5f00fdbb74344ed181c763634e6504419be136e1dcc6b013b,d0d90ba16b676566,71f0f0c8cccccc71,d1301f3f68f82d83,30fc9a9296e6f871,85735e1b3acd30cc,71ccccccecf0f071,859a4a9d3d5a782b,70e08896b686c071,858c5ef43e3230f3,71f0f0eccccccc71,84654a7a3db578d4,71c086b69688e070,d0260b5e7f986599,71ccccccc8f0f071,d0cf1fc068072d7e,71f8e696929afc30
Training/meningioma/Tr-me_717.jpg,Training,meningioma,16767,True,,bdcb36433384ba17ee22c69a3e4f9149b20b69ecd85dd272a80dda704aff0aa8,2a1885744182cee5f00fdbb74344ed181c763634e6504419be136e1dcc6b013b,d0d90ba16b676566,71f0f0c8cccccc71,d1301f3f68f82d83,30fc9a9296e6f871,85735e1b3acd30cc,71ccccccecf0f071,859a4a9d3d5a782b,70e08896b686c071,858c5ef43e3230f3,71f0f0eccccccc71,84654a7a3db578d4,71c086b69688e070,d0260b5e7f986599,71ccccccc8f0f071,d0cf1fc068072d7e,71f8e696929afc30
Testing/meningioma/Te-me_156.jpg,Testing,meningioma,37660,True,,85810ba8cb4b872c9b258e404db14581906135c54f678bc4ea4d8c706f8530af,2aa424805bb698bbdef23c46bb00491c427a3dff6a7c65200c3f728fbdcc28dc,8b5a746e09ba6678,69d4e871534529ce,808c3792dd8dd637,74bbe4f2f0a59b6c,def523c45c9033d2,846b593571e8d469,d52662788867a3dd,c9245af0b0d822d1,de0a213b4c6f332d,69d4e87135596b84,d5d962cf88d8a362,d122d8b0f05a24c9,8bb5769119c56687,ce29455371e8d469,84733765dd32d688,6c9ba5f0f2e4bb74
Training/meningioma/Tr-me_957.jpg,Training,meningioma,34435,True,,e4fcd381c28ede0f3199c3968f487571669726be146fe0ff4daa2a6716858a8a,2aa424805bb698bbdef23c46bb00491c427a3dff6a7c65200c3f728fbdcc28dc,8b5a746e09ba6678,69d4e871534529ce,808c3792dd8dd637,74bbe4f2f0a59b6c,def523c45c9033d2,846b593571e8d469,d52662788867a3dd,c9245af0b0d822d1,de0a213b4c6f332d,69d4e87135596b84,d5d962cf88d8a362,d122d8b0f05a24c9,8bb5769119c56687,ce29455371e8d469,84733765dd32d688,6c9ba5f0f2e4bb74
Training/notumor/Tr-no_435.jpg,Training,notumor,41446,True,,37d13e11e66c736b2174792a44b897777f212e935d5c74141ced8dc58d610672,2ab1aaba2af8435b74fca9dfc89dc8ac0e2bc153f769e22e472fb5c5d759897b,d26f2fb13092669c,32f1e8ccccc8e871,953d7a62618ce60f,b178e4d4d4e4f831,86c57a1f65383336,70e8eccccce870b3,c0972fc83437b3a5,70e0c8d4d4d8e072,863a7ae065c733c9,b370e8ccccece870,c0682f3734d9b35a,72e0d8d4d4c8e070,d3902f4e306d6667,71e8c8cccce8f132,95c27a9d6162e6f0,31f8e4d4d4e478b1
Training/notumor/Tr-no_755.jpg,Training,notumor,41446,True,,37d13e11e66c736b2174792a44b897777f212e935d5c74141ced8dc58d610672,2ab1aaba2af8435b74fca9dfc89dc8ac0e2bc153f769e22e472fb5c5d759897b,d26f2fb13092669c,32f1e8ccccc8e871,953d7a62618ce60f,b178e4d4d4e4f831,86c57a1f65383336,70e8eccccce870b3,c0972fc83437b3a5,70e0c8d4d4d8e072,863a7ae065c733c9,b370e8ccccece870,c0682f3734d9b35a,72e0d8d4d4c8e070,d3902f4e306d6667,71e8c8cccce8f132,95c27a9d6162e6f0,31f8e4d4d4e478b1
Training/notumor/Tr-no_134.jpg,Training,notumor,11791,True,,6b73dc365fbc93ff66b40c68f2e5cd259e650193088389a5f1b968b8c537f4f4,2c0e476721ff7971838675257758c32aebae505d3b55aaa8dac789eb740e428f,c0323f0d3bc6cd36,c8d4d4d4b0f0d4e0,867969963ac86dc5,39fce2ecece0e471,95987aa76e68989c,e8d4b0f2d4d4c4ec,c3d13c186f62386f,61d8b8c8c8b8c063,95676a586e939863,ecc4d4d4f2b0d4e8,d32c3ce36f993890,63c0b8c8c8b8d861,c0cd2f723b298dc9,e0d4f0b0d4d4d4c8,868669693a376d3a,71e4e0ecece2fc39
Training/notumor/Tr-no_255.jpg,Training,notumor,11791,True,,6b73dc365fbc93ff66b40c68f2e5cd259e650193088389a5f1b968b8c537f4f4,2c0e476721ff7971838675257758c32aebae505d3b55aaa8dac789eb740e428f,c0323f0d3bc6cd36,c8d4d4d4b0f0d4e0,867969963ac86dc5,39fce2ecece0e471,95987aa76e68989c,e8d4b0f2d4d4c4ec,c3d13c186f62386f,61d8b8c8c8b8c063,95676a586e939863,ecc4d4d4f2b0d4e8,d32c3ce36f993890,63c0b8c8c8b8d861,c0cd2f723b298dc9,e0d4f0b0d4d4d4c8,868669693a376d3a,71e4e0ecece2fc39
Testing/notumor/Te-no_167.jpg,Testing,notumor,11110,True,,3a4344d358c8faf37824a990ee88b70b6af511ac1925c3d96a831dc579d620db,2c199d69dc7ee001640fb3d8089dd87d9ffa81c1ff532e269af611e3bf7ae945,c23d0d303cf3c9cb,8472e9cd8c84cd61,87785ca36b978598,42b862cbdfce7c99,9797589a69599c61,794cdece4c68b142,d2d3090d3f3dd832,22c18c042cb9e284,9768586569a69c9e,42b1684ccede4c79,d22d09f63ec2d0cd,84e2b92c048cc122,c2c20dcf3e1cc97c,61cd848ccde97284,87875c5c6b688567,997ccedfcb62b842
Training/notumor/Tr-no_147.jpg,Training,notumor,8717,True,,bb9c025c5eb356f3320db5c35e8d2b0ce4489ca23cb78b5c9735d33db6ed6d61,2c199d69dc7ee001640fb3d8089dd87d9ffa81c1ff532e269af611e3bf7ae945,c23d0d303cf3c9cb,8472e9cd8c84cd61,87785ca36b978598,42b862cbdfce7c99,9797589a69599c61,794cdece4c68b142,d2d3090d3f3dd832,22c18c042cb9e284,9768586569a69c9e,42b1684ccede4c79,d22d09f63ec2d0cd,84e2b92c048cc122,c2c20dcf3e1cc97c,61cd848ccde97284,87875c5c6b688567,997ccedfcb62b842
Training/notumor/Tr-no_1316.jpg,Training,notumor,11520,True,,b7c27d5f1a82137601cc7630779fe2aa120bd9cfd9ddf3a2607c86255de7c9f0,2d29cd11d7df58ed645957bdd843b05acb7d9acddeac116be081aabb29a23508,c22f2df074931cda,60e1e8c8cce8d870,956678e06395c59b,0078f4cccdf4f831,9785785a6139597c,71e4c8ccece878b8,c0dd2d4b373f9031,21e0d04cccd0e000,977a78a521c6498f,b878e8ecccc8e471,c03b2db737c190ce,00e0d0cc4cd0e021,c2d02d4f746c1c7d,70d8e8ccc8e8e160,9599781f636ac564,31f8f4cdccf47800
Training/notumor/Tr-no_475.jpg,Training,notumor,11520,True,,b7c27d5f1a82137601cc7630779fe2aa120bd9cfd9ddf3a2607c86255de7c9f0,2d29cd11d7df58ed645957bdd843b05acb7d9acddeac116be081aabb29a23508,c22f2df074931cda,60e1e8c8cce8d870,956678e06395c59b,0078f4cccdf4f831,9785785a6139597c,71e4c8ccece878b8,c0dd2d4b373f9031,21e0d04cccd0e000,977a78a521c6498f,b878e8ecccc8e471,c03b2db737c190ce,00e0d0cc4cd0e021,c2d02d4f746c1c7d,70d8e8ccc8e8e160,9599781f636ac564,31f8f4cdccf47800
Testing/meningioma/Te-me_182.jpg,Testing,meningioma,10232,True,,ad1982ac07eb702eb985f1e22e322cb353e24b8313cce4e5655acd8302837e04,2d7f0ca1c6aee7fe975ded9a786a551c00fe9bb23953c818b019dcdd4a097795,901b1ef86ae5698d,79e8c6aaba92d474,95e11e077ada68b8,71e6b292f2c6ec31,c5b14b523f0e3c27,d1d4b6a2aa9ce861,c04f4bad2f703d16,73c08cb0a6a29871,c54e4bad2fb03cd0,61e89caaa2b6d4d1,c0b04b5a2e8f3de9,7198a2a6b08cc073,90e41e077a5b697a,74d492baaac6e879,951e1ef07b256847,31ecc6f292b2e671
Testing/meningioma/Te-me_45.jpg,Testing,meningioma,7624,True,,f813b3d84d164a5b7e87174946eb5c7acaae34e62b480bb31bcb0d6d518986b1,2d7f0ca1c6aee7fe975ded9a786a551c00fe9bb23953c818b019dcdd4a097795,901b1ef86ae5698d,79e8c6aaba92d474,95e11e077ada68b8,71e6b292f2c6ec31,c5b14b523f0e3c27,d1d4b6a2aa9ce861,c04f4bad2f703d16,73c08cb0a6a29871,c54e4bad2fb03cd0,61e89caaa2b6d4d1,c0b04b5a2e8f3de9,7198a2a6b08cc073,90e41e077a5b697a,74d492baaac6e879,951e1ef07b256847,31ecc6f292b2e671
Training/pituitary/Tr-pi_285.jpg,Training,pituitary,33561,True,,8e2b4a6d3ce98d740a636942e40c14783eac078cf1758678c9d5aee948057aa7,2dd1cdcb0eab19dcdd569cf2b3ae15389783a98927dcc900f374f7fb04ebaada,c00e2b7d3db17c64,71e8e8eab2aac8f0,846e3fe17ab460c3,30e8e6f0c9e6e878,94a47e97681b29ce,f0ecaab2a8e8e871,d1c66a4b2f0e3569,e1c89864f098c0f3,955b7e6868e46931,71e8e8a8b2aaecf0,d1396ab42fe13516,f3c098f06498c8e1,c0f12b823d4e7c9b,f0c8aab2eae8e871,84933f1e7a5b603c,78e8e6c9f0e6e830
Training/pituitary/Tr-pi_962.jpg,Training,pituitary,33561,True,,8e2b4a6d3ce98d740a636942e40c14783eac078cf1758678c9d5aee948057aa7,2dd1cdcb0eab19dcdd569cf2b3ae15389783a98927dcc900f374f7fb04ebaada,c00e2b7d3db17c64,71e8e8eab2aac8f0,846e3fe17ab460c3,30e8e6f0c9e6e878,94a47e97681b29ce,f0ecaab2a8e8e871,d1c66a4b2f0e3569,e1c89864f098c0f3,955b7e6868e46931,71e8e8a8b2aaecf0,d1396ab42fe13516,f3c098f06498c8e1,c0f12b823d4e7c9b,f0c8aab2eae8e871,84933f1e7a5b603c,78e8e6c9f0e6e830
Testing/meningioma/Te-me_190.jpg,Testing,meningioma,12043,True,,bbc7b2a45a317370ec1115cf902927adfcb71d569c1cf413fc4d1fd68fcdb763,2e8160f2561be9c36d032ae259124c42a4401683987a8efbce56fd4881d0d98b,90764f6932cd6d32,71f0c0acccd2f0f8,848d5b76369969c9,70e4f2e5e4cae460,c5dc1ac367673898,e0f0b4ccc2fcf071,d1270edc63333c63,f9d8acd858b0d8f1,c5331a3c67d83867,71f0fcc2ccb4f0e0,d1dc0e6363cc3c9c,f1d8b058d8acd8f9,90994f9632726dcd,f8f0d2ccacc0f071,84765bc936666936,60e4cae4e5f2e470
Training/meningioma/Tr-me_472.jpg,Training,meningioma,8791,True,,bd694839a7b18d8a031c43a2e76ea7603925ba43ac1349cf094d88e8c76ded6a,2e8160f2561be9c36d032ae259124c42a4401683987a8efbce56fd4881d0d98b,90764f6932cd6d32,71f0c0acccd2f0f8,848d5b76369969c9,70e4f2e5e4cae460,c5dc1ac367673898,e0f0b4ccc2fcf071,d1270edc63333c63,f9d8acd858b0d8f1,c5331a3c67d83867,71f0fcc2ccb4f0e0,d1dc0e6363cc3c9c,f1d8b058d8acd8f9,90994f9632726dcd,f8f0d2ccacc0f071,84765bc936666936,60e4cae4e5f2e470
Training/notumor/Tr-no_486.jpg,Training,notumor,15476,True,,d62ef020a79e42be55f4a6977457753c11364c69c1a842aab749f45b910a348f,2f042857edcd4d69160c1bfb195bc7c54d315baf07d873072231b7f4a3910023,926e6cb72fc07185,70e8e8e978cce8f0,95997a6d6886d8e4,78d8dcf8d8d4ec78,c7c4391d7a6a242f,f0e8cce168e8e871,c0332fc73d2c8d4e,e1c8d4e4e0c4e0e1,c73b39e27a9524d0,71e8e868e1cce8f0,c0cc2f383dd38db1,e1e0c4e0e4d4c8e1,92916c482f3f717a,f0e8cc78e9e8e870,95667a926879d81b,78ecd4d8f8dcd878
Training/notumor/Tr-no_920.jpg,Training,notumor,15476,True,,d62ef020a79e42be55f4a6977457753c11364c69c1a842aab749f45b910a348f,2f042857edcd4d69160c1bfb195bc7c54d315baf07d873072231b7f4a3910023,926e6cb72fc07185,70e8e8e978cce8f0,95997a6d6886d8e4,78d8dcf8d8d4ec78,c7c4391d7a6a242f,f0e8cce168e8e871,c0332fc73d2c8d4e,e1c8d4e4e0c4e0e1,c73b39e27a9524d0,71e8e868e1cce8f0,c0cc2f383dd38db1,e1e0c4e0e4d4c8e1,92916c482f3f717a,f0e8cc78e9e8e870,95667a926879d81b,78ecd4d8f8dcd878
Training/notumor/Tr-no_1302.jpg,Training,notumor,78104,True,,e22f980ae6f8f79a1fd96c0e2711d06767493d2d7c19d885fd89f6207702c3f3,2f73ed2ae6f921c92d396d1aecf2dd41dc2268f595630af5fe4107ac061f8476,966a39a17ac56987,b170e0e8ecf0f069,95a17a576a6ac9c8,29fcf4ccc4fc7c83,c3c06c4b2f6f3c0d,69f0f0c8e8f8f162,c00b2ffd3fc09c62,32c0c0dcccd0c06b,c33f6cb02f903cd2,62f1f8e8c8f0f069,c0f42e023f2f9c9d,6bc0d0ccdcc0c032,9695391a7a3a6978,69f0f0ece8e070b1,954e7aa86a85c937,837cfcc4ccf4fc29
Training/notumor/Tr-no_341.jpg,Training,notumor,78104,True,,e22f980ae6f8f79a1fd96c0e2711d06767493d2d7c19d885fd89f6207702c3f3,2f73ed2ae6f921c92d396d1aecf2dd41dc2268f595630af5fe4107ac061f8476,966a39a17ac56987,b170e0e8ecf0f069,95a17a576a6ac9c8,29fcf4ccc4fc7c83,c3c06c4b2f6f3c0d,69f0f0c8e8f8f162,c00b2ffd3fc09c62,32c0c0dcccd0c06b,c33f6cb02f903cd2,62f1f8e8c8f0f069,c0f42e023f2f9c9d,6bc0d0ccdcc0c032,9695391a7a3a6978,69f0f0ece8e070b1,954e7aa86a85c937,837cfcc4ccf4fc29
Training/notumor/Tr-no_168.jpg,Training,notumor,18352,True,,8c7a08207a2f8e5bf03ed590b3a482491a6abeb9b233a40604f3422065424112,2f8b0a0bfb61f8a064cb04afa9e70fb1b104e6402939a327cf6b6c75ce5e28a0,958b6e3829e46979,79f4d0d0dadcaccc,c4983f6e795b6034,70fc8cd0c4e4ec3c,c0613b927cce3cd3,ccc8c4a4f4f4d061,91736ac42cf1359e,c1c8d8d8f4c4c031,c09e3b6d7cb1342c,61d0f4f4a4c4c8cc,91cd6a3b3e0e3561,31c0c4f4d8d8c8c1,95746ec7291b61c6,ccacdcdad0d0f479,c4273f917ba460cb,3cece4c4d08cfc70
Training/notumor/Tr-no_230.jpg,Training,notumor,18352,True,,8c7a08207a2f8e5bf03ed590b3a482491a6abeb9b233a40604f3422065424112,2f8b0a0bfb61f8a064cb04afa9e70fb1b104e6402939a327cf6b6c75ce5e28a0,958b6e3829e46979,79f4d0d0dadcaccc,c4983f6e795b6034,70fc8cd0c4e4ec3c,c0613b927cce3cd3,ccc8c4a4f4f4d061,91736ac42cf1359e,c1c8d8d8f4c4c031,c09e3b6d7cb1342c,61d0f4f4a4c4c8cc,91cd6a3b3e0e3561,31c0c4f4d8d8c8c1,95746ec7291b61c6,ccacdcdad0d0f479,c4273f917ba460cb,3cece4c4d08cfc70
Training/notumor/Tr-no_738.jpg,Training,notumor,18352,True,,8c7a08207a2f8e5bf03ed590b3a482491a6abeb9b233a40604f3422065424112,2f8b0a0bfb61f8a064cb04afa9e70fb1b104e6402939a327cf6b6c75ce5e28a0,958b6e3829e46979,79f4d0d0dadcaccc,c4983f6e795b6034,70fc8cd0c4e4ec3c,c0613b927cce3cd3,ccc8c4a4f4f4d061,91736ac42cf1359e,c1c8d8d8f4c4c031,c09e3b6d7cb1342c,61d0f4f4a4c4c8cc,91cd6a3b3e0e3561,31c0c4f4d8d8c8c1,95746ec7291b61c6,ccacdcdad0d0f479,c4273f917ba460cb,3cece4c4d08cfc70
Testing/meningioma/Te-me_109.jpg,Testing,meningioma,19826,True,,49123208b118fc9fea58265c4033396e264cbcac373ee2878076baf38aaf412b,2fd0702d59cf4246447a956e9238b8abb1a3f12478a5d2569d049998a9a632ea,d10b466c9a9fdab0,e082d8589892e4e4,8f4c11705fc26f39,e8b26361156788fa,84a113c6cf358f5e,d8d8b6e6e5e4bef8,dae744da0b683a93,a0ee19577939b2e8,845e1339cbca8eab,f8bee4e5e6b6d8d8,da1944250b9f3b6e,e8b239795719eea0,d1f446939e60db49,e4e4929858d882e0,8fb2118f5e346ec4,fa8867156163b2e8
Training/meningioma/Tr-me_877.jpg,Training,meningioma,17800,True,,4dee52eb749d6ef80648eb84b951b084a60543ad6e60e878bfb8c5d5dcfab4bd,2fd0702d59cf4246447a956e9238b8abb1a3f12478a5d2569d049998a9a632ea,d10b466c9a9fdab0,e082d8589892e4e4,8f4c11705fc26f39,e8b26361156788fa,84a113c6cf358f5e,d8d8b6e6e5e4bef8,dae744da0b683a93,a0ee19577939b2e8,845e1339cbca8eab,f8bee4e5e6b6d8d8,da1944250b9f3b6e,e8b239795719eea0,d1f446939e60db49,e4e4929858d882e0,8fb2118f5e346ec4,fa8867156163b2e8
Training/pituitary/Tr-pi_1133.jpg,Training,pituitary,31317,True,,2040c161f3fc7f7e7202c8b6f6ab502fe7e6e8cceb10cd4a6a8d02fa2216f8e8,312cf2489c95c4557ab0bf585d865f2264a18ff9cc31a98e0527303cd33ba6d6,86e63e7b6119618e,b068c4d4e8d0f0b2,c1a47ec2351ef1e1,02e0d8ecc8d86082,d34c6bd134b33474,b2f0f4e8d4cce8b2,941f2f6960b7a44b,8278e4ecc8c4f880,d3b36b2e246c348b,b2e8ccd4e8f4f0b2,94f12f9f604ba4b4,80f8c4c8ece47882,86193ec471e66575,b2f0d0e8d4c468b0,c15a7a3435e1f11e,8260d8c8ecd8e002
Training/pituitary/Tr-pi_1320.jpg,Training,pituitary,23542,True,,857318e9eb1f335d05f4700258466a78972a3e147365b2e3d0405def9eee3d26,312cf2489c95c4557ab0bf585d865f2264a18ff9cc31a98e0527303cd33ba6d6,86e63e7b6119618e,b068c4d4e8d0f0b2,c1a47ec2351ef1e1,02e0d8ecc8d86082,d34c6bd134b33474,b2f0f4e8d4cce8b2,941f2f6960b7a44b,8278e4ecc8c4f880,d3b36b2e246c348b,b2e8ccd4e8f4f0b2,94f12f9f604ba4b4,80f8c4c8ece47882,86193ec471e66575,b2f0d0e8d4c468b0,c15a7a3435e1f11e,8260d8c8ecd8e002
Testing/meningioma/Te-me_137.jpg,Testing,meningioma,12529,True,,960bb35fb0e7a91fba080e7b48cf93de2f16cec883d25c2579c0d170dc599b20,314ab6ddefff0721b6ccad5c4a68a1c4636e7427ecf8abd32c122c0e27d965f4,91c21e976ecb4b8c,c8dccac8ecd8f8f0,d5b1084e3fc67e09,70d8dc445268e470,c4694b3d3b611e36,f0e0e4c8ecacc4ec,803b5de56a6c2ba3,f0d8c995ddc4e4f0,c4964aca3b9e1ec9,ecc4acecc8e4e0f0,80e45d1b7a932b7c,f0e4c4dd95c9d8f0,913c5f606e344b73,f0f8d8ecc8cadcc8,d54e08b02f397e96,70e4685244dcd870
Training/meningioma/Tr-me_666.jpg,Training,meningioma,9272,True,,5cb7df105e6f8ded5c798d540089ec9e5170b068992d8451881f872bcd46c41c,314ab6ddefff0721b6ccad5c4a68a1c4636e7427ecf8abd32c122c0e27d965f4,91c21e976ecb4b8c,c8dccac8ecd8f8f0,d5b1084e3fc67e09,70d8dc445268e470,c4694b3d3b611e36,f0e0e4c8ecacc4ec,803b5de56a6c2ba3,f0d8c995ddc4e4f0,c4964aca3b9e1ec9,ecc4acecc8e4e0f0,80e45d1b7a932b7c,f0e4c4dd95c9d8f0,913c5f606e344b73,f0f8d8ecc8cadcc8,d54e08b02f397e96,70e4685244dcd870
Testing/meningioma/Te-me_270.jpg,Testing,meningioma,14865,True,,5ab5bc5e28a3587ddfd8561b8e78e74224eff95848411eb0405b39e5d516d34e,32300d6d2721452408651fce82a88cdeb751651bbb6cef603f67fafc9cfd6f7b,c46c0f767b633891,c4f4b2aa9094d4f0,81375ee46a0f3cd2,70c8dad3d1b2c070,91c65a9c2e896d3b,f0d4d6f2aab2d0dc,d4990b463fa56978,70fcb27434a4cc70,91395a632e766dc4,dcd0b2aaf2d6d4f0,d4620bb13f5a6987,70cca43474b2fc70,c4930f897b9c386e,f0d49490aab2f4c4,81cc5e1b6af83c2d,70c0b2d1d3dac870
Training/meningioma/Tr-me_1057.jpg,Training,meningioma,11372,True,,141138c436ee1cfc6ca00fbef0a6bebb18fd9fa799992f6ddd1b99d315c107df,32300d6d2721452408651fce82a88cdeb751651bbb6cef603f67fafc9cfd6f7b,c46c0f767b633891,c4f4b2aa9094d4f0,81375ee46a0f3cd2,70c8dad3d1b2c070,91c65a9c2e896d3b,f0d4d6f2aab2d0dc,d4990b463fa56978,70fcb27434a4cc70,91395a632e766dc4,dcd0b2aaf2d6d4f0,d4620bb13f5a6987,70cca43474b2fc70,c4930f897b9c386e,f0d49490aab2f4c4,81cc5e1b6af83c2d,70c0b2d1d3dac870
Training/notumor/Tr-no_1021.jpg,Training,notumor,37052,True,,14963471b7c2744df51c1da54f4e519cecc34aa12944f1968620da1d36d2c5c2,33c5c5cdf5fe104663c1ae04a40429449f832c1d5f40e8a0850f98465863b683,804a4ba93fb57c96,e1d4b4b6b2b2d4e9,959d1ef07ae069c1,78f4969cdc9eec78,d5e01e037a1f693c,68d4b2b292d2d478,c0374b5a2f5a3c69,e0c886c4c696d0e1,d51f1ef86ac029c3,78d4d292b2b2d468,c0ca4bad2fa53c96,e1d096c6c486c8e0,80b54b563f4a7c69,e9d4b2b2b6b4d4e1,95621e0f7a0f693c,78ec9edc9c96f478
Training/notumor/Tr-no_503.jpg,Training,notumor,37052,True,,14963471b7c2744df51c1da54f4e519cecc34aa12944f1968620da1d36d2c5c2,33c5c5cdf5fe104663c1ae04a40429449f832c1d5f40e8a0850f98465863b683,804a4ba93fb57c96,e1d4b4b6b2b2d4e9,959d1ef07ae069c1,78f4969cdc9eec78,d5e01e037a1f693c,68d4b2b292d2d478,c0374b5a2f5a3c69,e0c886c4c696d0e1,d51f1ef86ac029c3,78d4d292b2b2d468,c0ca4bad2fa53c96,e1d096c6c486c8e0,80b54b563f4a7c69,e9d4b2b2b6b4d4e1,95621e0f7a0f693c,78ec9edc9c96f478
Testing/glioma/Te-gl_270.jpg,Testing,glioma,38977,True,,c2bd43b2b8cdb63dc5b6d86fa972dbc4d8395278a5e7fac7f1c972f01921a206,34d1d3245ccca29fba41f6ac1ffc63f4f30569c0f8917a26912fdfd1e2aed7b4,94633a6b65592567,b974d4f4c6f4f974,80a27b5f747471b4,a0f1ece4e4d0f0d2,c1c16fd130f370cd,d160d09cd0d4d062,d5082ef561de641e,b4f0f4d8d8c860fa,c13e6f3f301d7032,62d0d4d09cd060d1,d5f72e1e212124f5,fa60c8d8d8f4f0b4,949e3a9565b72598,74f9f4c6f4d474b9,805d7ba4348b715f,d2f0d0e4e4ecf1a0
Testing/glioma/Te-gl_29.jpg,Testing,glioma,38977,True,,c2bd43b2b8cdb63dc5b6d86fa972dbc4d8395278a5e7fac7f1c972f01921a206,34d1d3245ccca29fba41f6ac1ffc63f4f30569c0f8917a26912fdfd1e2aed7b4,94633a6b65592567,b974d4f4c6f4f974,80a27b5f747471b4,a0f1ece4e4d0f0d2,c1c16fd130f370cd,d160d09cd0d4d062,d5082ef561de641e,b4f0f4d8d8c860fa,c13e6f3f301d7032,62d0d4d09cd060d1,d5f72e1e212124f5,fa60c8d8d8f4f0b4,949e3a9565b72598,74f9f4c6f4d474b9,805d7ba4348b715f,d2f0d0e4e4ecf1a0
Testing/meningioma/Te-me_111.jpg,Testing,meningioma,23802,True,,d42c2063d877d317380155375c55a3f736e1202e404cbfa0d4507bef3350f4e3,350ed5e02a175e493eeb17d239d96edaedb1feda64268bdd2d6ac17fd7a2fe3f,811e63e81eb50fe9,70e0cec4b2aa8acc,95ce35b25bb16a18,7ce4e4f8f8edfe7c,d4b536424b1f5a53,ccaeaab2dc8cf870,c06463190e3b3ff6,c18048e0e0d8d8c0,d44a36bd4be05aac,70f88cdcb2aaaecc,c09b60e70ee43f4d,c0d8d8e0e04880c1,81e167171e4b2f36,cc8aaab2c4cee070,9531354c5b4e6aa7,7cfeedf8f8e4e47c
Training/meningioma/Tr-me_865.jpg,Training,meningioma,21232,True,,eb9fb089c64c264e1b69fa99df94d15eaeea7fe1e1abf02067a54bb2c7831900,350ed5e02a175e493eeb17d239d96edaedb1feda64268bdd2d6ac17fd7a2fe3f,811e63e81eb50fe9,70e0cec4b2aa8acc,95ce35b25bb16a18,7ce4e4f8f8edfe7c,d4b536424b1f5a53,ccaeaab2dc8cf870,c06463190e3b3ff6,c18048e0e0d8d8c0,d44a36bd4be05aac,70f88cdcb2aaaecc,c09b60e70ee43f4d,c0d8d8e0e04880c1,81e167171e4b2f36,cc8aaab2c4cee070,9531354c5b4e6aa7,7cfeedf8f8e4e47c
Testing/notumor/Te-no_159.jpg,Testing,notumor,12408,True,,8a5052ac55d7ffc4175768aeda33c7178bcbf0015e9e44c901d40ac9660f6fd6,359e0afccae93181a0e3d347497deaba16e16690a2e3cfaeb603d7c2d268fbd6,918d5a5a3d333cca,78e4e6d6a8f4d9c8,c5ce0e417bb53532,e0e0b4d2c9d6d258,c6272ff068997961,6c64d0ea8498d8e0,94645beb2e1fe098,60b4946cb4d2f818,c4d80f0f68e6699e,e0d89884ead0646c,949b7b162ee0e067,18f8d2b46c94b460,93725aa53dcc3c34,c8d9f4a8d6e6e478,c1310ebe7b4a35cc,58d2d6c9d2b4e0e0
Training/notumor/Tr-no_970.jpg,Training,notumor,9825,True,,848319fa803a07c09363808d245bba2de5e74d769cf46770d39d357a3dad6b0b,359e0afccae93181a0e3d347497deaba16e16690a2e3cfaeb603d7c2d268fbd6,918d5a5a3d333cca,78e4e6d6a8f4d9c8,c5ce0e417bb53532,e0e0b4d2c9d6d258,c6272ff068997961,6c64d0ea8498d8e0,94645beb2e1fe098,60b4946cb4d2f818,c4d80f0f68e6699e,e0d89884ead0646c,949b7b162ee0e067,18f8d2b46c94b460,93725aa53dcc3c34,c8d9f4a8d6e6e478,c1310ebe7b4a35cc,58d2d6c9d2b4e0e0
Testing/meningioma/Te-me_158.jpg,Testing,meningioma,12162,True,,024bdc364dc642a401ddca2ba91863d0f07055ed69594942b24d5f9724e2d737,370ea2b8cf94dd24ba39c38a2d9996484220810f64b7ec83768b692992182bca,926d459369a4b36b,aaccce2b795cfc92,96964e6d499b93c4,e4ecac3c32ac65f4,c7c710393c2ee6e1,b6c0c5612b8cc8aa,c33c1fc71c31c62e,d059ca93c3cac8d8,c73910c63cf1e61e,aac88c2b61c5c0b6,c3c31f381ccec6d1,d8c8cac393ca59d0,9292456c697bb3b4,92fc5c792bceccaa,96694f924964937b,f465ac323cacece4
Training/meningioma/Tr-me_1194.jpg,Training,meningioma,8803,True,,49e13da805572838ee86f2e79b5bd620bf5d1284c62b70cc96599aeb01f115ff,370ea2b8cf94dd24ba39c38a2d9996484220810f64b7ec83768b692992182bca,926d459369a4b36b,aaccce2b795cfc92,96964e6d499b93c4,e4ecac3c32ac65f4,c7c710393c2ee6e1,b6c0c5612b8cc8aa,c33c1fc71c31c62e,d059ca93c3cac8d8,c73910c63cf1e61e,aac88c2b61c5c0b6,c3c31f381ccec6d1,d8c8cac393ca59d0,9292456c697bb3b4,92fc5c792bceccaa,96694f924964937b,f465ac323cacece4
Training/notumor/Tr-no_1079.jpg,Training,notumor,28313,True,,43c7fb765b0d878dca03cd26cb414b56a2e3280ce2510f3a84dac11003bbd0a0,3711409807fbfd6c99d427493232429a33d995f78572fc216df3135c821bf322,956a6e35383332ce,9271f0d4f0d0e471,81967e61e94a6769,817ce6d2d2c67881,c8c03b9f2d9d6664,71d8d4f0d4f07192,d43c2bcbbce032c3,02e19ca4a488c102,c83f3b602d62669b,9271f0d4f0d4d871,d4c32b34bc1f323c,02c188a4a49ce102,9d956eca78c83331,71e4d0f0d4f07192,81617e9e69b16794,8178c6d2d2e67c81
Training/notumor/Tr-no_129.jpg,Training,notumor,28313,True,,43c7fb765b0d878dca03cd26cb414b56a2e3280ce2510f3a84dac11003bbd0a0,3711409807fbfd6c99d427493232429a33d995f78572fc216df3135c821bf322,956a6e35383332ce,9271f0d4f0d0e471,81967e61e94a6769,817ce6d2d2c67881,c8c03b9f2d9d6664,71d8d4f0d4f07192,d43c2bcbbce032c3,02e19ca4a488c102,c83f3b602d62669b,9271f0d4f0d4d871,d4c32b34bc1f323c,02c188a4a49ce102,9d956eca78c83331,71e4d0f0d4f07192,81617e9e69b16794,8178c6d2d2e67c81
Training/notumor/Tr-no_62.jpg,Training,notumor,28313,True,,43c7fb765b0d878dca03cd26cb414b56a2e3280ce2510f3a84dac11003bbd0a0,3711409807fbfd6c99d427493232429a33d995f78572fc216df3135c821bf322,956a6e35383332ce,9271f0d4f0d0e471,81967e61e94a6769,817ce6d2d2c67881,c8c03b9f2d9d6664,71d8d4f0d4f07192,d43c2bcbbce032c3,02e19ca4a488c102,c83f3b602d62669b,9271f0d4f0d4d871,d4c32b34bc1f323c,02c188a4a49ce102,9d956eca78c83331,71e4d0f0d4f07192,81617e9e69b16794,8178c6d2d2e67c81
Testing/meningioma/Te-me_285.jpg,Testing,meningioma,121564,True,,125530a0b5968fe663f809962787246d3a5576167d38f493bcf82a97f4454779,3772ab9e4577b19cb7684227d8b6d0b0770a89cc585ee70b0c0c695fbe9cf1be,d4cc4a3b333919e9,71e4b4b2bab2aac8,c11e1f60773f38e0,38e08340c083f272,81661e9566d36c57,ecaab2a2b2d2d871,94b44adb22976d6a,b1b03efcfd3ef0a1,81991f6e666c6cac,71d8d2b2a2b2aaec,944f4a35227b6d95,a1f03efdfc3eb0b1,d4334bd433c63d16,c8aab2bab2b4e471,c1e11d9e77c0381f,72f283c04083e038
Training/meningioma/Tr-me_1289.jpg,Training,meningioma,102858,True,,0fb56074c33854864a2e00a4ffff662efcff4cbdd2970cbcb29963d05a1c1ad7,3772ab9e4577b19cb7684227d8b6d0b0770a89cc585ee70b0c0c695fbe9cf1be,d4cc4a3b333919e9,71e4b4b2bab2aac8,c11e1f60773f38e0,38e08340c083f272,81661e9566d36c57,ecaab2a2b2d2d871,94b44adb22976d6a,b1b03efcfd3ef0a1,81991f6e666c6cac,71d8d2b2a2b2aaec,944f4a35227b6d95,a1f03efdfc3eb0b1,d4334bd433c63d16,c8aab2bab2b4e471,c1e11d9e77c0381f,72f283c04083e038
Training/notumor/Tr-no_673.jpg,Training,notumor,31704,True,,8d1b8cb2975b43db869caaecbffd11f51651b6c25d35928f84cc295215cfb822,379820551d8b3b91f79b8474e248ca7dbe58f0a75284f9e5530e2f98c279db4d,933e6aa16cc3348f,b278e8c8cccce871,95c27a2d69b4e562,33f8ecd6d6f4f8b3,c6943f4b39696165,71e8c4cce8e8e132,c0792f973c1ef0c8,32e0d09494c8e032,c66b3fa43896619a,32e1e8e8ccc4e871,c0972f683ce1b03f,32e0c89494d0e032,93c36a5e6d3c3470,71e8ccccc8e878b2,952c7ac2694be595,b3f8f4d6d6ecf833
Training/notumor/Tr-no_995.jpg,Training,notumor,31704,True,,8d1b8cb2975b43db869caaecbffd11f51651b6c25d35928f84cc295215cfb822,379820551d8b3b91f79b8474e248ca7dbe58f0a75284f9e5530e2f98c279db4d,933e6aa16cc3348f,b278e8c8cccce871,95c27a2d69b4e562,33f8ecd6d6f4f8b3,c6943f4b39696165,71e8c4cce8e8e132,c0792f973c1ef0c8,32e0d09494c8e032,c66b3fa43896619a,32e1e8e8ccc4e871,c0972f683ce1b03f,32e0c89494d0e032,93c36a5e6d3c3470,71e8ccccc8e878b2,952c7ac2694be595,b3f8f4d6d6ecf833
Training/meningioma/Tr-aug-me_98.jpg,Training,meningioma,25839,True,,47659f0b7a3739148ba3a036ec2204283a0a233876b0a0458bf251bfae9c2da8,37cb4c2eb8975e00acf58b3c6c8069ba83c5a1da53f8c27c1c116c91d0a3407b,d06e0b29376e1e35,e39968cc9ab8aadc,803b5d7476b06ec6,9e7ae3d9e4a6b6c0,85c47e8362cc4b9f,c4aae2a6c8e96638,d59108de271a3b6e,fc929ad86438a186,853b5e7c623b4b60,3866e9c8a6e2aac4,d56e482127e53b93,86a13864d89a92fc,d0910bd637991fca,dcaab89acc6899e3,80c45d8b764f6e39,c0b6a6e4d9e37a9e
Training/meningioma/Tr-me_1274.jpg,Training,meningioma,25839,True,,47659f0b7a3739148ba3a036ec2204283a0a233876b0a0458bf251bfae9c2da8,37cb4c2eb8975e00acf58b3c6c8069ba83c5a1da53f8c27c1c116c91d0a3407b,d06e0b29376e1e35,e39968cc9ab8aadc,803b5d7476b06ec6,9e7ae3d9e4a6b6c0,85c47e8362cc4b9f,c4aae2a6c8e96638,d59108de271a3b6e,fc929ad86438a186,853b5e7c623b4b60,3866e9c8a6e2aac4,d56e482127e53b93,86a13864d89a92fc,d0910bd637991fca,dcaab89acc6899e3,80c45d8b764f6e39,c0b6a6e4d9e37a9e
Testing/notumor/Te-no_315.jpg,Testing,notumor,9027,True,,6d8670086cd3782e77ddb604d6f5803400640420236b3af98f3874ee86e7b476,38df8025144ca55a02820d884ff48573bba688ffa7045c8e5528658f10bae221,937e6d3131ce6431,3069e8e8dcd8e070,84d97b6664d9c466,0078e4d4c4cc7000,c6d4399b646c319b,70e8e4c4e8e86970,d1732ecc317391cc,00f0ccdcd4d8e000,c67f3964649b3164,7069e8e8c4e4e870,d1cc2e7335cc9133,00e0d8d4dcccf000,93d56cce313164ce,70e0d8dce8e86930,84667bd96466c4b9,0070ccc4d4e47800
Training/notumor/Tr-no_760.jpg,Training,notumor,6882,True,,4e3bfe7a0603559945c5c2de55311ce6d4269ebb816339bca3f13bd57f565994,38df8025144ca55a02820d884ff48573bba688ffa7045c8e5528658f10bae221,937e6d3131ce6431,3069e8e8dcd8e070,84d97b6664d9c466,0078e4d4c4cc7000,c6d4399b646c319b,70e8e4c4e8e86970,d1732ecc317391cc,00f0ccdcd4d8e000,c67f3964649b3164,7069e8e8c4e4e870,d1cc2e7335cc9133,00e0d8d4dcccf000,93d56cce313164ce,70e0d8dce8e86930,84667bd96466c4b9,0070ccc4d4e47800
Testing/meningioma/Te-me_252.jpg,Testing,meningioma,11881,True,,67783a1aeb696e36c1be2bc1af3c0a02d3f61d32248b5bfa2840b22a72b8484e,39bda80b61503874205cfae33f6cad150976c8a9f519aeed0054950476ef57f8,c0e2193dc7e25d39,da95c5c5c412a3d2,cc3355cc33e70cc5,96bae2c9a2e3e6f0,956a4c97926e4c9b,b43ab7dc5c5c56a4,999b0066674f596e,f09838ba4cb8a296,95b54c6892b74c6d,a4565c5cdcb73ab4,9966449967b65d91,96a2b84cba3898f0,c01f19c2c71d5dce,d2a312c4c5c595da,ccce5533331a4c3b,f0e6e3a2c9e2ba96
Training/meningioma/Tr-me_543.jpg,Training,meningioma,8707,True,,4951f7ba2e002020c835b3f50136c3249f3ae004624b35a262e65dd431d70e56,39bda80b61503874205cfae33f6cad150976c8a9f519aeed0054950476ef57f8,c0e2193dc7e25d39,da95c5c5c412a3d2,cc3355cc33e70cc5,96bae2c9a2e3e6f0,956a4c97926e4c9b,b43ab7dc5c5c56a4,999b0066674f596e,f09838ba4cb8a296,95b54c6892b74c6d,a4565c5cdcb73ab4,9966449967b65d91,96a2b84cba3898f0,c01f19c2c71d5dce,d2a312c4c5c595da,ccce5533331a4c3b,f0e6e3a2c9e2ba96
Training/meningioma/Tr-me_726.jpg,Training,meningioma,8707,True,,4951f7ba2e002020c835b3f50136c3249f3ae004624b35a262e65dd431d70e56,39bda80b61503874205cfae33f6cad150976c8a9f519aeed0054950476ef57f8,c0e2193dc7e25d39,da95c5c5c412a3d2,cc3355cc33e70cc5,96bae2c9a2e3e6f0,956a4c97926e4c9b,b43ab7dc5c5c56a4,999b0066674f596e,f09838ba4cb8a296,95b54c6892b74c6d,a4565c5cdcb73ab4,9966449967b65d91,96a2b84cba3898f0,c01f19c2c71d5dce,d2a312c4c5c595da,ccce5533331a4c3b,f0e6e3a2c9e2ba96
Training/notumor/Tr-no_1291.jpg,Training,notumor,31382,True,,ce8380b51fcf1dbb1347069191fbeabf20712e1b0673efc65c08c87c70b1a1af,39f2663f40817766b5e00863b847e4f097be021dada0c7fb181b19a66188e3d8,861e5ae53c3661cb,71f0cccccccce071,91cc1e9b606be4ec,31f0e4ccccccf030,d3b00f4f719c3469,70e8ccccccccf070,d4664b393dc9b146,70e0ccccccd8f070,d34f0fb075633494,70f0cccccccce870,c4994bce3536b0b9,70f0d8cccccce070,86e55a9a3cc9613e,71e0ccccccccf071,91331e6c69dce513,30f0cccccce4f031
Training/notumor/Tr-no_490.jpg,Training,notumor,31382,True,,ce8380b51fcf1dbb1347069191fbeabf20712e1b0673efc65c08c87c70b1a1af,39f2663f40817766b5e00863b847e4f097be021dada0c7fb181b19a66188e3d8,861e5ae53c3661cb,71f0cccccccce071,91cc1e9b606be4ec,31f0e4ccccccf030,d3b00f4f719c3469,70e8ccccccccf070,d4664b393dc9b146,70e0ccccccd8f070,d34f0fb075633494,70f0cccccccce870,c4994bce3536b0b9,70f0d8cccccce070,86e55a9a3cc9613e,71e0ccccccccf071,91331e6c69dce513,30f0cccccce4f031
Training/notumor/Tr-no_638.jpg,Training,notumor,15855,True,,0d68dc0d87d099ad046fac3ec1359db1561e1c5d45a43e7c91e02a9f2f393df8,3a5d21f0a8e3d80cb6c07c121be9db6b8fa0c587ae43d31668d8a05e7225d99f,9552066b9f691e65,e8d49eaa2aaa92f4,88ab15751e747a72,78c6a3371533ce70,c0f853c0cacb4bcf,d096aaabaa86c4e8,dd00409f4bfe2fc8,f08c3357133a98e0,c017573fca3c4b70,e8c486aaabaa96d0,ddff40604f012f27,e0983a1357338cf0,95ad06949f961e9a,f492aa2aaa9ed4e8,885515ca1eab7a9d,70ce331537a3c678
Training/notumor/Tr-no_93.jpg,Training,notumor,14435,True,,f312e388a4ef96442e3e21fbbfd789d5d5b0f66a7a5dc73a69fc0bfc59a8ab11,3a5d21f0a8e3d80cb6c07c121be9db6b8fa0c587ae43d31668d8a05e7225d99f,9552066b9f691e65,e8d49eaa2aaa92f4,88ab15751e747a72,78c6a3371533ce70,c0f853c0cacb4bcf,d096aaabaa86c4e8,dd00409f4bfe2fc8,f08c3357133a98e0,c017573fca3c4b70,e8c486aaabaa96d0,ddff40604f012f27,e0983a1357338cf0,95ad06949f961e9a,f492aa2aaa9ed4e8,885515ca1eab7a9d,70ce331537a3c678
Testing/meningioma/Te-me_207.jpg,Testing,meningioma,13119,True,,0e0691ddbafbb3de52d589c410cadc2279466b3a5d085c9af34140d407062f73,3a8cdf757ee19e800124602bc59068c1cacdcce27466576c9fa818df7fd5588a,856d47636e3c1eb0,cceab2334dcd9af0,81a75df84e193a0f,e8ce9ececf9d8ee0,d0c753c93b964b1a,f0864c4d33b2a8cc,d42d08521bbb6fa5,f886460c8c848ce8,d03853363b694be5,cca8b2334d4c86f0,d4f208ad1b4c6f5a,e88c848c0c4686f8,8592479c6ec31e4f,f09acd4d33b2eacc,81785d074eee3af0,e08e9dcfce9ecee8
Training/meningioma/Tr-me_1262.jpg,Training,meningioma,9737,True,,9ef07d315f8bb789b47f544050569f2b3403ccfe603daf97f037b46f691a28d1,3a8cdf757ee19e800124602bc59068c1cacdcce27466576c9fa818df7fd5588a,856d47636e3c1eb0,cceab2334dcd9af0,81a75df84e193a0f,e8ce9ececf9d8ee0,d0c753c93b964b1a,f0864c4d33b2a8cc,d42d08521bbb6fa5,f886460c8c848ce8,d03853363b694be5,cca8b2334d4c86f0,d4f208ad1b4c6f5a,e88c848c0c4686f8,8592479c6ec31e4f,f09acd4d33b2eacc,81785d074eee3af0,e08e9dcfce9ecee8
Testing/meningioma/Te-me_253.jpg,Testing,meningioma,16989,True,,3b2ba8de971d62969e17bbb638dd8ab6ae3d3aa87edacaf28918e9ce8eb95dd9,3aa533b5f707deae18ace76825f81056f9e5ec2d223d2e9e989aab4bbb037382,c11f156a3f3e4178,61ccaa69cdc92bc6,806c1db35d935c5d,72cbb1f9f0a9d97a,94b751c16b9694d6,9c2b644c69aacc71,d5c6483908394dff,a1646af060722cb1,944b503f6b6b143d,71ccaa694c642b9c,d73948e708c74d78,b12c7260f06a64a1,c1e315953fc34197,c62bc9cd69aacc61,80931d6d5d6c5cea,7ad9a9f0f9b1cb72
Training/meningioma/Tr-me_776.jpg,Training,meningioma,12216,True,,704920b952a5b39458c8878301a01e0a109fbdd81f06c502346f6c03913de5ca,3aa533b5f707deae18ace76825f81056f9e5ec2d223d2e9e989aab4bbb037382,c11f156a3f3e4178,61ccaa69cdc92bc6,806c1db35d935c5d,72cbb1f9f0a9d97a,94b751c16b9694d6,9c2b644c69aacc71,d5c6483908394dff,a1646af060722cb1,944b503f6b6b143d,71ccaa694c642b9c,d73948e708c74d78,b12c7260f06a64a1,c1e315953fc34197,c62bc9cd69aacc61,80931d6d5d6c5cea,7ad9a9f0f9b1cb72
Testing/notumor/Te-no_150.jpg,Testing,notumor,13813,True,,82a16900fbf15df713cae2a5d2c941f846c62322cc04ed7d01c313aada509c0f,3ddd9414dc136f464b35ee0a0a24075343e5c80ac12df02b373fa99d652c7fbd,d0322f0d6ce0f2cf,3279cc96b2d8e132,87606e3939c663ce,ba69ccd8d8cc683b,85987aa7394aa765,3370e4b296cc61b2,d2ca3b936c6c3664,20e9cce4e4cc69a2,85677a1839a5a79a,b261cc96b2e47033,d2253b686c93369b,a269cce4e4cce920,d0cd2fb26c1df230,32e1d8b296cc7932,878f6ec239396331,3b68ccd8d8cc69ba
Training/notumor/Tr-no_247.jpg,Training,notumor,10938,True,,9eb2f206cd2e88f015f4b08bd4a399ba5f8d97b263306205c1cf54385c7dd352,3ddd9414dc136f464b35ee0a0a24075343e5c80ac12df02b373fa99d652c7fbd,d0322f0d6ce0f2cf,3279cc96b2d8e132,87606e3939c663ce,ba69ccd8d8cc683b,85987aa7394aa765,3370e4b296cc61b2,d2ca3b936c6c3664,20e9cce4e4cc69a2,85677a1839a5a79a,b261cc96b2e47033,d2253b686c93369b,a269cce4e4cce920,d0cd2fb26c1df230,32e1d8b296cc7932,878f6ec239396331,3b68ccd8d8cc69ba
Training/notumor/Tr-no_1039.jpg,Training,notumor,58801,True,,dc811fda9f7bc3506f21d4094da84c5e3a81d3878b28967b830536fda342a33e,41c3e471346ed51136fa7cc75b43c2b23bd755a24d3efeeb1f69f76ee6b9402c,907a6fc56d92344d,b2f8dcdcd4d4f0b0,94c76a3969c464cf,13f8ec8e9aecf892,c5d03a6f393861e6,b0f0d4d4c4c4e0b2,c12c3f933c6e3165,36e0c8a68ec8e036,c56f3e9039c76119,b2e0c4c4d4d4f0b0,c1d33f6c3c91319a,36e0c88ea6c8e036,90856f3a6c6d34b3,b0f0d4d4dcdcf8b2,94796ac6693b6439,92f8ec9a8eecf813
Training/notumor/Tr-no_1385.jpg,Training,notumor,58801,True,,dc811fda9f7bc3506f21d4094da84c5e3a81d3878b28967b830536fda342a33e,41c3e471346ed51136fa7cc75b43c2b23bd755a24d3efeeb1f69f76ee6b9402c,907a6fc56d92344d,b2f8dcdcd4d4f0b0,94c76a3969c464cf,13f8ec8e9aecf892,c5d03a6f393861e6,b0f0d4d4c4c4e0b2,c12c3f933c6e3165,36e0c8a68ec8e036,c56f3e9039c76119,b2e0c4c4d4d4f0b0,c1d33f6c3c91319a,36e0c88ea6c8e036,90856f3a6c6d34b3,b0f0d4d4dcdcf8b2,94796ac6693b6439,92f8ec9a8eecf813
Training/notumor/Tr-no_600.jpg,Training,notumor,58801,True,,dc811fda9f7bc3506f21d4094da84c5e3a81d3878b28967b830536fda342a33e,41c3e471346ed51136fa7cc75b43c2b23bd755a24d3efeeb1f69f76ee6b9402c,907a6fc56d92344d,b2f8dcdcd4d4f0b0,94c76a3969c464cf,13f8ec8e9aecf892,c5d03a6f393861e6,b0f0d4d4c4c4e0b2,c12c3f933c6e3165,36e0c8a68ec8e036,c56f3e9039c76119,b2e0c4c4d4d4f0b0,c1d33f6c3c91319a,36e0c88ea6c8e036,90856f3a6c6d34b3,b0f0d4d4dcdcf8b2,94796ac6693b6439,92f8ec9a8eecf813
Training/pituitary/Tr-pi_311.jpg,Training,pituitary,35906,True,,8afa71fed3d0307237b24872056b750f3c06ee0d9527c35241b908eb7404080f,41f93f8abf69adeec47399d7ea0670a02736183e7c1018114a575a3a945fd884,80885ffc1b555ada,74e6ecda959484cc,d1c810c07bcb6bdb,d0a448c0d094d07c,d5220a764eff0d70,ccdcd646a4c890d0,8462556a2e637e79,c1e4d4f4f4eddaf4,d5df0aa94f000f8f,d090c8a446d6dccc,849d55952e9e7c86,f4daedf4f4d4e4c1,80775f231baa5e25,cc849495daece674,d137003f7b346b2c,7cd094d0c048a4d0
Training/pituitary/Tr-pi_320.jpg,Training,pituitary,35906,True,,8afa71fed3d0307237b24872056b750f3c06ee0d9527c35241b908eb7404080f,41f93f8abf69adeec47399d7ea0670a02736183e7c1018114a575a3a945fd884,80885ffc1b555ada,74e6ecda959484cc,d1c810c07bcb6bdb,d0a448c0d094d07c,d5220a764eff0d70,ccdcd646a4c890d0,8462556a2e637e79,c1e4d4f4f4eddaf4,d5df0aa94f000f8f,d090c8a446d6dccc,849d55952e9e7c86,f4daedf4f4d4e4c1,80775f231baa5e25,cc849495daece674,d137003f7b346b2c,7cd094d0c048a4d0
Testing/glioma/Te-gl_162.jpg,Testing,glioma,29836,True,,c0c254d72361be063b495da81e77f92c7c6c8a5d1ba65b724049102be9529488,43b37f756598c961aca997e6ef7eb170b831fcd0e8523e4d7bfed77b75b0fc0d,866939656cb173c6,8660c8e4e4ccecf4,85b47ed968668399,006efed6f2da6c00,d3c36c8e391b266c,d0c8c8d8d8ecf882,d00e2b733dccd623,02c9a4b094808902,d33c6c7139e42693,82f8ecd8d8c8c8d0,d0e12b8c3d33d6cc,02898094b0a4c902,8696399a6c4e7339,f4eccce4e4c86086,855b7e2668998376,006cdaf2d6fe6e00
Testing/glioma/Te-gl_359.jpg,Testing,glioma,22382,True,,d9f4b45dbd6b4583a3a2a7f3e080221f0e80be285de21fe7e37bd32b5f5d220e,43b37f756598c961aca997e6ef7eb170b831fcd0e8523e4d7bfed77b75b0fc0d,866939656cb173c6,8660c8e4e4ccecf4,85b47ed968668399,006efed6f2da6c00,d3c36c8e391b266c,d0c8c8d8d8ecf882,d00e2b733dccd623,02c9a4b094808902,d33c6c7139e42693,82f8ecd8d8c8c8d0,d0e12b8c3d33d6cc,02898094b0a4c902,8696399a6c4e7339,f4eccce4e4c86086,855b7e2668998376,006cdaf2d6fe6e00
Training/notumor/Tr-no_292.jpg,Training,notumor,15035,True,,ad2f2c46d23d4c56b1848b62b38b5b4288e28e3ec7872235a6597b0def7171fb,43e524b8db4a359466642f59c820ebfea40d432be37aac074b2539fe96d1d1b0,811e4e381bf53d74,71f0d6eaa892d4e8,84de17a27a9c6873,78e4b2b2b2a2ec70,d4b41b924e1b799a,e8d4b6eaa894f071,d17542082f373dd9,f1c8b2b2b2b2c8e1,d44b1b6d4ee47921,71f094a8eab6d4e8,d18a42f72fc83d26,e1c8b2b2b2b2c8f1,81e14ec71b4e2ccf,e8d492a8ead6f071,8425175f7a67688e,70eca2b2b2b2e478
Training/notumor/Tr-no_846.jpg,Training,notumor,16812,True,,1cc081e753d825a7a043b7968fa48c166d3518426790468025d6674794791327,43e524b8db4a359466642f59c820ebfea40d432be37aac074b2539fe96d1d1b0,811e4e381bf53d74,71f0d6eaa892d4e8,84de17a27a9c6873,78e4b2b2b2a2ec70,d4b41b924e1b799a,e8d4b6eaa894f071,d17542082f373dd9,f1c8b2b2b2b2c8e1,d44b1b6d4ee47921,71f094a8eab6d4e8,d18a42f72fc83d26,e1c8b2b2b2b2c8f1,81e14ec71b4e2ccf,e8d492a8ead6f071,8425175f7a67688e,70eca2b2b2b2e478
Training/notumor/Tr-no_721.jpg,Training,notumor,11391,True,,f932387c00c74ebaede60e0b5e0d79dbff6b944e066d510f4c95834f05050e3e,450125d467e7e57b3047916c1068192aa8db8145d051172d5fafb0d5ad43411e,9ccc6e33399c6332,b260f4f0f0d4e8b0,c49d3b62ec1b33c4,9370d0b0b0d86082,c9663b996c163699,f2e8d4f0f0d071b2,91376ac8b9b1664e,0679e4f2f2f0f116,c9993a666cc93666,b271d0f0f0d4e8f2,91c86a37b94e66b1,16f1f0f2f2e47906,9c336ecc394363cc,b0e8d4f0f0f460b2,c4623b9dece4331a,8260d8b0b0d07093
Training/notumor/Tr-no_81.jpg,Training,notumor,11391,True,,f932387c00c74ebaede60e0b5e0d79dbff6b944e066d510f4c95834f05050e3e,450125d467e7e57b3047916c1068192aa8db8145d051172d5fafb0d5ad43411e,9ccc6e33399c6332,b260f4f0f0d4e8b0,c49d3b62ec1b33c4,9370d0b0b0d86082,c9663b996c163699,f2e8d4f0f0d071b2,91376ac8b9b1664e,0679e4f2f2f0f116,c9993a666cc93666,b271d0f0f0d4e8f2,91c86a37b94e66b1,16f1f0f2f2e47906,9c336ecc394363cc,b0e8d4f0f0f460b2,c4623b9dece4331a,8260d8b0b0d07093
Training/notumor/Tr-no_356.jpg,Training,notumor,50259,True,,4c2c103442bacc20c289e01799a028f732816b392a316671549e21810560ac30,458d1586b2526eef8f489c859c0f6d713f114ef34e3d55b1dce1222651f556c8,969a79e561993564,b069e8e8ccd47030,d4c63b3b647cc0c3,0078d0c4d4d07880,c3303c4f347371ce,30f0d4cce8e869f2,816c6eb331c6956b,02e0f4d4dcf4e000,c3cf3cb434cc7131,f269e8e8ccd4f030,81976e6e31399596,00e0f4dcd4f4e002,9665791a6166359b,3070d4cce8e869b0,d43d3be46493c03e,8078d0d4c4d07800
Training/notumor/Tr-no_463.jpg,Training,notumor,50259,True,,4c2c103442bacc20c289e01799a028f732816b392a316671549e21810560ac30,458d1586b2526eef8f489c859c0f6d713f114ef34e3d55b1dce1222651f556c8,969a79e561993564,b069e8e8ccd47030,d4c63b3b647cc0c3,0078d0c4d4d07880,c3303c4f347371ce,30f0d4cce8e869f2,816c6eb331c6956b,02e0f4d4dcf4e000,c3cf3cb434cc7131,f269e8e8ccd4f030,81976e6e31399596,00e0f4dcd4f4e002,9665791a6166359b,3070d4cce8e869b0,d43d3be46493c03e,8078d0d4c4d07800
Training/pituitary/Tr-pi_286.jpg,Training,pituitary,29953,True,,e99074ab025d65cc916b786675d37496c0f045c8267c222bfbc29c04dab42ffd,45c416250092f5bb9bc8cd091c19a19042d7c45f53d6d02c932c0960ff0d0d86,f54a00ff488dd669,d4e8685503492a96,9266916d5d6b526a,fcfdcdf4f4ccaff8,a0e055551db7c7c3,96ab693751e9e8d4,c7dfc4c708cf07c0,e008ccd0d04c40c0,a05f55aa1d58c73c,d4e8e9513769ab96,c773c43c083e073f,c0404cd0d0cc08e0,f5f500404cf6d6d6,962a49035568e8d4,96db91925d965295,f8afccf4f4cdfdfc
Training/pituitary/Tr-pi_397.jpg,Training,pituitary,29953,True,,e99074ab025d65cc916b786675d37496c0f045c8267c222bfbc29c04dab42ffd,45c416250092f5bb9bc8cd091c19a19042d7c45f53d6d02c932c0960ff0d0d86,f54a00ff488dd669,d4e8685503492a96,9266916d5d6b526a,fcfdcdf4f4ccaff8,a0e055551db7c7c3,96ab693751e9e8d4,c7dfc4c708cf07c0,e008ccd0d04c40c0,a05f55aa1d58c73c,d4e8e9513769ab96,c773c43c083e073f,c0404cd0d0cc08e0,f5f500404cf6d6d6,962a49035568e8d4,96db91925d965295,f8afccf4f4cdfdfc
Training/notumor/Tr-no_524.jpg,Training,notumor,66814,True,,6296fc94ca1dba543a77ac0312ae4eda86053a44d81a9151e77e1e6b90bd91d3,466326f3d0a8b0eefc028b6db9659b1739d5b9bc7b322d69083bd7a060345688,d02f6f7434b234c3,b271d0dcd4f4d071,855e7e616087659e,9378e4ccc8e670b9,87c57ade61186569,71f4d0d4c4d471b2,d0f42bcb356f3034,62f190ecccd8e136,857a3a6161e76596,b271d4c4d4d0f471,d07b2b3435d2b0cb,36e1d8ccec90f162,d0d46fcb344d343c,71d0f4d4dcd071b2,85b17e9e607a6561,b970e6c8cce47893
Training/notumor/Tr-no_617.jpg,Training,notumor,66814,True,,6296fc94ca1dba543a77ac0312ae4eda86053a44d81a9151e77e1e6b90bd91d3,466326f3d0a8b0eefc028b6db9659b1739d5b9bc7b322d69083bd7a060345688,d02f6f7434b234c3,b271d0dcd4f4d071,855e7e616087659e,9378e4ccc8e670b9,87c57ade61186569,71f4d0d4c4d471b2,d0f42bcb356f3034,62f190ecccd8e136,857a3a6161e76596,b271d4c4d4d0f471,d07b2b3435d2b0cb,36e1d8ccec90f162,d0d46fcb344d343c,71d0f4d4dcd071b2,85b17e9e607a6561,b970e6c8cce47893
Training/notumor/Tr-no_58.jpg,Training,notumor,27719,True,,3fcd47df13022dff9310847e66344a301655fc62a565598336433f9c098e5074,468291a0e92594fcdd3ba3da7c392360cf29bd372664df14e8336ab87b189cd2,d11a1aa57f832d56,e9f0d4d4d496f870,94761a366ae46d63,f8f8e6f4f4e4fcf8,84f04f1f2a2978fc,70e096d4d4d4f068,c19c4f883f4e38cb,e0c0d8d0d098c0e0,844f5ff02ad67903,68f0d4d4d496e070,c1634f473fb13834,e0c098d0d0d8c0e0,d1a51a4a7f6c2da8,70f896d4d4d4f0e9,94891ae96a1b6d9e,f8fce4f4f4e6f8f8
Training/notumor/Tr-no_906.jpg,Training,notumor,27719,True,,3fcd47df13022dff9310847e66344a301655fc62a565598336433f9c098e5074,468291a0e92594fcdd3ba3da7c392360cf29bd372664df14e8336ab87b189cd2,d11a1aa57f832d56,e9f0d4d4d496f870,94761a366ae46d63,f8f8e6f4f4e4fcf8,84f04f1f2a2978fc,70e096d4d4d4f068,c19c4f883f4e38cb,e0c0d8d0d098c0e0,844f5ff02ad67903,68f0d4d4d496e070,c1634f473fb13834,e0c098d0d0d8c0e0,d1a51a4a7f6c2da8,70f896d4d4d4f0e9,94891ae96a1b6d9e,f8fce4f4f4e6f8f8
Testing/glioma/Te-gl_177.jpg,Testing,glioma,25760,True,,192cb19f45e0c2f320174ae32077f828514d07d101a3042b1064776e6bc28cd6,469c5ed277964a951fbfc50396920e6ae767a77ba801bd67980d3857afbae945,96d3396c61c566c9,92f8e8e8e8e4f092,c4f43a1f3169c2b6,0ae1c4d4d4d47102,c3396c86342f33e3,96f0d8e8e8e8e092,915a6fb564c39718,8070d4d4d4dc78a0,c3c66d7934d1331c,92e0e8e8e8d8f096,91a16f4a643c97c7,a078dcd4d4d47080,966c38d3613a66b6,92f0e4e8e8e8f892,c55f3ae03196c26d,0271d4d4d4c4e10a
Testing/glioma/Te-gl_36.jpg,Testing,glioma,25760,True,,192cb19f45e0c2f320174ae32077f828514d07d101a3042b1064776e6bc28cd6,469c5ed277964a951fbfc50396920e6ae767a77ba801bd67980d3857afbae945,96d3396c61c566c9,92f8e8e8e8e4f092,c4f43a1f3169c2b6,0ae1c4d4d4d47102,c3396c86342f33e3,96f0d8e8e8e8e092,915a6fb564c39718,8070d4d4d4dc78a0,c3c66d7934d1331c,92e0e8e8e8d8f096,91a16f4a643c97c7,a078dcd4d4d47080,966c38d3613a66b6,92f0e4e8e8e8f892,c55f3ae03196c26d,0271d4d4d4c4e10a
Training/notumor/Tr-no_1062.jpg,Training,notumor,55697,True,,c1bf41ddb56396fd0e74b2eb7212c96a6a915ee86737c060c9db8e1439ff0390,4c3cc017064e2ae5140a50ea78b017c612c92cdc5bc26b57c51f0dbe542e0774,c74f3fb078926129,70f0d4d4d4d4f070,94253bc3691fe51c,20fce4aaa8e4f820,92e56a5a2d393497,70f0d4d4d4d4f070,c18f6e683cb5b0b2,30c0d8eaaad8c030,921a6aa52dc7347e,70f0d4d4d4d4f070,c1706e973c4bb14d,30c0d8aaead8c030,c7b03f0f786c61c4,70f0d4d4d4d4f070,94ca3b3c69e0e4e3,20f8e4a8aae4fc20
Training/notumor/Tr-no_109.jpg,Training,notumor,61345,True,,72f5f6723c7b92f641fb5d44513b6111c348e43005f8c1f4829f28eebd1117b2,4c3cc017064e2ae5140a50ea78b017c612c92cdc5bc26b57c51f0dbe542e0774,c74f3fb078926129,70f0d4d4d4d4f070,94253bc3691fe51c,20fce4aaa8e4f820,92e56a5a2d393497,70f0d4d4d4d4f070,c18f6e683cb5b0b2,30c0d8eaaad8c030,921a6aa52dc7347e,70f0d4d4d4d4f070,c1706e973c4bb14d,30c0d8aaead8c030,c7b03f0f786c61c4,70f0d4d4d4d4f070,94ca3b3c69e0e4e3,20f8e4a8aae4fc20
Training/notumor/Tr-no_1183.jpg,Training,notumor,61345,True,,72f5f6723c7b92f641fb5d44513b6111c348e43005f8c1f4829f28eebd1117b2,4c3cc017064e2ae5140a50ea78b017c612c92cdc5bc26b57c51f0dbe542e0774,c74f3fb078926129,70f0d4d4d4d4f070,94253bc3691fe51c,20fce4aaa8e4f820,92e56a5a2d393497,70f0d4d4d4d4f070,c18f6e683cb5b0b2,30c0d8eaaad8c030,921a6aa52dc7347e,70f0d4d4d4d4f070,c1706e973c4bb14d,30c0d8aaead8c030,c7b03f0f786c61c4,70f0d4d4d4d4f070,94ca3b3c69e0e4e3,20f8e4a8aae4fc20
Training/notumor/Tr-no_371.jpg,Training,notumor,61345,True,,72f5f6723c7b92f641fb5d44513b6111c348e43005f8c1f4829f28eebd1117b2,4c3cc017064e2ae5140a50ea78b017c612c92cdc5bc26b57c51f0dbe542e0774,c74f3fb078926129,70f0d4d4d4d4f070,94253bc3691fe51c,20fce4aaa8e4f820,92e56a5a2d393497,70f0d4d4d4d4f070,c18f6e683cb5b0b2,30c0d8eaaad8c030,921a6aa52dc7347e,70f0d4d4d4d4f070,c1706e973c4bb14d,30c0d8aaead8c030,c7b03f0f786c61c4,70f0d4d4d4d4f070,94ca3b3c69e0e4e3,20f8e4a8aae4fc20
Training/notumor/Tr-no_5.jpg,Training,notumor,55697,True,,c1bf41ddb56396fd0e74b2eb7212c96a6a915ee86737c060c9db8e1439ff0390,4c3cc017064e2ae5140a50ea78b017c612c92cdc5bc26b57c51f0dbe542e0774,c74f3fb078926129,70f0d4d4d4d4f070,94253bc3691fe51c,20fce4aaa8e4f820,92e56a5a2d393497,70f0d4d4d4d4f070,c18f6e683cb5b0b2,30c0d8eaaad8c030,921a6aa52dc7347e,70f0d4d4d4d4f070,c1706e973c4bb14d,30c0d8aaead8c030,c7b03f0f786c61c4,70f0d4d4d4d4f070,94ca3b3c69e0e4e3,20f8e4a8aae4fc20
Training/notumor/Tr-no_693.jpg,Training,notumor,55697,True,,c1bf41ddb56396fd0e74b2eb7212c96a6a915ee86737c060c9db8e1439ff0390,4c3cc017064e2ae5140a50ea78b017c612c92cdc5bc26b57c51f0dbe542e0774,c74f3fb078926129,70f0d4d4d4d4f070,94253bc3691fe51c,20fce4aaa8e4f820,92e56a5a2d393497,70f0d4d4d4d4f070,c18f6e683cb5b0b2,30c0d8eaaad8c030,921a6aa52dc7347e,70f0d4d4d4d4f070,c1706e973c4bb14d,30c0d8aaead8c030,c7b03f0f786c61c4,70f0d4d4d4d4f070,94ca3b3c69e0e4e3,20f8e4a8aae4fc20
Training/notumor/Tr-no_1309.jpg,Training,notumor,24589,True,,7c103b082c141631e8475390a8b06ef7ef0cfba10e61cf2d4ce9dd1e2b08dfb0,4c7d6b55c7f9bed897394c87a60eb86382bf8b59d612bc057362a040af02a42f,c43b2fe42dc470cb,32e9e8e8e8e8e071,95687abd69436196,396cccfafafeec39,91917b4e786e6561,71f8e8e8e8e868b2,c0c62f173ce9347c,62c080a0a0ccc863,916e7ab17891259e,b268e8e8e8e8f871,c03f2fe83c1634e3,63c8cca0a080c062,c4c52f1b2d7b7034,71e0e8e8e8e8e932,95977a4269bc6169,39ecfefafacc6c39
Training/notumor/Tr-no_699.jpg,Training,notumor,24589,True,,7c103b082c141631e8475390a8b06ef7ef0cfba10e61cf2d4ce9dd1e2b08dfb0,4c7d6b55c7f9bed897394c87a60eb86382bf8b59d612bc057362a040af02a42f,c43b2fe42dc470cb,32e9e8e8e8e8e071,95687abd69436196,396cccfafafeec39,91917b4e786e6561,71f8e8e8e8e868b2,c0c62f173ce9347c,62c080a0a0ccc863,916e7ab17891259e,b268e8e8e8e8f871,c03f2fe83c1634e3,63c8cca0a080c062,c4c52f1b2d7b7034,71e0e8e8e8e8e932,95977a4269bc6169,39ecfefafacc6c39
Training/notumor/Tr-no_423.jpg,Training,notumor,35854,True,,da9ef6cef60bdcf63e1cb2c07ebe5bfb5a1c08c74dadf280915d55d7c3e36d9a,4e0a64b2df03c56af6ffa2d90115c0d33b59b6e57bc03aed21fa1b099be3a5a6,844a4f2d7e257c71,61f0ececccd4d4f0,80b51ff47a5968ca,78dce29494a2dc70,d1e05a832f8f299b,f0d4d0c8c8c8f079,d51c425e2fe33d60,61c4bad696b8c4e1,d11f5a7c2f702964,79f0c8c8c8d0d4f0,d5e04aa12f0c3d9f,e1c4b896d6bac461,84b50fd25ada3c8e,f0d4d4ccececf061,806b1f0b7abe6835,70dca29494e2dc78
Training/notumor/Tr-no_63.jpg,Training,notumor,35854,True,,da9ef6cef60bdcf63e1cb2c07ebe5bfb5a1c08c74dadf280915d55d7c3e36d9a,4e0a64b2df03c56af6ffa2d90115c0d33b59b6e57bc03aed21fa1b099be3a5a6,844a4f2d7e257c71,61f0ececccd4d4f0,80b51ff47a5968ca,78dce29494a2dc70,d1e05a832f8f299b,f0d4d0c8c8c8f079,d51c425e2fe33d60,61c4bad696b8c4e1,d11f5a7c2f702964,79f0c8c8c8d0d4f0,d5e04aa12f0c3d9f,e1c4b896d6bac461,84b50fd25ada3c8e,f0d4d4ccececf061,806b1f0b7abe6835,70dca29494e2dc78
Training/notumor/Tr-no_1261.jpg,Training,notumor,14413,True,,856779c9208bce47defb64d82d26002ecf3c89161a4eafdceb1dc6082f06eefb,4f8608920d2872739b4ff8f19363223e5b8ea5e092746081abeb6a9f4a5b903c,c24f2db434937279,b3f1e8e8f0f0f071,943e3be0618fc69a,0378e4c4ece47039,97e5781e61392791,70f0f0f0e8e87032,c1976f6a342dd330,23e0d8c8dcd8e107,971a78e165c6672c,3270e8e8f0f0f070,c1686eb534d292cf,07e1d8dcc8d8e023,c2b23d4b346c72e6,71f0f0f0e8e8f1b3,94c33b1f6178c665,3970e4ecc4e47803
Training/notumor/Tr-no_606.jpg,Training,notumor,15730,True,,f90baa21f7026f0f5c8595cb4c58a728618b80c679b18dbb42f4e77420262ac5,4f8608920d2872739b4ff8f19363223e5b8ea5e092746081abeb6a9f4a5b903c,c24f2db434937279,b3f1e8e8f0f0f071,943e3be0618fc69a,0378e4c4ece47039,97e5781e61392791,70f0f0f0e8e87032,c1976f6a342dd330,23e0d8c8dcd8e107,971a78e165c6672c,3270e8e8f0f0f070,c1686eb534d292cf,07e1d8dcc8d8e023,c2b23d4b346c72e6,71f0f0f0e8e8f1b3,94c33b1f6178c665,3970e4ecc4e47803
Training/notumor/Tr-no_1063.jpg,Training,notumor,6264,True,,d22f76ae6780bc947ddeb36446b3bb97bfcc5ada33b8db69753949c9d214111a,526f4aca626e32d67dd4e2b2463b71447ed73706bf94326d7f1ad7326db5da3a,870f3ee078996137,70f0c8c8ccc4f070,94e13bd26d1ee138,20d4f0a6a6f4f020,d2a56b4a2d53349d,70f0cccce8ecf070,c14b6e7838b4b4f2,38d0d09a9af0d438,c25a6ab52dec346a,70f0ece8ccccf070,c1b46e87384bb46d,38d4f09a9ad0d038,97f03f1f784661c0,70f0c4ccc8c8f070,941a3b2d6de1e187,20f0f4a6a6f0d420
Training/notumor/Tr-no_864.jpg,Training,notumor,6264,True,,d22f76ae6780bc947ddeb36446b3bb97bfcc5ada33b8db69753949c9d214111a,526f4aca626e32d67dd4e2b2463b71447ed73706bf94326d7f1ad7326db5da3a,870f3ee078996137,70f0c8c8ccc4f070,94e13bd26d1ee138,20d4f0a6a6f4f020,d2a56b4a2d53349d,70f0cccce8ecf070,c14b6e7838b4b4f2,38d0d09a9af0d438,c25a6ab52dec346a,70f0ece8ccccf070,c1b46e87384bb46d,38d4f09a9ad0d038,97f03f1f784661c0,70f0c4ccc8c8f070,941a3b2d6de1e187,20f0f4a6a6f0d420
Testing/meningioma/Te-me_29.jpg,Testing,meningioma,29820,True,,066502884d443971d71836da239f41751eefdbb164af957947ad82fa6f584944,564d7a8d530ee603ffe41c8f3a10e30137afe401e112024ad3ffca85a6ea93c4,c5c74a3d3a383b38,e1eceacccc6ab4d4,c01f1fe03f2e6a29,60c2a3eb8a81d260,90651f956f926e92,d4d2a9cccca8c878,95b54a4a6a853f87,f8b47e2e283ab4f9,90921f686f6c6e69,78c8a8cccca9d2d4,954a4ab52a7a2f78,f9b43a282e7eb4f8,c5384ac23ac73bc7,d4b46acccceaece1,c0e01f1f3fd06ad2,60d2818aeba3c260
Training/meningioma/Tr-me_684.jpg,Training,meningioma,26580,True,,7efcd87636c28a674f2abf3bc6255eb1e786c12f40e794e4a3292c7381be4f66,564d7a8d530ee603ffe41c8f3a10e30137afe401e112024ad3ffca85a6ea93c4,c5c74a3d3a383b38,e1eceacccc6ab4d4,c01f1fe03f2e6a29,60c2a3eb8a81d260,90651f956f926e92,d4d2a9cccca8c878,95b54a4a6a853f87,f8b47e2e283ab4f9,90921f686f6c6e69,78c8a8cccca9d2d4,954a4ab52a7a2f78,f9b43a282e7eb4f8,c5384ac23ac73bc7,d4b46acccceaece1,c0e01f1f3fd06ad2,60d2818aeba3c260
Training/notumor/Tr-no_56.jpg,Training,notumor,13213,True,,8df1125bc5a3901ae602be99db7d676e79744a93eb6ed69de91b86cdb087a7a1,58d3baecb184b50db298314797248db01be95d3e85e779e31e890a38553441d0,96386a716dc534e3,3171d4d4dcd4d071,85c27b3d6875a1e2,13f8daaaaada7803,c3923fcb386b6149,71d4d4c4d4d47172,d0682e873dd7f448,22e0a4aaaaa4e037,c36d3f34389461b6,7271d4d4c4d4d471,d0972e683d20f4b7,37e0a4aaaaa4e022,96c76a8e693e341c,71d0d4dcd4d47131,853d7bd2688ea11d,0378daaaaadaf813
Training/notumor/Tr-no_73.jpg,Training,notumor,13213,True,,8df1125bc5a3901ae602be99db7d676e79744a93eb6ed69de91b86cdb087a7a1,58d3baecb184b50db298314797248db01be95d3e85e779e31e890a38553441d0,96386a716dc534e3,3171d4d4dcd4d071,85c27b3d6875a1e2,13f8daaaaada7803,c3923fcb386b6149,71d4d4c4d4d47172,d0682e873dd7f448,22e0a4aaaaa4e037,c36d3f34389461b6,7271d4d4c4d4d471,d0972e683d20f4b7,37e0a4aaaaa4e022,96c76a8e693e341c,71d0d4dcd4d47131,853d7bd2688ea11d,0378daaaaadaf813
Training/notumor/Tr-no_1374.jpg,Training,notumor,69322,True,,f9ab73351fe5dd8b0cac9d28282c9faff3f83bb3aad1a4fb2769c6e94cb25eb4,5acf76ef19c590ad7587bd00eabd35f2488d9292cc385f0969e3dd2b731bd4b7,954b1e790afe6918,70dcf0c0d896b4f4,84a9164a7f5b682f,f0ecd2d0e1e4ec64,c0e14bd35f543cb2,d0d296e4f4d0c4e1,d34343e02af13d8f,d9c8d858f4b4c870,c01e4b2c5fa93d4d,e1c4d0f4e496d2d0,d1fc431f2a0e3978,70c8b4f458d8c8d9,95f41e860b03e9e7,f4b496d8c0f0dc70,845616b57fa46cd2,64ece4e1d0d2ecf0
Training/notumor/Tr-no_840.jpg,Training,notumor,69322,True,,f9ab73351fe5dd8b0cac9d28282c9faff3f83bb3aad1a4fb2769c6e94cb25eb4,5acf76ef19c590ad7587bd00eabd35f2488d9292cc385f0969e3dd2b731bd4b7,954b1e790afe6918,70dcf0c0d896b4f4,84a9164a7f5b682f,f0ecd2d0e1e4ec64,c0e14bd35f543cb2,d0d296e4f4d0c4e1,d34343e02af13d8f,d9c8d858f4b4c870,c01e4b2c5fa93d4d,e1c4d0f4e496d2d0,d1fc431f2a0e3978,70c8b4f458d8c8d9,95f41e860b03e9e7,f4b496d8c0f0dc70,845616b57fa46cd2,64ece4e1d0d2ecf0
Testing/meningioma/Te-me_157.jpg,Testing,meningioma,26991,True,,5c6da12069abad1ea0d958b7cbeec5b4ebed459dc9b1f2177246cc4e597b0b4b,5b76d6c3a5663c749714b87d4133c5aae9950b446a5ad5db6bea6733a1b935e7,d11b136e646e6cb4,71d8f8eab433a88e,816b1f1e56e0741f,79eb92d2d4a2eb7c,c4b156c471c6791f,8eea33d0a8e0e471,d4eb4ab4034b21bf,c128bad494b62861,844e463b713b79e1,71e4e0a8d033ea8e,d4be4a6b03b5254b,6128b694d4ba28c1,d1e4539165916d4f,8ea833b4eaf8d871,819e1fe1561f74e0,7ceba2d4d292eb79
Training/meningioma/Tr-me_1044.jpg,Training,meningioma,19476,True,,45938b1b529e1075b171d940aabb0388b4f863984ab96af7879025f0b31a668c,5b76d6c3a5663c749714b87d4133c5aae9950b446a5ad5db6bea6733a1b935e7,d11b136e646e6cb4,71d8f8eab433a88e,816b1f1e56e0741f,79eb92d2d4a2eb7c,c4b156c471c6791f,8eea33d0a8e0e471,d4eb4ab4034b21bf,c128bad494b62861,844e463b713b79e1,71e4e0a8d033ea8e,d4be4a6b03b5254b,6128b694d4ba28c1,d1e4539165916d4f,8ea833b4eaf8d871,819e1fe1561f74e0,7ceba2d4d292eb79
Training/notumor/Tr-no_493.jpg,Training,notumor,14611,True,,29f5011764730ed401f04b4978195c0b9fcedb005c3408f89a7586259cb1b675,5d426be48efe15ee865fea9f15e20e026366e749a71be9d8161555ba101feee2,955a363a3ab17361,386cdafafad8ceee,84bc3f01585f7a78,76feade4b3c66c16,c0f063d06f1b26cf,888ce4a0a0a4c9e3,d1166aab09f42fd2,93c99c12d80a8090,c00f636f6fe42634,e3c9a4a0a0e48c88,d1f96a540d0b2f2d,90800ad8129cc993,95a536c53a46739a,eeced8fafada6c38,84433ffe58a07a87,166cc6b3e4adfe76
Training/notumor/Tr-no_664.jpg,Training,notumor,14611,True,,29f5011764730ed401f04b4978195c0b9fcedb005c3408f89a7586259cb1b675,5d426be48efe15ee865fea9f15e20e026366e749a71be9d8161555ba101feee2,955a363a3ab17361,386cdafafad8ceee,84bc3f01585f7a78,76feade4b3c66c16,c0f063d06f1b26cf,888ce4a0a0a4c9e3,d1166aab09f42fd2,93c99c12d80a8090,c00f636f6fe42634,e3c9a4a0a0e48c88,d1f96a540d0b2f2d,90800ad8129cc993,95a536c53a46739a,eeced8fafada6c38,84433ffe58a07a87,166cc6b3e4adfe76
Training/pituitary/Tr-pi_1181.jpg,Training,pituitary,225311,True,,f764c8846c7fe11dce4e99b2bfa153347eb2976ae53857392f31f82b127b2270,67ebad6008ef10dae6b21ae7e08bfcba78fd1a917f7d18ad0f8bbb0a2418c1ed,805f757a7c62286d,38fcddf876d58aa6,80823f875b9656de,eedaa8a4f9f4e4b2,d5f520d029c87dc7,9aae54916044c0e3,d56a6a2d0f3c037c,b0d8d060d0caa088,d50b202f29377f38,e3c044609154ae9a,d5d76ad20ec301cb,88a0cad060d0d8b0,80e175857d9d6a9a,a68ad576f8ddfc38,807d3f785b695461,b2e4f4f9a4a8daee
Training/pituitary/Tr-pi_668.jpg,Training,pituitary,225311,True,,f764c8846c7fe11dce4e99b2bfa153347eb2976ae53857392f31f82b127b2270,67ebad6008ef10dae6b21ae7e08bfcba78fd1a917f7d18ad0f8bbb0a2418c1ed,805f757a7c62286d,38fcddf876d58aa6,80823f875b9656de,eedaa8a4f9f4e4b2,d5f520d029c87dc7,9aae54916044c0e3,d56a6a2d0f3c037c,b0d8d060d0caa088,d50b202f29377f38,e3c044609154ae9a,d5d76ad20ec301cb,88a0cad060d0d8b0,80e175857d9d6a9a,a68ad576f8ddfc38,807d3f785b695461,b2e4f4f9a4a8daee
Testing/meningioma/Te-me_49.jpg,Testing,meningioma,35979,True,,1940c7f8e7f72ab5b9e674953238fcb4b63ccf6d3d320661e57511070655b5aa,73261dc3b5948a3c5350fe35abe278a357e4349f3da4917793de78bcc24d2f01,9492166b794e6ae9,7cdcf56a9eed2264,c1e01b131f5b76e2,c49282c6c6a8d876,c1384bc12ef53f43,d9b34886a950c4c1,944a4ebd6af12b4c,91e4ea9c98beb6dc,c1c7433e2c0a3fbc,c1c450a98648b3d9,94b54e466a0e2bb7,dcb6be989ceae491,946d1e947bb16a16,6422ed9e6af5dc7c,c11f1be81fa47619,76d8a8c6c68292c4
Training/meningioma/Tr-me_424.jpg,Training,meningioma,33124,True,,09efecdd6ab7be71c5bce1f0b9d293ca126d1b49c5f1c7c6baff17a65fbbf8c9,73261dc3b5948a3c5350fe35abe278a357e4349f3da4917793de78bcc24d2f01,9492166b794e6ae9,7cdcf56a9eed2264,c1e01b131f5b76e2,c49282c6c6a8d876,c1384bc12ef53f43,d9b34886a950c4c1,944a4ebd6af12b4c,91e4ea9c98beb6dc,c1c7433e2c0a3fbc,c1c450a98648b3d9,94b54e466a0e2bb7,dcb6be989ceae491,946d1e947bb16a16,6422ed9e6af5dc7c,c11f1be81fa47619,76d8a8c6c68292c4
