relative_path,split,class_label,file_size,valid,error,file_sha256,canonical_content_id,phash_identity,dhash_identity,phash_rot90,dhash_rot90,phash_rot180,dhash_rot180,phash_rot270,dhash_rot270,phash_flip_h,dhash_flip_h,phash_flip_h_rot90,dhash_flip_h_rot90,phash_flip_v,dhash_flip_v,phash_flip_h_rot270,dhash_flip_h_rot270
Testing/glioma/Te-gl_32.jpg,Testing,glioma,17778,True,,04aa41d8514362877d7f8fd81e543bc8584e4a6ba1ac025c2f37515f32abd9b0,0eb8b92d72d1d9882dbef37a552f26f9ab2c8f3c2ab60933d085714a8e1f6a6b,801f157e5bda9a98,68c6abc9494dad9a,87e310805f8f5e97,e48f686242b0d77c,d5f540d40e70cf72,a60a496c6c2a9ce1,d27d552a0a250b7f,c01072b539e10ed8,d54a402b0e8fcfcd,e19c2a6c6c490aa6,d2f745d50ada0bc2,d80ee139b57210c0,80e155e15b659b67,9aad4d49c9abc668,871c107f5f705e68,7cd7b04262688fe4
Testing/glioma/Te-gl_389.jpg,Testing,glioma,17778,True,,04aa41d8514362877d7f8fd81e543bc8584e4a6ba1ac025c2f37515f32abd9b0,0eb8b92d72d1d9882dbef37a552f26f9ab2c8f3c2ab60933d085714a8e1f6a6b,801f157e5bda9a98,68c6abc9494dad9a,87e310805f8f5e97,e48f686242b0d77c,d5f540d40e70cf72,a60a496c6c2a9ce1,d27d552a0a250b7f,c01072b539e10ed8,d54a402b0e8fcfcd,e19c2a6c6c490aa6,d2f745d50ada0bc2,d80ee139b57210c0,80e155e15b659b67,9aad4d49c9abc668,871c107f5f705e68,7cd7b04262688fe4
Training/notumor/Tr-no_1046.jpg,Training,notumor,35982,True,,05ec18666c6b751b8845a93824ea25c9bb251606b71f76c0c3875d69e973f72d,15dc8c6bb8bf4da3c5e3805f185462e072ab6ac7e2f2420bc9b4dfb0c6ab72f5,c23b3fe22cc13497,31f8e8e8e8e8e870,956b7a1c68c4f19a,70e8d8f0f0f8f878,97916a4c794b613d,f0e8e8e8e8e8e031,c0c12fb63d7ea4b0,61e0e0f0f0e4e8f0,876e6ab3799461c2,31e0e8e8e8e8e8f0,c03e2fc93d81a4cf,f0e8e4f0f0e0e061,d3c43f1d2c3e3468,70e8e8e8e8e8f831,95947a63682bf165,78f8f8f0f0d8e870
Training/notumor/Tr-no_454.jpg,Training,notumor,35982,True,,05ec18666c6b751b8845a93824ea25c9bb251606b71f76c0c3875d69e973f72d,15dc8c6bb8bf4da3c5e3805f185462e072ab6ac7e2f2420bc9b4dfb0c6ab72f5,c23b3fe22cc13497,31f8e8e8e8e8e870,956b7a1c68c4f19a,70e8d8f0f0f8f878,97916a4c794b613d,f0e8e8e8e8e8e031,c0c12fb63d7ea4b0,61e0e0f0f0e4e8f0,876e6ab3799461c2,31e0e8e8e8e8e8f0,c03e2fc93d81a4cf,f0e8e4f0f0e0e061,d3c43f1d2c3e3468,70e8e8e8e8e8f831,95947a63682bf165,78f8f8f0f0d8e870
Training/meningioma/Tr-aug-me_97.jpg,Training,meningioma,26954,True,,089a7ad8107e9ef50fc7c35e7407b18fcda170be3707749807a059a5cb46b3a8,02f0c675ed79cf45e7641c7e5f1fe5a47a4154a30bb001db7f10f383213cfbcc,81de4e8b5e8e3a4c,e0ccaaf2b2cec4c4,949602b57f90366f,ecccacf0568cc861,d4f61b210b246fe6,dcdc84b2b088ccf8,c13c571f2a386bc5,39e8ce95f0cac8c8,d4091bde09db6b19,f8cc88b0b284dcdc,c1c357e02ac76b3a,c8c8caf095cee839,81a34e745e713ab3,c4c4ceb2f2aacce0,d469024a7f6d7e90,61c88c56f0acccec
Training/meningioma/Tr-me_532.jpg,Training,meningioma,26954,True,,089a7ad8107e9ef50fc7c35e7407b18fcda170be3707749807a059a5cb46b3a8,02f0c675ed79cf45e7641c7e5f1fe5a47a4154a30bb001db7f10f383213cfbcc,81de4e8b5e8e3a4c,e0ccaaf2b2cec4c4,949602b57f90366f,ecccacf0568cc861,d4f61b210b246fe6,dcdc84b2b088ccf8,c13c571f2a386bc5,39e8ce95f0cac8c8,d4091bde09db6b19,f8cc88b0b284dcdc,c1c357e02ac76b3a,c8c8caf095cee839,81a34e745e713ab3,c4c4ceb2f2aacce0,d469024a7f6d7e90,61c88c56f0acccec
Training/meningioma/Tr-me_1101.jpg,Training,meningioma,21706,True,,09b9031e30e757eb6e648686f0ca412357e86895ebbc52d300d2d0a9305fd417,005e86b7e02be720160064ce82191d0e51926a4136f8f7037275e7e430fa9583,97876a4c619b256d,b060dcd8e0d479b2,c4c66b7b352cf430,12e9e4e098d47182,c23d3be6343170c7,b261d4f8e4c4f932,916c7ed960a6b19a,8271d4e6f8d86890,c2f23f1b34ce7038,32f9c4e4f8d461b2,91937e6e6059b165,9068d8f8e6d47182,97786eb371642592,b279d4e0d8dc60b0,c4392b8431f3e4cf,8271d498e0e4e912
Training/meningioma/Tr-me_836.jpg,Training,meningioma,21706,True,,09b9031e30e757eb6e648686f0ca412357e86895ebbc52d300d2d0a9305fd417,005e86b7e02be720160064ce82191d0e51926a4136f8f7037275e7e430fa9583,97876a4c619b256d,b060dcd8e0d479b2,c4c66b7b352cf430,12e9e4e098d47182,c23d3be6343170c7,b261d4f8e4c4f932,916c7ed960a6b19a,8271d4e6f8d86890,c2f23f1b34ce7038,32f9c4e4f8d461b2,91937e6e6059b165,9068d8f8e6d47182,97786eb371642592,b279d4e0d8dc60b0,c4392b8431f3e4cf,8271d498e0e4e912
Training/meningioma/Tr-aug-me_89.jpg,Training,meningioma,14066,True,,0f673459b5dba7f9dab9a6a32309e2c89ddf4bb9b799d3350f56c33e8cc8b2d3,0575301b710d053969880a18b3e7ce56e1ea4841a9fa579e1da498385e9e4d8f,966d699631cb9398,c4b269f4dcecf092,979b6864652f9691,42b178c4d478b942,c3c73c3c6461c673,9270c8c4d069b2c4,c2333dce3095c33b,8462e0d4cce17284,c3383cc3649ec6cd,c4b269d0c4c87092,c2cf3d31307ac3c5,8472e1ccd4e06284,9692696d3134d367,92f0ecdcf469b2c4,9764689b65d0966e,42b978d4c478b142
Training/meningioma/Tr-me_889.jpg,Training,meningioma,14066,True,,0f673459b5dba7f9dab9a6a32309e2c89ddf4bb9b799d3350f56c33e8cc8b2d3,0575301b710d053969880a18b3e7ce56e1ea4841a9fa579e1da498385e9e4d8f,966d699631cb9398,c4b269f4dcecf092,979b6864652f9691,42b178c4d478b942,c3c73c3c6461c673,9270c8c4d069b2c4,c2333dce3095c33b,8462e0d4cce17284,c3383cc3649ec6cd,c4b269d0c4c87092,c2cf3d31307ac3c5,8472e1ccd4e06284,9692696d3134d367,92f0ecdcf469b2c4,9764689b65d0966e,42b978d4c478b142
Training/notumor/Tr-no_1330.jpg,Training,notumor,28639,True,,1180fefcd5ba2a8f43c541c3158c3d6b3edb8309eab8dc9c61f109d10d5b5050,232cf63b06dda5427c1049a275fe26db927a7ab22d3b520c98173b974a234620,c22f2b343f603f70,70f1e8e8a8c4d4c9,807a7fe06aa5aa95,99f8f3f1d5f7f8b9,97857a9e6a8a6a8a,6cd4d4eae8e07031,d5d02a083f07bd3d,62e010547000e026,97787e616a256a25,3170e0e8ead4d46c,d52e2ab03fd0bdc0,26e000705410e062,c2c02bcb3b8f2c8f,c9d4c4a8e8e8f170,80857f1b6a5aea6a,b9f8f7d5f1f3f899
Training/notumor/Tr-no_825.jpg,Training,notumor,28639,True,,1180fefcd5ba2a8f43c541c3158c3d6b3edb8309eab8dc9c61f109d10d5b5050,232cf63b06dda5427c1049a275fe26db927a7ab22d3b520c98173b974a234620,c22f2b343f603f70,70f1e8e8a8c4d4c9,807a7fe06aa5aa95,99f8f3f1d5f7f8b9,97857a9e6a8a6a8a,6cd4d4eae8e07031,d5d02a083f07bd3d,62e010547000e026,97787e616a256a25,3170e0e8ead4d46c,d52e2ab03fd0bdc0,26e000705410e062,c2c02bcb3b8f2c8f,c9d4c4a8e8e8f170,80857f1b6a5aea6a,b9f8f7d5f1f3f899
Training/notumor/Tr-no_1021.jpg,Training,notumor,37052,True,,14963471b7c2744df51c1da54f4e519cecc34aa12944f1968620da1d36d2c5c2,33c5c5cdf5fe104663c1ae04a40429449f832c1d5f40e8a0850f98465863b683,804a4ba93fb57c96,e1d4b4b6b2b2d4e9,959d1ef07ae069c1,78f4969cdc9eec78,d5e01e037a1f693c,68d4b2b292d2d478,c0374b5a2f5a3c69,e0c886c4c696d0e1,d51f1ef86ac029c3,78d4d292b2b2d468,c0ca4bad2fa53c96,e1d096c6c486c8e0,80b54b563f4a7c69,e9d4b2b2b6b4d4e1,95621e0f7a0f693c,78ec9edc9c96f478
Training/notumor/Tr-no_503.jpg,Training,notumor,37052,True,,14963471b7c2744df51c1da54f4e519cecc34aa12944f1968620da1d36d2c5c2,33c5c5cdf5fe104663c1ae04a40429449f832c1d5f40e8a0850f98465863b683,804a4ba93fb57c96,e1d4b4b6b2b2d4e9,959d1ef07ae069c1,78f4969cdc9eec78,d5e01e037a1f693c,68d4b2b292d2d478,c0374b5a2f5a3c69,e0c886c4c696d0e1,d51f1ef86ac029c3,78d4d292b2b2d468,c0ca4bad2fa53c96,e1d096c6c486c8e0,80b54b563f4a7c69,e9d4b2b2b6b4d4e1,95621e0f7a0f693c,78ec9edc9c96f478
Training/pituitary/Tr-pi_246.jpg,Training,pituitary,16405,True,,14a873e8998c4a88896fd7be1155eeaf656b88209c8e9fcf7db731de3478484c,2998d1dbe286ca80b78bb8d6b35a703ba332de6d7b30aed7f6cfc569658870f9,805b2f867aa97b26,f0e8bab2a8a8a2ea,94b52bb12e467b98,decc88a4a488f4f0,d5f17a2c2f032e8c,a8baeaeab2a2e8f0,c11f6a1f3b642e32,f0d0ecdadaeecc84,d1067ad32bcc2e72,f0e8a2b2eaeabaa8,c1e07ae03b9b2ecc,84cceedadaecd0f0,80a42f597a567bd8,eaa2a8a8b2bae8f0,944a2f4a6e317b66,f0f488a4a488ccde
Training/pituitary/Tr-pi_698.jpg,Training,pituitary,16405,True,,14a873e8998c4a88896fd7be1155eeaf656b88209c8e9fcf7db731de3478484c,2998d1dbe286ca80b78bb8d6b35a703ba332de6d7b30aed7f6cfc569658870f9,805b2f867aa97b26,f0e8bab2a8a8a2ea,94b52bb12e467b98,decc88a4a488f4f0,d5f17a2c2f032e8c,a8baeaeab2a2e8f0,c11f6a1f3b642e32,f0d0ecdadaeecc84,d1067ad32bcc2e72,f0e8a2b2eaeabaa8,c1e07ae03b9b2ecc,84cceedadaecd0f0,80a42f597a567bd8,eaa2a8a8b2bae8f0,944a2f4a6e317b66,f0f488a4a488ccde
Training/pituitary/Tr-pi_969.jpg,Training,pituitary,16405,True,,14a873e8998c4a88896fd7be1155eeaf656b88209c8e9fcf7db731de3478484c,2998d1dbe286ca80b78bb8d6b35a703ba332de6d7b30aed7f6cfc569658870f9,805b2f867aa97b26,f0e8bab2a8a8a2ea,94b52bb12e467b98,decc88a4a488f4f0,d5f17a2c2f032e8c,a8baeaeab2a2e8f0,c11f6a1f3b642e32,f0d0ecdadaeecc84,d1067ad32bcc2e72,f0e8a2b2eaeabaa8,c1e07ae03b9b2ecc,84cceedadaecd0f0,80a42f597a567bd8,eaa2a8a8b2bae8f0,944a2f4a6e317b66,f0f488a4a488ccde
Training/notumor/Tr-no_1281.jpg,Training,notumor,14699,True,,1760da4ac516c8564bf06bc349176a1463dbb49f4de7b6d0b986ff015b96bd62,11f1d0cd13a8721da13e90aa22893ff13e5e1f2ad338632a15ba2f8e62b23ae6,d0161ffa7a962951,e8cccc8c8e96ccf0,94661a033a9b7cde,f8e4e69694c4fc78,84bc4a502f3c78fb,e0cc948ececccce8,c1cc4fa86f312976,e0c0d4c69698d8e0,85434baf2fc37d04,e8ccccce8e94cce0,c1334f576fcc2909,e0d89896c6d4c0e0,d0e91f057a6929ae,f0cc968e8ccccce8,94991afd3a666c23,78fcc49496e6e4f8
Training/notumor/Tr-no_550.jpg,Training,notumor,14699,True,,1760da4ac516c8564bf06bc349176a1463dbb49f4de7b6d0b986ff015b96bd62,11f1d0cd13a8721da13e90aa22893ff13e5e1f2ad338632a15ba2f8e62b23ae6,d0161ffa7a962951,e8cccc8c8e96ccf0,94661a033a9b7cde,f8e4e69694c4fc78,84bc4a502f3c78fb,e0cc948ececccce8,c1cc4fa86f312976,e0c0d4c69698d8e0,85434baf2fc37d04,e8ccccce8e94cce0,c1334f576fcc2909,e0d89896c6d4c0e0,d0e91f057a6929ae,f0cc968e8ccccce8,94991afd3a666c23,78fcc49496e6e4f8
Testing/glioma/Te-gl_171.jpg,Testing,glioma,28239,True,,177abe5e79819aaca240e172e350d26a7b6e4d12c1c4c9f5a16c6cbb2e2a650d,09116c3b440fc1c94b859bcfc38a5eff3e2eec17de91e3853faa0f85bbf5912b,c687053f1abc8fb0,6ccced657568a6f0,c5ff14e21a09da8d,70966271c9c9ca7c,d32d50954f1eda1a,f09ae9415948c8c8,92d541484fa78f67,c1ac6c6c71a996f1,93d2506a4fe1dac5,c8c8485941e99af0,92aa40b74f5c8fd8,f196a9716c6cacc1,c67905c01a4f8f6f,f0a6687565edcc6c,c780151d1ef6da72,7ccac9c971629670
Testing/glioma/Te-gl_228.jpg,Testing,glioma,28239,True,,177abe5e79819aaca240e172e350d26a7b6e4d12c1c4c9f5a16c6cbb2e2a650d,09116c3b440fc1c94b859bcfc38a5eff3e2eec17de91e3853faa0f85bbf5912b,c687053f1abc8fb0,6ccced657568a6f0,c5ff14e21a09da8d,70966271c9c9ca7c,d32d50954f1eda1a,f09ae9415948c8c8,92d541484fa78f67,c1ac6c6c71a996f1,93d2506a4fe1dac5,c8c8485941e99af0,92aa40b74f5c8fd8,f196a9716c6cacc1,c67905c01a4f8f6f,f0a6687565edcc6c,c780151d1ef6da72,7ccac9c971629670
Training/notumor/Tr-no_1244.jpg,Training,notumor,14368,True,,17bd1588f84aafbccb846c974ae1f24cef5ce6f0fc0f32a4417af50bfe9f52cd,01732e43bccbf0e6b396ba7d2de6a846929eb4c5b5ad86580be411752eee7845,91971ed87a24795c,70d0d4d6b0d2f0f0,d0e40e473b9b683d,78e4aaa8a8a8e070,c42d4b722f8e3ce2,f0f0b4f094d4f471,854e5ba46e303d97,f1f8eaeaeaaad8e1,c4d24b8d2f713c1d,71f4d494f0b4f0f0,85b15b126ece3d68,e1d8aaeaeaeaf8f1,91681e276adb69a3,f0f0d2b0d6d4d070,d01b0efb3b6568c2,70e0a8a8a8aae478
Training/notumor/Tr-no_1392.jpg,Training,notumor,14368,True,,17bd1588f84aafbccb846c974ae1f24cef5ce6f0fc0f32a4417af50bfe9f52cd,01732e43bccbf0e6b396ba7d2de6a846929eb4c5b5ad86580be411752eee7845,91971ed87a24795c,70d0d4d6b0d2f0f0,d0e40e473b9b683d,78e4aaa8a8a8e070,c42d4b722f8e3ce2,f0f0b4f094d4f471,854e5ba46e303d97,f1f8eaeaeaaad8e1,c4d24b8d2f713c1d,71f4d494f0b4f0f0,85b15b126ece3d68,e1d8aaeaeaeaf8f1,91681e276adb69a3,f0f0d2b0d6d4d070,d01b0efb3b6568c2,70e0a8a8a8aae478
Training/notumor/Tr-no_781.jpg,Training,notumor,14368,True,,17bd1588f84aafbccb846c974ae1f24cef5ce6f0fc0f32a4417af50bfe9f52cd,01732e43bccbf0e6b396ba7d2de6a846929eb4c5b5ad86580be411752eee7845,91971ed87a24795c,70d0d4d6b0d2f0f0,d0e40e473b9b683d,78e4aaa8a8a8e070,c42d4b722f8e3ce2,f0f0b4f094d4f471,854e5ba46e303d97,f1f8eaeaeaaad8e1,c4d24b8d2f713c1d,71f4d494f0b4f0f0,85b15b126ece3d68,e1d8aaeaeaeaf8f1,91681e276adb69a3,f0f0d2b0d6d4d070,d01b0efb3b6568c2,70e0a8a8a8aae478
Testing/glioma/Te-gl_177.jpg,Testing,glioma,25760,True,,192cb19f45e0c2f320174ae32077f828514d07d101a3042b1064776e6bc28cd6,469c5ed277964a951fbfc50396920e6ae767a77ba801bd67980d3857afbae945,96d3396c61c566c9,92f8e8e8e8e4f092,c4f43a1f3169c2b6,0ae1c4d4d4d47102,c3396c86342f33e3,96f0d8e8e8e8e092,915a6fb564c39718,8070d4d4d4dc78a0,c3c66d7934d1331c,92e0e8e8e8d8f096,91a16f4a643c97c7,a078dcd4d4d47080,966c38d3613a66b6,92f0e4e8e8e8f892,c55f3ae03196c26d,0271d4d4d4c4e10a
Testing/glioma/Te-gl_36.jpg,Testing,glioma,25760,True,,192cb19f45e0c2f320174ae32077f828514d07d101a3042b1064776e6bc28cd6,469c5ed277964a951fbfc50396920e6ae767a77ba801bd67980d3857afbae945,96d3396c61c566c9,92f8e8e8e8e4f092,c4f43a1f3169c2b6,0ae1c4d4d4d47102,c3396c86342f33e3,96f0d8e8e8e8e092,915a6fb564c39718,8070d4d4d4dc78a0,c3c66d7934d1331c,92e0e8e8e8d8f096,91a16f4a643c97c7,a078dcd4d4d47080,966c38d3613a66b6,92f0e4e8e8e8f892,c55f3ae03196c26d,0271d4d4d4c4e10a
Training/pituitary/Tr-pi_1309.jpg,Training,pituitary,34589,True,,1bbe995f377f1eb224e2a963238bbfacf7bf49a3d7219bbc3dd781b5c34e4fb8,0fd418ba77dad9b666326d0b5e69d67ff163d41efd14584d288485c9571a3893,c03d2bf42d693666,b2e8d0d4ccccd469,906a7fad6cac2391,017cd8a4acd87c01,95976e5e60c362cc,69d4ccccd4f468b2,c5c02a2f392e763b,02c1e4cadae4c102,95687ea1783c6333,b268f4d4ccccd469,c53f2ad031f176c4,02c1e4dacae4c102,c0c23f0b3d963799,69d4ccccd4d0e8b2,90957f526c53236e,017cd8aca4d87c01
Training/pituitary/Tr-pi_261.jpg,Training,pituitary,34589,True,,1bbe995f377f1eb224e2a963238bbfacf7bf49a3d7219bbc3dd781b5c34e4fb8,0fd418ba77dad9b666326d0b5e69d67ff163d41efd14584d288485c9571a3893,c03d2bf42d693666,b2e8d0d4ccccd469,906a7fad6cac2391,017cd8a4acd87c01,95976e5e60c362cc,69d4ccccd4f468b2,c5c02a2f392e763b,02c1e4cadae4c102,95687ea1783c6333,b268f4d4ccccd469,c53f2ad031f176c4,02c1e4dacae4c102,c0c23f0b3d963799,69d4ccccd4d0e8b2,90957f526c53236e,017cd8aca4d87c01
Training/notumor/Tr-no_1267.jpg,Training,notumor,17506,True,,1e1a27e88f2812b4b950fca09bf5f4b8fe20514826756ac69b37b43c0c73214b,094d0e666d7a78ca9f0fa31b563bafa869f006f22c8517505e7dd992d7af0986,954a46797aa67859,78dcf8ec989eceee,84841e655b5b6c6f,f4e6aedae6a6dc39,c0f013d33f0c2df3,888c86e6c8e0c4e0,d12e4bce0ef139c4,60c49a98a48a88d0,c01f132c2ff32d1d,e0c4e0c8e6868c88,d1d14b790e0e393b,d0888aa4989ac460,95b546867a5978a6,eece9e98ecf8dc78,847b1e9b5ba46c91,39dca6e6daaee6f4
Training/notumor/Tr-no_380.jpg,Training,notumor,17506,True,,1e1a27e88f2812b4b950fca09bf5f4b8fe20514826756ac69b37b43c0c73214b,094d0e666d7a78ca9f0fa31b563bafa869f006f22c8517505e7dd992d7af0986,954a46797aa67859,78dcf8ec989eceee,84841e655b5b6c6f,f4e6aedae6a6dc39,c0f013d33f0c2df3,888c86e6c8e0c4e0,d12e4bce0ef139c4,60c49a98a48a88d0,c01f132c2ff32d1d,e0c4e0c8e6868c88,d1d14b790e0e393b,d0888aa4989ac460,95b546867a5978a6,eece9e98ecf8dc78,847b1e9b5ba46c91,39dca6e6daaee6f4
Training/notumor/Tr-no_387.jpg,Training,notumor,17506,True,,1e1a27e88f2812b4b950fca09bf5f4b8fe20514826756ac69b37b43c0c73214b,094d0e666d7a78ca9f0fa31b563bafa869f006f22c8517505e7dd992d7af0986,954a46797aa67859,78dcf8ec989eceee,84841e655b5b6c6f,f4e6aedae6a6dc39,c0f013d33f0c2df3,888c86e6c8e0c4e0,d12e4bce0ef139c4,60c49a98a48a88d0,c01f132c2ff32d1d,e0c4e0c8e6868c88,d1d14b790e0e393b,d0888aa4989ac460,95b546867a5978a6,eece9e98ecf8dc78,847b1e9b5ba46c91,39dca6e6daaee6f4
Training/notumor/Tr-no_224.jpg,Training,notumor,10180,True,,20b0c7de1c131e75deff54e8f0c51eef6c48116cdcbf7bb1f47fc7e4c7f07ab1,11c0422fc09138d44594dcf7fd4f6f8df070fa394a8765911f537534245fba16,c64f3fb07892612b,70f0d4d4d4d4f070,94253bc3691fe51c,20fce4aaa8e4f820,93e56a5a2d393495,70f0d4d4d4d4f070,c18f6e683cb5b0b2,30c0d8eaaad8c030,921a6aa52dc7347e,70f0d4d4d4d4f070,c1706e973c4bb0cd,30c0d8aaead8c030,c7b03f0f786c61c4,70f0d4d4d4d4f070,94ca3b3c69e0e563,20f8e4a8aae4fc20
Training/notumor/Tr-no_232.jpg,Training,notumor,10180,True,,20b0c7de1c131e75deff54e8f0c51eef6c48116cdcbf7bb1f47fc7e4c7f07ab1,11c0422fc09138d44594dcf7fd4f6f8df070fa394a8765911f537534245fba16,c64f3fb07892612b,70f0d4d4d4d4f070,94253bc3691fe51c,20fce4aaa8e4f820,93e56a5a2d393495,70f0d4d4d4d4f070,c18f6e683cb5b0b2,30c0d8eaaad8c030,921a6aa52dc7347e,70f0d4d4d4d4f070,c1706e973c4bb0cd,30c0d8aaead8c030,c7b03f0f786c61c4,70f0d4d4d4d4f070,94ca3b3c69e0e563,20f8e4a8aae4fc20
Training/notumor/Tr-no_29.jpg,Training,notumor,10180,True,,20b0c7de1c131e75deff54e8f0c51eef6c48116cdcbf7bb1f47fc7e4c7f07ab1,11c0422fc09138d44594dcf7fd4f6f8df070fa394a8765911f537534245fba16,c64f3fb07892612b,70f0d4d4d4d4f070,94253bc3691fe51c,20fce4aaa8e4f820,93e56a5a2d393495,70f0d4d4d4d4f070,c18f6e683cb5b0b2,30c0d8eaaad8c030,921a6aa52dc7347e,70f0d4d4d4d4f070,c1706e973c4bb0cd,30c0d8aaead8c030,c7b03f0f786c61c4,70f0d4d4d4d4f070,94ca3b3c69e0e563,20f8e4a8aae4fc20
Training/notumor/Tr-no_1336.jpg,Training,notumor,12856,True,,23794834130a37699051efa29c29b9af12ae94b6a65d3957d7f9ad667f9bdf0f,19f94e3a147c36cbb24e9dc90637601a47b63dd75fa271f0b410feb232683574,c35904281fcb4fcf,d0c86849e88de8e8,853810b75fde8f30,f898f64246669af4,96f351824e615e67,e8e84c686de9acf4,d093451d0a7edb9a,d0a6999d3d90e6e0,960c517d4e9e5e98,f4ace96d684ce8e8,d06f45e20a8bdb65,e0e6903d9d99a6d0,c3a604d71f344f72,e8e88de84968c8d0,85c710485f2b8fcf,f49a664642f698f8
Training/notumor/Tr-no_165.jpg,Training,notumor,12856,True,,23794834130a37699051efa29c29b9af12ae94b6a65d3957d7f9ad667f9bdf0f,19f94e3a147c36cbb24e9dc90637601a47b63dd75fa271f0b410feb232683574,c35904281fcb4fcf,d0c86849e88de8e8,853810b75fde8f30,f898f64246669af4,96f351824e615e67,e8e84c686de9acf4,d093451d0a7edb9a,d0a6999d3d90e6e0,960c517d4e9e5e98,f4ace96d684ce8e8,d06f45e20a8bdb65,e0e6903d9d99a6d0,c3a604d71f344f72,e8e88de84968c8d0,85c710485f2b8fcf,f49a664642f698f8
Training/notumor/Tr-no_649.jpg,Training,notumor,32715,True,,23a839738271bed355a592894783aaec5b225a7ea883e26b116b63a6edb819a1,0303aee798cc27fa4861044a6b310812871c1084bc692e5be48319a6165770b9,d4580aab2f052f3f,f9e0b4b688aad4e8,903f1a3e7a703be0,38e48aacec88e4f8,81f05f017a2f7a95,e8d4aaac92d2e860,c5954e942eda6e4a,e0d8aec8caaed8e1,810d5ffe7a507a42,60e8d292acaad4e8,c16a4e6b2e252eb5,e1d8aecac8aed8e0,d4a70a542ffa2fc0,e8d4aa88b6b4e0f9,90c01bc17b8f3b1f,f8e488ecac8ae438
Training/notumor/Tr-no_817.jpg,Training,notumor,32715,True,,23a839738271bed355a592894783aaec5b225a7ea883e26b116b63a6edb819a1,0303aee798cc27fa4861044a6b310812871c1084bc692e5be48319a6165770b9,d4580aab2f052f3f,f9e0b4b688aad4e8,903f1a3e7a703be0,38e48aacec88e4f8,81f05f017a2f7a95,e8d4aaac92d2e860,c5954e942eda6e4a,e0d8aec8caaed8e1,810d5ffe7a507a42,60e8d292acaad4e8,c16a4e6b2e252eb5,e1d8aecac8aed8e0,d4a70a542ffa2fc0,e8d4aa88b6b4e0f9,90c01bc17b8f3b1f,f8e488ecac8ae438
Training/notumor/Tr-no_138.jpg,Training,notumor,33378,True,,24d874e516a3da5ce8ada80135a0a62c8474538f72f098ad9d3e7ff794595f35,132f5fec668ecb7ca6987e50c0b38a721d677bac833958e2f2496977b3febf41,977a68a5689661cb,3179d4d4d4d4f071,95947a1b696bc568,1bf4e4eaeae4f813,c2d02f4f3d3d3461,71f0d4d4c4d46172,c03e2fb13cc3b0ce,32e0d8a8a8d8d026,c22f2df03dc2349e,7261d4c4d4d4f071,c0d12f4e3c3eb03d,26d0d8a8a8d8e032,97857a5a69696534,71f0d4d4d4d47931,956b7ac46994c593,13f8e4eaeae4f41b
Training/notumor/Tr-no_1383.jpg,Training,notumor,33378,True,,24d874e516a3da5ce8ada80135a0a62c8474538f72f098ad9d3e7ff794595f35,132f5fec668ecb7ca6987e50c0b38a721d677bac833958e2f2496977b3febf41,977a68a5689661cb,3179d4d4d4d4f071,95947a1b696bc568,1bf4e4eaeae4f813,c2d02f4f3d3d3461,71f0d4d4c4d46172,c03e2fb13cc3b0ce,32e0d8a8a8d8d026,c22f2df03dc2349e,7261d4c4d4d4f071,c0d12f4e3c3eb03d,26d0d8a8a8d8e032,97857a5a69696534,71f0d4d4d4d47931,956b7ac46994c593,13f8e4eaeae4f41b
Training/meningioma/Tr-me_339.jpg,Training,meningioma,26281,True,,24f09f91af40e42f2798bbc29df353ce17e6a0c0b533fb923b2fa8f75df6b496,05f18b38c84b841f06f08ad11a3faa70c7362cb267e5e8a6403c9981b459a212,c4736ead39cc3984,69e8e0e0d0e4e070,951b7ab53e4a60a5,78f8c4d4c6ccf071,91d93b076c666c2e,71f8d8f4e8f8e869,c0b12f1f6be0350f,71f0cc94d4d8e061,91263bf86c996cd1,69e8f8e8f4d8f871,c04e2fe06b1f35f0,61e0d8d494ccf071,c48c6e523933397b,70e0e4d0e0e0e869,95e47a4a3eb5605a,71f0ccc6d4c4f878
Training/meningioma/Tr-me_534.jpg,Training,meningioma,26281,True,,24f09f91af40e42f2798bbc29df353ce17e6a0c0b533fb923b2fa8f75df6b496,05f18b38c84b841f06f08ad11a3faa70c7362cb267e5e8a6403c9981b459a212,c4736ead39cc3984,69e8e0e0d0e4e070,951b7ab53e4a60a5,78f8c4d4c6ccf071,91d93b076c666c2e,71f8d8f4e8f8e869,c0b12f1f6be0350f,71f0cc94d4d8e061,91263bf86c996cd1,69e8f8e8f4d8f871,c04e2fe06b1f35f0,61e0d8d494ccf071,c48c6e523933397b,70e0e4d0e0e0e869,95e47a4a3eb5605a,71f0ccc6d4c4f878
Training/meningioma/Tr-me_86.jpg,Training,meningioma,26281,True,,24f09f91af40e42f2798bbc29df353ce17e6a0c0b533fb923b2fa8f75df6b496,05f18b38c84b841f06f08ad11a3faa70c7362cb267e5e8a6403c9981b459a212,c4736ead39cc3984,69e8e0e0d0e4e070,951b7ab53e4a60a5,78f8c4d4c6ccf071,91d93b076c666c2e,71f8d8f4e8f8e869,c0b12f1f6be0350f,71f0cc94d4d8e061,91263bf86c996cd1,69e8f8e8f4d8f871,c04e2fe06b1f35f0,61e0d8d494ccf071,c48c6e523933397b,70e0e4d0e0e0e869,95e47a4a3eb5605a,71f0ccc6d4c4f878
Training/notumor/Tr-no_250.jpg,Training,notumor,13582,True,,25c13de1f058a3b2d081828fab9a6589ac1feba9a0c3963e8033115e3b9bc2ee,0507792359ec2c03ffebf92b8c9b066d406493bb058b032717a8883afa1fb388,95865e78782d6672,70f0ee9a9ceeee9c,c1c41f463c19737b,e4e4c0a0ccccd178,d06d0bd22d9733d8,c68888c6a688f0f1,946e4aec69b326d1,a174ccccfafcd8d8,c0d30b2f2d7833a7,f1f088a6c68888c6,95d14a97694c366e,d8d8fcfacccc74a1,95795e8578d2660d,9ceeee9c9aeef070,c03b1fb93ce66384,78d1cccca0c0e4e4
Training/notumor/Tr-no_472.jpg,Training,notumor,13582,True,,25c13de1f058a3b2d081828fab9a6589ac1feba9a0c3963e8033115e3b9bc2ee,0507792359ec2c03ffebf92b8c9b066d406493bb058b032717a8883afa1fb388,95865e78782d6672,70f0ee9a9ceeee9c,c1c41f463c19737b,e4e4c0a0ccccd178,d06d0bd22d9733d8,c68888c6a688f0f1,946e4aec69b326d1,a174ccccfafcd8d8,c0d30b2f2d7833a7,f1f088a6c68888c6,95d14a97694c366e,d8d8fcfacccc74a1,95795e8578d2660d,9ceeee9c9aeef070,c03b1fb93ce66384,78d1cccca0c0e4e4
Training/notumor/Tr-no_1154.jpg,Training,notumor,20545,True,,25dbc9664f03a7af82b74aec6c5497cd94dc5f6f639907656725d0ac88cfd111,024a5b3587301d87bd01d433c84758217fb3b7c73a14da09c7e02b4244562008,c00f3b202f9bb56e,e0e0e0e4e6829818,867e3ad969b46c90,6dece6e6f0d0ece2,95a56e8a7a38f4c4,e7e6be98d8f8f878,d3d46e71381c3837,98c8f4f09898c848,955a6e757ac6e018,78f8f8d898bee6e7,d32b6e8e3ce338c0,48c89898f0f4c898,c0f03bdf2e65a191,189882e6e4e0e0e0,86813b266d4b6d6b,e2ecd0f0e6e6ec6d
Training/notumor/Tr-no_1235.jpg,Training,notumor,20545,True,,25dbc9664f03a7af82b74aec6c5497cd94dc5f6f639907656725d0ac88cfd111,024a5b3587301d87bd01d433c84758217fb3b7c73a14da09c7e02b4244562008,c00f3b202f9bb56e,e0e0e0e4e6829818,867e3ad969b46c90,6dece6e6f0d0ece2,95a56e8a7a38f4c4,e7e6be98d8f8f878,d3d46e71381c3837,98c8f4f09898c848,955a6e757ac6e018,78f8f8d898bee6e7,d32b6e8e3ce338c0,48c89898f0f4c898,c0f03bdf2e65a191,189882e6e4e0e0e0,86813b266d4b6d6b,e2ecd0f0e6e6ec6d
Training/notumor/Tr-no_1360.jpg,Training,notumor,20545,True,,25dbc9664f03a7af82b74aec6c5497cd94dc5f6f639907656725d0ac88cfd111,024a5b3587301d87bd01d433c84758217fb3b7c73a14da09c7e02b4244562008,c00f3b202f9bb56e,e0e0e0e4e6829818,867e3ad969b46c90,6dece6e6f0d0ece2,95a56e8a7a38f4c4,e7e6be98d8f8f878,d3d46e71381c3837,98c8f4f09898c848,955a6e757ac6e018,78f8f8d898bee6e7,d32b6e8e3ce338c0,48c89898f0f4c898,c0f03bdf2e65a191,189882e6e4e0e0e0,86813b266d4b6d6b,e2ecd0f0e6e6ec6d
Training/notumor/Tr-no_854.jpg,Training,notumor,20545,True,,25dbc9664f03a7af82b74aec6c5497cd94dc5f6f639907656725d0ac88cfd111,024a5b3587301d87bd01d433c84758217fb3b7c73a14da09c7e02b4244562008,c00f3b202f9bb56e,e0e0e0e4e6829818,867e3ad969b46c90,6dece6e6f0d0ece2,95a56e8a7a38f4c4,e7e6be98d8f8f878,d3d46e71381c3837,98c8f4f09898c848,955a6e757ac6e018,78f8f8d898bee6e7,d32b6e8e3ce338c0,48c89898f0f4c898,c0f03bdf2e65a191,189882e6e4e0e0e0,86813b266d4b6d6b,e2ecd0f0e6e6ec6d
Training/notumor/Tr-no_1288.jpg,Training,notumor,136631,True,,2779f5d9e97ff8a2283e34ab88a7e6de22c561367944758e2796f427fd2dddd9,0514996e3a36ca8aa098699174c21befe7d7bd5aeb91622802058f87d2784988,d14a0fbd6e256964,61d0d4d4d4f0d470,90341f7f7ac66849,79f0a0a8a8a0f079,84e05a173b8f3cce,f0d4f0d4d4d4f471,859e4a852f683de3,61f0f8eaeafaf061,849f5af83b703c31,71f4d4d4d4f0d4f0,c5614a3a2f973d1c,61f0faeaeaf8f061,d1250f426eda699b,70d4f0d4d4d4d061,90cb1f907a3d68b6,79f0a0a8a8a0f079
Training/notumor/Tr-no_831.jpg,Training,notumor,136631,True,,2779f5d9e97ff8a2283e34ab88a7e6de22c561367944758e2796f427fd2dddd9,0514996e3a36ca8aa098699174c21befe7d7bd5aeb91622802058f87d2784988,d14a0fbd6e256964,61d0d4d4d4f0d470,90341f7f7ac66849,79f0a0a8a8a0f079,84e05a173b8f3cce,f0d4f0d4d4d4f471,859e4a852f683de3,61f0f8eaeafaf061,849f5af83b703c31,71f4d4d4d4f0d4f0,c5614a3a2f973d1c,61f0faeaeaf8f061,d1250f426eda699b,70d4f0d4d4d4d061,90cb1f907a3d68b6,79f0a0a8a8a0f079
Training/notumor/Tr-no_863.jpg,Training,notumor,136631,True,,2779f5d9e97ff8a2283e34ab88a7e6de22c561367944758e2796f427fd2dddd9,0514996e3a36ca8aa098699174c21befe7d7bd5aeb91622802058f87d2784988,d14a0fbd6e256964,61d0d4d4d4f0d470,90341f7f7ac66849,79f0a0a8a8a0f079,84e05a173b8f3cce,f0d4f0d4d4d4f471,859e4a852f683de3,61f0f8eaeafaf061,849f5af83b703c31,71f4d4d4d4f0d4f0,c5614a3a2f973d1c,61f0faeaeaf8f061,d1250f426eda699b,70d4f0d4d4d4d061,90cb1f907a3d68b6,79f0a0a8a8a0f079
Training/notumor/Tr-no_194.jpg,Training,notumor,16776,True,,280d387f9ef5c5407c3a5618fc7e3a861fed385c6f4c2e11e1ee9b13a7faa102,03e933d1737079084de7306073554a49461deb91ca3c82c45f4a7c060d8e3489,ce6c38b634326799,3261696168686930,903d7ac2e12596fc,8238fcce8afc3882,9bc66d1c61b836b2,306969e9796979b0,c4972b68b48dc357,8660c0ac8cc06084,9b396de36147324c,b0796979e9696930,c5682f97b472c3a8,8460c08cacc06086,ce93384934cd63e6,3069686861696132,95c27e3de1da9602,8238fc8acefc3882
Training/notumor/Tr-no_219.jpg,Training,notumor,16776,True,,280d387f9ef5c5407c3a5618fc7e3a861fed385c6f4c2e11e1ee9b13a7faa102,03e933d1737079084de7306073554a49461deb91ca3c82c45f4a7c060d8e3489,ce6c38b634326799,3261696168686930,903d7ac2e12596fc,8238fcce8afc3882,9bc66d1c61b836b2,306969e9796979b0,c4972b68b48dc357,8660c0ac8cc06084,9b396de36147324c,b0796979e9696930,c5682f97b472c3a8,8460c08cacc06086,ce93384934cd63e6,3069686861696132,95c27e3de1da9602,8238fc8acefc3882
Training/notumor/Tr-no_493.jpg,Training,notumor,14611,True,,29f5011764730ed401f04b4978195c0b9fcedb005c3408f89a7586259cb1b675,5d426be48efe15ee865fea9f15e20e026366e749a71be9d8161555ba101feee2,955a363a3ab17361,386cdafafad8ceee,84bc3f01585f7a78,76feade4b3c66c16,c0f063d06f1b26cf,888ce4a0a0a4c9e3,d1166aab09f42fd2,93c99c12d80a8090,c00f636f6fe42634,e3c9a4a0a0e48c88,d1f96a540d0b2f2d,90800ad8129cc993,95a536c53a46739a,eeced8fafada6c38,84433ffe58a07a87,166cc6b3e4adfe76
Training/notumor/Tr-no_664.jpg,Training,notumor,14611,True,,29f5011764730ed401f04b4978195c0b9fcedb005c3408f89a7586259cb1b675,5d426be48efe15ee865fea9f15e20e026366e749a71be9d8161555ba101feee2,955a363a3ab17361,386cdafafad8ceee,84bc3f01585f7a78,76feade4b3c66c16,c0f063d06f1b26cf,888ce4a0a0a4c9e3,d1166aab09f42fd2,93c99c12d80a8090,c00f636f6fe42634,e3c9a4a0a0e48c88,d1f96a540d0b2f2d,90800ad8129cc993,95a536c53a46739a,eeced8fafada6c38,84433ffe58a07a87,166cc6b3e4adfe76
Training/notumor/Tr-no_1085.jpg,Training,notumor,52569,True,,2ad6ffff97ce8cbfd5d4785955ea16a6ccf7090eb67a8015e47cd8902571b827,2277d3a5255276f70de80b7c1fe897bbcdf71c174a877a039948bcf9ab8ec69b,817a7e2879e17a25,31e0d0d0d4aad6e8,80957d957a9e6272,3cf0d9e8e8f0f438,d4d02b822ccb6f8f,e894aad4f4d4f833,d138283f2f3437d8,e2d0f0e8e864e0c3,d42f2b7d2c340f70,33f8d4f4d4aa94e8,d5c22ac02fcb3727,c3e064e8e8f0d0e2,81817ed7791e1a9a,e8d6aad4d0d0e031,846a7f6a7a61628d,38f4f0e8e8d9f03c
Training/notumor/Tr-no_692.jpg,Training,notumor,52569,True,,2ad6ffff97ce8cbfd5d4785955ea16a6ccf7090eb67a8015e47cd8902571b827,2277d3a5255276f70de80b7c1fe897bbcdf71c174a877a039948bcf9ab8ec69b,817a7e2879e17a25,31e0d0d0d4aad6e8,80957d957a9e6272,3cf0d9e8e8f0f438,d4d02b822ccb6f8f,e894aad4f4d4f833,d138283f2f3437d8,e2d0f0e8e864e0c3,d42f2b7d2c340f70,33f8d4f4d4aa94e8,d5c22ac02fcb3727,c3e064e8e8f0d0e2,81817ed7791e1a9a,e8d6aad4d0d0e031,846a7f6a7a61628d,38f4f0e8e8d9f03c
Training/notumor/Tr-no_767.jpg,Training,notumor,52569,True,,2ad6ffff97ce8cbfd5d4785955ea16a6ccf7090eb67a8015e47cd8902571b827,2277d3a5255276f70de80b7c1fe897bbcdf71c174a877a039948bcf9ab8ec69b,817a7e2879e17a25,31e0d0d0d4aad6e8,80957d957a9e6272,3cf0d9e8e8f0f438,d4d02b822ccb6f8f,e894aad4f4d4f833,d138283f2f3437d8,e2d0f0e8e864e0c3,d42f2b7d2c340f70,33f8d4f4d4aa94e8,d5c22ac02fcb3727,c3e064e8e8f0d0e2,81817ed7791e1a9a,e8d6aad4d0d0e031,846a7f6a7a61628d,38f4f0e8e8d9f03c
Training/notumor/Tr-no_98.jpg,Training,notumor,52569,True,,2ad6ffff97ce8cbfd5d4785955ea16a6ccf7090eb67a8015e47cd8902571b827,2277d3a5255276f70de80b7c1fe897bbcdf71c174a877a039948bcf9ab8ec69b,817a7e2879e17a25,31e0d0d0d4aad6e8,80957d957a9e6272,3cf0d9e8e8f0f438,d4d02b822ccb6f8f,e894aad4f4d4f833,d138283f2f3437d8,e2d0f0e8e864e0c3,d42f2b7d2c340f70,33f8d4f4d4aa94e8,d5c22ac02fcb3727,c3e064e8e8f0d0e2,81817ed7791e1a9a,e8d6aad4d0d0e031,846a7f6a7a61628d,38f4f0e8e8d9f03c
Training/notumor/Tr-no_473.jpg,Training,notumor,14360,True,,2bcf7f2051a470cc90e74522c8141783f4e6e3b36b033e622bb446070804fbce,041928e2183b26f67479cbad81d80ef1ba83ad6da61f3513ffceac00e099cd61,c13b2ef03d75348c,71e8e8c8ccc8e0f0,916f7ea569d06033,70f8d8d8d8dcf070,94917b5a68cf612e,f0f8ecccece8e871,c4c12b0f3d7a3599,e1e0c4e4e4e4e0f1,946e7ba5687061d9,71e8e8ecccecf8f0,c43e2bf03d853566,f1e0e4e4e4c4e0e1,c1c42e0f3d9a347b,f0e0c8ccc8e8e871,91d47e5a692f60cc,70f0dcd8d8d8f870
Training/notumor/Tr-no_778.jpg,Training,notumor,14360,True,,2bcf7f2051a470cc90e74522c8141783f4e6e3b36b033e622bb446070804fbce,041928e2183b26f67479cbad81d80ef1ba83ad6da61f3513ffceac00e099cd61,c13b2ef03d75348c,71e8e8c8ccc8e0f0,916f7ea569d06033,70f8d8d8d8dcf070,94917b5a68cf612e,f0f8ecccece8e871,c4c12b0f3d7a3599,e1e0c4e4e4e4e0f1,946e7ba5687061d9,71e8e8ecccecf8f0,c43e2bf03d853566,f1e0e4e4e4c4e0e1,c1c42e0f3d9a347b,f0e0c8ccc8e8e871,91d47e5a692f60cc,70f0dcd8d8d8f870
Training/notumor/Tr-no_1077.jpg,Training,notumor,15092,True,,2cd1096a6415c70403948e7aaac0694451619850a4ce545b4f9134b06401248b,152d51d9c50acbba6ca776275c23a1b4f73ae331a667b44a1861842be348c659,966a6db77a9820d2,69e8e8e8e8cce870,95947a626c4bd98d,70fcf4f4f4dcc870,c3c1381d2f367c78,f0e8c4e8e8e8e869,c03e2fc83be58c27,f1ecc4d0d0d0c0e1,c33e38e22fc93487,69e8e8e8e8c4e8f0,c0c32f373b1e8cd8,e1c0d0d0d0c4ecf1,96946d487a67692d,70e8cce8e8e8e869,95697a9d6cb0d930,70c8dcf4f4f4fc70
Training/notumor/Tr-no_1400.jpg,Training,notumor,15092,True,,2cd1096a6415c70403948e7aaac0694451619850a4ce545b4f9134b06401248b,152d51d9c50acbba6ca776275c23a1b4f73ae331a667b44a1861842be348c659,966a6db77a9820d2,69e8e8e8e8cce870,95947a626c4bd98d,70fcf4f4f4dcc870,c3c1381d2f367c78,f0e8c4e8e8e8e869,c03e2fc83be58c27,f1ecc4d0d0d0c0e1,c33e38e22fc93487,69e8e8e8e8c4e8f0,c0c32f373b1e8cd8,e1c0d0d0d0c4ecf1,96946d487a67692d,70e8cce8e8e8e869,95697a9d6cb0d930,70c8dcf4f4f4fc70
Training/notumor/Tr-no_293.jpg,Training,notumor,4386,True,,2db2426323e2d116ddfd79ca17da4f0c3861a527eba11414ce1ffe403b5810bd,120db4bd374be23a1e64130c0e2f30b9125eee7389566bee62bf26beaf5ac1a8,9712197f12fa1b25,dcb2c94d4d558ad0,84eb150136efde4c,ec9a6545cde492f4,c6b84cd547505f8b,f4ae554d4d48b2c4,d14540eb67458be7,d0b6d84c5d59a6c0,c6474c2a47af4e74,c4b2484d4d55aef4,d1be405663ba8b1b,c0a6595d4cd8b6d0,93fd1980124d1bdf,d08a554d4dc9b2dc,841415fe3691deb3,f492e4cd45659aec
Training/notumor/Tr-no_60.jpg,Training,notumor,4386,True,,2db2426323e2d116ddfd79ca17da4f0c3861a527eba11414ce1ffe403b5810bd,120db4bd374be23a1e64130c0e2f30b9125eee7389566bee62bf26beaf5ac1a8,9712197f12fa1b25,dcb2c94d4d558ad0,84eb150136efde4c,ec9a6545cde492f4,c6b84cd547505f8b,f4ae554d4d48b2c4,d14540eb67458be7,d0b6d84c5d59a6c0,c6474c2a47af4e74,c4b2484d4d55aef4,d1be405663ba8b1b,c0a6595d4cd8b6d0,93fd1980124d1bdf,d08a554d4dc9b2dc,841415fe3691deb3,f492e4cd45659aec
Training/notumor/Tr-no_577.jpg,Training,notumor,127722,True,,2e9979eb629886f51f2e4b143f7526fe57537077b3bcb1bfd7d4ecad00b30547,204e21272d4b40d66ec861504a17d99d4776784fd0156d6bff602b0c9cf7aa96,c64e6db56cd2342c,71f1e8e8cccce871,94373be96904c4cf,01f8f49494f4f801,93e4783f39786186,71e8cccce8e87071,c1997e433cae9165,01e0d0d4d6d0e003,931b78e039c76179,7170e8e8cccce871,c1667ebc3c51919a,03e0d0d6d4d0e001,c6b12d6a6c2d34d3,71e8cccce8e8f171,94ec3b1669fbc430,01f8f49494f4f801
Training/notumor/Tr-no_764.jpg,Training,notumor,127722,True,,2e9979eb629886f51f2e4b143f7526fe57537077b3bcb1bfd7d4ecad00b30547,204e21272d4b40d66ec861504a17d99d4776784fd0156d6bff602b0c9cf7aa96,c64e6db56cd2342c,71f1e8e8cccce871,94373be96904c4cf,01f8f49494f4f801,93e4783f39786186,71e8cccce8e87071,c1997e433cae9165,01e0d0d4d6d0e003,931b78e039c76179,7170e8e8cccce871,c1667ebc3c51919a,03e0d0d6d4d0e001,c6b12d6a6c2d34d3,71e8cccce8e8f171,94ec3b1669fbc430,01f8f49494f4f801
Training/notumor/Tr-no_112.jpg,Training,notumor,25759,True,,2ed15a662d8dcdf6077f3bf8bb4d21722e2a3b90ff2cf194db18b75933a4d322,1a13d36dc5129f88814786d5144c27fa5a37f3c74be2f0de93642c01622248d5,c3692ca23cb5aec3,71e8e8c8c8e8c8f0,973e7e316a81913a,78f4fce8e8dcf070,96c17908691feb69,70ece8ecece8e830,c2942b593f3be690,f1e0c4e8e8c0d0e1,862879f369e0e996,30e8e8ecece8ec70,c26b2ba43f84866f,e1d0c0e8e8c4e0f1,c3922e5d3c4aae3c,f0c8e8c8c8e8e871,97c17e0c6a2e93c5,70f0dce8e8fcf478
Training/notumor/Tr-no_1178.jpg,Training,notumor,25759,True,,2ed15a662d8dcdf6077f3bf8bb4d21722e2a3b90ff2cf194db18b75933a4d322,1a13d36dc5129f88814786d5144c27fa5a37f3c74be2f0de93642c01622248d5,c3692ca23cb5aec3,71e8e8c8c8e8c8f0,973e7e316a81913a,78f4fce8e8dcf070,96c17908691feb69,70ece8ecece8e830,c2942b593f3be690,f1e0c4e8e8c0d0e1,862879f369e0e996,30e8e8ecece8ec70,c26b2ba43f84866f,e1d0c0e8e8c4e0f1,c3922e5d3c4aae3c,f0c8e8c8c8e8e871,97c17e0c6a2e93c5,70f0dce8e8fcf478
Training/notumor/Tr-no_1265.jpg,Training,notumor,25759,True,,2ed15a662d8dcdf6077f3bf8bb4d21722e2a3b90ff2cf194db18b75933a4d322,1a13d36dc5129f88814786d5144c27fa5a37f3c74be2f0de93642c01622248d5,c3692ca23cb5aec3,71e8e8c8c8e8c8f0,973e7e316a81913a,78f4fce8e8dcf070,96c17908691feb69,70ece8ecece8e830,c2942b593f3be690,f1e0c4e8e8c0d0e1,862879f369e0e996,30e8e8ecece8ec70,c26b2ba43f84866f,e1d0c0e8e8c4e0f1,c3922e5d3c4aae3c,f0c8e8c8c8e8e871,97c17e0c6a2e93c5,70f0dce8e8fcf478
Training/notumor/Tr-no_308.jpg,Training,notumor,25759,True,,2ed15a662d8dcdf6077f3bf8bb4d21722e2a3b90ff2cf194db18b75933a4d322,1a13d36dc5129f88814786d5144c27fa5a37f3c74be2f0de93642c01622248d5,c3692ca23cb5aec3,71e8e8c8c8e8c8f0,973e7e316a81913a,78f4fce8e8dcf070,96c17908691feb69,70ece8ecece8e830,c2942b593f3be690,f1e0c4e8e8c0d0e1,862879f369e0e996,30e8e8ecece8ec70,c26b2ba43f84866f,e1d0c0e8e8c4e0f1,c3922e5d3c4aae3c,f0c8e8c8c8e8e871,97c17e0c6a2e93c5,70f0dce8e8fcf478
Training/notumor/Tr-no_494.jpg,Training,notumor,25759,True,,2ed15a662d8dcdf6077f3bf8bb4d21722e2a3b90ff2cf194db18b75933a4d322,1a13d36dc5129f88814786d5144c27fa5a37f3c74be2f0de93642c01622248d5,c3692ca23cb5aec3,71e8e8c8c8e8c8f0,973e7e316a81913a,78f4fce8e8dcf070,96c17908691feb69,70ece8ecece8e830,c2942b593f3be690,f1e0c4e8e8c0d0e1,862879f369e0e996,30e8e8ecece8ec70,c26b2ba43f84866f,e1d0c0e8e8c4e0f1,c3922e5d3c4aae3c,f0c8e8c8c8e8e871,97c17e0c6a2e93c5,70f0dce8e8fcf478
Training/pituitary/Tr-pi_1399.jpg,Training,pituitary,49394,True,,2ff387b9c84bad104f2f095f9832781f634931e584e02a1afab513037079eea5,009e08d4f0b81eddd7f820a5a886d1d0196948aaf18e5d47368232273df6642e,954a356b55255b95,d2bdece4202b769e,91e5357e527256c1,9466aac8d07495d8,c1e074c7109f1e3f,86912bfbd8c842b4,d40f61fe05d807ea,e456d1f4ecaa99d6,c15f74be10721ee1,b442c8d8fb2b9186,d4f0612f07371795,d699aaecf4d156e4,95b5319455da536a,9e762b20e4ecbdd2,815a34ab52ad52bf,d89574d0c8aa6694
Training/pituitary/Tr-pi_195.jpg,Training,pituitary,49394,True,,2ff387b9c84bad104f2f095f9832781f634931e584e02a1afab513037079eea5,009e08d4f0b81eddd7f820a5a886d1d0196948aaf18e5d47368232273df6642e,954a356b55255b95,d2bdece4202b769e,91e5357e527256c1,9466aac8d07495d8,c1e074c7109f1e3f,86912bfbd8c842b4,d40f61fe05d807ea,e456d1f4ecaa99d6,c15f74be10721ee1,b442c8d8fb2b9186,d4f0612f07371795,d699aaecf4d156e4,95b5319455da536a,9e762b20e4ecbdd2,815a34ab52ad52bf,d89574d0c8aa6694
Training/notumor/Tr-no_880.jpg,Training,notumor,41675,True,,303c5c415fc8be331907a13c78d499fa000f24788fab65f7c9171c448978b09f,0491e742163971c9f994a12551a76c6a7e946d7b1b8132267743b3b6e1941567,974a7e2178b53865,71e8e8e8e8cce870,84b63f516a5be06a,38fcc4d4d4c0f831,c2e02b8b2d0f6dcb,f1e8cce8e8e8e871,d11c6a7a2ff0b5c0,73e0f4d4d4dcc0e3,c21f6b742de06d34,71e8e8e8e8cce8f1,d1c36a003f0eb53f,e3c0dcd4d4f4e073,87b53ed6784a388a,70e8cce8e8e8e871,84693fae6aa5e095,31f8c0d4d4c4fc38
Training/notumor/Tr-no_918.jpg,Training,notumor,41675,True,,303c5c415fc8be331907a13c78d499fa000f24788fab65f7c9171c448978b09f,0491e742163971c9f994a12551a76c6a7e946d7b1b8132267743b3b6e1941567,974a7e2178b53865,71e8e8e8e8cce870,84b63f516a5be06a,38fcc4d4d4c0f831,c2e02b8b2d0f6dcb,f1e8cce8e8e8e871,d11c6a7a2ff0b5c0,73e0f4d4d4dcc0e3,c21f6b742de06d34,71e8e8e8e8cce8f1,d1c36a003f0eb53f,e3c0dcd4d4f4e073,87b53ed6784a388a,70e8cce8e8e8e871,84693fae6aa5e095,31f8c0d4d4c4fc38
Testing/glioma/Te-gl_170.jpg,Testing,glioma,37700,True,,36d2f03fd5b0ffd8a3ac1d2fe9f2c3cf4967f82751629676198f774e0ee21a9c,12cabf624eb0fe32aedff88febe545dcd6aedf74cde89834d550035034ae58c2,9a316dcc6c99986d,b069696969796969,86c66939bfc7809a,0470ec6cacd4208c,cf9a38663033cdc3,69696169696969b2,c36c3c93ea6cd530,4210d4cac9c81002,cf64381939cccd3c,b269696969616969,c3933c6ce292d587,0210c8c9cad41042,9ace6cb36c669892,69697969696969b0,963969c6bf398065,8c20d4ac6cec7004
Testing/glioma/Te-gl_178.jpg,Testing,glioma,37700,True,,36d2f03fd5b0ffd8a3ac1d2fe9f2c3cf4967f82751629676198f774e0ee21a9c,12cabf624eb0fe32aedff88febe545dcd6aedf74cde89834d550035034ae58c2,9a316dcc6c99986d,b069696969796969,86c66939bfc7809a,0470ec6cacd4208c,cf9a38663033cdc3,69696169696969b2,c36c3c93ea6cd530,4210d4cac9c81002,cf64381939cccd3c,b269696969616969,c3933c6ce292d587,0210c8c9cad41042,9ace6cb36c669892,69697969696969b0,963969c6bf398065,8c20d4ac6cec7004
Training/notumor/Tr-no_435.jpg,Training,notumor,41446,True,,37d13e11e66c736b2174792a44b897777f212e935d5c74141ced8dc58d610672,2ab1aaba2af8435b74fca9dfc89dc8ac0e2bc153f769e22e472fb5c5d759897b,d26f2fb13092669c,32f1e8ccccc8e871,953d7a62618ce60f,b178e4d4d4e4f831,86c57a1f65383336,70e8eccccce870b3,c0972fc83437b3a5,70e0c8d4d4d8e072,863a7ae065c733c9,b370e8ccccece870,c0682f3734d9b35a,72e0d8d4d4c8e070,d3902f4e306d6667,71e8c8cccce8f132,95c27a9d6162e6f0,31f8e4d4d4e478b1
Training/notumor/Tr-no_755.jpg,Training,notumor,41446,True,,37d13e11e66c736b2174792a44b897777f212e935d5c74141ced8dc58d610672,2ab1aaba2af8435b74fca9dfc89dc8ac0e2bc153f769e22e472fb5c5d759897b,d26f2fb13092669c,32f1e8ccccc8e871,953d7a62618ce60f,b178e4d4d4e4f831,86c57a1f65383336,70e8eccccce870b3,c0972fc83437b3a5,70e0c8d4d4d8e072,863a7ae065c733c9,b370e8ccccece870,c0682f3734d9b35a,72e0d8d4d4c8e070,d3902f4e306d6667,71e8c8cccce8f132,95c27a9d6162e6f0,31f8e4d4d4e478b1
Training/notumor/Tr-no_1126.jpg,Training,notumor,14958,True,,3a34904d65c8cc7579373460050623901047e49eec67a5d635390374c5b48634,0776039f381601cdbfd8a3c467df7b7d2f7a2cf67255c2a887f1fcfe327afc21,c33f2d70359319cc,72e1e8c8e8e8e0f1,857e78e16396c439,0170e4ccc8e4f038,969579da61394c66,70f8e8e8ece87831,d0d52d4b363c91b3,21f0d8ecccd8f102,967a796561c64c99,3178e8ece8e8f870,d03b2df436c3916c,02f1d8ccecd8f021,c3d02dcf346c1973,f1e0e8e8c8e8e172,8591785e6369c4ee,38f0e4c8cce47001
Training/notumor/Tr-no_564.jpg,Training,notumor,14958,True,,3a34904d65c8cc7579373460050623901047e49eec67a5d635390374c5b48634,0776039f381601cdbfd8a3c467df7b7d2f7a2cf67255c2a887f1fcfe327afc21,c33f2d70359319cc,72e1e8c8e8e8e0f1,857e78e16396c439,0170e4ccc8e4f038,969579da61394c66,70f8e8e8ece87831,d0d52d4b363c91b3,21f0d8ecccd8f102,967a796561c64c99,3178e8ece8e8f870,d03b2df436c3916c,02f1d8ccecd8f021,c3d02dcf346c1973,f1e0e8e8c8e8e172,8591785e6369c4ee,38f0e4c8cce47001
Training/notumor/Tr-no_349.jpg,Training,notumor,17096,True,,3e66ecd9f2d07394ea13b8f2ce9212677a14aea1066e13a1445b00cbc59b998e,0f2c00e1e9bd7ca8992b9c40afdeec0a19efed4b19192442002d3ee3a66831b0,d04e1bba3ee43b60,69f4d4d4a8aad4f8,94321f457a937a9c,78f4a8a8a8a8f478,85e54e142b4e6ecb,e0d4aaead4d4d069,c1984aef2f092f36,e1d0eaeaeaead0e0,851a4aef2bb16e34,69d0d4d4eaaad4e0,c1674a102ff62fc9,e0d0eaeaeaead0e1,d0b01b417e1b3b9e,f8d4aaa8d4d4f469,94c51fba7a4c7a22,78f4a8a8a8a8f478
Training/notumor/Tr-no_779.jpg,Training,notumor,17096,True,,3e66ecd9f2d07394ea13b8f2ce9212677a14aea1066e13a1445b00cbc59b998e,0f2c00e1e9bd7ca8992b9c40afdeec0a19efed4b19192442002d3ee3a66831b0,d04e1bba3ee43b60,69f4d4d4a8aad4f8,94321f457a937a9c,78f4a8a8a8a8f478,85e54e142b4e6ecb,e0d4aaead4d4d069,c1984aef2f092f36,e1d0eaeaeaead0e0,851a4aef2bb16e34,69d0d4d4eaaad4e0,c1674a102ff62fc9,e0d0eaeaeaead0e1,d0b01b417e1b3b9e,f8d4aaa8d4d4f469,94c51fba7a4c7a22,78f4a8a8a8a8f478
Training/notumor/Tr-no_58.jpg,Training,notumor,27719,True,,3fcd47df13022dff9310847e66344a301655fc62a565598336433f9c098e5074,468291a0e92594fcdd3ba3da7c392360cf29bd372664df14e8336ab87b189cd2,d11a1aa57f832d56,e9f0d4d4d496f870,94761a366ae46d63,f8f8e6f4f4e4fcf8,84f04f1f2a2978fc,70e096d4d4d4f068,c19c4f883f4e38cb,e0c0d8d0d098c0e0,844f5ff02ad67903,68f0d4d4d496e070,c1634f473fb13834,e0c098d0d0d8c0e0,d1a51a4a7f6c2da8,70f896d4d4d4f0e9,94891ae96a1b6d9e,f8fce4f4f4e6f8f8
Training/notumor/Tr-no_906.jpg,Training,notumor,27719,True,,3fcd47df13022dff9310847e66344a301655fc62a565598336433f9c098e5074,468291a0e92594fcdd3ba3da7c392360cf29bd372664df14e8336ab87b189cd2,d11a1aa57f832d56,e9f0d4d4d496f870,94761a366ae46d63,f8f8e6f4f4e4fcf8,84f04f1f2a2978fc,70e096d4d4d4f068,c19c4f883f4e38cb,e0c0d8d0d098c0e0,844f5ff02ad67903,68f0d4d4d496e070,c1634f473fb13834,e0c098d0d0d8c0e0,d1a51a4a7f6c2da8,70f896d4d4d4f0e9,94891ae96a1b6d9e,f8fce4f4f4e6f8f8
Training/notumor/Tr-no_750.jpg,Training,notumor,20463,True,,413708f4f5a9e003997c5c966035431a1bd741b16cde99a42ca6155cccf8f17d,15859b298598e9de23dfea8c3441be2039c7f462869ae2213c38f9cd3dd98ef9,d11b2e7839e63199,79f0c8dcd8d4e4e4,85693e2479db6c34,60e8f6d2d6e6e47c,84b17bd66e4c6433,d8d8d4e4c4ecf060,d0c36b8e2c71399e,c1d89894b490e818,844e7b2d6cb364cc,60f0ecc4e4d4d8d8,d03e6b712c9e3961,18e890b49498d8c1,d1e42e873b197166,e4e4d4d8dcc8f079,85943edb792464cb,7ce4e6d6d2f6e860
Training/notumor/Tr-no_843.jpg,Training,notumor,20463,True,,413708f4f5a9e003997c5c966035431a1bd741b16cde99a42ca6155cccf8f17d,15859b298598e9de23dfea8c3441be2039c7f462869ae2213c38f9cd3dd98ef9,d11b2e7839e63199,79f0c8dcd8d4e4e4,85693e2479db6c34,60e8f6d2d6e6e47c,84b17bd66e4c6433,d8d8d4e4c4ecf060,d0c36b8e2c71399e,c1d89894b490e818,844e7b2d6cb364cc,60f0ecc4e4d4d8d8,d03e6b712c9e3961,18e890b49498d8c1,d1e42e873b197166,e4e4d4d8dcc8f079,85943edb792464cb,7ce4e6d6d2f6e860
Training/notumor/Tr-no_499.jpg,Training,notumor,12235,True,,41efe60c9486d5c559d6ede0449c1da09b12bfbf8241ba4f28c60f82634cfe04,0fcfe0c5ca8e28899cfbbc87a6042e57571ee25d9a8b7e6dc018036baf1c8998,856a5ba57ab50996,61e8ec8ccececc60,95975cd26a6a6949,38fca2cdcd8ef430,d0c00f0f2f1f7c3c,e1cc8c8ccec8e879,c03f09783fe03ce3,30d08e4c4cbac060,d03f0ef02fe05cc3,79e8c8ce8c8ccce1,c0c20b873f3f3c3c,60c0ba4c4c8ed030,85955f5a7a4a4969,60cccece8cece861,95685c2d6a9569b6,30f48ecdcda2fc38
Training/notumor/Tr-no_734.jpg,Training,notumor,12235,True,,41efe60c9486d5c559d6ede0449c1da09b12bfbf8241ba4f28c60f82634cfe04,0fcfe0c5ca8e28899cfbbc87a6042e57571ee25d9a8b7e6dc018036baf1c8998,856a5ba57ab50996,61e8ec8ccececc60,95975cd26a6a6949,38fca2cdcd8ef430,d0c00f0f2f1f7c3c,e1cc8c8ccec8e879,c03f09783fe03ce3,30d08e4c4cbac060,d03f0ef02fe05cc3,79e8c8ce8c8ccce1,c0c20b873f3f3c3c,60c0ba4c4c8ed030,85955f5a7a4a4969,60cccece8cece861,95685c2d6a9569b6,30f48ecdcda2fc38
Training/notumor/Tr-no_1079.jpg,Training,notumor,28313,True,,43c7fb765b0d878dca03cd26cb414b56a2e3280ce2510f3a84dac11003bbd0a0,3711409807fbfd6c99d427493232429a33d995f78572fc216df3135c821bf322,956a6e35383332ce,9271f0d4f0d0e471,81967e61e94a6769,817ce6d2d2c67881,c8c03b9f2d9d6664,71d8d4f0d4f07192,d43c2bcbbce032c3,02e19ca4a488c102,c83f3b602d62669b,9271f0d4f0d4d871,d4c32b34bc1f323c,02c188a4a49ce102,9d956eca78c83331,71e4d0f0d4f07192,81617e9e69b16794,8178c6d2d2e67c81
Training/notumor/Tr-no_129.jpg,Training,notumor,28313,True,,43c7fb765b0d878dca03cd26cb414b56a2e3280ce2510f3a84dac11003bbd0a0,3711409807fbfd6c99d427493232429a33d995f78572fc216df3135c821bf322,956a6e35383332ce,9271f0d4f0d0e471,81967e61e94a6769,817ce6d2d2c67881,c8c03b9f2d9d6664,71d8d4f0d4f07192,d43c2bcbbce032c3,02e19ca4a488c102,c83f3b602d62669b,9271f0d4f0d4d871,d4c32b34bc1f323c,02c188a4a49ce102,9d956eca78c83331,71e4d0f0d4f07192,81617e9e69b16794,8178c6d2d2e67c81
Training/notumor/Tr-no_62.jpg,Training,notumor,28313,True,,43c7fb765b0d878dca03cd26cb414b56a2e3280ce2510f3a84dac11003bbd0a0,3711409807fbfd6c99d427493232429a33d995f78572fc216df3135c821bf322,956a6e35383332ce,9271f0d4f0d0e471,81967e61e94a6769,817ce6d2d2c67881,c8c03b9f2d9d6664,71d8d4f0d4f07192,d43c2bcbbce032c3,02e19ca4a488c102,c83f3b602d62669b,9271f0d4f0d4d871,d4c32b34bc1f323c,02c188a4a49ce102,9d956eca78c83331,71e4d0f0d4f07192,81617e9e69b16794,8178c6d2d2e67c81
Training/meningioma/Tr-me_1094.jpg,Training,meningioma,28082,True,,451f339dbf4d33864e0dd8940f533bbeddda6492cf60bb15615342bd467cc721,0f5c9bc45257b0781c8a8d2a923f6bcd0015b6bc102c5db5677c089ebbb51d37,94957a1a3f687839,78f4f4cceca8e0e1,c0d92f043f3738b6,62e0b0c4acf4e46c,c13f6fb06ac26d82,78f8eac8ccd0d0e1,95517a8e6a956d1c,c9d8d0cadcf2f831,c1c02f4f6a3d2d6c,e1d0d0ccc8eaf878,95ae7a506a626de2,31f8f2dccad0d8c9,946a2ae53b9738c6,e1e0a8ecccf4f478,c0262ffb3fc83849,6ce4f4acc4b0e062
Training/meningioma/Tr-me_219.jpg,Training,meningioma,28082,True,,451f339dbf4d33864e0dd8940f533bbeddda6492cf60bb15615342bd467cc721,0f5c9bc45257b0781c8a8d2a923f6bcd0015b6bc102c5db5677c089ebbb51d37,94957a1a3f687839,78f4f4cceca8e0e1,c0d92f043f3738b6,62e0b0c4acf4e46c,c13f6fb06ac26d82,78f8eac8ccd0d0e1,95517a8e6a956d1c,c9d8d0cadcf2f831,c1c02f4f6a3d2d6c,e1d0d0ccc8eaf878,95ae7a506a626de2,31f8f2dccad0d8c9,946a2ae53b9738c6,e1e0a8ecccf4f478,c0262ffb3fc83849,6ce4f4acc4b0e062
Training/meningioma/Tr-aug-me_98.jpg,Training,meningioma,25839,True,,47659f0b7a3739148ba3a036ec2204283a0a233876b0a0458bf251bfae9c2da8,37cb4c2eb8975e00acf58b3c6c8069ba83c5a1da53f8c27c1c116c91d0a3407b,d06e0b29376e1e35,e39968cc9ab8aadc,803b5d7476b06ec6,9e7ae3d9e4a6b6c0,85c47e8362cc4b9f,c4aae2a6c8e96638,d59108de271a3b6e,fc929ad86438a186,853b5e7c623b4b60,3866e9c8a6e2aac4,d56e482127e53b93,86a13864d89a92fc,d0910bd637991fca,dcaab89acc6899e3,80c45d8b764f6e39,c0b6a6e4d9e37a9e
Training/meningioma/Tr-me_1274.jpg,Training,meningioma,25839,True,,47659f0b7a3739148ba3a036ec2204283a0a233876b0a0458bf251bfae9c2da8,37cb4c2eb8975e00acf58b3c6c8069ba83c5a1da53f8c27c1c116c91d0a3407b,d06e0b29376e1e35,e39968cc9ab8aadc,803b5d7476b06ec6,9e7ae3d9e4a6b6c0,85c47e8362cc4b9f,c4aae2a6c8e96638,d59108de271a3b6e,fc929ad86438a186,853b5e7c623b4b60,3866e9c8a6e2aac4,d56e482127e53b93,86a13864d89a92fc,d0910bd637991fca,dcaab89acc6899e3,80c45d8b764f6e39,c0b6a6e4d9e37a9e
Training/meningioma/Tr-me_543.jpg,Training,meningioma,8707,True,,4951f7ba2e002020c835b3f50136c3249f3ae004624b35a262e65dd431d70e56,39bda80b61503874205cfae33f6cad150976c8a9f519aeed0054950476ef57f8,c0e2193dc7e25d39,da95c5c5c412a3d2,cc3355cc33e70cc5,96bae2c9a2e3e6f0,956a4c97926e4c9b,b43ab7dc5c5c56a4,999b0066674f596e,f09838ba4cb8a296,95b54c6892b74c6d,a4565c5cdcb73ab4,9966449967b65d91,96a2b84cba3898f0,c01f19c2c71d5dce,d2a312c4c5c595da,ccce5533331a4c3b,f0e6e3a2c9e2ba96
Training/meningioma/Tr-me_726.jpg,Training,meningioma,8707,True,,4951f7ba2e002020c835b3f50136c3249f3ae004624b35a262e65dd431d70e56,39bda80b61503874205cfae33f6cad150976c8a9f519aeed0054950476ef57f8,c0e2193dc7e25d39,da95c5c5c412a3d2,cc3355cc33e70cc5,96bae2c9a2e3e6f0,956a4c97926e4c9b,b43ab7dc5c5c56a4,999b0066674f596e,f09838ba4cb8a296,95b54c6892b74c6d,a4565c5cdcb73ab4,9966449967b65d91,96a2b84cba3898f0,c01f19c2c71d5dce,d2a312c4c5c595da,ccce5533331a4c3b,f0e6e3a2c9e2ba96
Training/notumor/Tr-no_43.jpg,Training,notumor,15287,True,,4984bb79a4b6f8bbe65f017c74fd7c1dce3f24d94cc9d33f92e22b441a0866ca,1339d82d8fa5776341ba8c54dfbe5737097fa2e8019d33d3e2fde02bb382b41c,d5c80ae16f8d2c37,f0d4d4d48a96dc69,d4271b7e6e702962,71f0a2e8e8b2f0f1,80625f4b3a27799d,61c496aed4d4d4f0,818d4ed43bda7cc8,70f0b2c8e8aaf071,809d5fb43ad87962,f0d4d4d4ae96c461,81724e2b3b257c37,71f0aae8c8b2f070,d5370a1e6f722cc8,69dc968ad4d4d4f0,d4d81b816e8f299d,f1f0b2e8e8a2f071
Training/notumor/Tr-no_963.jpg,Training,notumor,15287,True,,4984bb79a4b6f8bbe65f017c74fd7c1dce3f24d94cc9d33f92e22b441a0866ca,1339d82d8fa5776341ba8c54dfbe5737097fa2e8019d33d3e2fde02bb382b41c,d5c80ae16f8d2c37,f0d4d4d48a96dc69,d4271b7e6e702962,71f0a2e8e8b2f0f1,80625f4b3a27799d,61c496aed4d4d4f0,818d4ed43bda7cc8,70f0b2c8e8aaf071,809d5fb43ad87962,f0d4d4d4ae96c461,81724e2b3b257c37,71f0aae8c8b2f070,d5370a1e6f722cc8,69dc968ad4d4d4f0,d4d81b816e8f299d,f1f0b2e8e8a2f071
Training/notumor/Tr-no_1240.jpg,Training,notumor,45788,True,,49db0659a53802695ac4af817cff544f8034e7c9883a6751e0e321c86337f86a,1dc3ab399088b6265a7ea1e49162c2163bad8b2941beb04d7a0398c0be6c0e3d,953e7ae868671964,71f0d4d4f0f8d471,90c27d1d7a3a6479,39f0e8a8e8e0f811,c0942f423dcd6dce,71d4e0f0d4d4f071,c56a2ab72f9031d3,31e0d8e8eae8f063,c06b2fbd3d324c31,71f0d4d4f0e0d471,c5972a4a2f6f312c,63f0e8eae8d8e031,95c17a176898799b,71d4f8f0d4d4f071,903d7de27ac56486,11f8e0e8a8e8f039
Training/notumor/Tr-no_990.jpg,Training,notumor,45788,True,,49db0659a53802695ac4af817cff544f8034e7c9883a6751e0e321c86337f86a,1dc3ab399088b6265a7ea1e49162c2163bad8b2941beb04d7a0398c0be6c0e3d,953e7ae868671964,71f0d4d4f0f8d471,90c27d1d7a3a6479,39f0e8a8e8e0f811,c0942f423dcd6dce,71d4e0f0d4d4f071,c56a2ab72f9031d3,31e0d8e8eae8f063,c06b2fbd3d324c31,71f0d4d4f0e0d471,c5972a4a2f6f312c,63f0e8eae8d8e031,95c17a176898799b,71d4f8f0d4d4f071,903d7de27ac56486,11f8e0e8a8e8f039
Training/notumor/Tr-no_356.jpg,Training,notumor,50259,True,,4c2c103442bacc20c289e01799a028f732816b392a316671549e21810560ac30,458d1586b2526eef8f489c859c0f6d713f114ef34e3d55b1dce1222651f556c8,969a79e561993564,b069e8e8ccd47030,d4c63b3b647cc0c3,0078d0c4d4d07880,c3303c4f347371ce,30f0d4cce8e869f2,816c6eb331c6956b,02e0f4d4dcf4e000,c3cf3cb434cc7131,f269e8e8ccd4f030,81976e6e31399596,00e0f4dcd4f4e002,9665791a6166359b,3070d4cce8e869b0,d43d3be46493c03e,8078d0d4c4d07800
Training/notumor/Tr-no_463.jpg,Training,notumor,50259,True,,4c2c103442bacc20c289e01799a028f732816b392a316671549e21810560ac30,458d1586b2526eef8f489c859c0f6d713f114ef34e3d55b1dce1222651f556c8,969a79e561993564,b069e8e8ccd47030,d4c63b3b647cc0c3,0078d0c4d4d07880,c3303c4f347371ce,30f0d4cce8e869f2,816c6eb331c6956b,02e0f4d4dcf4e000,c3cf3cb434cc7131,f269e8e8ccd4f030,81976e6e31399596,00e0f4dcd4f4e002,9665791a6166359b,3070d4cce8e869b0,d43d3be46493c03e,8078d0d4c4d07800
Training/pituitary/Tr-pi_542.jpg,Training,pituitary,15564,True,,4f6314d65c3d703caa7b94440365f4c89fa68a7069a0a10054e6604956f60f28,0480471f9461006706cbb1faa961d489a5d8ef922d4163f3bb37610f8acbcced,e85555220977527f,b2e86971332d2fbb,849a959d89ba17b6,fe9eccb1b3ce9efe,bdff00885ccc07cd,220b4b337169e8a2,d5b2c037dd30533c,80868c1272cc8680,fd0005775c33673a,a2e86971334b0b22,d54dc0c8ddcf42c3,8086cc72128c8680,e8aa55df0999529a,bb2f2d337169e8b2,80e795678965176d,fe9eceb3b1cc9efe
Training/pituitary/Tr-pi_857.jpg,Training,pituitary,15564,True,,4f6314d65c3d703caa7b94440365f4c89fa68a7069a0a10054e6604956f60f28,0480471f9461006706cbb1faa961d489a5d8ef922d4163f3bb37610f8acbcced,e85555220977527f,b2e86971332d2fbb,849a959d89ba17b6,fe9eccb1b3ce9efe,bdff00885ccc07cd,220b4b337169e8a2,d5b2c037dd30533c,80868c1272cc8680,fd0005775c33673a,a2e86971334b0b22,d54dc0c8ddcf42c3,8086cc72128c8680,e8aa55df0999529a,bb2f2d337169e8b2,80e795678965176d,fe9eceb3b1cc9efe
Training/pituitary/Tr-pi_1209.jpg,Training,pituitary,14677,True,,53446ebefbb558643e11fe7ecf3059737e2814172797c680e50463dd03656fdf,09063b3427dbdf5d73dbd9930302198b1813b7068f14f209106f569ddf6e7dae,c0991ee6791c1fe2,f0c8f1b38cc6a545,d16619916ec933b5,e08088e0e6d8d870,95335b4d2db65a48,5d5a9c4e3230a8f0,84cc4c3b3b736617,f1e4e498f8eefef8,95cc4bb32c494ab7,f0a830324e9c5a5d,84334ce63b9c66f8,f8feeef898e4e4f1,c0661e1d78e31f1d,45a5c68cb3f1c8f0,d199196e6e36334a,70d8d8e6e08880e0
Training/pituitary/Tr-pi_1352.jpg,Training,pituitary,14677,True,,53446ebefbb558643e11fe7ecf3059737e2814172797c680e50463dd03656fdf,09063b3427dbdf5d73dbd9930302198b1813b7068f14f209106f569ddf6e7dae,c0991ee6791c1fe2,f0c8f1b38cc6a545,d16619916ec933b5,e08088e0e6d8d870,95335b4d2db65a48,5d5a9c4e3230a8f0,84cc4c3b3b736617,f1e4e498f8eefef8,95cc4bb32c494ab7,f0a830324e9c5a5d,84334ce63b9c66f8,f8feeef898e4e4f1,c0661e1d78e31f1d,45a5c68cb3f1c8f0,d199196e6e36334a,70d8d8e6e08880e0
Training/notumor/Tr-no_1109.jpg,Training,notumor,51267,True,,537e7ad0a496f23042626741b362e936fc711da2aa25d4c5ce628d03bf4109cb,1cd9dc3d0f2d0534dceeb04891af3ad65d5fbe878146336cfb72e3e2be47f423,d50d0afe6af06b60,70d0d29676aab4d8,94601f6b3a273a3d,f8f4aaa8a88ae478,80a75f543b5a3ec2,e0d2aa9196b4f4f1,c1ca4ac12f856f97,e1d8aeeaea8ad0e0,80505fab3ba53e35,f1f4b49691aad2e0,c1354a3e2e726f68,e0d08aeaeaaed8e1,d5f20a016a0f6b9f,d8b4aa7696d2d070,949f1f947ad03ac2,78e48aa8a8aaf4f8
Training/notumor/Tr-no_1380.jpg,Training,notumor,51267,True,,537e7ad0a496f23042626741b362e936fc711da2aa25d4c5ce628d03bf4109cb,1cd9dc3d0f2d0534dceeb04891af3ad65d5fbe878146336cfb72e3e2be47f423,d50d0afe6af06b60,70d0d29676aab4d8,94601f6b3a273a3d,f8f4aaa8a88ae478,80a75f543b5a3ec2,e0d2aa9196b4f4f1,c1ca4ac12f856f97,e1d8aeeaea8ad0e0,80505fab3ba53e35,f1f4b49691aad2e0,c1354a3e2e726f68,e0d08aeaeaaed8e1,d5f20a016a0f6b9f,d8b4aa7696d2d070,949f1f947ad03ac2,78e48aa8a8aaf4f8
Training/pituitary/Tr-pi_396.jpg,Training,pituitary,74811,True,,59b7545faed7fe8962c1853d6dd379ab5e5ddfe6970a42a0017a4114fb1a95ad,1ea1cbca3e6a804d3ff674058af5ccdb20bcae38ff2f8bf34cf965336ed35d69,954a356b55275395,d2bdece4a02b669e,81e5357c537256d1,9e66abc8d07495d8,d1e074e110af0ebf,86912bfad8c842b4,d40f61fe05f803ea,e456d1f4ec2a9986,c15f743f10720ee9,b442c8d8fa2b9186,d5f075a907270795,86992aecf4d156e4,95b5359455d8536a,9e662ba0e4ecbdd2,815a34ab50ad56bf,d89574d0c8ab669e
Training/pituitary/Tr-pi_476.jpg,Training,pituitary,74811,True,,59b7545faed7fe8962c1853d6dd379ab5e5ddfe6970a42a0017a4114fb1a95ad,1ea1cbca3e6a804d3ff674058af5ccdb20bcae38ff2f8bf34cf965336ed35d69,954a356b55275395,d2bdece4a02b669e,81e5357c537256d1,9e66abc8d07495d8,d1e074e110af0ebf,86912bfad8c842b4,d40f61fe05f803ea,e456d1f4ec2a9986,c15f743f10720ee9,b442c8d8fa2b9186,d5f075a907270795,86992aecf4d156e4,95b5359455d8536a,9e662ba0e4ecbdd2,815a34ab50ad56bf,d89574d0c8ab669e
Training/notumor/Tr-no_1023.jpg,Training,notumor,34394,True,,5a66211168e2f92209f3aee80fe618a1555144bada16fdc2035d1780321c02cf,241d97feb23340432c4584d3d9e4419f90970abf07935c953533ded96c278a73,96386a716dc534e3,3171d4d4dcd4d471,85c27b3d6875a1e2,13f8daaaaada7813,c3923fcb386b6149,71d4d4c4d4d47172,d0682e873dd7f448,26e0a4aaaaa4e037,c36d3f34389461b6,7271d4d4c4d4d471,d0972e683d20f4b7,37e0a4aaaaa4e026,96c76a9e693a341c,71d4d4dcd4d47131,853d7bd2688ea11d,1378daaaaadaf813
Training/notumor/Tr-no_400.jpg,Training,notumor,34394,True,,5a66211168e2f92209f3aee80fe618a1555144bada16fdc2035d1780321c02cf,241d97feb23340432c4584d3d9e4419f90970abf07935c953533ded96c278a73,96386a716dc534e3,3171d4d4dcd4d471,85c27b3d6875a1e2,13f8daaaaada7813,c3923fcb386b6149,71d4d4c4d4d47172,d0682e873dd7f448,26e0a4aaaaa4e037,c36d3f34389461b6,7271d4d4c4d4d471,d0972e683d20f4b7,37e0a4aaaaa4e026,96c76a9e693a341c,71d4d4dcd4d47131,853d7bd2688ea11d,1378daaaaadaf813
Training/meningioma/Tr-aug-me_91.jpg,Training,meningioma,16670,True,,5c32bc4af148302670ffb8a5aa58fc239cea60fbbfc08ba34a65230a0de6f6f4,12bb9b8460950540af58f322e4e8f79d81acbfd922671eca43dfcad79c9b116a,d34f6c913066339b,b270e8ccd8d870b2,919b2e64619bc73c,8278f8d8e8f47982,c6e5393a65cc6631,b2f1e4e4cce8f092,c4b17bce3431d296,8261d0e8e4e06182,c61a39c5653366ce,92f0e8cce4e4f1b2,c4ce7b3134ce9269,8261e0e4e8d06182,d3b26c6f30993364,b270d8d8cce870b2,91e42e9b6164c7d3,8279f4e8d8f87882
Training/meningioma/Tr-me_245.jpg,Training,meningioma,16670,True,,5c32bc4af148302670ffb8a5aa58fc239cea60fbbfc08ba34a65230a0de6f6f4,12bb9b8460950540af58f322e4e8f79d81acbfd922671eca43dfcad79c9b116a,d34f6c913066339b,b270e8ccd8d870b2,919b2e64619bc73c,8278f8d8e8f47982,c6e5393a65cc6631,b2f1e4e4cce8f092,c4b17bce3431d296,8261d0e8e4e06182,c61a39c5653366ce,92f0e8cce4e4f1b2,c4ce7b3134ce9269,8261e0e4e8d06182,d3b26c6f30993364,b270d8d8cce870b2,91e42e9b6164c7d3,8279f4e8d8f87882
Training/notumor/Tr-no_421.jpg,Training,notumor,80949,True,,5f51fecec97f1264f4cb6a9f7d0d847f17e49033ec034b11d2cc5c8b79ba6519,260c5fb5ccbf48f0c1f900d1a10c186685f57b8e99f54b45c30e7e40a19f4b60,cecb2ca5393c3334,f261e9f0e8e8f0f0,d02f3fd0ec4ac2a5,807cd8b4b6d87800,9b61690f6c86669e,f0f0e8e8f06079b0,85856a7ab9e0970f,02e0e492d2e4c002,9b9e69b06c696661,b07960f0e8e8f0f0,856a6a81b91f97f0,02c0e4d292e4e002,ce343c1a39c333cb,f0f0e8e8f0e961f2,d0d03f0fecb5c252,0078d8b6b4d87c80
Training/notumor/Tr-no_582.jpg,Training,notumor,80949,True,,5f51fecec97f1264f4cb6a9f7d0d847f17e49033ec034b11d2cc5c8b79ba6519,260c5fb5ccbf48f0c1f900d1a10c186685f57b8e99f54b45c30e7e40a19f4b60,cecb2ca5393c3334,f261e9f0e8e8f0f0,d02f3fd0ec4ac2a5,807cd8b4b6d87800,9b61690f6c86669e,f0f0e8e8f06079b0,85856a7ab9e0970f,02e0e492d2e4c002,9b9e69b06c696661,b07960f0e8e8f0f0,856a6a81b91f97f0,02c0e4d292e4e002,ce343c1a39c333cb,f0f0e8e8f0e961f2,d0d03f0fecb5c252,0078d8b6b4d87c80
Training/notumor/Tr-no_524.jpg,Training,notumor,66814,True,,6296fc94ca1dba543a77ac0312ae4eda86053a44d81a9151e77e1e6b90bd91d3,466326f3d0a8b0eefc028b6db9659b1739d5b9bc7b322d69083bd7a060345688,d02f6f7434b234c3,b271d0dcd4f4d071,855e7e616087659e,9378e4ccc8e670b9,87c57ade61186569,71f4d0d4c4d471b2,d0f42bcb356f3034,62f190ecccd8e136,857a3a6161e76596,b271d4c4d4d0f471,d07b2b3435d2b0cb,36e1d8ccec90f162,d0d46fcb344d343c,71d0f4d4dcd071b2,85b17e9e607a6561,b970e6c8cce47893
Training/notumor/Tr-no_617.jpg,Training,notumor,66814,True,,6296fc94ca1dba543a77ac0312ae4eda86053a44d81a9151e77e1e6b90bd91d3,466326f3d0a8b0eefc028b6db9659b1739d5b9bc7b322d69083bd7a060345688,d02f6f7434b234c3,b271d0dcd4f4d071,855e7e616087659e,9378e4ccc8e670b9,87c57ade61186569,71f4d0d4c4d471b2,d0f42bcb356f3034,62f190ecccd8e136,857a3a6161e76596,b271d4c4d4d0f471,d07b2b3435d2b0cb,36e1d8ccec90f162,d0d46fcb344d343c,71d0f4d4dcd071b2,85b17e9e607a6561,b970e6c8cce47893
Training/notumor/Tr-no_280.jpg,Training,notumor,45175,True,,64eee5cd2516c265ea888fc3d784e97daed289385a487567e66b2aabacf50555,08d3004cbcbacc1cc2249d8dc08fd799103aa04a20bfd99aaebe466e21a2bf6e,963c69c3649693ce,00f178ece8e87030,97c67839613297c5,0070e4ccc4f83800,c3963c69313ce665,30f1e8e8c8e17000,c26e2f933498c26f,0060e0c4ccd8f100,c3693cb630c3c69b,0070e1c8e8e8f130,c2933f6c3467c299,00f1d8ccc4e06000,96c3691c6569f331,3070e8e8ec78f100,973968c661cd9732,0038f8c4cce47000
Training/notumor/Tr-no_448.jpg,Training,notumor,45175,True,,64eee5cd2516c265ea888fc3d784e97daed289385a487567e66b2aabacf50555,08d3004cbcbacc1cc2249d8dc08fd799103aa04a20bfd99aaebe466e21a2bf6e,963c69c3649693ce,00f178ece8e87030,97c67839613297c5,0070e4ccc4f83800,c3963c69313ce665,30f1e8e8c8e17000,c26e2f933498c26f,0060e0c4ccd8f100,c3693cb630c3c69b,0070e1c8e8e8f130,c2933f6c3467c299,00f1d8ccc4e06000,96c3691c6569f331,3070e8e8ec78f100,973968c661cd9732,0038f8c4cce47000
Training/notumor/Tr-no_1390.jpg,Training,notumor,71744,True,,65171c43207bd38c794fd14bf5f513325e8a4fe207f71539009bfb4f78b347d8,03552c048eeb6c57e0c8e5c60131d53a04a730d97b4377c25de58ff7848f0d7c,c31e2db43c9334cd,72e9e8e8e8c8f172,957e3ab56984c45a,0078e8c2dac8f810,96b4781e69396167,b170ece8e8e868b0,c0d46f1f3c2e91f0,10e0e8a4b4e86000,964b78f169d66198,b068e8e8e8ec70b1,c03f6fe03cd1910f,0060e8b4a4e8e010,c3e12d5b3c7c3432,72f1c8e8e8e8e972,95953a4a697bc4a5,10f8c8dac2e87800
Training/notumor/Tr-no_565.jpg,Training,notumor,71744,True,,65171c43207bd38c794fd14bf5f513325e8a4fe207f71539009bfb4f78b347d8,03552c048eeb6c57e0c8e5c60131d53a04a730d97b4377c25de58ff7848f0d7c,c31e2db43c9334cd,72e9e8e8e8c8f172,957e3ab56984c45a,0078e8c2dac8f810,96b4781e69396167,b170ece8e8e868b0,c0d46f1f3c2e91f0,10e0e8a4b4e86000,964b78f169d66198,b068e8e8e8ec70b1,c03f6fe03cd1910f,0060e8b4a4e8e010,c3e12d5b3c7c3432,72f1c8e8e8e8e972,95953a4a697bc4a5,10f8c8dac2e87800
Training/notumor/Tr-no_1333.jpg,Training,notumor,29392,True,,682871b3c7250e0c56b28688840ac15101ec847a891e0b2d2cb72f0436ff8073,18cb59e6cb0872e99487c39b2cd7cc93110f10f69266ffefd041e63430a8a919,d14e0aad6f304f65,f0e8e8ccccc88ae8,90361d7b7ab46a64,7cfcecdddde9ecf8,84e45f073a9a1acf,e8aeeccccce8e870,c58c48d12f0e3fce,e0c8684444c8c0c1,841b5ffc3a655a30,70e8e8ccccecaee8,c561482e2ff13f31,c1c0c8444468c8e0,d1b10a126fcf0f9a,e88ac8cccce8e8f0,90cb1d847a5b6a9b,f8ece9ddddecfc7c
Training/notumor/Tr-no_273.jpg,Training,notumor,29392,True,,682871b3c7250e0c56b28688840ac15101ec847a891e0b2d2cb72f0436ff8073,18cb59e6cb0872e99487c39b2cd7cc93110f10f69266ffefd041e63430a8a919,d14e0aad6f304f65,f0e8e8ccccc88ae8,90361d7b7ab46a64,7cfcecdddde9ecf8,84e45f073a9a1acf,e8aeeccccce8e870,c58c48d12f0e3fce,e0c8684444c8c0c1,841b5ffc3a655a30,70e8e8ccccecaee8,c561482e2ff13f31,c1c0c8444468c8e0,d1b10a126fcf0f9a,e88ac8cccce8e8f0,90cb1d847a5b6a9b,f8ece9ddddecfc7c
Training/pituitary/Tr-pi_163.jpg,Training,pituitary,34335,True,,690ed9d73b96706b833cfbb95e40543fe022c7579ab74693873e2c26766c5efb,047f2a36815d21a847427ccc8ce6f24297f2085d04279a4835b9322903752d70,d50b3e782ab16d34,31f092aab2a2aaa2,846d3f4a7a5c6839,6cdc86aaa8c4fc3c,80a16bd27f1b389e,baaabab2aaa2f073,d1c66ae02de63d13,c3c0dcaaaa96c4c9,805e6b2d7fe43861,73f0a2aab2baaaba,d1386a1f2f093d6c,c9c496aaaadcc0c3,d4f43e832a4e658b,a2aaa2b2aa92f031,84923fb57aa368c6,3cfcc4a8aa86dc6c
Training/pituitary/Tr-pi_504.jpg,Training,pituitary,34335,True,,690ed9d73b96706b833cfbb95e40543fe022c7579ab74693873e2c26766c5efb,047f2a36815d21a847427ccc8ce6f24297f2085d04279a4835b9322903752d70,d50b3e782ab16d34,31f092aab2a2aaa2,846d3f4a7a5c6839,6cdc86aaa8c4fc3c,80a16bd27f1b389e,baaabab2aaa2f073,d1c66ae02de63d13,c3c0dcaaaa96c4c9,805e6b2d7fe43861,73f0a2aab2baaaba,d1386a1f2f093d6c,c9c496aaaadcc0c3,d4f43e832a4e658b,a2aaa2b2aa92f031,84923fb57aa368c6,3cfcc4a8aa86dc6c
Training/notumor/Tr-no_134.jpg,Training,notumor,11791,True,,6b73dc365fbc93ff66b40c68f2e5cd259e650193088389a5f1b968b8c537f4f4,2c0e476721ff7971838675257758c32aebae505d3b55aaa8dac789eb740e428f,c0323f0d3bc6cd36,c8d4d4d4b0f0d4e0,867969963ac86dc5,39fce2ecece0e471,95987aa76e68989c,e8d4b0f2d4d4c4ec,c3d13c186f62386f,61d8b8c8c8b8c063,95676a586e939863,ecc4d4d4f2b0d4e8,d32c3ce36f993890,63c0b8c8c8b8d861,c0cd2f723b298dc9,e0d4f0b0d4d4d4c8,868669693a376d3a,71e4e0ecece2fc39
Training/notumor/Tr-no_255.jpg,Training,notumor,11791,True,,6b73dc365fbc93ff66b40c68f2e5cd259e650193088389a5f1b968b8c537f4f4,2c0e476721ff7971838675257758c32aebae505d3b55aaa8dac789eb740e428f,c0323f0d3bc6cd36,c8d4d4d4b0f0d4e0,867969963ac86dc5,39fce2ecece0e471,95987aa76e68989c,e8d4b0f2d4d4c4ec,c3d13c186f62386f,61d8b8c8c8b8c063,95676a586e939863,ecc4d4d4f2b0d4e8,d32c3ce36f993890,63c0b8c8c8b8d861,c0cd2f723b298dc9,e0d4f0b0d4d4d4c8,868669693a376d3a,71e4e0ecece2fc39
Training/pituitary/Tr-pi_410.jpg,Training,pituitary,34353,True,,6c374ab41105e5927d08e15103c8c27416f8e7d03c15c03d104ace5b310bd0ed,03a03170ea979a294595609efef16d327c0d9b341b6a152f3b97baadaf2836ef,d44a0f6d2c3d2d74,71c8a8b2b6aaaab2,802e3f7a7e4270cb,3cd484b4d08cd87c,81e05ac5799768de,b2aaaa92b2eaec71,d5846ad22bea3563,c1e4ceb4d2ded0c1,811f7a3a79687d21,71eceab292aaaab2,d57b4a2d2b15259c,c1d0ded2b4cee4c1,d4b52f922cc23d8b,b2aaaab6b2a8c871,80d11f857ebf6036,7cd88cd0b484d43c
Training/pituitary/Tr-pi_515.jpg,Training,pituitary,34353,True,,6c374ab41105e5927d08e15103c8c27416f8e7d03c15c03d104ace5b310bd0ed,03a03170ea979a294595609efef16d327c0d9b341b6a152f3b97baadaf2836ef,d44a0f6d2c3d2d74,71c8a8b2b6aaaab2,802e3f7a7e4270cb,3cd484b4d08cd87c,81e05ac5799768de,b2aaaa92b2eaec71,d5846ad22bea3563,c1e4ceb4d2ded0c1,811f7a3a79687d21,71eceab292aaaab2,d57b4a2d2b15259c,c1d0ded2b4cee4c1,d4b52f922cc23d8b,b2aaaab6b2a8c871,80d11f857ebf6036,7cd88cd0b484d43c
Training/pituitary/Tr-pi_805.jpg,Training,pituitary,40442,True,,6c8c2a11f01b532a75a01f052e3f536e10bcdca633e77ef3001d8ed852e83ee7,111dae07946ea1f3dc7ad5f7e33d835967efef5adb1222362ce493d55710778f,ea01f69d5dc40d72,4a4d6971717b2b2d,b44aa3c69ec1a3a7,fc3c9e74749e967e,bfaba377086608d8,4b2b217171694dad,e1e8f46acb2af40a,819686d1d186c3c0,bf54a3c848997a27,ad4d697171212b4b,e115f491cb94f4f0,c0c386d1d1869681,eafaf6225d221d88,2d2b7b7171694d4a,b4b5a1399a3ea15a,7e969e74749e3cfc
Training/pituitary/Tr-pi_878.jpg,Training,pituitary,40442,True,,6c8c2a11f01b532a75a01f052e3f536e10bcdca633e77ef3001d8ed852e83ee7,111dae07946ea1f3dc7ad5f7e33d835967efef5adb1222362ce493d55710778f,ea01f69d5dc40d72,4a4d6971717b2b2d,b44aa3c69ec1a3a7,fc3c9e74749e967e,bfaba377086608d8,4b2b217171694dad,e1e8f46acb2af40a,819686d1d186c3c0,bf54a3c848997a27,ad4d697171212b4b,e115f491cb94f4f0,c0c386d1d1869681,eafaf6225d221d88,2d2b7b7171694d4a,b4b5a1399a3ea15a,7e969e74749e3cfc
Training/pituitary/Tr-pi_405.jpg,Training,pituitary,17709,True,,6e4a32b7a73554a9a26b0e594f63d76920f7caeea52be19c323f8ad755d17f8b,0642602ffbaa7d8a2233657aa8b60824dc9652f4569d6010d2d7ce6a2a3caca9,c0df666619c91e63,e8ece8f0d0ac8aaa,c41a31b54e8f73b2,c4c48420a484c686,9575338c4c634fc9,aaae4af4f0e8c8e8,91f4645f1b37261c,9e9cdedafbdedcdc,958a33734c9c4f36,e8c8e8f0f44aaeaa,914f64e01bda26e7,dcdcdefbdade9c9e,c07066dd19771e9c,aa8aacd0f0e8ece8,c4f5314a4e72734d,86c684a42084c4c4
Training/pituitary/Tr-pi_634.jpg,Training,pituitary,17709,True,,6e4a32b7a73554a9a26b0e594f63d76920f7caeea52be19c323f8ad755d17f8b,0642602ffbaa7d8a2233657aa8b60824dc9652f4569d6010d2d7ce6a2a3caca9,c0df666619c91e63,e8ece8f0d0ac8aaa,c41a31b54e8f73b2,c4c48420a484c686,9575338c4c634fc9,aaae4af4f0e8c8e8,91f4645f1b37261c,9e9cdedafbdedcdc,958a33734c9c4f36,e8c8e8f0f44aaeaa,914f64e01bda26e7,dcdcdefbdade9c9e,c07066dd19771e9c,aa8aacd0f0e8ece8,c4f5314a4e72734d,86c684a42084c4c4
Training/pituitary/Tr-pi_928.jpg,Training,pituitary,17709,True,,6e4a32b7a73554a9a26b0e594f63d76920f7caeea52be19c323f8ad755d17f8b,0642602ffbaa7d8a2233657aa8b60824dc9652f4569d6010d2d7ce6a2a3caca9,c0df666619c91e63,e8ece8f0d0ac8aaa,c41a31b54e8f73b2,c4c48420a484c686,9575338c4c634fc9,aaae4af4f0e8c8e8,91f4645f1b37261c,9e9cdedafbdedcdc,958a33734c9c4f36,e8c8e8f0f44aaeaa,914f64e01bda26e7,dcdcdefbdade9c9e,c07066dd19771e9c,aa8aacd0f0e8ece8,c4f5314a4e72734d,86c684a42084c4c4
Training/notumor/Tr-no_1398.jpg,Training,notumor,14151,True,,6f3bdbdba45d1f985b33e51c93c318e0f04f2c3186dfae874050a99a11b1af02,1022e374863375f945db2f2e6c0af45272f26f0c92266e8bdab5dfcf58cb32df,959f7e702be06123,387ceacada8ce4e4,c4c13f0f6c1f6934,e1e0d080e6e4643c,c0372bda7f4a3489,d8d8c6a4ac88c1e3,916b6aa529b52c9e,c3d9d898fcf4f838,c0ca2b253ebd3476,e3c188aca4c6d8d8,919c6a5a3d4a7c69,38f8f4fc98d8d9c3,95607e856b1761dc,e4e48cdacaea7c38,c4363ff068e069cb,3c64e4e680d0e0e1
Training/notumor/Tr-no_516.jpg,Training,notumor,14151,True,,6f3bdbdba45d1f985b33e51c93c318e0f04f2c3186dfae874050a99a11b1af02,1022e374863375f945db2f2e6c0af45272f26f0c92266e8bdab5dfcf58cb32df,959f7e702be06123,387ceacada8ce4e4,c4c13f0f6c1f6934,e1e0d080e6e4643c,c0372bda7f4a3489,d8d8c6a4ac88c1e3,916b6aa529b52c9e,c3d9d898fcf4f838,c0ca2b253ebd3476,e3c188aca4c6d8d8,919c6a5a3d4a7c69,38f8f4fc98d8d9c3,95607e856b1761dc,e4e48cdacaea7c38,c4363ff068e069cb,3c64e4e680d0e0e1
Training/notumor/Tr-no_109.jpg,Training,notumor,61345,True,,72f5f6723c7b92f641fb5d44513b6111c348e43005f8c1f4829f28eebd1117b2,4c3cc017064e2ae5140a50ea78b017c612c92cdc5bc26b57c51f0dbe542e0774,c74f3fb078926129,70f0d4d4d4d4f070,94253bc3691fe51c,20fce4aaa8e4f820,92e56a5a2d393497,70f0d4d4d4d4f070,c18f6e683cb5b0b2,30c0d8eaaad8c030,921a6aa52dc7347e,70f0d4d4d4d4f070,c1706e973c4bb14d,30c0d8aaead8c030,c7b03f0f786c61c4,70f0d4d4d4d4f070,94ca3b3c69e0e4e3,20f8e4a8aae4fc20
Training/notumor/Tr-no_1183.jpg,Training,notumor,61345,True,,72f5f6723c7b92f641fb5d44513b6111c348e43005f8c1f4829f28eebd1117b2,4c3cc017064e2ae5140a50ea78b017c612c92cdc5bc26b57c51f0dbe542e0774,c74f3fb078926129,70f0d4d4d4d4f070,94253bc3691fe51c,20fce4aaa8e4f820,92e56a5a2d393497,70f0d4d4d4d4f070,c18f6e683cb5b0b2,30c0d8eaaad8c030,921a6aa52dc7347e,70f0d4d4d4d4f070,c1706e973c4bb14d,30c0d8aaead8c030,c7b03f0f786c61c4,70f0d4d4d4d4f070,94ca3b3c69e0e4e3,20f8e4a8aae4fc20
Training/notumor/Tr-no_371.jpg,Training,notumor,61345,True,,72f5f6723c7b92f641fb5d44513b6111c348e43005f8c1f4829f28eebd1117b2,4c3cc017064e2ae5140a50ea78b017c612c92cdc5bc26b57c51f0dbe542e0774,c74f3fb078926129,70f0d4d4d4d4f070,94253bc3691fe51c,20fce4aaa8e4f820,92e56a5a2d393497,70f0d4d4d4d4f070,c18f6e683cb5b0b2,30c0d8eaaad8c030,921a6aa52dc7347e,70f0d4d4d4d4f070,c1706e973c4bb14d,30c0d8aaead8c030,c7b03f0f786c61c4,70f0d4d4d4d4f070,94ca3b3c69e0e4e3,20f8e4a8aae4fc20
Training/notumor/Tr-no_115.jpg,Training,notumor,161038,True,,73a882655ceb0a5b8d3f4beea54d9ab58aa36e1021e7807dbb1c72617d4dfecc,02084cde41cc8ed010fbaa3371c36472c805896aaac5b311ef2f545d0579410a,867e79b13e816985,79f0e0eccccce8e8,959d7a876a36c8c8,78fcf4ccc4f0fc38,d3d42c1b2b0b3c2f,e8e8ccccc8f8f060,c0332f293f9c9d62,e0c0f0dcccd0c0e1,d32b2ce46bd43cd0,60f0f8c8cccce8e8,c0c02bd23f639d9d,e1c0d0ccdcf0c0e0,8681794e3e3e693a,e8e8ccccece0f079,95627a786ac9c837,38fcf0c4ccf4fc78
Training/notumor/Tr-no_1188.jpg,Training,notumor,161038,True,,73a882655ceb0a5b8d3f4beea54d9ab58aa36e1021e7807dbb1c72617d4dfecc,02084cde41cc8ed010fbaa3371c36472c805896aaac5b311ef2f545d0579410a,867e79b13e816985,79f0e0eccccce8e8,959d7a876a36c8c8,78fcf4ccc4f0fc38,d3d42c1b2b0b3c2f,e8e8ccccc8f8f060,c0332f293f9c9d62,e0c0f0dcccd0c0e1,d32b2ce46bd43cd0,60f0f8c8cccce8e8,c0c02bd23f639d9d,e1c0d0ccdcf0c0e0,8681794e3e3e693a,e8e8ccccece0f079,95627a786ac9c837,38fcf0c4ccf4fc78
Testing/glioma/Te-gl_140.jpg,Testing,glioma,52874,True,,75a94d8802948910edc24b520257853ad379e8be91af1393bd6b5092b23e05b1,05ebc4d9b37e941356459516a9ed38643f5c93d7357bbbc32df75be61531c437,91d14b920e2f7d65,f9d89269ec9cd878,d09e073f2ef03c1a,64d8b8a81292c8c1,c47b1e285b8538cf,e1c4c6c869b6e460,853652957b5a6db0,7ce4b6b7eae2e4d9,c4841ed75b7a7930,60e4b669c8c6c4e1,85c9526a7ba5694d,d9e4e2eab7b6e47c,912e4b7d0ed26c9a,78d89cec6992d8f9,d06307d22e0f3ce7,c1c89212a8b8d864
Testing/glioma/Te-gl_238.jpg,Testing,glioma,52874,True,,75a94d8802948910edc24b520257853ad379e8be91af1393bd6b5092b23e05b1,05ebc4d9b37e941356459516a9ed38643f5c93d7357bbbc32df75be61531c437,91d14b920e2f7d65,f9d89269ec9cd878,d09e073f2ef03c1a,64d8b8a81292c8c1,c47b1e285b8538cf,e1c4c6c869b6e460,853652957b5a6db0,7ce4b6b7eae2e4d9,c4841ed75b7a7930,60e4b669c8c6c4e1,85c9526a7ba5694d,d9e4e2eab7b6e47c,912e4b7d0ed26c9a,78d89cec6992d8f9,d06307d22e0f3ce7,c1c89212a8b8d864
Training/notumor/Tr-no_14.jpg,Training,notumor,26202,True,,76d577713f1cf4414f780058f2079f7e6446aba86e89a86d7dd36401ca79a727,053c6f2e31664899db8d75068b9963a6d06cf789a5ea9d890f2217f08052d600,ce393dc6308d369a,b279f8f0e8e07032,956b6a94e5499393,8670f8f0f0f87006,9b93686c65676370,3270f8e8f0e061b2,c0c13f3eb0e3c639,0ef1e0f0f0e0f106,9b6c6893649863cf,b261e0f0e8f87032,c03e3fc1b01cc6cf,06f1e0f0f0e0f10e,cec63d3931323665,3270e0e8f0f879b2,95906a6be5b69364,0670f8f0f0f87086
Training/notumor/Tr-no_48.jpg,Training,notumor,26202,True,,76d577713f1cf4414f780058f2079f7e6446aba86e89a86d7dd36401ca79a727,053c6f2e31664899db8d75068b9963a6d06cf789a5ea9d890f2217f08052d600,ce393dc6308d369a,b279f8f0e8e07032,956b6a94e5499393,8670f8f0f0f87006,9b93686c65676370,3270f8e8f0e061b2,c0c13f3eb0e3c639,0ef1e0f0f0e0f106,9b6c6893649863cf,b261e0f0e8f87032,c03e3fc1b01cc6cf,06f1e0f0f0e0f10e,cec63d3931323665,3270e0e8f0f879b2,95906a6be5b69364,0670f8f0f0f87086
Training/notumor/Tr-no_540.jpg,Training,notumor,10393,True,,79b6fe05b46ee2a734c4da64cd109bc508bfd1b76f46e9c496dbb406f86139f9,0556048690dd91c6da512772edf7d5e75a7273c63b3d04add1a48346d19aa569,9ec969b467329661,007071f4e4707000,d2963d69e0648f96,8038e0e0d0f03084,cb633c1e3298c3cd,0060e1d8d0717000,873c68c3b58e9a3c,4430f0e4f0f06004,cb9c3ce13267c332,007071d0d8e16000,87c3683cb531dac3,0460f0f0e4f03044,9e30694b67cd9698,007070e4f4717000,d2693d96e09a8e69,8430f0d0e0e03880
Training/notumor/Tr-no_753.jpg,Training,notumor,10393,True,,79b6fe05b46ee2a734c4da64cd109bc508bfd1b76f46e9c496dbb406f86139f9,0556048690dd91c6da512772edf7d5e75a7273c63b3d04add1a48346d19aa569,9ec969b467329661,007071f4e4707000,d2963d69e0648f96,8038e0e0d0f03084,cb633c1e3298c3cd,0060e1d8d0717000,873c68c3b58e9a3c,4430f0e4f0f06004,cb9c3ce13267c332,007071d0d8e16000,87c3683cb531dac3,0460f0f0e4f03044,9e30694b67cd9698,007070e4f4717000,d2693d96e09a8e69,8430f0d0e0e03880
Training/notumor/Tr-no_1179.jpg,Training,notumor,64566,True,,7a7fcfb55378e4367cb3f163dc510df7e4b5f95d8fee5e4407b6ef397d56e243,0436a819cb89633e2e0aba883e5355d1e892025862ced4cddd5d88018a0b89da,958f3a6a69c0387b,70f4d4d492b4d070,c4e03b0c7b1f7136,30f0e4aaa8e0f018,c0356fd03c6a6dd1,70f4d2b6d4d4d070,914a6ef62eb5249c,60f0f0eaa8d8f030,c0ca6b2f3c952d2e,70d0d4d4b6d2f470,91b76e592e6a2463,30f0d8a8eaf0f060,95703e95693f7884,70d0b492d4d4f470,c41d3ba37bc071c9,18f0e0a8aae4f030
Training/notumor/Tr-no_1320.jpg,Training,notumor,64566,True,,7a7fcfb55378e4367cb3f163dc510df7e4b5f95d8fee5e4407b6ef397d56e243,0436a819cb89633e2e0aba883e5355d1e892025862ced4cddd5d88018a0b89da,958f3a6a69c0387b,70f4d4d492b4d070,c4e03b0c7b1f7136,30f0e4aaa8e0f018,c0356fd03c6a6dd1,70f4d2b6d4d4d070,914a6ef62eb5249c,60f0f0eaa8d8f030,c0ca6b2f3c952d2e,70d0d4d4b6d2f470,91b76e592e6a2463,30f0d8a8eaf0f060,95703e95693f7884,70d0b492d4d4f470,c41d3ba37bc071c9,18f0e0a8aae4f030
Training/notumor/Tr-no_518.jpg,Training,notumor,42451,True,,7adb02dafa127d16b635a76df10314f68ded12fa7a20457e4d666d2873a2130f,1039f6af4e6bb6516eb0c0c4c9338f0afdcf67c3140969e518f5abce2c295c5a,d44a2b656fb42d92,61d4d4b4b0b6fcf9,85273efa6a6161c5,39fca6a2b2aae878,81e07ecf3a1e7838,60c092f2d2d4d479,d08c6b503fcb346e,e1e8aab2ba9ac063,811f7e303ae178c7,79d4d4d2f292c060,d0726baf3f343490,63c09abab2aae8e1,c4b52b9a6d4b2d2c,f9fcb6b0b4d4d461,85d83e856a9e693a,78e8aab2a2a6fc39
Training/notumor/Tr-no_92.jpg,Training,notumor,42451,True,,7adb02dafa127d16b635a76df10314f68ded12fa7a20457e4d666d2873a2130f,1039f6af4e6bb6516eb0c0c4c9338f0afdcf67c3140969e518f5abce2c295c5a,d44a2b656fb42d92,61d4d4b4b0b6fcf9,85273efa6a6161c5,39fca6a2b2aae878,81e07ecf3a1e7838,60c092f2d2d4d479,d08c6b503fcb346e,e1e8aab2ba9ac063,811f7e303ae178c7,79d4d4d2f292c060,d0726baf3f343490,63c09abab2aae8e1,c4b52b9a6d4b2d2c,f9fcb6b0b4d4d461,85d83e856a9e693a,78e8aab2a2a6fc39
Training/notumor/Tr-no_1309.jpg,Training,notumor,24589,True,,7c103b082c141631e8475390a8b06ef7ef0cfba10e61cf2d4ce9dd1e2b08dfb0,4c7d6b55c7f9bed897394c87a60eb86382bf8b59d612bc057362a040af02a42f,c43b2fe42dc470cb,32e9e8e8e8e8e071,95687abd69436196,396cccfafafeec39,91917b4e786e6561,71f8e8e8e8e868b2,c0c62f173ce9347c,62c080a0a0ccc863,916e7ab17891259e,b268e8e8e8e8f871,c03f2fe83c1634e3,63c8cca0a080c062,c4c52f1b2d7b7034,71e0e8e8e8e8e932,95977a4269bc6169,39ecfefafacc6c39
Training/notumor/Tr-no_699.jpg,Training,notumor,24589,True,,7c103b082c141631e8475390a8b06ef7ef0cfba10e61cf2d4ce9dd1e2b08dfb0,4c7d6b55c7f9bed897394c87a60eb86382bf8b59d612bc057362a040af02a42f,c43b2fe42dc470cb,32e9e8e8e8e8e071,95687abd69436196,396cccfafafeec39,91917b4e786e6561,71f8e8e8e8e868b2,c0c62f173ce9347c,62c080a0a0ccc863,916e7ab17891259e,b268e8e8e8e8f871,c03f2fe83c1634e3,63c8cca0a080c062,c4c52f1b2d7b7034,71e0e8e8e8e8e932,95977a4269bc6169,39ecfefafacc6c39
Training/pituitary/Tr-pi_221.jpg,Training,pituitary,32090,True,,7d0738e4f6493b449e20a147b80f674c589dc478dd6b5ccd4fb6ea1c329f0cfe,0157df60bbc55f0545cbe9ff034bac10db42f6e0d534b6c51eca71f8af3ccda6,d40b523e2bf57826,79dcba5464b224d4,84591f495a6a79b3,70d6eae1dce2c4ec,81a107967e5f3d8c,c4dab2c995a2c461,d1f34ae30fc82c99,c8ccb8c448a890f0,815e076b7ea02d73,61c4a295c9b2dac4,d10c4a1e0f3f3ce6,f090a848c4b8ccc8,d4f452c52f0a78d9,d424b26454badc79,84a61fb65a95794c,ecc4e2dce1ead670
Training/pituitary/Tr-pi_430.jpg,Training,pituitary,32090,True,,7d0738e4f6493b449e20a147b80f674c589dc478dd6b5ccd4fb6ea1c329f0cfe,0157df60bbc55f0545cbe9ff034bac10db42f6e0d534b6c51eca71f8af3ccda6,d40b523e2bf57826,79dcba5464b224d4,84591f495a6a79b3,70d6eae1dce2c4ec,81a107967e5f3d8c,c4dab2c995a2c461,d1f34ae30fc82c99,c8ccb8c448a890f0,815e076b7ea02d73,61c4a295c9b2dac4,d10c4a1e0f3f3ce6,f090a848c4b8ccc8,d4f452c52f0a78d9,d424b26454badc79,84a61fb65a95794c,ecc4e2dce1ead670
Training/pituitary/Tr-pi_883.jpg,Training,pituitary,32090,True,,7d0738e4f6493b449e20a147b80f674c589dc478dd6b5ccd4fb6ea1c329f0cfe,0157df60bbc55f0545cbe9ff034bac10db42f6e0d534b6c51eca71f8af3ccda6,d40b523e2bf57826,79dcba5464b224d4,84591f495a6a79b3,70d6eae1dce2c4ec,81a107967e5f3d8c,c4dab2c995a2c461,d1f34ae30fc82c99,c8ccb8c448a890f0,815e076b7ea02d73,61c4a295c9b2dac4,d10c4a1e0f3f3ce6,f090a848c4b8ccc8,d4f452c52f0a78d9,d424b26454badc79,84a61fb65a95794c,ecc4e2dce1ead670
Training/notumor/Tr-no_1208.jpg,Training,notumor,37547,True,,7d5fb3078f6ed56884ebf8c14928f4e8e05ffd2065cf1b5f4b23cd6dfa3f49ef,15c895850a1974e39320613bede2f43f646a0bd7ffff81a39c4fee6695a86066,80544fab6f813ab7,f0b494d496b2d0e0,95971bbc3a903bc2,78f0eaa4a4aaf0f8,95fe1a013a2b6b1d,f8f4b296d4d6d2f0,c03d4e166f3a6e68,e0f0aa8adaa8f0e0,d5011afe3ad06be2,f0d2d6d496b2f4f8,c0424ee96fc16e97,e0f0a8da8aaaf0e0,80ab4f546f7a3e48,e0d0b296d494b4f0,95681b433a693b3d,f8f0aaa4a4eaf078
Training/notumor/Tr-no_410.jpg,Training,notumor,37547,True,,7d5fb3078f6ed56884ebf8c14928f4e8e05ffd2065cf1b5f4b23cd6dfa3f49ef,15c895850a1974e39320613bede2f43f646a0bd7ffff81a39c4fee6695a86066,80544fab6f813ab7,f0b494d496b2d0e0,95971bbc3a903bc2,78f0eaa4a4aaf0f8,95fe1a013a2b6b1d,f8f4b296d4d6d2f0,c03d4e166f3a6e68,e0f0aa8adaa8f0e0,d5011afe3ad06be2,f0d2d6d496b2f4f8,c0424ee96fc16e97,e0f0a8da8aaaf0e0,80ab4f546f7a3e48,e0d0b296d494b4f0,95681b433a693b3d,f8f0aaa4a4eaf078
Training/notumor/Tr-no_766.jpg,Training,notumor,63465,True,,7f04f0b6fd5821e19cf5a273a540df06a1f6bdcaa63bb235743e274fff825fbd,1bda3046932932238362b42da96b44e805d354ffec5c9b5279969e4e8f6bd154,865e7fa86e204e99,69e8e8e8e8e8f8d0,91953c8c7b11eada,70eed4d8d4ece838,d3f42a023b8f1b33,f4a0e8e8e8e8e869,c02f29242ebbbf70,61c8c8d4e4d488f0,d30b2aed3b700bcc,69e8e8e8e8e8a0f4,c4c069cb2e44bf8f,f088d4e4d4c8c861,86a17f076e5a4a66,d0f8e8e8e8e8e869,916a3c617beaea21,38e8ecd4d8d4ee70
Training/notumor/Tr-no_967.jpg,Training,notumor,63465,True,,7f04f0b6fd5821e19cf5a273a540df06a1f6bdcaa63bb235743e274fff825fbd,1bda3046932932238362b42da96b44e805d354ffec5c9b5279969e4e8f6bd154,865e7fa86e204e99,69e8e8e8e8e8f8d0,91953c8c7b11eada,70eed4d8d4ece838,d3f42a023b8f1b33,f4a0e8e8e8e8e869,c02f29242ebbbf70,61c8c8d4e4d488f0,d30b2aed3b700bcc,69e8e8e8e8e8a0f4,c4c069cb2e44bf8f,f088d4e4d4c8c861,86a17f076e5a4a66,d0f8e8e8e8e8e869,916a3c617beaea21,38e8ecd4d8d4ee70
Training/notumor/Tr-no_1203.jpg,Training,notumor,10979,True,,840e12a9d0fc509d61fab11db74d1716234312bd96939b632e19b8f102ace3cf,254b37d20a83ee647c1fc9a38332303d5c272ef404d24a310e7d51474eda88c5,876a7e31789568c6,b269e0e8e8e8cc61,85947ac36a5ae16b,007cf6ece4de7881,d2c02b8b2d3f3d4c,79cce8e8e8f869b2,d01e2e693ff0b4c1,02e184d8c890c102,d23f2b642dc03d93,b269f8e8e8e8cc79,d0c12e863f0fb43e,02c190c8d884e102,87953ece786a6819,61cce8e8e8e069b2,856b7a3c6aa5e194,8178dee4ecf67c00
Training/notumor/Tr-no_154.jpg,Training,notumor,10979,True,,840e12a9d0fc509d61fab11db74d1716234312bd96939b632e19b8f102ace3cf,254b37d20a83ee647c1fc9a38332303d5c272ef404d24a310e7d51474eda88c5,876a7e31789568c6,b269e0e8e8e8cc61,85947ac36a5ae16b,007cf6ece4de7881,d2c02b8b2d3f3d4c,79cce8e8e8f869b2,d01e2e693ff0b4c1,02e184d8c890c102,d23f2b642dc03d93,b269f8e8e8e8cc79,d0c12e863f0fb43e,02c190c8d884e102,87953ece786a6819,61cce8e8e8e069b2,856b7a3c6aa5e194,8178dee4ecf67c00
Training/notumor/Tr-no_725.jpg,Training,notumor,10979,True,,840e12a9d0fc509d61fab11db74d1716234312bd96939b632e19b8f102ace3cf,254b37d20a83ee647c1fc9a38332303d5c272ef404d24a310e7d51474eda88c5,876a7e31789568c6,b269e0e8e8e8cc61,85947ac36a5ae16b,007cf6ece4de7881,d2c02b8b2d3f3d4c,79cce8e8e8f869b2,d01e2e693ff0b4c1,02e184d8c890c102,d23f2b642dc03d93,b269f8e8e8e8cc79,d0c12e863f0fb43e,02c190c8d884e102,87953ece786a6819,61cce8e8e8e069b2,856b7a3c6aa5e194,8178dee4ecf67c00
Training/notumor/Tr-no_1289.jpg,Training,notumor,32146,True,,84acb850a9c5348cd00623122246c83dffd727e007aedc1d484e39d06e784c6f,0e404014b914257fb0398e693e4a947ea5008223d5db8500157ce8967df45be0,85d67a99685b6478,71f4ccccd4d4f831,d0902b8b3d3d646f,79f8e4b4a4e4f871,d07c2f333df031c2,33e0d4d4ccccd071,857a7e61689731c5,61e0d8dad2d8e061,d0832fcc3d0f313d,71d0ccccd4d4e033,85c57ede6868313a,61e0d8d2dad8e061,85697a6668a56597,31f8d4d4ccccf471,d06f2b753dc26494,71f8e4a4b4e4f879
Training/notumor/Tr-no_156.jpg,Training,notumor,32146,True,,84acb850a9c5348cd00623122246c83dffd727e007aedc1d484e39d06e784c6f,0e404014b914257fb0398e693e4a947ea5008223d5db8500157ce8967df45be0,85d67a99685b6478,71f4ccccd4d4f831,d0902b8b3d3d646f,79f8e4b4a4e4f871,d07c2f333df031c2,33e0d4d4ccccd071,857a7e61689731c5,61e0d8dad2d8e061,d0832fcc3d0f313d,71d0ccccd4d4e033,85c57ede6868313a,61e0d8d2dad8e061,85697a6668a56597,31f8d4d4ccccf471,d06f2b753dc26494,71f8e4a4b4e4f879
Training/notumor/Tr-no_1379.jpg,Training,notumor,29015,True,,84b2155377f2b5ec87d3988642b885d5b6249e7907486184ac311e15a8a599a9,1d768558376e814e18424605f3272e6ee7baf9ee4ba0dba84a3cfc575661994c,870f3ee078996137,70f0c8c8ccc4f070,94e53f526d1ee118,20d4e0a6a6f4f020,c2a56b4a2d73349d,70f0ccccececf070,c14b6ef838b4b4b2,38d0d09a9ae0d438,c25a6ab52dec346a,70f0ececccccf070,c1b46e07394bb46d,38d4e09a9ad0d038,97f03f1f784661c0,70f0c4ccc8c8f070,941a3bad6ce1e187,20f0f4a6a6e0d420
Training/notumor/Tr-no_810.jpg,Training,notumor,29015,True,,84b2155377f2b5ec87d3988642b885d5b6249e7907486184ac311e15a8a599a9,1d768558376e814e18424605f3272e6ee7baf9ee4ba0dba84a3cfc575661994c,870f3ee078996137,70f0c8c8ccc4f070,94e53f526d1ee118,20d4e0a6a6f4f020,c2a56b4a2d73349d,70f0ccccececf070,c14b6ef838b4b4b2,38d0d09a9ae0d438,c25a6ab52dec346a,70f0ececccccf070,c1b46e07394bb46d,38d4e09a9ad0d038,97f03f1f784661c0,70f0c4ccc8c8f070,941a3bad6ce1e187,20f0f4a6a6e0d420
Testing/meningioma/Te-me_116.jpg,Testing,meningioma,37473,True,,86847c6a4729a4b19bf1b3f58905c68812c6f75ea680c0ccb1621b94e165d16f,05f18b38c84b841f06f08ad11a3faa70c7362cb267e5e8a6403c9981b459a212,c4736ead39cc3984,69e8e0e0d0e4e070,951b7ab53e4a60a5,78f8c4d4c6ccf071,91d93b076c666c2e,71f8d8f4e8f8e869,c0b12f1f6be0350f,71f0cc94d4d8e061,91263bf86c996cd1,69e8f8e8f4d8f871,c04e2fe06b1f35f0,61e0d8d494ccf071,c48c6e523933397b,70e0e4d0e0e0e869,95e47a4a3eb5605a,71f0ccc6d4c4f878
Testing/meningioma/Te-me_235.jpg,Testing,meningioma,37473,True,,86847c6a4729a4b19bf1b3f58905c68812c6f75ea680c0ccb1621b94e165d16f,05f18b38c84b841f06f08ad11a3faa70c7362cb267e5e8a6403c9981b459a212,c4736ead39cc3984,69e8e0e0d0e4e070,951b7ab53e4a60a5,78f8c4d4c6ccf071,91d93b076c666c2e,71f8d8f4e8f8e869,c0b12f1f6be0350f,71f0cc94d4d8e061,91263bf86c996cd1,69e8f8e8f4d8f871,c04e2fe06b1f35f0,61e0d8d494ccf071,c48c6e523933397b,70e0e4d0e0e0e869,95e47a4a3eb5605a,71f0ccc6d4c4f878
Testing/glioma/Te-gl_143.jpg,Testing,glioma,14413,True,,8854fba4d018533127553c10ffebacf8d730192cb6f07d957ea5d3fb48421eea,1a941a381a886ee5e3cbabdd38de5dbe448671e5a332565f96207f2ae8ba4c6b,c5703a836b9f315c,69d4b0e0caeaf071,95376a982d7a3c61,79f8e0f4d4f8f071,90da6b293e356476,71f0a8acf8f2d069,c19c3f3278d069cb,71f0e0d4d0c8e061,90256fd63eca64c9,69d0f2f8aca8f071,c0633fcd780f6934,61e0c8d0d4e0f071,c58f3a7c6b6031a3,71f0eacae0b0d469,94c96a672d853c9e,71f0f8d4f4e0f879
Testing/glioma/Te-gl_72.jpg,Testing,glioma,14413,True,,8854fba4d018533127553c10ffebacf8d730192cb6f07d957ea5d3fb48421eea,1a941a381a886ee5e3cbabdd38de5dbe448671e5a332565f96207f2ae8ba4c6b,c5703a836b9f315c,69d4b0e0caeaf071,95376a982d7a3c61,79f8e0f4d4f8f071,90da6b293e356476,71f0a8acf8f2d069,c19c3f3278d069cb,71f0e0d4d0c8e061,90256fd63eca64c9,69d0f2f8aca8f071,c0633fcd780f6934,61e0c8d0d4e0f071,c58f3a7c6b6031a3,71f0eacae0b0d469,94c96a672d853c9e,71f0f8d4f4e0f879
Testing/glioma/Te-gl_299.jpg,Testing,glioma,33913,True,,8872585c004347ea73fad063e407998e62786cc8d7a0938ad85792f19a55eb0a,076f593bac9794afcd02b8240dffafb808f844ae048e508ebb4f8ac0fbedde89,96493e27396cf035,70e8d4d4d4ccecf4,82b93fd46c4ab0ae,00f8cca8e8dce801,c3e36b856cc2a587,d0c8ccd4d0d4e8b1,d7136a7e39e0e504,01e8c4e8eacce001,d31c6b726c3da560,b1e8d4d0d4ccc8d0,d7ec6a003813e5f3,01e0cceae8c4e801,86b63ed83893f0ca,f4ecccd4d4d4e870,82463fab6cb5b059,01e8dce8a8ccf800
Testing/glioma/Te-gl_364.jpg,Testing,glioma,33913,True,,8872585c004347ea73fad063e407998e62786cc8d7a0938ad85792f19a55eb0a,076f593bac9794afcd02b8240dffafb808f844ae048e508ebb4f8ac0fbedde89,96493e27396cf035,70e8d4d4d4ccecf4,82b93fd46c4ab0ae,00f8cca8e8dce801,c3e36b856cc2a587,d0c8ccd4d0d4e8b1,d7136a7e39e0e504,01e8c4e8eacce001,d31c6b726c3da560,b1e8d4d0d4ccc8d0,d7ec6a003813e5f3,01e0cceae8c4e801,86b63ed83893f0ca,f4ecccd4d4d4e870,82463fab6cb5b059,01e8dce8a8ccf800
Training/notumor/Tr-no_1187.jpg,Training,notumor,9387,True,,88aba8f5a882187bc3df678f2b3a88c6c59cec1c01fb732e5671a5ffb6a494d7,1023fd7c1086d8462c6176d37c97e21066fc3d9c257d61c4dc3f6b33fcf7aaae,d21f6e603c646765,3179d0f0f0c8f071,80683f376896e2fc,01f0e4b0b2c87819,86b43bca694a32cf,71f0e8f0f0f46173,d5c26a1d3d30b716,22e1e8b2f2d8f003,874b7b3569353630,7361f4f0f0e8f071,d11d6a623dc1b729,03f0d8f2b2e8e122,c2e02e9f389b639a,71f0c8f0f0d07931,80b73fc8686fe243,1978c8b2b0e4f001
Training/notumor/Tr-no_420.jpg,Training,notumor,9387,True,,88aba8f5a882187bc3df678f2b3a88c6c59cec1c01fb732e5671a5ffb6a494d7,1023fd7c1086d8462c6176d37c97e21066fc3d9c257d61c4dc3f6b33fcf7aaae,d21f6e603c646765,3179d0f0f0c8f071,80683f376896e2fc,01f0e4b0b2c87819,86b43bca694a32cf,71f0e8f0f0f46173,d5c26a1d3d30b716,22e1e8b2f2d8f003,874b7b3569353630,7361f4f0f0e8f071,d11d6a623dc1b729,03f0d8f2b2e8e122,c2e02e9f389b639a,71f0c8f0f0d07931,80b73fc8686fe243,1978c8b2b0e4f001
Training/notumor/Tr-no_1393.jpg,Training,notumor,44008,True,,8a05324c1e59d079c88ad71e484739999eab506d3e7eb1bca857264329113b94,21a7fa6395769ba6feb3ed413b9d8d25e3b7afbac48108cc4b675bde11ef00f9,9199569678e96a4d,78d49292f0ccd4e8,d4d40e074fcf323a,70f488e0e888e470,c433033c2d433fe7,c8d4ccf0b6b6d4e1,817e5bad1a656790,f1d8eee8f8eed0f0,c4cc03c32dfc3f1c,e1d4b6b6f0ccd4c8,81855b521a9b676f,f0d0eef8e8eed8f1,9166566978566ab6,e8d4ccf09292d478,d42f0ef84f3132c5,70e488e8e088f470
Training/notumor/Tr-no_642.jpg,Training,notumor,44008,True,,8a05324c1e59d079c88ad71e484739999eab506d3e7eb1bca857264329113b94,21a7fa6395769ba6feb3ed413b9d8d25e3b7afbac48108cc4b675bde11ef00f9,9199569678e96a4d,78d49292f0ccd4e8,d4d40e074fcf323a,70f488e0e888e470,c433033c2d433fe7,c8d4ccf0b6b6d4e1,817e5bad1a656790,f1d8eee8f8eed0f0,c4cc03c32dfc3f1c,e1d4b6b6f0ccd4c8,81855b521a9b676f,f0d0eef8e8eed8f1,9166566978566ab6,e8d4ccf09292d478,d42f0ef84f3132c5,70e488e8e088f470
Training/pituitary/Tr-pi_464.jpg,Training,pituitary,37026,True,,8a4a14e666a67b90bf01bac1b85170bacf41fda33c7a7394d5e82e83c6f6f324,02836956176311e92fd3a82b5dec31bf80bfaaac9f198adc947547ce472fbcdc,d08557085e6f3ae9,e0f2499db7adaa08,c1d207551f936e9a,c8b2a0d01082daeb,d52f02a20fc56f47,efaa4a02466d90f0,947852ff4a393b30,28a4bef6f4eab2ec,c5d2025d0b3a6fbc,f0906d46024aaaef,948752804acf7bcf,ecb2eaf4f6bea428,907857f75e903a16,08aaadb79d49f2e0,c1ad07aa1f6c2e65,ebda8210d0a0b2c8
Training/pituitary/Tr-pi_75.jpg,Training,pituitary,37026,True,,8a4a14e666a67b90bf01bac1b85170bacf41fda33c7a7394d5e82e83c6f6f324,02836956176311e92fd3a82b5dec31bf80bfaaac9f198adc947547ce472fbcdc,d08557085e6f3ae9,e0f2499db7adaa08,c1d207551f936e9a,c8b2a0d01082daeb,d52f02a20fc56f47,efaa4a02466d90f0,947852ff4a393b30,28a4bef6f4eab2ec,c5d2025d0b3a6fbc,f0906d46024aaaef,948752804acf7bcf,ecb2eaf4f6bea428,907857f75e903a16,08aaadb79d49f2e0,c1ad07aa1f6c2e65,ebda8210d0a0b2c8
Training/pituitary/Tr-pi_311.jpg,Training,pituitary,35906,True,,8afa71fed3d0307237b24872056b750f3c06ee0d9527c35241b908eb7404080f,41f93f8abf69adeec47399d7ea0670a02736183e7c1018114a575a3a945fd884,80885ffc1b555ada,74e6ecda959484cc,d1c810c07bcb6bdb,d0a448c0d094d07c,d5220a764eff0d70,ccdcd646a4c890d0,8462556a2e637e79,c1e4d4f4f4eddaf4,d5df0aa94f000f8f,d090c8a446d6dccc,849d55952e9e7c86,f4daedf4f4d4e4c1,80775f231baa5e25,cc849495daece674,d137003f7b346b2c,7cd094d0c048a4d0
Training/pituitary/Tr-pi_320.jpg,Training,pituitary,35906,True,,8afa71fed3d0307237b24872056b750f3c06ee0d9527c35241b908eb7404080f,41f93f8abf69adeec47399d7ea0670a02736183e7c1018114a575a3a945fd884,80885ffc1b555ada,74e6ecda959484cc,d1c810c07bcb6bdb,d0a448c0d094d07c,d5220a764eff0d70,ccdcd646a4c890d0,8462556a2e637e79,c1e4d4f4f4eddaf4,d5df0aa94f000f8f,d090c8a446d6dccc,849d55952e9e7c86,f4daedf4f4d4e4c1,80775f231baa5e25,cc849495daece674,d137003f7b346b2c,7cd094d0c048a4d0
Training/notumor/Tr-no_168.jpg,Training,notumor,18352,True,,8c7a08207a2f8e5bf03ed590b3a482491a6abeb9b233a40604f3422065424112,2f8b0a0bfb61f8a064cb04afa9e70fb1b104e6402939a327cf6b6c75ce5e28a0,958b6e3829e46979,79f4d0d0dadcaccc,c4983f6e795b6034,70fc8cd0c4e4ec3c,c0613b927cce3cd3,ccc8c4a4f4f4d061,91736ac42cf1359e,c1c8d8d8f4c4c031,c09e3b6d7cb1342c,61d0f4f4a4c4c8cc,91cd6a3b3e0e3561,31c0c4f4d8d8c8c1,95746ec7291b61c6,ccacdcdad0d0f479,c4273f917ba460cb,3cece4c4d08cfc70
Training/notumor/Tr-no_230.jpg,Training,notumor,18352,True,,8c7a08207a2f8e5bf03ed590b3a482491a6abeb9b233a40604f3422065424112,2f8b0a0bfb61f8a064cb04afa9e70fb1b104e6402939a327cf6b6c75ce5e28a0,958b6e3829e46979,79f4d0d0dadcaccc,c4983f6e795b6034,70fc8cd0c4e4ec3c,c0613b927cce3cd3,ccc8c4a4f4f4d061,91736ac42cf1359e,c1c8d8d8f4c4c031,c09e3b6d7cb1342c,61d0f4f4a4c4c8cc,91cd6a3b3e0e3561,31c0c4f4d8d8c8c1,95746ec7291b61c6,ccacdcdad0d0f479,c4273f917ba460cb,3cece4c4d08cfc70
Training/notumor/Tr-no_738.jpg,Training,notumor,18352,True,,8c7a08207a2f8e5bf03ed590b3a482491a6abeb9b233a40604f3422065424112,2f8b0a0bfb61f8a064cb04afa9e70fb1b104e6402939a327cf6b6c75ce5e28a0,958b6e3829e46979,79f4d0d0dadcaccc,c4983f6e795b6034,70fc8cd0c4e4ec3c,c0613b927cce3cd3,ccc8c4a4f4f4d061,91736ac42cf1359e,c1c8d8d8f4c4c031,c09e3b6d7cb1342c,61d0f4f4a4c4c8cc,91cd6a3b3e0e3561,31c0c4f4d8d8c8c1,95746ec7291b61c6,ccacdcdad0d0f479,c4273f917ba460cb,3cece4c4d08cfc70
Training/notumor/Tr-no_673.jpg,Training,notumor,31704,True,,8d1b8cb2975b43db869caaecbffd11f51651b6c25d35928f84cc295215cfb822,379820551d8b3b91f79b8474e248ca7dbe58f0a75284f9e5530e2f98c279db4d,933e6aa16cc3348f,b278e8c8cccce871,95c27a2d69b4e562,33f8ecd6d6f4f8b3,c6943f4b39696165,71e8c4cce8e8e132,c0792f973c1ef0c8,32e0d09494c8e032,c66b3fa43896619a,32e1e8e8ccc4e871,c0972f683ce1b03f,32e0c89494d0e032,93c36a5e6d3c3470,71e8ccccc8e878b2,952c7ac2694be595,b3f8f4d6d6ecf833
Training/notumor/Tr-no_995.jpg,Training,notumor,31704,True,,8d1b8cb2975b43db869caaecbffd11f51651b6c25d35928f84cc295215cfb822,379820551d8b3b91f79b8474e248ca7dbe58f0a75284f9e5530e2f98c279db4d,933e6aa16cc3348f,b278e8c8cccce871,95c27a2d69b4e562,33f8ecd6d6f4f8b3,c6943f4b39696165,71e8c4cce8e8e132,c0792f973c1ef0c8,32e0d09494c8e032,c66b3fa43896619a,32e1e8e8ccc4e871,c0972f683ce1b03f,32e0c89494d0e032,93c36a5e6d3c3470,71e8ccccc8e878b2,952c7ac2694be595,b3f8f4d6d6ecf833
Training/pituitary/Tr-pi_356.jpg,Training,pituitary,137916,True,,8d463bf588c1bc9e685df1729434a541f187054456fe244024966078fe1aef61,1fe44a9842a5f4e1a9a1c202600843cdba8265de8dd0b58ebc5370728e46873a,91056efb19762699,d4f2ccc8b2217861,93cb366239d93626,f9c8ec92dbece97c,c4ab3b514cdc3333,71e16bb2ecccb0d4,c66363cc6c73638c,c0688824b4c8ec40,c4543bae4c23f3cc,d4b0ccecb26be171,c49c63376c8c6373,40ecc8b4248868c0,91fe6e041999e666,617821b2c8ccf2d4,9134369d396636d9,7ce9ecdb92ecc8f9
Training/pituitary/Tr-pi_759.jpg,Training,pituitary,137916,True,,8d463bf588c1bc9e685df1729434a541f187054456fe244024966078fe1aef61,1fe44a9842a5f4e1a9a1c202600843cdba8265de8dd0b58ebc5370728e46873a,91056efb19762699,d4f2ccc8b2217861,93cb366239d93626,f9c8ec92dbece97c,c4ab3b514cdc3333,71e16bb2ecccb0d4,c66363cc6c73638c,c0688824b4c8ec40,c4543bae4c23f3cc,d4b0ccecb26be171,c49c63376c8c6373,40ecc8b4248868c0,91fe6e041999e666,617821b2c8ccf2d4,9134369d396636d9,7ce9ecdb92ecc8f9
Training/pituitary/Tr-pi_77.jpg,Training,pituitary,137916,True,,8d463bf588c1bc9e685df1729434a541f187054456fe244024966078fe1aef61,1fe44a9842a5f4e1a9a1c202600843cdba8265de8dd0b58ebc5370728e46873a,91056efb19762699,d4f2ccc8b2217861,93cb366239d93626,f9c8ec92dbece97c,c4ab3b514cdc3333,71e16bb2ecccb0d4,c66363cc6c73638c,c0688824b4c8ec40,c4543bae4c23f3cc,d4b0ccecb26be171,c49c63376c8c6373,40ecc8b4248868c0,91fe6e041999e666,617821b2c8ccf2d4,9134369d396636d9,7ce9ecdb92ecc8f9
Training/notumor/Tr-no_56.jpg,Training,notumor,13213,True,,8df1125bc5a3901ae602be99db7d676e79744a93eb6ed69de91b86cdb087a7a1,58d3baecb184b50db298314797248db01be95d3e85e779e31e890a38553441d0,96386a716dc534e3,3171d4d4dcd4d071,85c27b3d6875a1e2,13f8daaaaada7803,c3923fcb386b6149,71d4d4c4d4d47172,d0682e873dd7f448,22e0a4aaaaa4e037,c36d3f34389461b6,7271d4d4c4d4d471,d0972e683d20f4b7,37e0a4aaaaa4e022,96c76a8e693e341c,71d0d4dcd4d47131,853d7bd2688ea11d,0378daaaaadaf813
Training/notumor/Tr-no_73.jpg,Training,notumor,13213,True,,8df1125bc5a3901ae602be99db7d676e79744a93eb6ed69de91b86cdb087a7a1,58d3baecb184b50db298314797248db01be95d3e85e779e31e890a38553441d0,96386a716dc534e3,3171d4d4dcd4d071,85c27b3d6875a1e2,13f8daaaaada7803,c3923fcb386b6149,71d4d4c4d4d47172,d0682e873dd7f448,22e0a4aaaaa4e037,c36d3f34389461b6,7271d4d4c4d4d471,d0972e683d20f4b7,37e0a4aaaaa4e022,96c76a8e693e341c,71d0d4dcd4d47131,853d7bd2688ea11d,0378daaaaadaf813
Training/pituitary/Tr-pi_285.jpg,Training,pituitary,33561,True,,8e2b4a6d3ce98d740a636942e40c14783eac078cf1758678c9d5aee948057aa7,2dd1cdcb0eab19dcdd569cf2b3ae15389783a98927dcc900f374f7fb04ebaada,c00e2b7d3db17c64,71e8e8eab2aac8f0,846e3fe17ab460c3,30e8e6f0c9e6e878,94a47e97681b29ce,f0ecaab2a8e8e871,d1c66a4b2f0e3569,e1c89864f098c0f3,955b7e6868e46931,71e8e8a8b2aaecf0,d1396ab42fe13516,f3c098f06498c8e1,c0f12b823d4e7c9b,f0c8aab2eae8e871,84933f1e7a5b603c,78e8e6c9f0e6e830
Training/pituitary/Tr-pi_962.jpg,Training,pituitary,33561,True,,8e2b4a6d3ce98d740a636942e40c14783eac078cf1758678c9d5aee948057aa7,2dd1cdcb0eab19dcdd569cf2b3ae15389783a98927dcc900f374f7fb04ebaada,c00e2b7d3db17c64,71e8e8eab2aac8f0,846e3fe17ab460c3,30e8e6f0c9e6e878,94a47e97681b29ce,f0ecaab2a8e8e871,d1c66a4b2f0e3569,e1c89864f098c0f3,955b7e6868e46931,71e8e8a8b2aaecf0,d1396ab42fe13516,f3c098f06498c8e1,c0f12b823d4e7c9b,f0c8aab2eae8e871,84933f1e7a5b603c,78e8e6c9f0e6e830
Training/meningioma/Tr-aug-me_92.jpg,Training,meningioma,25891,True,,8f9c305ee1ad7c0f9e616d2f95e5536f5858b575e81d7a56e98b574bb8a20666,1e8dbd9eb7aad79d22260ea5df0572c138a95ba311c32adec6e9239569655d8b,91da4a8d0bcb9e2e,e8cca8d4aad4d4d4,d69a013c7f646f60,79ec842c2cc4d4c0,c4701f277a61cb95,d4d494aad4eac8e8,83315c972ace3acb,7cd4dccbcbdcc861,c08f1fd85a9eca2a,e8c8ead4aa94d4d4,83ce5c692ab13a37,61c8dccbcbdcd47c,95254a722f349fd1,d4d4d4aad4a8cce8,d66401c27f136f9c,c0d4c42c2c84ec79
Training/meningioma/Tr-me_268.jpg,Training,meningioma,25891,True,,8f9c305ee1ad7c0f9e616d2f95e5536f5858b575e81d7a56e98b574bb8a20666,1e8dbd9eb7aad79d22260ea5df0572c138a95ba311c32adec6e9239569655d8b,91da4a8d0bcb9e2e,e8cca8d4aad4d4d4,d69a013c7f646f60,79ec842c2cc4d4c0,c4701f277a61cb95,d4d494aad4eac8e8,83315c972ace3acb,7cd4dccbcbdcc861,c08f1fd85a9eca2a,e8c8ead4aa94d4d4,83ce5c692ab13a37,61c8dccbcbdcd47c,95254a722f349fd1,d4d4d4aad4a8cce8,d66401c27f136f9c,c0d4c42c2c84ec79
Training/notumor/Tr-no_1397.jpg,Training,notumor,46209,True,,90b09a698e88ffae221f5f5c0c732e7a17e93387b4e91fc0be28b3aa3b91ba33,0c0eef84bbc7849af6a65b93fad9164433ad48fbae669f5b4302188e3460a62f,811956fe6c786b85,70d49292b2c8d4e0,91c91e8f5ec6323c,70f088e2b288f470,d4b3034479c23f2f,f8d0ecb2b6b6d461,c46b4b350b6c6796,f1d0e6b2b8eeb0f0,d44c03ab793d3ed0,61d4b6b6b2ecd0f8,c49c4bca0b93676b,f0b0eeb8b2e6d0f1,81e656116c976b7a,e0d4c8b29292d470,913e1e745e3932c3,70f488b2e288f070
Training/notumor/Tr-no_660.jpg,Training,notumor,46209,True,,90b09a698e88ffae221f5f5c0c732e7a17e93387b4e91fc0be28b3aa3b91ba33,0c0eef84bbc7849af6a65b93fad9164433ad48fbae669f5b4302188e3460a62f,811956fe6c786b85,70d49292b2c8d4e0,91c91e8f5ec6323c,70f088e2b288f470,d4b3034479c23f2f,f8d0ecb2b6b6d461,c46b4b350b6c6796,f1d0e6b2b8eeb0f0,d44c03ab793d3ed0,61d4b6b6b2ecd0f8,c49c4bca0b93676b,f0b0eeb8b2e6d0f1,81e656116c976b7a,e0d4c8b29292d470,913e1e745e3932c3,70f488b2e288f070
Testing/glioma/Te-gl_129.jpg,Testing,glioma,14885,True,,917cadd5aad4a8288a4f759d4f4a261e66c3187dbace1293b76aa8434b691b37,20bc1528e96ee79042fe12a6a6ae1e49f935736a66487799715d3a353f2da48b,d0486fb33d993c26,f1c0b8b8b898c8e0,941e3b616ed439c3,38f8f8b0a28edcf8,85e23a1d6a7369cc,f8ece6e2e2e2fc70,c1b06eca3b6e6469,e0c486baf2e0e0e1,851d3ae66acc6933,70fce2e2e2e6ecf8,c14f6e343b916c96,e1e0e0f2ba86c4e0,d0b76f483d263c89,e0c898b8b8b8c0f1,94e03b9e6e2b313c,f8dc8ea2b0f8f838
Testing/glioma/Te-gl_303.jpg,Testing,glioma,14885,True,,917cadd5aad4a8288a4f759d4f4a261e66c3187dbace1293b76aa8434b691b37,20bc1528e96ee79042fe12a6a6ae1e49f935736a66487799715d3a353f2da48b,d0486fb33d993c26,f1c0b8b8b898c8e0,941e3b616ed439c3,38f8f8b0a28edcf8,85e23a1d6a7369cc,f8ece6e2e2e2fc70,c1b06eca3b6e6469,e0c486baf2e0e0e1,851d3ae66acc6933,70fce2e2e2e6ecf8,c14f6e343b916c96,e1e0e0f2ba86c4e0,d0b76f483d263c89,e0c898b8b8b8c0f1,94e03b9e6e2b313c,f8dc8ea2b0f8f838
Testing/glioma/Te-gl_144.jpg,Testing,glioma,48294,True,,9240553fcd8fe826ed548984db69d2d0178a14adb7aba345b6e7ba539e15d71f,114734cb991b3eef1fa55a194230788bc4b33a6271fffad51695974a3ed98bb6,95d34a4b6b9d2d84,69dcaabaa8e8d471,c5870a3b3f787921,70e8d8e060d8e071,c0791fe13e377824,71d4e8aaa2aac469,902d5f916bd22d8b,70f8a4e0f8e4e871,c0861f1e3ec878db,69c4aaa2aae8d471,90d25f6e6a2d2c74,71e8e4f8e0a4f870,952c4ab46b622d7b,71d4e8a8baaadc69,c5780ac43e8778de,71e0d860e0d8e870
Testing/glioma/Te-gl_59.jpg,Testing,glioma,48294,True,,9240553fcd8fe826ed548984db69d2d0178a14adb7aba345b6e7ba539e15d71f,114734cb991b3eef1fa55a194230788bc4b33a6271fffad51695974a3ed98bb6,95d34a4b6b9d2d84,69dcaabaa8e8d471,c5870a3b3f787921,70e8d8e060d8e071,c0791fe13e377824,71d4e8aaa2aac469,902d5f916bd22d8b,70f8a4e0f8e4e871,c0861f1e3ec878db,69c4aaa2aae8d471,90d25f6e6a2d2c74,71e8e4f8e0a4f870,952c4ab46b622d7b,71d4e8a8baaadc69,c5780ac43e8778de,71e0d860e0d8e870
Training/pituitary/Tr-pi_1098.jpg,Training,pituitary,38348,True,,93ea61a9b554ed27c76d767221bba1d6c8b24a03521aee53f4b822b89efa41b2,22688be26d40a117d6d21f81da7f93d5fc6102a28177da11e286cc756e931e89,c03d2ff03d743364,b2e8c8d4d4ccccc9,906e7fad68962295,01fcdcf0f0ccfc01,95977a5a688a26ce,6cccccd4d4c8e8b2,c5c02a033d3c773f,03c0ccb0f0c4c003,95687aa578756631,b2e8c8d4d4cccc6c,c5392af03dc377c0,03c0c4f0b0ccc003,c0c22f0f2d8f339b,c9ccccd4d4c8e8b2,90957f5e686d226a,01fcccf0f0dcfc01
Training/pituitary/Tr-pi_1155.jpg,Training,pituitary,38348,True,,93ea61a9b554ed27c76d767221bba1d6c8b24a03521aee53f4b822b89efa41b2,22688be26d40a117d6d21f81da7f93d5fc6102a28177da11e286cc756e931e89,c03d2ff03d743364,b2e8c8d4d4ccccc9,906e7fad68962295,01fcdcf0f0ccfc01,95977a5a688a26ce,6cccccd4d4c8e8b2,c5c02a033d3c773f,03c0ccb0f0c4c003,95687aa578756631,b2e8c8d4d4cccc6c,c5392af03dc377c0,03c0c4f0b0ccc003,c0c22f0f2d8f339b,c9ccccd4d4c8e8b2,90957f5e686d226a,01fcccf0f0dcfc01
Training/notumor/Tr-no_1334.jpg,Training,notumor,73953,True,,95ffabd6cfd94e094cd1af64396bfa75f578a012f52b23cbf8e5fa828ffa4863,2263c78edbde84688e518a707f34a9f553b7281242b8d0e00b9749fa6aa0a237,966968b5719631dc,b27170d4d4f46871,959e7a65616b84a5,8b70e4c8dee4708a,c3c33d1f243c6476,71e9d0d4d4f171b2,c03e2fcf34c1d10f,0cf1d884e4d8e00c,c33c3de064d3649d,b271f1d4d4d0e971,c0c32f35343fd1f0,0ce0d8e484d8f10c,9696684a71797137,7168f4d4d47071b2,95697a9f6195845a,8a70e4dec8e4708b
Training/notumor/Tr-no_235.jpg,Training,notumor,73953,True,,95ffabd6cfd94e094cd1af64396bfa75f578a012f52b23cbf8e5fa828ffa4863,2263c78edbde84688e518a707f34a9f553b7281242b8d0e00b9749fa6aa0a237,966968b5719631dc,b27170d4d4f46871,959e7a65616b84a5,8b70e4c8dee4708a,c3c33d1f243c6476,71e9d0d4d4f171b2,c03e2fcf34c1d10f,0cf1d884e4d8e00c,c33c3de064d3649d,b271f1d4d4d0e971,c0c32f35343fd1f0,0ce0d8e484d8f10c,9696684a71797137,7168f4d4d47071b2,95697a9f6195845a,8a70e4dec8e4708b
Training/notumor/Tr-no_1016.jpg,Training,notumor,14989,True,,9a1a7d12c935c0029511710dba377c2d37ecf4924ec19c1644b6116b48c33610,003b3996b4b5123feea0cb96c58cffd56341d5bb2d4055f243af2ed7967403ef,95da5e394acc3998,78f4f6d4d89ee6f6,c592120c7f5b786d,f9cc505042e2f062,c0781b931f666d72,909886e4d490d0e1,903947ae2af12dc7,b9f0b8bdf5f5cc60,c08f0b6e1f996c8d,e1d090d4e4869890,90c747792a0e3d3e,60ccf5f5bdb8f0b9,95255ec45a333967,f6e69ed8d4f6f478,c56c12f37fa46892,62f0e2425050ccf9
Training/notumor/Tr-no_819.jpg,Training,notumor,14989,True,,9a1a7d12c935c0029511710dba377c2d37ecf4924ec19c1644b6116b48c33610,003b3996b4b5123feea0cb96c58cffd56341d5bb2d4055f243af2ed7967403ef,95da5e394acc3998,78f4f6d4d89ee6f6,c592120c7f5b786d,f9cc505042e2f062,c0781b931f666d72,909886e4d490d0e1,903947ae2af12dc7,b9f0b8bdf5f5cc60,c08f0b6e1f996c8d,e1d090d4e4869890,90c747792a0e3d3e,60ccf5f5bdb8f0b9,95255ec45a333967,f6e69ed8d4f6f478,c56c12f37fa46892,62f0e2425050ccf9
Testing/glioma/Te-gl_204.jpg,Testing,glioma,13125,True,,9c20281ccdd53888d2ebcecc9c71521ed2431500eb4448e1b63465c050a0e59f,06099a2fe11ab93b940a4b2037c5b28d79a4bc54efd8f361066565a203c06f16,931b6e64689939e3,71f8f8f8cceccc71,85c63a386ecfe138,71dce2e7e5d2d879,c6b03bce3d336c48,71ccc8cce0e0e071,d06c6e933b65b492,61e0a45818b8c471,c64e3b313dcc6c86,71e0e0e0ccc8cc71,d0936e6c3b9ab42c,71c4b81858a4e061,93e46e9b6866391c,71ccecccf8f8f871,85393bc66e30e1c7,79d8d2e5e7e2dc71
Testing/glioma/Te-gl_259.jpg,Testing,glioma,13125,True,,9c20281ccdd53888d2ebcecc9c71521ed2431500eb4448e1b63465c050a0e59f,06099a2fe11ab93b940a4b2037c5b28d79a4bc54efd8f361066565a203c06f16,931b6e64689939e3,71f8f8f8cceccc71,85c63a386ecfe138,71dce2e7e5d2d879,c6b03bce3d336c48,71ccc8cce0e0e071,d06c6e933b65b492,61e0a45818b8c471,c64e3b313dcc6c86,71e0e0e0ccc8cc71,d0936e6c3b9ab42c,71c4b81858a4e061,93e46e9b6866391c,71ccecccf8f8f871,85393bc66e30e1c7,79d8d2e5e7e2dc71
Training/pituitary/Tr-pi_132.jpg,Training,pituitary,30598,True,,a1ee82164acd190067400d50f236fbb6004c0002fe3c09e4cf2d71752865140b,04dcda1ea7d1b4a279a2395bb8130bb4584ba9558c258641843554e82aadef2d,940b5b3d2a3d6c3c,79d8aadca2b614ec,80dd174a7f6868ab,70cea2c4d9a5cc6e,c1a10e875f973996,c8d692aac4aae461,d5f74af02ac23d21,89cc5a64d0ba8cf1,c15e0f685f683969,61e4aac4aa92d6c8,d588420f2a3d3dde,f18cbad0645acc89,d4f45bd22ac26cc3,ec14b6a2dcaad879,80221fb57f976874,6ecca5d9c4a2ce70
Training/pituitary/Tr-pi_564.jpg,Training,pituitary,30598,True,,a1ee82164acd190067400d50f236fbb6004c0002fe3c09e4cf2d71752865140b,04dcda1ea7d1b4a279a2395bb8130bb4584ba9558c258641843554e82aadef2d,940b5b3d2a3d6c3c,79d8aadca2b614ec,80dd174a7f6868ab,70cea2c4d9a5cc6e,c1a10e875f973996,c8d692aac4aae461,d5f74af02ac23d21,89cc5a64d0ba8cf1,c15e0f685f683969,61e4aac4aa92d6c8,d588420f2a3d3dde,f18cbad0645acc89,d4f45bd22ac26cc3,ec14b6a2dcaad879,80221fb57f976874,6ecca5d9c4a2ce70
Training/notumor/Tr-no_1061.jpg,Training,notumor,12392,True,,a3d86920c0bc02e0c062091ab21078a4387ed519b881c89568ab969d3dc37d33,19b55a48a14fc0aa8e20c98dedba98d0945ac37c64e31239310076b8c3a8e4bb,d70a20bf12edc33c,e1e8e8484969aacc,96693566556a9a69,78f6e9e8e8edfafc,82a2755557479796,ccaa696dede8e870,c3d768cd20c0cfd3,c0a048e8e86890e1,825d75aa47b89669,70e8e8ed6d69aacc,c33c603b003fcf3e,e19068e8e848a0c0,d7f728411252c7d3,ccaa694948e8e8e1,968635995595da96,fcfaede8e8e9f678
Training/notumor/Tr-no_1134.jpg,Training,notumor,12392,True,,a3d86920c0bc02e0c062091ab21078a4387ed519b881c89568ab969d3dc37d33,19b55a48a14fc0aa8e20c98dedba98d0945ac37c64e31239310076b8c3a8e4bb,d70a20bf12edc33c,e1e8e8484969aacc,96693566556a9a69,78f6e9e8e8edfafc,82a2755557479796,ccaa696dede8e870,c3d768cd20c0cfd3,c0a048e8e86890e1,825d75aa47b89669,70e8e8ed6d69aacc,c33c603b003fcf3e,e19068e8e848a0c0,d7f728411252c7d3,ccaa694948e8e8e1,968635995595da96,fcfaede8e8e9f678
Training/notumor/Tr-no_588.jpg,Training,notumor,10908,True,,a820973ab9e444f92fdc4e5eb2e584a72d5da660675f1793469f229f40199538,058a061573de9fa1ec23251690f6a715ba5287f29445d46a932a2fcf33ff20df,863e7a706ac169e5,79e8e8e8ccdce8e8,84c07b8f6a36e8f8,78f8f0ece4f2fc38,d3942eda3b632c0b,e8e8c4cce8e8e861,d1682e253f94bd52,e3c0b0d8c8f0e0e1,d36b2f253b943c30,61e8e8e8ccc4e8e8,d0942ed83b62bd8d,e1e0f0c8d8b0c0e3,86c17a8f6a3e299a,e8e8dccce8e8e879,853f7b706ac1e807,38fcf2e4ecf0f878
Training/notumor/Tr-no_989.jpg,Training,notumor,10908,True,,a820973ab9e444f92fdc4e5eb2e584a72d5da660675f1793469f229f40199538,058a061573de9fa1ec23251690f6a715ba5287f29445d46a932a2fcf33ff20df,863e7a706ac169e5,79e8e8e8ccdce8e8,84c07b8f6a36e8f8,78f8f0ece4f2fc38,d3942eda3b632c0b,e8e8c4cce8e8e861,d1682e253f94bd52,e3c0b0d8c8f0e0e1,d36b2f253b943c30,61e8e8e8ccc4e8e8,d0942ed83b62bd8d,e1e0f0c8d8b0c0e3,86c17a8f6a3e299a,e8e8dccce8e8e879,853f7b706ac1e807,38fcf2e4ecf0f878
Training/notumor/Tr-no_40.jpg,Training,notumor,107824,True,,a8bf58f1fee6cc15adfbbbbe78513606502269b917a52dfe0991621ad5ba401c,16fc5cbc1ea42a4e5c4b5e1dff7d35adb4aa77b74617c1a333044147906ebaf5,c3363cd864b335c9,3169d4d4f0f0f871,95666e8f3195c478,03e0e4c8a8e07009,969c6972319970e7,71e0f0d0d4d46970,c1cc3b27643f91d2,23f1f8eaecd8e803,9663698d31f6709c,7069d4d4d0f0e071,c5333bde64c1912d,03e8d8eceaf8f123,c3c93c27645c35b6,71f8f0f0d4d46931,95996e76316ac487,0970e0a8c8e4e003
Training/notumor/Tr-no_581.jpg,Training,notumor,107824,True,,a8bf58f1fee6cc15adfbbbbe78513606502269b917a52dfe0991621ad5ba401c,16fc5cbc1ea42a4e5c4b5e1dff7d35adb4aa77b74617c1a333044147906ebaf5,c3363cd864b335c9,3169d4d4f0f0f871,95666e8f3195c478,03e0e4c8a8e07009,969c6972319970e7,71e0f0d0d4d46970,c1cc3b27643f91d2,23f1f8eaecd8e803,9663698d31f6709c,7069d4d4d0f0e071,c5333bde64c1912d,03e8d8eceaf8f123,c3c93c27645c35b6,71f8f0f0d4d46931,95996e76316ac487,0970e0a8c8e4e003
Training/notumor/Tr-no_1000.jpg,Training,notumor,33408,True,,aa66d8e967787f1f68a537f5300e72131b53cc4706620d41e67f74b1eb53d931,021b5bf6fc19449b84774fb77227f36be159197aa55ed2cc3cd4cbf00909d8f7,916e5aa75a2d2cc5,e1e8eae8e8e8f878,919656576ea8786a,70f8f8f0d1d0f071,c4c40f0d0f87796f,e1e0e8e8e8a8e878,c43d03ff3f822dc0,71f0f47470e0e071,c43b0ff20f787990,78e8a8e8e8e8e0e1,c4c303023bfd2d3f,71e0e07074f4f071,95915a585ada3c7a,78f8e8e8e8eae8e1,916956a86e577895,71f0d0d1f0f8f870
Training/notumor/Tr-no_105.jpg,Training,notumor,33408,True,,aa66d8e967787f1f68a537f5300e72131b53cc4706620d41e67f74b1eb53d931,021b5bf6fc19449b84774fb77227f36be159197aa55ed2cc3cd4cbf00909d8f7,916e5aa75a2d2cc5,e1e8eae8e8e8f878,919656576ea8786a,70f8f8f0d1d0f071,c4c40f0d0f87796f,e1e0e8e8e8a8e878,c43d03ff3f822dc0,71f0f47470e0e071,c43b0ff20f787990,78e8a8e8e8e8e0e1,c4c303023bfd2d3f,71e0e07074f4f071,95915a585ada3c7a,78f8e8e8e8eae8e1,916956a86e577895,71f0d0d1f0f8f870
Training/pituitary/Tr-pi_1122.jpg,Training,pituitary,268812,True,,ac081dc77c62c1902feb757aa652c2af19c67d31ec646fd3f2a50249729f570c,2732c878c0a858426930c13a82d9e37b7e793b90f0ea2f76786724395bce94a4,d1804b1fce6a2fd8,e8d092d4d44c88da,c95206663f653e4d,ecf1b0b273b0e2fe,842a1eb5dbc07af2,a4eecdd4d4b6f4e8,94f053c46a496be7,80b8f23032f270c8,80d51e4a8b3f7a8d,e8f4b6d4d4cdeea4,9d0f533b6ab06b18,c870f23230f2b880,d17f4be00e952b23,da884cd4d492d0e8,c9ad06913f1a3eb2,fee2b073b2b0f1ec
Training/pituitary/Tr-pi_1196.jpg,Training,pituitary,268812,True,,ac081dc77c62c1902feb757aa652c2af19c67d31ec646fd3f2a50249729f570c,2732c878c0a858426930c13a82d9e37b7e793b90f0ea2f76786724395bce94a4,d1804b1fce6a2fd8,e8d092d4d44c88da,c95206663f653e4d,ecf1b0b273b0e2fe,842a1eb5dbc07af2,a4eecdd4d4b6f4e8,94f053c46a496be7,80b8f23032f270c8,80d51e4a8b3f7a8d,e8f4b6d4d4cdeea4,9d0f533b6ab06b18,c870f23230f2b880,d17f4be00e952b23,da884cd4d492d0e8,c9ad06913f1a3eb2,fee2b073b2b0f1ec
Training/pituitary/Tr-pi_943.jpg,Training,pituitary,268812,True,,ac081dc77c62c1902feb757aa652c2af19c67d31ec646fd3f2a50249729f570c,2732c878c0a858426930c13a82d9e37b7e793b90f0ea2f76786724395bce94a4,d1804b1fce6a2fd8,e8d092d4d44c88da,c95206663f653e4d,ecf1b0b273b0e2fe,842a1eb5dbc07af2,a4eecdd4d4b6f4e8,94f053c46a496be7,80b8f23032f270c8,80d51e4a8b3f7a8d,e8f4b6d4d4cdeea4,9d0f533b6ab06b18,c870f23230f2b880,d17f4be00e952b23,da884cd4d492d0e8,c9ad06913f1a3eb2,fee2b073b2b0f1ec
Training/pituitary/Tr-pi_120.jpg,Training,pituitary,35727,True,,ac76926d9f73fd42c57092e3f991abe3036320552092ebf8d69d60d736a93622,047a5e6ed6fc4d1534183605c94f9e95552ccbc9aad43b5b3d058bb11edb7026,811e519e7e6a2e69,70dcaae9b2aadcd6,90c20f835fa55e5e,f8cdacd8d8acce78,d4b504742bd87bc3,94c4aab268aac4f1,c5785a6d0e0f0bf4,e18ccae4e4ca4ce0,d44b048b2b2f7b3c,f1c4aa68b2aac494,c5975ad60ef00b4b,e04ccae4e4ca8ce1,81f151617e9d2e96,d6dcaab2e9aadc70,902d0f785f5a5ea1,78ceacd8d8accdf8
Training/pituitary/Tr-pi_763.jpg,Training,pituitary,35727,True,,ac76926d9f73fd42c57092e3f991abe3036320552092ebf8d69d60d736a93622,047a5e6ed6fc4d1534183605c94f9e95552ccbc9aad43b5b3d058bb11edb7026,811e519e7e6a2e69,70dcaae9b2aadcd6,90c20f835fa55e5e,f8cdacd8d8acce78,d4b504742bd87bc3,94c4aab268aac4f1,c5785a6d0e0f0bf4,e18ccae4e4ca4ce0,d44b048b2b2f7b3c,f1c4aa68b2aac494,c5975ad60ef00b4b,e04ccae4e4ca8ce1,81f151617e9d2e96,d6dcaab2e9aadc70,902d0f785f5a5ea1,78ceacd8d8accdf8
Training/notumor/Tr-no_447.jpg,Training,notumor,38799,True,,ac76ca3b933520e9519c3fa096e38e281e467ae4bda0412daa34cb966954ff68,067c4751e3eb8c98be71ec48583f06b478f640478ebe74ca5e8b04dec81d56cd,856a5ba57ab50996,61e8ec8ccececc60,95975cd26a6a6949,38fca2cdcd8ef430,d0c00f0f2f1f7c3c,e1cc8c8ccec8e869,c03d0b783fe03ce3,30d08e4c4cbac060,d03f0ef02fe05cc3,69e8c8ce8c8ccce1,c0c20b873f3f3c3c,60c0ba4c4c8ed030,85955f5a7a4a2969,60cccece8cece861,95685c2d6a9569b6,30f48ecdcda2fc38
Training/notumor/Tr-no_720.jpg,Training,notumor,38799,True,,ac76ca3b933520e9519c3fa096e38e281e467ae4bda0412daa34cb966954ff68,067c4751e3eb8c98be71ec48583f06b478f640478ebe74ca5e8b04dec81d56cd,856a5ba57ab50996,61e8ec8ccececc60,95975cd26a6a6949,38fca2cdcd8ef430,d0c00f0f2f1f7c3c,e1cc8c8ccec8e869,c03d0b783fe03ce3,30d08e4c4cbac060,d03f0ef02fe05cc3,69e8c8ce8c8ccce1,c0c20b873f3f3c3c,60c0ba4c4c8ed030,85955f5a7a4a2969,60cccece8cece861,95685c2d6a9569b6,30f48ecdcda2fc38
Training/notumor/Tr-no_839.jpg,Training,notumor,38799,True,,ac76ca3b933520e9519c3fa096e38e281e467ae4bda0412daa34cb966954ff68,067c4751e3eb8c98be71ec48583f06b478f640478ebe74ca5e8b04dec81d56cd,856a5ba57ab50996,61e8ec8ccececc60,95975cd26a6a6949,38fca2cdcd8ef430,d0c00f0f2f1f7c3c,e1cc8c8ccec8e869,c03d0b783fe03ce3,30d08e4c4cbac060,d03f0ef02fe05cc3,69e8c8ce8c8ccce1,c0c20b873f3f3c3c,60c0ba4c4c8ed030,85955f5a7a4a2969,60cccece8cece861,95685c2d6a9569b6,30f48ecdcda2fc38
Training/notumor/Tr-no_1083.jpg,Training,notumor,31516,True,,ae511b11b26309a2e60432852cb26d6b019057fc2aab35867badf8af04daa3b6,1ce86920ee006d7a0b880d28607c76e45f552515ebc64d13ea1de502f425891b,91973ed87a247958,71f0d4d4f0d0f0f0,d0e42e463b9b683d,78e4aaa8a8a8e070,c42d6b722f8e2ce2,f0f0b4f094d4f071,854e7b246e303d97,e1f8eaeaeaaad8e1,c4d26b8d2f713c0d,71f0d494f0b4f0f0,85b17b106ece3d68,e1d8aaeaeaeaf8e1,81683e276adb69a3,f0f0d0f0d4d4f071,d01b2efb3b6468c2,70e0a8a8a8aae478
Training/notumor/Tr-no_217.jpg,Training,notumor,31516,True,,ae511b11b26309a2e60432852cb26d6b019057fc2aab35867badf8af04daa3b6,1ce86920ee006d7a0b880d28607c76e45f552515ebc64d13ea1de502f425891b,91973ed87a247958,71f0d4d4f0d0f0f0,d0e42e463b9b683d,78e4aaa8a8a8e070,c42d6b722f8e2ce2,f0f0b4f094d4f071,854e7b246e303d97,e1f8eaeaeaaad8e1,c4d26b8d2f713c0d,71f0d494f0b4f0f0,85b17b106ece3d68,e1d8aaeaeaeaf8e1,81683e276adb69a3,f0f0d0f0d4d4f071,d01b2efb3b6468c2,70e0a8a8a8aae478
Training/pituitary/Tr-pi_1187.jpg,Training,pituitary,268072,True,,aff49c4e9fbe859bc0608338e96e8e4eab4743e7100c05f81b48e68a799d38d4,0e65d230affe593cfd3a3c1ceb9e0871ebe1bbb8c129090a53d15e696a1bc6b2,d1804b1fce6a2fd8,e8d092d4d44c88da,c85206663fe53e4d,ecf1b0a273b0e2fa,842a1eb5dbc07af2,a4eecdd4d4b6f4e8,94f052c46a4d6be7,80b8f23032f270c8,84d51e4a8b3f7a0d,e8f4b6d4d4cdeea4,9d0f533b6ab06b18,c870f23230f2b880,d17f4be00e952b07,da884cd4d492d0e8,c9ad06913f1a3eb2,fae2b073a2b0f1ec
Training/pituitary/Tr-pi_384.jpg,Training,pituitary,268072,True,,aff49c4e9fbe859bc0608338e96e8e4eab4743e7100c05f81b48e68a799d38d4,0e65d230affe593cfd3a3c1ceb9e0871ebe1bbb8c129090a53d15e696a1bc6b2,d1804b1fce6a2fd8,e8d092d4d44c88da,c85206663fe53e4d,ecf1b0a273b0e2fa,842a1eb5dbc07af2,a4eecdd4d4b6f4e8,94f052c46a4d6be7,80b8f23032f270c8,84d51e4a8b3f7a0d,e8f4b6d4d4cdeea4,9d0f533b6ab06b18,c870f23230f2b880,d17f4be00e952b07,da884cd4d492d0e8,c9ad06913f1a3eb2,fae2b073a2b0f1ec
Training/pituitary/Tr-pi_863.jpg,Training,pituitary,268072,True,,aff49c4e9fbe859bc0608338e96e8e4eab4743e7100c05f81b48e68a799d38d4,0e65d230affe593cfd3a3c1ceb9e0871ebe1bbb8c129090a53d15e696a1bc6b2,d1804b1fce6a2fd8,e8d092d4d44c88da,c85206663fe53e4d,ecf1b0a273b0e2fa,842a1eb5dbc07af2,a4eecdd4d4b6f4e8,94f052c46a4d6be7,80b8f23032f270c8,84d51e4a8b3f7a0d,e8f4b6d4d4cdeea4,9d0f533b6ab06b18,c870f23230f2b880,d17f4be00e952b07,da884cd4d492d0e8,c9ad06913f1a3eb2,fae2b073a2b0f1ec
Training/notumor/Tr-no_455.jpg,Training,notumor,37869,True,,b19b70050792743117c0ca8237e721b433a3d76b7cd1ae7e2bfaa50f73985957,220e71738af6c6830e56feba1f47aa7886166746c403d3e35539539a008c6c33,852c5af06697799a,e8f2faccccd6ece8,95c55ac873132d79,f0f0f2c8caf2f8f8,d0c70f5a333d2c35,e8c894cccca0b0e8,c02f0fe226b978d3,e0e0b0acecb0f0f0,d0790bad33c22ccf,e8b0a0cccc94c8e8,c0d00f9d3667786d,f0f0b0ecacb0e0e0,95935e0766687965,e8ecd6ccccfaf2e8,953a5a3763cc2d86,f8f8f2cac8f2f0f0
Training/notumor/Tr-no_866.jpg,Training,notumor,37869,True,,b19b70050792743117c0ca8237e721b433a3d76b7cd1ae7e2bfaa50f73985957,220e71738af6c6830e56feba1f47aa7886166746c403d3e35539539a008c6c33,852c5af06697799a,e8f2faccccd6ece8,95c55ac873132d79,f0f0f2c8caf2f8f8,d0c70f5a333d2c35,e8c894cccca0b0e8,c02f0fe226b978d3,e0e0b0acecb0f0f0,d0790bad33c22ccf,e8b0a0cccc94c8e8,c0d00f9d3667786d,f0f0b0ecacb0e0e0,95935e0766687965,e8ecd6ccccfaf2e8,953a5a3763cc2d86,f8f8f2cac8f2f0f0
Training/pituitary/Tr-pi_1071.jpg,Training,pituitary,26904,True,,b204aa522460d1a772549e65023ac4f67b3ad1f57a1be54c59ece19fcd2d0081,15e1b8491e14af7e43ff715ede84d5710ce30d1952fd486820be6b386962df22,876e38b56096655b,b261c0e8c8d470b2,94b57aca612dc56c,8078d4c8ccd47982,d2c46d3f353c30b1,b2f1d4ecc8f879b2,c31f3fe0348790ce,8261c0c8e8d0e102,d23b6de035c7304e,b279f8c8ecd4f1b2,c1e03f9f347c9039,02e1d0e8c8c06182,9791386a616de5e4,b270d4c8e8c061b2,954a7a3561d6c593,8279d4ccc8d47880
Training/pituitary/Tr-pi_1207.jpg,Training,pituitary,26904,True,,b204aa522460d1a772549e65023ac4f67b3ad1f57a1be54c59ece19fcd2d0081,15e1b8491e14af7e43ff715ede84d5710ce30d1952fd486820be6b386962df22,876e38b56096655b,b261c0e8c8d470b2,94b57aca612dc56c,8078d4c8ccd47982,d2c46d3f353c30b1,b2f1d4ecc8f879b2,c31f3fe0348790ce,8261c0c8e8d0e102,d23b6de035c7304e,b279f8c8ecd4f1b2,c1e03f9f347c9039,02e1d0e8c8c06182,9791386a616de5e4,b270d4c8e8c061b2,954a7a3561d6c593,8279d4ccc8d47880
Training/pituitary/Tr-pi_991.jpg,Training,pituitary,26904,True,,b204aa522460d1a772549e65023ac4f67b3ad1f57a1be54c59ece19fcd2d0081,15e1b8491e14af7e43ff715ede84d5710ce30d1952fd486820be6b386962df22,876e38b56096655b,b261c0e8c8d470b2,94b57aca612dc56c,8078d4c8ccd47982,d2c46d3f353c30b1,b2f1d4ecc8f879b2,c31f3fe0348790ce,8261c0c8e8d0e102,d23b6de035c7304e,b279f8c8ecd4f1b2,c1e03f9f347c9039,02e1d0e8c8c06182,9791386a616de5e4,b270d4c8e8c061b2,954a7a3561d6c593,8279d4ccc8d47880
Training/notumor/Tr-no_1245.jpg,Training,notumor,35931,True,,b396caa83da170f384de32368fd40ab0fbb00232e12fd2b463eddff69741af44,05ffda0e672a16883cdb8e6ef7c8627c6b3c0def1d026ecda3382671cc85c7c5,c23b6de135e3308e,b271d4d4d4d4f071,954a7eb561c6c583,9378e48adae47893,9791794f644965e4,71f0d4d4d4d471b2,c1e12b1f347e906d,36e1d8a4a6d8e136,976e38b060b6659b,b271d4d4d4d4f071,c13f2be0349b90f6,36e1d8a6a4d8e136,c2c56d1e351d34f1,71f0d4d4d4d471b2,95b47e4a6129c57c,9378e4da8ae47893
Training/notumor/Tr-no_133.jpg,Training,notumor,35931,True,,b396caa83da170f384de32368fd40ab0fbb00232e12fd2b463eddff69741af44,05ffda0e672a16883cdb8e6ef7c8627c6b3c0def1d026ecda3382671cc85c7c5,c23b6de135e3308e,b271d4d4d4d4f071,954a7eb561c6c583,9378e48adae47893,9791794f644965e4,71f0d4d4d4d471b2,c1e12b1f347e906d,36e1d8a4a6d8e136,976e38b060b6659b,b271d4d4d4d4f071,c13f2be0349b90f6,36e1d8a6a4d8e136,c2c56d1e351d34f1,71f0d4d4d4d471b2,95b47e4a6129c57c,9378e4da8ae47893
Training/notumor/Tr-no_388.jpg,Training,notumor,18154,True,,b7217d07fe4b60f472aaeee4b36e8429d4a1685bbb9fd13c1d471835326e801d,0390de0accd843c274a979a1a8e45fb187453b3505eda99c83cf5b33d670ef85,d44863b71d493735,61f4a6b2a694e4e0,905b33ec4c6633cd,78d898b4b2b6d478,81e2161d59e3669f,e8d8d69ab292d070,c5f146c619cc6763,e0d492b2d2e6e4e1,915d36e2591d6663,70d092b29ad6d8e8,c54e46391933679d,e1e4e6d2b292d4e0,d4f743480cb633cb,e0e494a6b2a6f461,90e433934cdb323f,78d4b6b2b498d878
Training/notumor/Tr-no_636.jpg,Training,notumor,18154,True,,b7217d07fe4b60f472aaeee4b36e8429d4a1685bbb9fd13c1d471835326e801d,0390de0accd843c274a979a1a8e45fb187453b3505eda99c83cf5b33d670ef85,d44863b71d493735,61f4a6b2a694e4e0,905b33ec4c6633cd,78d898b4b2b6d478,81e2161d59e3669f,e8d8d69ab292d070,c5f146c619cc6763,e0d492b2d2e6e4e1,915d36e2591d6663,70d092b29ad6d8e8,c54e46391933679d,e1e4e6d2b292d4e0,d4f743480cb633cb,e0e494a6b2a6f461,90e433934cdb323f,78d4b6b2b498d878
Training/notumor/Tr-no_1316.jpg,Training,notumor,11520,True,,b7c27d5f1a82137601cc7630779fe2aa120bd9cfd9ddf3a2607c86255de7c9f0,2d29cd11d7df58ed645957bdd843b05acb7d9acddeac116be081aabb29a23508,c22f2df074931cda,60e1e8c8cce8d870,956678e06395c59b,0078f4cccdf4f831,9785785a6139597c,71e4c8ccece878b8,c0dd2d4b373f9031,21e0d04cccd0e000,977a78a521c6498f,b878e8ecccc8e471,c03b2db737c190ce,00e0d0cc4cd0e021,c2d02d4f746c1c7d,70d8e8ccc8e8e160,9599781f636ac564,31f8f4cdccf47800
Training/notumor/Tr-no_475.jpg,Training,notumor,11520,True,,b7c27d5f1a82137601cc7630779fe2aa120bd9cfd9ddf3a2607c86255de7c9f0,2d29cd11d7df58ed645957bdd843b05acb7d9acddeac116be081aabb29a23508,c22f2df074931cda,60e1e8c8cce8d870,956678e06395c59b,0078f4cccdf4f831,9785785a6139597c,71e4c8ccece878b8,c0dd2d4b373f9031,21e0d04cccd0e000,977a78a521c6498f,b878e8ecccc8e471,c03b2db737c190ce,00e0d0cc4cd0e021,c2d02d4f746c1c7d,70d8e8ccc8e8e160,9599781f636ac564,31f8f4cdccf47800
Training/meningioma/Tr-aug-me_94.jpg,Training,meningioma,18849,True,,b8a72a6ed1229b7b33dc11c8641ebf15e55e9db20fd933e6372234013b8707b8,26ac75d7d6edb5441efff56ea14eb7452166f8f7afe4cc35b6da3e4377ec8ca8,957a6a2969a57271,b268ccf4d0ccd4f0,84947f3c787b6262,04f4c4b6b4c47480,c0d03f833c0f27db,f0d4ccf4c0cce032,d13e2a962dd137c8,02d0dcd292dcd0c2,c02f3f7c3cf02724,32e0ccc0f4ccd4f0,d1c12a692d2e3737,c2d0dc92d2dcd002,95856ad6695a728e,f0d4ccd0f4cc68b2,846b7fc37884629d,8074c4b4b6c4f404
Training/meningioma/Tr-me_824.jpg,Training,meningioma,18849,True,,b8a72a6ed1229b7b33dc11c8641ebf15e55e9db20fd933e6372234013b8707b8,26ac75d7d6edb5441efff56ea14eb7452166f8f7afe4cc35b6da3e4377ec8ca8,957a6a2969a57271,b268ccf4d0ccd4f0,84947f3c787b6262,04f4c4b6b4c47480,c0d03f833c0f27db,f0d4ccf4c0cce032,d13e2a962dd137c8,02d0dcd292dcd0c2,c02f3f7c3cf02724,32e0ccc0f4ccd4f0,d1c12a692d2e3737,c2d0dc92d2dcd002,95856ad6695a728e,f0d4ccd0f4cc68b2,846b7fc37884629d,8074c4b4b6c4f404
Training/notumor/Tr-no_1395.jpg,Training,notumor,11761,True,,bd5b12c433485230720aa33032e1f6bd089702090481d7e56dccfa43435d6950,076cd038236a2da18624f590fcb0209f6fe290d8b6870c07fac9996f0ce459c5,855e7aa16a276935,b1e0f0ececdacc78,90957f966a3a6c68,78fce2cde8f4f83b,d0c42f0b2f8d3c9d,e1cca4c8c8d0e872,c53f2a3c3f9039c2,23e0d0e84cb0c0e1,d02b2ff42f723c60,72e8d0c8c8a4cce1,c5c02a833f6f383d,e1c0b04ce8d0e023,85817a5e7ad869ca,78ccdaececf0e0b1,906a3f616ac56c97,3bf8f4e8cde2fc78
Training/notumor/Tr-no_17.jpg,Training,notumor,11761,True,,bd5b12c433485230720aa33032e1f6bd089702090481d7e56dccfa43435d6950,076cd038236a2da18624f590fcb0209f6fe290d8b6870c07fac9996f0ce459c5,855e7aa16a276935,b1e0f0ececdacc78,90957f966a3a6c68,78fce2cde8f4f83b,d0c42f0b2f8d3c9d,e1cca4c8c8d0e872,c53f2a3c3f9039c2,23e0d0e84cb0c0e1,d02b2ff42f723c60,72e8d0c8c8a4cce1,c5c02a833f6f383d,e1c0b04ce8d0e023,85817a5e7ad869ca,78ccdaececf0e0b1,906a3f616ac56c97,3bf8f4e8cde2fc78
Training/notumor/Tr-no_1062.jpg,Training,notumor,55697,True,,c1bf41ddb56396fd0e74b2eb7212c96a6a915ee86737c060c9db8e1439ff0390,4c3cc017064e2ae5140a50ea78b017c612c92cdc5bc26b57c51f0dbe542e0774,c74f3fb078926129,70f0d4d4d4d4f070,94253bc3691fe51c,20fce4aaa8e4f820,92e56a5a2d393497,70f0d4d4d4d4f070,c18f6e683cb5b0b2,30c0d8eaaad8c030,921a6aa52dc7347e,70f0d4d4d4d4f070,c1706e973c4bb14d,30c0d8aaead8c030,c7b03f0f786c61c4,70f0d4d4d4d4f070,94ca3b3c69e0e4e3,20f8e4a8aae4fc20
Training/notumor/Tr-no_5.jpg,Training,notumor,55697,True,,c1bf41ddb56396fd0e74b2eb7212c96a6a915ee86737c060c9db8e1439ff0390,4c3cc017064e2ae5140a50ea78b017c612c92cdc5bc26b57c51f0dbe542e0774,c74f3fb078926129,70f0d4d4d4d4f070,94253bc3691fe51c,20fce4aaa8e4f820,92e56a5a2d393497,70f0d4d4d4d4f070,c18f6e683cb5b0b2,30c0d8eaaad8c030,921a6aa52dc7347e,70f0d4d4d4d4f070,c1706e973c4bb14d,30c0d8aaead8c030,c7b03f0f786c61c4,70f0d4d4d4d4f070,94ca3b3c69e0e4e3,20f8e4a8aae4fc20
Training/notumor/Tr-no_693.jpg,Training,notumor,55697,True,,c1bf41ddb56396fd0e74b2eb7212c96a6a915ee86737c060c9db8e1439ff0390,4c3cc017064e2ae5140a50ea78b017c612c92cdc5bc26b57c51f0dbe542e0774,c74f3fb078926129,70f0d4d4d4d4f070,94253bc3691fe51c,20fce4aaa8e4f820,92e56a5a2d393497,70f0d4d4d4d4f070,c18f6e683cb5b0b2,30c0d8eaaad8c030,921a6aa52dc7347e,70f0d4d4d4d4f070,c1706e973c4bb14d,30c0d8aaead8c030,c7b03f0f786c61c4,70f0d4d4d4d4f070,94ca3b3c69e0e4e3,20f8e4a8aae4fc20
Training/pituitary/Tr-pi_193.jpg,Training,pituitary,39045,True,,c27c953b150b8cfa6c2820bac42a13a5d1b5b6420409973ba07a18542429afd5,1b3615911f264e8a224904c5420c7248317ce2b700d35244aff30024da7c8c52,908f573c1af60ada,70f2c8f4b9b20c88,c5da14405b8b6d9f,f8a46a5040e6dc74,c52502964f5d5f78,eecfb26250e8b0e1,907345ee4f213ab5,d18498fcf5a9dae0,c5da02694fa34d8f,e1b0e85062b2cfee,908f41170fde3ace,e0daa9f5fc9884d1,917857c31a395a6d,880cb2b9f4c8f270,c52514bd5b746f60,74dce640506aa4f8
Training/pituitary/Tr-pi_812.jpg,Training,pituitary,39045,True,,c27c953b150b8cfa6c2820bac42a13a5d1b5b6420409973ba07a18542429afd5,1b3615911f264e8a224904c5420c7248317ce2b700d35244aff30024da7c8c52,908f573c1af60ada,70f2c8f4b9b20c88,c5da14405b8b6d9f,f8a46a5040e6dc74,c52502964f5d5f78,eecfb26250e8b0e1,907345ee4f213ab5,d18498fcf5a9dae0,c5da02694fa34d8f,e1b0e85062b2cfee,908f41170fde3ace,e0daa9f5fc9884d1,917857c31a395a6d,880cb2b9f4c8f270,c52514bd5b746f60,74dce640506aa4f8
Testing/glioma/Te-gl_270.jpg,Testing,glioma,38977,True,,c2bd43b2b8cdb63dc5b6d86fa972dbc4d8395278a5e7fac7f1c972f01921a206,34d1d3245ccca29fba41f6ac1ffc63f4f30569c0f8917a26912fdfd1e2aed7b4,94633a6b65592567,b974d4f4c6f4f974,80a27b5f747471b4,a0f1ece4e4d0f0d2,c1c16fd130f370cd,d160d09cd0d4d062,d5082ef561de641e,b4f0f4d8d8c860fa,c13e6f3f301d7032,62d0d4d09cd060d1,d5f72e1e212124f5,fa60c8d8d8f4f0b4,949e3a9565b72598,74f9f4c6f4d474b9,805d7ba4348b715f,d2f0d0e4e4ecf1a0
Testing/glioma/Te-gl_29.jpg,Testing,glioma,38977,True,,c2bd43b2b8cdb63dc5b6d86fa972dbc4d8395278a5e7fac7f1c972f01921a206,34d1d3245ccca29fba41f6ac1ffc63f4f30569c0f8917a26912fdfd1e2aed7b4,94633a6b65592567,b974d4f4c6f4f974,80a27b5f747471b4,a0f1ece4e4d0f0d2,c1c16fd130f370cd,d160d09cd0d4d062,d5082ef561de641e,b4f0f4d8d8c860fa,c13e6f3f301d7032,62d0d4d09cd060d1,d5f72e1e212124f5,fa60c8d8d8f4f0b4,949e3a9565b72598,74f9f4c6f4d474b9,805d7ba4348b715f,d2f0d0e4e4ecf1a0
Testing/glioma/Te-gl_166.jpg,Testing,glioma,36100,True,,c3e0dfa4276ce9ec6db117fa83397c51ba751c0031b7ee044b682e34b5a82100,0e3e709528eca4676b4d02f26e53e088a1b8f43127f18d90d7062342d80d9654,95c55a0c6b3e6d70,79fcdeca9ef63cd9,c0940f5a3fed2c35,70c8a2899c89d060,c46b0fa63e9438da,64c09086a484c061,952e5af02a03799f,39f46ec6669aec71,c4940f593e6f382d,61c084a48690c064,95c15a0f6bbc7960,71ec9a66c66ef439,91325ab36bc16d87,d93cf69ecadefc79,c06b0fa53ed62cca,60d0899c89a2c870
Testing/glioma/Te-gl_278.jpg,Testing,glioma,36100,True,,c3e0dfa4276ce9ec6db117fa83397c51ba751c0031b7ee044b682e34b5a82100,0e3e709528eca4676b4d02f26e53e088a1b8f43127f18d90d7062342d80d9654,95c55a0c6b3e6d70,79fcdeca9ef63cd9,c0940f5a3fed2c35,70c8a2899c89d060,c46b0fa63e9438da,64c09086a484c061,952e5af02a03799f,39f46ec6669aec71,c4940f593e6f382d,61c084a48690c064,95c15a0f6bbc7960,71ec9a66c66ef439,91325ab36bc16d87,d93cf69ecadefc79,c06b0fa53ed62cca,60d0899c89a2c870
Training/notumor/Tr-no_1326.jpg,Training,notumor,36062,True,,c5482c04ad0af03abc08de261901fdaa6811a99ca11a270e8dc89c550e3ccdfa,0084336c67b1ea3dd7f1a4a590dd95c9f09e2a1e33d1f5877e68d809760cd3f1,c77a38e56486665a,b279e8e8c0c470b2,94247a9e6161c76f,8070cc96b6ec7982,96d06d4f312c33f2,b2f1ccece8e861b2,c18f2f3434cb92cd,8261c89096cc7102,922f6db031d3330f,b261e8e8ecccf1b2,c1712fcb34b4933a,0271cc9690c86182,c785385a657966a5,b270c4c0e8e879b2,94db7a61619ec790,8279ecb696cc7080
Training/notumor/Tr-no_411.jpg,Training,notumor,36062,True,,c5482c04ad0af03abc08de261901fdaa6811a99ca11a270e8dc89c550e3ccdfa,0084336c67b1ea3dd7f1a4a590dd95c9f09e2a1e33d1f5877e68d809760cd3f1,c77a38e56486665a,b279e8e8c0c470b2,94247a9e6161c76f,8070cc96b6ec7982,96d06d4f312c33f2,b2f1ccece8e861b2,c18f2f3434cb92cd,8261c89096cc7102,922f6db031d3330f,b261e8e8ecccf1b2,c1712fcb34b4933a,0271cc9690c86182,c785385a657966a5,b270c4c0e8e879b2,94db7a61619ec790,8279ecb696cc7080
Testing/glioma/Te-gl_212.jpg,Testing,glioma,47089,True,,c711a606ec66e74a2bbe5721727a3deeb2fd9e4b20aa50c99afd65d7dea42541,01a271b378947f5aaebd8a0a45956b618fc1e785103dfb4fd0e08acfcdbde593,d40a51553bc60e7f,f0a661612bb48e8e,846e094e4b7e4fc6,eb9644686c4496da,81a044ff6e685bd5,8e8ed22b79798af0,d1e05cec1ed61a6c,a496ddc9e9dd9628,815f44047ed75f2a,f08a79792bd28e8e,d13f5c131e391a93,2896dde9c9dd96a4,d4f551ae3b3d0e80,8e8eb42b6161a6f0,84b509b94b974f39,da96446c684496eb
Testing/glioma/Te-gl_272.jpg,Testing,glioma,47089,True,,c711a606ec66e74a2bbe5721727a3deeb2fd9e4b20aa50c99afd65d7dea42541,01a271b378947f5aaebd8a0a45956b618fc1e785103dfb4fd0e08acfcdbde593,d40a51553bc60e7f,f0a661612bb48e8e,846e094e4b7e4fc6,eb9644686c4496da,81a044ff6e685bd5,8e8ed22b79798af0,d1e05cec1ed61a6c,a496ddc9e9dd9628,815f44047ed75f2a,f08a79792bd28e8e,d13f5c131e391a93,2896dde9c9dd96a4,d4f551ae3b3d0e80,8e8eb42b6161a6f0,84b509b94b974f39,da96446c684496eb
Testing/glioma/Te-gl_338.jpg,Testing,glioma,47089,True,,c711a606ec66e74a2bbe5721727a3deeb2fd9e4b20aa50c99afd65d7dea42541,01a271b378947f5aaebd8a0a45956b618fc1e785103dfb4fd0e08acfcdbde593,d40a51553bc60e7f,f0a661612bb48e8e,846e094e4b7e4fc6,eb9644686c4496da,81a044ff6e685bd5,8e8ed22b79798af0,d1e05cec1ed61a6c,a496ddc9e9dd9628,815f44047ed75f2a,f08a79792bd28e8e,d13f5c131e391a93,2896dde9c9dd96a4,d4f551ae3b3d0e80,8e8eb42b6161a6f0,84b509b94b974f39,da96446c684496eb
Training/notumor/Tr-no_933.jpg,Training,notumor,72192,True,,ca0417b4c4dc6ac92ebdeeb71231b1a60a16299d04b7735c1bf725aa0649d8c2,021ac4b4365f7920c8c0ae2c0fae345dc6fe0db72cf25d704e43888a01ba26c5,950f453b0ee77630,c4d0e8e4ba989ee6,a4d9176c5a137e0b,f073e8a8a7a7ce6c,c0a592d15b6d2f9a,9086e6a2d0e8f0dc,d17346c60fbb0ba1,c88c1a1aeae811f0,c05a926e5bb22f65,dcf0e8d0a2e68690,f19c46390f462b5e,f011e8ea1a1a8cc8,95f045c40e387ecf,e69e98bae4e8d0c4,8426179358ee5ef4,6ccea7a7a8e873f0
Training/notumor/Tr-no_969.jpg,Training,notumor,72192,True,,ca0417b4c4dc6ac92ebdeeb71231b1a60a16299d04b7735c1bf725aa0649d8c2,021ac4b4365f7920c8c0ae2c0fae345dc6fe0db72cf25d704e43888a01ba26c5,950f453b0ee77630,c4d0e8e4ba989ee6,a4d9176c5a137e0b,f073e8a8a7a7ce6c,c0a592d15b6d2f9a,9086e6a2d0e8f0dc,d17346c60fbb0ba1,c88c1a1aeae811f0,c05a926e5bb22f65,dcf0e8d0a2e68690,f19c46390f462b5e,f011e8ea1a1a8cc8,95f045c40e387ecf,e69e98bae4e8d0c4,8426179358ee5ef4,6ccea7a7a8e873f0
Training/notumor/Tr-no_1140.jpg,Training,notumor,33685,True,,ca5a51914cad005d72af57fa6c9142fc9d650ca06ba23f3e839991c3fa4c8b36,0210cf467efdb3e2826f76479931ae140f01834e86ca6360afb345e3a2cebc3a,ce393dc6308d369a,b279f8f0e8e0f0b2,956b6a94e5499393,8670f8f0f0f87006,9b93686c65676331,b270f8e8f0e060b2,c0c13f3eb0e3c639,1ef1e0f0f0e07106,9b6c6893659863ce,b260e0f0e8f870b2,c03e3fc1b01cc6cf,0671e0f0f0e0f11e,cec63d3931323665,b2f0e0e8f0f879b2,95906a6be5b69364,0670f8f0f0f87086
Training/notumor/Tr-no_749.jpg,Training,notumor,33685,True,,ca5a51914cad005d72af57fa6c9142fc9d650ca06ba23f3e839991c3fa4c8b36,0210cf467efdb3e2826f76479931ae140f01834e86ca6360afb345e3a2cebc3a,ce393dc6308d369a,b279f8f0e8e0f0b2,956b6a94e5499393,8670f8f0f0f87006,9b93686c65676331,b270f8e8f0e060b2,c0c13f3eb0e3c639,1ef1e0f0f0e07106,9b6c6893659863ce,b260e0f0e8f870b2,c03e3fc1b01cc6cf,0671e0f0f0e0f11e,cec63d3931323665,b2f0e0e8f0f879b2,95906a6be5b69364,0670f8f0f0f87086
Training/notumor/Tr-no_931.jpg,Training,notumor,33685,True,,ca5a51914cad005d72af57fa6c9142fc9d650ca06ba23f3e839991c3fa4c8b36,0210cf467efdb3e2826f76479931ae140f01834e86ca6360afb345e3a2cebc3a,ce393dc6308d369a,b279f8f0e8e0f0b2,956b6a94e5499393,8670f8f0f0f87006,9b93686c65676331,b270f8e8f0e060b2,c0c13f3eb0e3c639,1ef1e0f0f0e07106,9b6c6893659863ce,b260e0f0e8f870b2,c03e3fc1b01cc6cf,0671e0f0f0e0f11e,cec63d3931323665,b2f0e0e8f0f879b2,95906a6be5b69364,0670f8f0f0f87086
Training/notumor/Tr-no_116.jpg,Training,notumor,111486,True,,cc336bb30a64c66a0897e048331ca9818b553b8d0c313ed4980971c5b8ea1b46,1f44186e59f31a427c97545be2fe61d79f7bab49fbc2912ad0e1d3f4f4369e7f,9443481f6b691f6d,e8d49694e8e8d496,80924d6d3f6d5ab2,f4cda88d8db8e3f2,c1c91db53ec348c7,96d4e8e8d696d468,d53858c76ac70f1a,b038e24c4eea4cd0,c1361d4b3e3c4b3c,68d496d6e8e8d496,d5c718386a380ff5,d04cea4e4ce238b0,94bc48e16b961f96,96d4e8e89496d4e8,806d0d923f935a5f,f2e3b88d8da8cdf4
Training/notumor/Tr-no_121.jpg,Training,notumor,111486,True,,cc336bb30a64c66a0897e048331ca9818b553b8d0c313ed4980971c5b8ea1b46,1f44186e59f31a427c97545be2fe61d79f7bab49fbc2912ad0e1d3f4f4369e7f,9443481f6b691f6d,e8d49694e8e8d496,80924d6d3f6d5ab2,f4cda88d8db8e3f2,c1c91db53ec348c7,96d4e8e8d696d468,d53858c76ac70f1a,b038e24c4eea4cd0,c1361d4b3e3c4b3c,68d496d6e8e8d496,d5c718386a380ff5,d04cea4e4ce238b0,94bc48e16b961f96,96d4e8e89496d4e8,806d0d923f935a5f,f2e3b88d8da8cdf4
Training/notumor/Tr-no_1291.jpg,Training,notumor,31382,True,,ce8380b51fcf1dbb1347069191fbeabf20712e1b0673efc65c08c87c70b1a1af,39f2663f40817766b5e00863b847e4f097be021dada0c7fb181b19a66188e3d8,861e5ae53c3661cb,71f0cccccccce071,91cc1e9b606be4ec,31f0e4ccccccf030,d3b00f4f719c3469,70e8ccccccccf070,d4664b393dc9b146,70e0ccccccd8f070,d34f0fb075633494,70f0cccccccce870,c4994bce3536b0b9,70f0d8cccccce070,86e55a9a3cc9613e,71e0ccccccccf071,91331e6c69dce513,30f0cccccce4f031
Training/notumor/Tr-no_490.jpg,Training,notumor,31382,True,,ce8380b51fcf1dbb1347069191fbeabf20712e1b0673efc65c08c87c70b1a1af,39f2663f40817766b5e00863b847e4f097be021dada0c7fb181b19a66188e3d8,861e5ae53c3661cb,71f0cccccccce071,91cc1e9b606be4ec,31f0e4ccccccf030,d3b00f4f719c3469,70e8ccccccccf070,d4664b393dc9b146,70e0ccccccd8f070,d34f0fb075633494,70f0cccccccce870,c4994bce3536b0b9,70f0d8cccccce070,86e55a9a3cc9613e,71e0ccccccccf071,91331e6c69dce513,30f0cccccce4f031
Training/notumor/Tr-no_1063.jpg,Training,notumor,6264,True,,d22f76ae6780bc947ddeb36446b3bb97bfcc5ada33b8db69753949c9d214111a,526f4aca626e32d67dd4e2b2463b71447ed73706bf94326d7f1ad7326db5da3a,870f3ee078996137,70f0c8c8ccc4f070,94e13bd26d1ee138,20d4f0a6a6f4f020,d2a56b4a2d53349d,70f0cccce8ecf070,c14b6e7838b4b4f2,38d0d09a9af0d438,c25a6ab52dec346a,70f0ece8ccccf070,c1b46e87384bb46d,38d4f09a9ad0d038,97f03f1f784661c0,70f0c4ccc8c8f070,941a3b2d6de1e187,20f0f4a6a6f0d420
Training/notumor/Tr-no_864.jpg,Training,notumor,6264,True,,d22f76ae6780bc947ddeb36446b3bb97bfcc5ada33b8db69753949c9d214111a,526f4aca626e32d67dd4e2b2463b71447ed73706bf94326d7f1ad7326db5da3a,870f3ee078996137,70f0c8c8ccc4f070,94e13bd26d1ee138,20d4f0a6a6f4f020,d2a56b4a2d53349d,70f0cccce8ecf070,c14b6e7838b4b4f2,38d0d09a9af0d438,c25a6ab52dec346a,70f0ece8ccccf070,c1b46e87384bb46d,38d4f09a9ad0d038,97f03f1f784661c0,70f0c4ccc8c8f070,941a3b2d6de1e187,20f0f4a6a6f0d420
Training/notumor/Tr-no_1105.jpg,Training,notumor,14255,True,,d56567916b5975d9f260f61a4cad99040696bd105293112af3d703c4bec42feb,22a0480f90ac13449cc882d146d51c84cb8d16e0d1e76b04583589bdf4d56e10,916a1fad3a226c9d,e8e8cccce8d6d8f8,91b15e527bcc6c46,f8fce2dadcf4fcf8,c4c04a476fd83b37,e0e094e8cccce8e8,c41b0bf82e6639ec,e0c0d0c4a4b8c0e0,c43f4af82e2739c8,e8e8cccce894e0e0,c4fc0b072e993b1b,e0c0b8a4c4d0c0e0,91951f527b8d6c62,f8d8d6e8cccce8e8,91425ea97b336cb1,f8fcf4dcdae2fcf8
Training/notumor/Tr-no_569.jpg,Training,notumor,14255,True,,d56567916b5975d9f260f61a4cad99040696bd105293112af3d703c4bec42feb,22a0480f90ac13449cc882d146d51c84cb8d16e0d1e76b04583589bdf4d56e10,916a1fad3a226c9d,e8e8cccce8d6d8f8,91b15e527bcc6c46,f8fce2dadcf4fcf8,c4c04a476fd83b37,e0e094e8cccce8e8,c41b0bf82e6639ec,e0c0d0c4a4b8c0e0,c43f4af82e2739c8,e8e8cccce894e0e0,c4fc0b072e993b1b,e0c0b8a4c4d0c0e0,91951f527b8d6c62,f8d8d6e8cccce8e8,91425ea97b336cb1,f8fcf4dcdae2fcf8
Training/notumor/Tr-no_486.jpg,Training,notumor,15476,True,,d62ef020a79e42be55f4a6977457753c11364c69c1a842aab749f45b910a348f,2f042857edcd4d69160c1bfb195bc7c54d315baf07d873072231b7f4a3910023,926e6cb72fc07185,70e8e8e978cce8f0,95997a6d6886d8e4,78d8dcf8d8d4ec78,c7c4391d7a6a242f,f0e8cce168e8e871,c0332fc73d2c8d4e,e1c8d4e4e0c4e0e1,c73b39e27a9524d0,71e8e868e1cce8f0,c0cc2f383dd38db1,e1e0c4e0e4d4c8e1,92916c482f3f717a,f0e8cc78e9e8e870,95667a926879d81b,78ecd4d8f8dcd878
Training/notumor/Tr-no_920.jpg,Training,notumor,15476,True,,d62ef020a79e42be55f4a6977457753c11364c69c1a842aab749f45b910a348f,2f042857edcd4d69160c1bfb195bc7c54d315baf07d873072231b7f4a3910023,926e6cb72fc07185,70e8e8e978cce8f0,95997a6d6886d8e4,78d8dcf8d8d4ec78,c7c4391d7a6a242f,f0e8cce168e8e871,c0332fc73d2c8d4e,e1c8d4e4e0c4e0e1,c73b39e27a9524d0,71e8e868e1cce8f0,c0cc2f383dd38db1,e1e0c4e0e4d4c8e1,92916c482f3f717a,f0e8cc78e9e8e870,95667a926879d81b,78ecd4d8f8dcd878
Training/notumor/Tr-no_423.jpg,Training,notumor,35854,True,,da9ef6cef60bdcf63e1cb2c07ebe5bfb5a1c08c74dadf280915d55d7c3e36d9a,4e0a64b2df03c56af6ffa2d90115c0d33b59b6e57bc03aed21fa1b099be3a5a6,844a4f2d7e257c71,61f0ececccd4d4f0,80b51ff47a5968ca,78dce29494a2dc70,d1e05a832f8f299b,f0d4d0c8c8c8f079,d51c425e2fe33d60,61c4bad696b8c4e1,d11f5a7c2f702964,79f0c8c8c8d0d4f0,d5e04aa12f0c3d9f,e1c4b896d6bac461,84b50fd25ada3c8e,f0d4d4ccececf061,806b1f0b7abe6835,70dca29494e2dc78
Training/notumor/Tr-no_63.jpg,Training,notumor,35854,True,,da9ef6cef60bdcf63e1cb2c07ebe5bfb5a1c08c74dadf280915d55d7c3e36d9a,4e0a64b2df03c56af6ffa2d90115c0d33b59b6e57bc03aed21fa1b099be3a5a6,844a4f2d7e257c71,61f0ececccd4d4f0,80b51ff47a5968ca,78dce29494a2dc70,d1e05a832f8f299b,f0d4d0c8c8c8f079,d51c425e2fe33d60,61c4bad696b8c4e1,d11f5a7c2f702964,79f0c8c8c8d0d4f0,d5e04aa12f0c3d9f,e1c4b896d6bac461,84b50fd25ada3c8e,f0d4d4ccececf061,806b1f0b7abe6835,70dca29494e2dc78
Training/notumor/Tr-no_1095.jpg,Training,notumor,14296,True,,db13da94073aaa03960e97acb4ab41019e4be57c88c8b708e66791696f4bc4b9,1de03881bb6a2bf943050c5ddecd7e98d89172c278832757e6baeed48a18621e,865e5b886a66794d,78ecececccece470,90900e9d7b3aecdc,70f8d4ccccf0f031,d3d40e223fcc2cc7,f1d8c8ccc8c8c861,c53a5a272e90b976,31f0f0ccccc0e0f0,d30b0edd3f332c18,61c8c8c8ccc8d8f1,c5c51ac82e6fb989,f0e0c0ccccf0f031,86a15b676a997992,70e4ecccececec78,906f0e627bc5ec23,31f0f0ccccd4f870
Training/notumor/Tr-no_69.jpg,Training,notumor,14296,True,,db13da94073aaa03960e97acb4ab41019e4be57c88c8b708e66791696f4bc4b9,1de03881bb6a2bf943050c5ddecd7e98d89172c278832757e6baeed48a18621e,865e5b886a66794d,78ecececccece470,90900e9d7b3aecdc,70f8d4ccccf0f031,d3d40e223fcc2cc7,f1d8c8ccc8c8c861,c53a5a272e90b976,31f0f0ccccc0e0f0,d30b0edd3f332c18,61c8c8c8ccc8d8f1,c5c51ac82e6fb989,f0e0c0ccccf0f031,86a15b676a997992,70e4ecccececec78,906f0e627bc5ec23,31f0f0ccccd4f870
Training/notumor/Tr-no_1039.jpg,Training,notumor,58801,True,,dc811fda9f7bc3506f21d4094da84c5e3a81d3878b28967b830536fda342a33e,41c3e471346ed51136fa7cc75b43c2b23bd755a24d3efeeb1f69f76ee6b9402c,907a6fc56d92344d,b2f8dcdcd4d4f0b0,94c76a3969c464cf,13f8ec8e9aecf892,c5d03a6f393861e6,b0f0d4d4c4c4e0b2,c12c3f933c6e3165,36e0c8a68ec8e036,c56f3e9039c76119,b2e0c4c4d4d4f0b0,c1d33f6c3c91319a,36e0c88ea6c8e036,90856f3a6c6d34b3,b0f0d4d4dcdcf8b2,94796ac6693b6439,92f8ec9a8eecf813
Training/notumor/Tr-no_1385.jpg,Training,notumor,58801,True,,dc811fda9f7bc3506f21d4094da84c5e3a81d3878b28967b830536fda342a33e,41c3e471346ed51136fa7cc75b43c2b23bd755a24d3efeeb1f69f76ee6b9402c,907a6fc56d92344d,b2f8dcdcd4d4f0b0,94c76a3969c464cf,13f8ec8e9aecf892,c5d03a6f393861e6,b0f0d4d4c4c4e0b2,c12c3f933c6e3165,36e0c8a68ec8e036,c56f3e9039c76119,b2e0c4c4d4d4f0b0,c1d33f6c3c91319a,36e0c88ea6c8e036,90856f3a6c6d34b3,b0f0d4d4dcdcf8b2,94796ac6693b6439,92f8ec9a8eecf813
Training/notumor/Tr-no_600.jpg,Training,notumor,58801,True,,dc811fda9f7bc3506f21d4094da84c5e3a81d3878b28967b830536fda342a33e,41c3e471346ed51136fa7cc75b43c2b23bd755a24d3efeeb1f69f76ee6b9402c,907a6fc56d92344d,b2f8dcdcd4d4f0b0,94c76a3969c464cf,13f8ec8e9aecf892,c5d03a6f393861e6,b0f0d4d4c4c4e0b2,c12c3f933c6e3165,36e0c8a68ec8e036,c56f3e9039c76119,b2e0c4c4d4d4f0b0,c1d33f6c3c91319a,36e0c88ea6c8e036,90856f3a6c6d34b3,b0f0d4d4dcdcf8b2,94796ac6693b6439,92f8ec9a8eecf813
Training/pituitary/Tr-pi_1252.jpg,Training,pituitary,74371,True,,dc8ef910fb6a27abfe1862e83beeacb91864e160cd6919e5f0b2ebc039b865c4,1c046f2a9855c5e3e7fc78db2a93c72017ba2f1239c29fb7de63cf3a640fc316,954a356b55275395,d2bdece4202b669e,91e5357c53725651,9466abc8d07495d8,d1e074e110af0ebf,86912bfa98c842b4,d40f61fe05f803ea,e456d1f4ec2a99c6,c05f74bf10720ee9,b442c898fa2b9186,d5f075a907270795,c6992aecf4d156e4,95b5359455d8536a,9e662b20e4ecbdd2,815a34ab50ad56bf,d89574d0c8ab6694
Training/pituitary/Tr-pi_461.jpg,Training,pituitary,74371,True,,dc8ef910fb6a27abfe1862e83beeacb91864e160cd6919e5f0b2ebc039b865c4,1c046f2a9855c5e3e7fc78db2a93c72017ba2f1239c29fb7de63cf3a640fc316,954a356b55275395,d2bdece4202b669e,91e5357c53725651,9466abc8d07495d8,d1e074e110af0ebf,86912bfa98c842b4,d40f61fe05f803ea,e456d1f4ec2a99c6,c05f74bf10720ee9,b442c898fa2b9186,d5f075a907270795,c6992aecf4d156e4,95b5359455d8536a,9e662b20e4ecbdd2,815a34ab50ad56bf,d89574d0c8ab6694
Training/pituitary/Tr-pi_528.jpg,Training,pituitary,74371,True,,dc8ef910fb6a27abfe1862e83beeacb91864e160cd6919e5f0b2ebc039b865c4,1c046f2a9855c5e3e7fc78db2a93c72017ba2f1239c29fb7de63cf3a640fc316,954a356b55275395,d2bdece4202b669e,91e5357c53725651,9466abc8d07495d8,d1e074e110af0ebf,86912bfa98c842b4,d40f61fe05f803ea,e456d1f4ec2a99c6,c05f74bf10720ee9,b442c898fa2b9186,d5f075a907270795,c6992aecf4d156e4,95b5359455d8536a,9e662b20e4ecbdd2,815a34ab50ad56bf,d89574d0c8ab6694
Training/notumor/Tr-no_1015.jpg,Training,notumor,27824,True,,de08225737a2a8a8ddda2e0684baa925356b9c0fe77585f2992a0980398c2d07,1c1190d3ca62f9e688489c24aa0dd09580c1d85b68a055c7ffcc06fc1c1172af,c04b2fb57c646c9c,70f1d4d4f0f0f061,913d3ee66bc0608f,8978f0aaeae0f039,95e17a1f298e3932,71f0f0f0d4d47071,c4976b4c3e6a3525,63f0f8a8aaf0e166,951e7ae0697139c9,7170d4d4f0f0f071,c4606bb33e9435da,66e1f0aaa8f8f063,c0b42f4a3cdb6c63,61f0f0f0d4d4f170,91ce3e196b3f6070,39f0e0eaaaf07889
Training/notumor/Tr-no_1339.jpg,Training,notumor,27824,True,,de08225737a2a8a8ddda2e0684baa925356b9c0fe77585f2992a0980398c2d07,1c1190d3ca62f9e688489c24aa0dd09580c1d85b68a055c7ffcc06fc1c1172af,c04b2fb57c646c9c,70f1d4d4f0f0f061,913d3ee66bc0608f,8978f0aaeae0f039,95e17a1f298e3932,71f0f0f0d4d47071,c4976b4c3e6a3525,63f0f8a8aaf0e166,951e7ae0697139c9,7170d4d4f0f0f071,c4606bb33e9435da,66e1f0aaa8f8f063,c0b42f4a3cdb6c63,61f0f0f0d4d4f170,91ce3e196b3f6070,39f0e0eaaaf07889
Training/pituitary/Tr-pi_1154.jpg,Training,pituitary,46623,True,,de35915b30be9cb513305bb03b1fcf263dadf7259aa666e02f09215118f7f65a,048d265dbb16748c6af13df0c3566fad34398ed72c5a9860a6e6e64a17f7f8b4,d14e10f74c176799,c4a8c8d4b2ca8ab0,9125125a49ff56ea,f894ccb2b3cc9cd8,85e045495db937b3,f2aeacb2d4eceacc,c58f47f01c5703d3,e0c6cc32b2ccd6e0,851f45b61d4637cc,cceaecd4b2acaef2,c578470f1caa03bf,e0d6ccb232ccc6e0,d1b5101d48ec67e7,b08acab2d4c8a8c4,91da12b5495e5697,d89cccb3b2cc94f8
Training/pituitary/Tr-pi_1211.jpg,Training,pituitary,46623,True,,de35915b30be9cb513305bb03b1fcf263dadf7259aa666e02f09215118f7f65a,048d265dbb16748c6af13df0c3566fad34398ed72c5a9860a6e6e64a17f7f8b4,d14e10f74c176799,c4a8c8d4b2ca8ab0,9125125a49ff56ea,f894ccb2b3cc9cd8,85e045495db937b3,f2aeacb2d4eceacc,c58f47f01c5703d3,e0c6cc32b2ccd6e0,851f45b61d4637cc,cceaecd4b2acaef2,c578470f1caa03bf,e0d6ccb232ccc6e0,d1b5101d48ec67e7,b08acab2d4c8a8c4,91da12b5495e5697,d89cccb3b2cc94f8
Training/pituitary/Tr-pi_1339.jpg,Training,pituitary,46623,True,,de35915b30be9cb513305bb03b1fcf263dadf7259aa666e02f09215118f7f65a,048d265dbb16748c6af13df0c3566fad34398ed72c5a9860a6e6e64a17f7f8b4,d14e10f74c176799,c4a8c8d4b2ca8ab0,9125125a49ff56ea,f894ccb2b3cc9cd8,85e045495db937b3,f2aeacb2d4eceacc,c58f47f01c5703d3,e0c6cc32b2ccd6e0,851f45b61d4637cc,cceaecd4b2acaef2,c578470f1caa03bf,e0d6ccb232ccc6e0,d1b5101d48ec67e7,b08acab2d4c8a8c4,91da12b5495e5697,d89cccb3b2cc94f8
Training/pituitary/Tr-pi_160.jpg,Training,pituitary,46623,True,,de35915b30be9cb513305bb03b1fcf263dadf7259aa666e02f09215118f7f65a,048d265dbb16748c6af13df0c3566fad34398ed72c5a9860a6e6e64a17f7f8b4,d14e10f74c176799,c4a8c8d4b2ca8ab0,9125125a49ff56ea,f894ccb2b3cc9cd8,85e045495db937b3,f2aeacb2d4eceacc,c58f47f01c5703d3,e0c6cc32b2ccd6e0,851f45b61d4637cc,cceaecd4b2acaef2,c578470f1caa03bf,e0d6ccb232ccc6e0,d1b5101d48ec67e7,b08acab2d4c8a8c4,91da12b5495e5697,d89cccb3b2cc94f8
Training/pituitary/Tr-pi_1323.jpg,Training,pituitary,33614,True,,dea65808e631f46024aaa034984629ab8a455f2b951ca7022f12fa9e62b7c8ff,03849f64f07adf005d057647b1d5f7a9234b816d777630313d40305b1664ff27,950a57783e7d6831,78ccba66dd92964e,80c91f425ed7685f,f0d6aaecaca4cc76,c0a002f26bd73ddb,8c96b64499a2cce1,d5624ae80b793df0,91cc5ac8c8aa94e0,c45f022d6b2d3d65,e1cca29944b6968c,d59d5a170b063d0f,e094aac8c85acc91,91f557873e82688e,4e9692dd66bacc78,80361fbd5eac68a5,76cca4acecaad6f0
Training/pituitary/Tr-pi_984.jpg,Training,pituitary,33614,True,,dea65808e631f46024aaa034984629ab8a455f2b951ca7022f12fa9e62b7c8ff,03849f64f07adf005d057647b1d5f7a9234b816d777630313d40305b1664ff27,950a57783e7d6831,78ccba66dd92964e,80c91f425ed7685f,f0d6aaecaca4cc76,c0a002f26bd73ddb,8c96b64499a2cce1,d5624ae80b793df0,91cc5ac8c8aa94e0,c45f022d6b2d3d65,e1cca29944b6968c,d59d5a170b063d0f,e094aac8c85acc91,91f557873e82688e,4e9692dd66bacc78,80361fbd5eac68a5,76cca4acecaad6f0
Training/notumor/Tr-no_1302.jpg,Training,notumor,78104,True,,e22f980ae6f8f79a1fd96c0e2711d06767493d2d7c19d885fd89f6207702c3f3,2f73ed2ae6f921c92d396d1aecf2dd41dc2268f595630af5fe4107ac061f8476,966a39a17ac56987,b170e0e8ecf0f069,95a17a576a6ac9c8,29fcf4ccc4fc7c83,c3c06c4b2f6f3c0d,69f0f0c8e8f8f162,c00b2ffd3fc09c62,32c0c0dcccd0c06b,c33f6cb02f903cd2,62f1f8e8c8f0f069,c0f42e023f2f9c9d,6bc0d0ccdcc0c032,9695391a7a3a6978,69f0f0ece8e070b1,954e7aa86a85c937,837cfcc4ccf4fc29
Training/notumor/Tr-no_341.jpg,Training,notumor,78104,True,,e22f980ae6f8f79a1fd96c0e2711d06767493d2d7c19d885fd89f6207702c3f3,2f73ed2ae6f921c92d396d1aecf2dd41dc2268f595630af5fe4107ac061f8476,966a39a17ac56987,b170e0e8ecf0f069,95a17a576a6ac9c8,29fcf4ccc4fc7c83,c3c06c4b2f6f3c0d,69f0f0c8e8f8f162,c00b2ffd3fc09c62,32c0c0dcccd0c06b,c33f6cb02f903cd2,62f1f8e8c8f0f069,c0f42e023f2f9c9d,6bc0d0ccdcc0c032,9695391a7a3a6978,69f0f0ece8e070b1,954e7aa86a85c937,837cfcc4ccf4fc29
Training/meningioma/Tr-me_432.jpg,Training,meningioma,25923,True,,e2c7bc9c2d735e5b584b329f5cda1aec1f2415b2972c4aa8efc8d0a61e61b280,0d9e2d3aa11d3a25e10934fb327c74553f5ed08fcce71b9aa1099773575071d2,c50c115b4e3f7ce2,d4c8a4c5c802ceca,816c07d95eb91d4b,e6ead29dc9d2daec,94b644f97f952948,ac8cb7ec5cdae8d4,d4ce52731b1748e5,c8a4b46c46b4a898,9459441e5f6a29b7,d4e8da5cecb78cac,d4395adc1bec481e,98a8b4466cb4a4c8,c1f311bc4ac57c1d,cace02c8c5a4c8d4,819b07365ece1db4,ecdad2c99dd2eae6
Training/meningioma/Tr-me_561.jpg,Training,meningioma,25923,True,,e2c7bc9c2d735e5b584b329f5cda1aec1f2415b2972c4aa8efc8d0a61e61b280,0d9e2d3aa11d3a25e10934fb327c74553f5ed08fcce71b9aa1099773575071d2,c50c115b4e3f7ce2,d4c8a4c5c802ceca,816c07d95eb91d4b,e6ead29dc9d2daec,94b644f97f952948,ac8cb7ec5cdae8d4,d4ce52731b1748e5,c8a4b46c46b4a898,9459441e5f6a29b7,d4e8da5cecb78cac,d4395adc1bec481e,98a8b4466cb4a4c8,c1f311bc4ac57c1d,cace02c8c5a4c8d4,819b07365ece1db4,ecdad2c99dd2eae6
Training/notumor/Tr-no_315.jpg,Training,notumor,165993,True,,e3ea07d69e4b3242a2bc56046a2c9547c6e15d8169d3bdad7d4f8f9baf2a2442,08b89f14ad8c34c429a1f276039fb06582bc9411b56c59a44bd02351e5140d07,904b7b156d4eb46c,71f0d4f4b2d4f831,82972b6d6de064c7,31f98cb4b49cf931,c5e02ebf38e4e186,71e0d4b0d0d4f071,d7387ec6384a312d,7360c6d292ce6072,c51f3e40385be179,71f0d4d0b0d4e071,d7c67e1838b53192,7260ce92d2c66073,90b46bea6db1b483,31f8d4b2f4d4f071,826d2bb26d1f6478,31f99cb4b48cf931
Training/notumor/Tr-no_8.jpg,Training,notumor,165993,True,,e3ea07d69e4b3242a2bc56046a2c9547c6e15d8169d3bdad7d4f8f9baf2a2442,08b89f14ad8c34c429a1f276039fb06582bc9411b56c59a44bd02351e5140d07,904b7b156d4eb46c,71f0d4f4b2d4f831,82972b6d6de064c7,31f98cb4b49cf931,c5e02ebf38e4e186,71e0d4b0d0d4f071,d7387ec6384a312d,7360c6d292ce6072,c51f3e40385be179,71f0d4d0b0d4e071,d7c67e1838b53192,7260ce92d2c66073,90b46bea6db1b483,31f8d4b2f4d4f071,826d2bb26d1f6478,31f99cb4b48cf931
Training/notumor/Tr-no_935.jpg,Training,notumor,165993,True,,e3ea07d69e4b3242a2bc56046a2c9547c6e15d8169d3bdad7d4f8f9baf2a2442,08b89f14ad8c34c429a1f276039fb06582bc9411b56c59a44bd02351e5140d07,904b7b156d4eb46c,71f0d4f4b2d4f831,82972b6d6de064c7,31f98cb4b49cf931,c5e02ebf38e4e186,71e0d4b0d0d4f071,d7387ec6384a312d,7360c6d292ce6072,c51f3e40385be179,71f0d4d0b0d4e071,d7c67e1838b53192,7260ce92d2c66073,90b46bea6db1b483,31f8d4b2f4d4f071,826d2bb26d1f6478,31f99cb4b48cf931
Training/meningioma/Tr-aug-me_90.jpg,Training,meningioma,13954,True,,e50960c499e99a17df350e4f261d140bb10d74d9a3d81d91c4878542e2b32538,02e938a2252d3b2f4efabd11ef725c02795689e7ca19b45d74025c2579158c34,c34f6c913066733b,b270e8c4c8c870b2,901b2ee461dbc73c,8078f8d8e8e47982,96e1393b65cc26b1,b2f1ece8cce8f1b2,c5b37b4e34719286,8261c8c8e4e0e102,961e39c56533664e,b2f1e8cce8ecf1b2,c54c7bb1348e9279,02e1e0e4c8c86182,c3b46c6e309973e4,b270c8c8c4e870b2,90e62f1b6164c7d3,8279e4e8d8f87880
Training/meningioma/Tr-me_1242.jpg,Training,meningioma,13954,True,,e50960c499e99a17df350e4f261d140bb10d74d9a3d81d91c4878542e2b32538,02e938a2252d3b2f4efabd11ef725c02795689e7ca19b45d74025c2579158c34,c34f6c913066733b,b270e8c4c8c870b2,901b2ee461dbc73c,8078f8d8e8e47982,96e1393b65cc26b1,b2f1ece8cce8f1b2,c5b37b4e34719286,8261c8c8e4e0e102,961e39c56533664e,b2f1e8cce8ecf1b2,c54c7bb1348e9279,02e1e0e4c8c86182,c3b46c6e309973e4,b270c8c8c4e870b2,90e62f1b6164c7d3,8279e4e8d8f87880
Training/pituitary/Tr-pi_286.jpg,Training,pituitary,29953,True,,e99074ab025d65cc916b786675d37496c0f045c8267c222bfbc29c04dab42ffd,45c416250092f5bb9bc8cd091c19a19042d7c45f53d6d02c932c0960ff0d0d86,f54a00ff488dd669,d4e8685503492a96,9266916d5d6b526a,fcfdcdf4f4ccaff8,a0e055551db7c7c3,96ab693751e9e8d4,c7dfc4c708cf07c0,e008ccd0d04c40c0,a05f55aa1d58c73c,d4e8e9513769ab96,c773c43c083e073f,c0404cd0d0cc08e0,f5f500404cf6d6d6,962a49035568e8d4,96db91925d965295,f8afccf4f4cdfdfc
Training/pituitary/Tr-pi_397.jpg,Training,pituitary,29953,True,,e99074ab025d65cc916b786675d37496c0f045c8267c222bfbc29c04dab42ffd,45c416250092f5bb9bc8cd091c19a19042d7c45f53d6d02c932c0960ff0d0d86,f54a00ff488dd669,d4e8685503492a96,9266916d5d6b526a,fcfdcdf4f4ccaff8,a0e055551db7c7c3,96ab693751e9e8d4,c7dfc4c708cf07c0,e008ccd0d04c40c0,a05f55aa1d58c73c,d4e8e9513769ab96,c773c43c083e073f,c0404cd0d0cc08e0,f5f500404cf6d6d6,962a49035568e8d4,96db91925d965295,f8afccf4f4cdfdfc
Training/notumor/Tr-no_1145.jpg,Training,notumor,12710,True,,e9a63334af63a2ec8cab2149ec091466c60df5fe115cf36cc30c9304dacbb376,08bc90fa39447222522272284f0c96caf6b38a312128688419260614112ea0de,805b1ff87a9168cd,71d4d49696aad468,95b41a837ade689a,78e4aaaaaa8af478,d5f14a122b3b3d62,e9d4aa9696d4d471,c01e4f292f7c3d31,e1d0aeaaaaaad0e1,d50e4aed2fc43d90,71d4d49696aad4e9,c0e14fd62e823dce,e1d0aaaaaaaed0e1,80a41f477e6e683b,68d4aa9696d4d471,955b1a7c7b216865,78f48aaaaaaae478
Training/notumor/Tr-no_1234.jpg,Training,notumor,12710,True,,e9a63334af63a2ec8cab2149ec091466c60df5fe115cf36cc30c9304dacbb376,08bc90fa39447222522272284f0c96caf6b38a312128688419260614112ea0de,805b1ff87a9168cd,71d4d49696aad468,95b41a837ade689a,78e4aaaaaa8af478,d5f14a122b3b3d62,e9d4aa9696d4d471,c01e4f292f7c3d31,e1d0aeaaaaaad0e1,d50e4aed2fc43d90,71d4d49696aad4e9,c0e14fd62e823dce,e1d0aaaaaaaed0e1,80a41f477e6e683b,68d4aa9696d4d471,955b1a7c7b216865,78f48aaaaaaae478
Training/notumor/Tr-no_430.jpg,Training,notumor,12710,True,,e9a63334af63a2ec8cab2149ec091466c60df5fe115cf36cc30c9304dacbb376,08bc90fa39447222522272284f0c96caf6b38a312128688419260614112ea0de,805b1ff87a9168cd,71d4d49696aad468,95b41a837ade689a,78e4aaaaaa8af478,d5f14a122b3b3d62,e9d4aa9696d4d471,c01e4f292f7c3d31,e1d0aeaaaaaad0e1,d50e4aed2fc43d90,71d4d49696aad4e9,c0e14fd62e823dce,e1d0aaaaaaaed0e1,80a41f477e6e683b,68d4aa9696d4d471,955b1a7c7b216865,78f48aaaaaaae478
Training/notumor/Tr-no_304.jpg,Training,notumor,34775,True,,ee17905768c01705c6abcc330d664f063c5ceada4e3ea6722be796cc9bc9986f,2465c4d8de408dbdc7e90e920e690bb3780176cbbb85072871b0783c26dc7166,967a6ea568c3218f,3169f0e8dcdce871,95907a3f6948e5e8,33fcf4f6f6fcf823,c2d03b0f3d6d7065,71e8c4c4e0e06962,c03b2f953ce6b0ca,32e0c09090d0c032,c22f3bf03d92709a,6269e0e0c4c4e871,c0c52f6a3c1db0bd,32c0d09090c0e032,97856e5a693c6570,71e8dcdce8f06931,956c7ac069b1e517,23f8fcf6f6f4fc33
Training/notumor/Tr-no_916.jpg,Training,notumor,34775,True,,ee17905768c01705c6abcc330d664f063c5ceada4e3ea6722be796cc9bc9986f,2465c4d8de408dbdc7e90e920e690bb3780176cbbb85072871b0783c26dc7166,967a6ea568c3218f,3169f0e8dcdce871,95907a3f6948e5e8,33fcf4f6f6fcf823,c2d03b0f3d6d7065,71e8c4c4e0e06962,c03b2f953ce6b0ca,32e0c09090d0c032,c22f3bf03d92709a,6269e0e0c4c4e871,c0c52f6a3c1db0bd,32c0d09090c0e032,97856e5a693c6570,71e8dcdce8f06931,956c7ac069b1e517,23f8fcf6f6f4fc33
Training/meningioma/Tr-aug-me_95.jpg,Training,meningioma,19648,True,,ef0e11d139ea444dbd4e266a8ccd3f79d22d82c5b16189481ec4047b605fb9c8,06ae3ff751facc4bdc94ece2ca3c168c6ac47104dd25a2a1ed32a1d71df26bb1,97597a2f68663829,71d8c8ccd0ccecec,80903f1d7b6bb42e,00f8c488e4e4c001,c2f32f8538cc2dc3,c8c8ccd4cce4e471,d53a6ab72ec1e184,01ecd0d8ecdce001,c20c2f7a3d332d3c,71e4e4ccd4ccc8c8,d5c56a482e36e173,01e0dcecd8d0ec01,97a67ad068997896,ececccd0ccc8d871,806c3fe27b94b4d1,01c0e4e488c4f800
Training/meningioma/Tr-me_1295.jpg,Training,meningioma,19648,True,,ef0e11d139ea444dbd4e266a8ccd3f79d22d82c5b16189481ec4047b605fb9c8,06ae3ff751facc4bdc94ece2ca3c168c6ac47104dd25a2a1ed32a1d71df26bb1,97597a2f68663829,71d8c8ccd0ccecec,80903f1d7b6bb42e,00f8c488e4e4c001,c2f32f8538cc2dc3,c8c8ccd4cce4e471,d53a6ab72ec1e184,01ecd0d8ecdce001,c20c2f7a3d332d3c,71e4e4ccd4ccc8c8,d5c56a482e36e173,01e0dcecd8d0ec01,97a67ad068997896,ececccd0ccc8d871,806c3fe27b94b4d1,01c0e4e488c4f800
Training/notumor/Tr-no_1290.jpg,Training,notumor,12785,True,,ef5addab9afd41d9a24d73711092b35f1610683975b03f80bff9d48d144970ef,1d0f7d3f411c6def1ea3d2730aef82994c71b383dbf79f0ce31bf0cc3087374b,963c69e3649683ce,00f178ece8e87030,97c67a39613297c4,0070e4ccccf83800,c3963c49313cf665,30f1e8e8c8e17000,c26e2f933498c26f,0060e0ccccd8f100,c3693cb630c3e69a,0070e1c8e8e8f130,c2932f6e3467c299,00f1d8cccce06000,96c3691c6569f331,3070e8e8ec78f100,973978c461cd9732,0038f8cccce47000
Training/notumor/Tr-no_281.jpg,Training,notumor,12785,True,,ef5addab9afd41d9a24d73711092b35f1610683975b03f80bff9d48d144970ef,1d0f7d3f411c6def1ea3d2730aef82994c71b383dbf79f0ce31bf0cc3087374b,963c69e3649683ce,00f178ece8e87030,97c67a39613297c4,0070e4ccccf83800,c3963c49313cf665,30f1e8e8c8e17000,c26e2f933498c26f,0060e0ccccd8f100,c3693cb630c3e69a,0070e1c8e8e8f130,c2932f6e3467c299,00f1d8cccce06000,96c3691c6569f331,3070e8e8ec78f100,973978c461cd9732,0038f8cccce47000
Training/pituitary/Tr-pi_17.jpg,Training,pituitary,189502,True,,f2152513bd2804ec1ef7e8b188ab72a991417708a0b98e3dac3131578d1aa794,0f0dbd5d273a6074272ae896820359e75ab12fbe280fb25ab6717ed500c09f54,959f1e586b1af418,7cf0eacad2d4ece4,c2e50a087d5f6c37,e0c94490d2e1f908,c0354bf23eb0b5b2,d8c0d4b4a488f0c0,974f57a028b5319d,e36078b4f6dd6838,c0ce4b0d3e4fa54d,c0f088a4b4d4c0d8,97b05f5f284a3962,3868ddf6b47860e3,95601ea749e5e0e7,e4ecd4d2caeaf07c,c21a0af77de26cc8,08f9e1d29044c9e0
Training/pituitary/Tr-pi_306.jpg,Training,pituitary,189502,True,,f2152513bd2804ec1ef7e8b188ab72a991417708a0b98e3dac3131578d1aa794,0f0dbd5d273a6074272ae896820359e75ab12fbe280fb25ab6717ed500c09f54,959f1e586b1af418,7cf0eacad2d4ece4,c2e50a087d5f6c37,e0c94490d2e1f908,c0354bf23eb0b5b2,d8c0d4b4a488f0c0,974f57a028b5319d,e36078b4f6dd6838,c0ce4b0d3e4fa54d,c0f088a4b4d4c0d8,97b05f5f284a3962,3868ddf6b47860e3,95601ea749e5e0e7,e4ecd4d2caeaf07c,c21a0af77de26cc8,08f9e1d29044c9e0
Training/notumor/Tr-no_1070.jpg,Training,notumor,21850,True,,f3ce33b26a3784299fc2bc72215752b531bb1ff11e9b65dc39376039f8809f64,02d6f72a5c783eff7961e4294077412616e5e823e818d6f02da2ae6b4b4903c2,b1560cc51ce52afe,f8d89d9a38d74fb3,95aa87372bc2436b,ccd4d2b1ba8ecec2,e4f8596c494d7d44,320d14e3a644e4e0,d000d29d7f6976d1,bc8c8ea272b4d4cc,e407599049b07fbb,e0e444a6e3140d32,c0ffd2627e97002e,ccd4b472a28e8cbc,b1af0ebb1c1a2a1d,b34fd7389a9dd8f8,955587c92b7d4394,c2ce8ebab1d2d4cc
Training/notumor/Tr-no_412.jpg,Training,notumor,21850,True,,f3ce33b26a3784299fc2bc72215752b531bb1ff11e9b65dc39376039f8809f64,02d6f72a5c783eff7961e4294077412616e5e823e818d6f02da2ae6b4b4903c2,b1560cc51ce52afe,f8d89d9a38d74fb3,95aa87372bc2436b,ccd4d2b1ba8ecec2,e4f8596c494d7d44,320d14e3a644e4e0,d000d29d7f6976d1,bc8c8ea272b4d4cc,e407599049b07fbb,e0e444a6e3140d32,c0ffd2627e97002e,ccd4b472a28e8cbc,b1af0ebb1c1a2a1d,b34fd7389a9dd8f8,955587c92b7d4394,c2ce8ebab1d2d4cc
Testing/meningioma/Te-me_179.jpg,Testing,meningioma,28353,True,,f55311fb8ccf1b86450233262bd00b176bd1c404e5849b59c0a3cd5e4440626b,0d9e2d3aa11d3a25e10934fb327c74553f5ed08fcce71b9aa1099773575071d2,c50c115b4e3f7ce2,d4c8a4c5c802ceca,816c07d95eb91d4b,e6ead29dc9d2daec,94b644f97f952948,ac8cb7ec5cdae8d4,d4ce52731b1748e5,c8a4b46c46b4a898,9459441e5f6a29b7,d4e8da5cecb78cac,d4395adc1bec481e,98a8b4466cb4a4c8,c1f311bc4ac57c1d,cace02c8c5a4c8d4,819b07365ece1db4,ecdad2c99dd2eae6
Testing/meningioma/Te-me_198.jpg,Testing,meningioma,28353,True,,f55311fb8ccf1b86450233262bd00b176bd1c404e5849b59c0a3cd5e4440626b,0d9e2d3aa11d3a25e10934fb327c74553f5ed08fcce71b9aa1099773575071d2,c50c115b4e3f7ce2,d4c8a4c5c802ceca,816c07d95eb91d4b,e6ead29dc9d2daec,94b644f97f952948,ac8cb7ec5cdae8d4,d4ce52731b1748e5,c8a4b46c46b4a898,9459441e5f6a29b7,d4e8da5cecb78cac,d4395adc1bec481e,98a8b4466cb4a4c8,c1f311bc4ac57c1d,cace02c8c5a4c8d4,819b07365ece1db4,ecdad2c99dd2eae6
Training/pituitary/Tr-pi_1181.jpg,Training,pituitary,225311,True,,f764c8846c7fe11dce4e99b2bfa153347eb2976ae53857392f31f82b127b2270,67ebad6008ef10dae6b21ae7e08bfcba78fd1a917f7d18ad0f8bbb0a2418c1ed,805f757a7c62286d,38fcddf876d58aa6,80823f875b9656de,eedaa8a4f9f4e4b2,d5f520d029c87dc7,9aae54916044c0e3,d56a6a2d0f3c037c,b0d8d060d0caa088,d50b202f29377f38,e3c044609154ae9a,d5d76ad20ec301cb,88a0cad060d0d8b0,80e175857d9d6a9a,a68ad576f8ddfc38,807d3f785b695461,b2e4f4f9a4a8daee
Training/pituitary/Tr-pi_668.jpg,Training,pituitary,225311,True,,f764c8846c7fe11dce4e99b2bfa153347eb2976ae53857392f31f82b127b2270,67ebad6008ef10dae6b21ae7e08bfcba78fd1a917f7d18ad0f8bbb0a2418c1ed,805f757a7c62286d,38fcddf876d58aa6,80823f875b9656de,eedaa8a4f9f4e4b2,d5f520d029c87dc7,9aae54916044c0e3,d56a6a2d0f3c037c,b0d8d060d0caa088,d50b202f29377f38,e3c044609154ae9a,d5d76ad20ec301cb,88a0cad060d0d8b0,80e175857d9d6a9a,a68ad576f8ddfc38,807d3f785b695461,b2e4f4f9a4a8daee
Training/notumor/Tr-no_721.jpg,Training,notumor,11391,True,,f932387c00c74ebaede60e0b5e0d79dbff6b944e066d510f4c95834f05050e3e,450125d467e7e57b3047916c1068192aa8db8145d051172d5fafb0d5ad43411e,9ccc6e33399c6332,b260f4f0f0d4e8b0,c49d3b62ec1b33c4,9370d0b0b0d86082,c9663b996c163699,f2e8d4f0f0d071b2,91376ac8b9b1664e,0679e4f2f2f0f116,c9993a666cc93666,b271d0f0f0d4e8f2,91c86a37b94e66b1,16f1f0f2f2e47906,9c336ecc394363cc,b0e8d4f0f0f460b2,c4623b9dece4331a,8260d8b0b0d07093
Training/notumor/Tr-no_81.jpg,Training,notumor,11391,True,,f932387c00c74ebaede60e0b5e0d79dbff6b944e066d510f4c95834f05050e3e,450125d467e7e57b3047916c1068192aa8db8145d051172d5fafb0d5ad43411e,9ccc6e33399c6332,b260f4f0f0d4e8b0,c49d3b62ec1b33c4,9370d0b0b0d86082,c9663b996c163699,f2e8d4f0f0d071b2,91376ac8b9b1664e,0679e4f2f2f0f116,c9993a666cc93666,b271d0f0f0d4e8f2,91c86a37b94e66b1,16f1f0f2f2e47906,9c336ecc394363cc,b0e8d4f0f0f460b2,c4623b9dece4331a,8260d8b0b0d07093
Training/notumor/Tr-no_1374.jpg,Training,notumor,69322,True,,f9ab73351fe5dd8b0cac9d28282c9faff3f83bb3aad1a4fb2769c6e94cb25eb4,5acf76ef19c590ad7587bd00eabd35f2488d9292cc385f0969e3dd2b731bd4b7,954b1e790afe6918,70dcf0c0d896b4f4,84a9164a7f5b682f,f0ecd2d0e1e4ec64,c0e14bd35f543cb2,d0d296e4f4d0c4e1,d34343e02af13d8f,d9c8d858f4b4c870,c01e4b2c5fa93d4d,e1c4d0f4e496d2d0,d1fc431f2a0e3978,70c8b4f458d8c8d9,95f41e860b03e9e7,f4b496d8c0f0dc70,845616b57fa46cd2,64ece4e1d0d2ecf0
Training/notumor/Tr-no_840.jpg,Training,notumor,69322,True,,f9ab73351fe5dd8b0cac9d28282c9faff3f83bb3aad1a4fb2769c6e94cb25eb4,5acf76ef19c590ad7587bd00eabd35f2488d9292cc385f0969e3dd2b731bd4b7,954b1e790afe6918,70dcf0c0d896b4f4,84a9164a7f5b682f,f0ecd2d0e1e4ec64,c0e14bd35f543cb2,d0d296e4f4d0c4e1,d34343e02af13d8f,d9c8d858f4b4c870,c01e4b2c5fa93d4d,e1c4d0f4e496d2d0,d1fc431f2a0e3978,70c8b4f458d8c8d9,95f41e860b03e9e7,f4b496d8c0f0dc70,845616b57fa46cd2,64ece4e1d0d2ecf0
Training/notumor/Tr-no_1346.jpg,Training,notumor,7041,True,,fa0c1c4fb6eabf57c61ae1afd2f24efd5aa69d47a6df7d468579cdee91a86c8a,11c705a1479bae74b61e9cd5d2864995258c7d8b8ef6d18aee54e6613e9b968a,95625bec3a84689f,60d0ccc4f4d2f078,958d5a563b686b4c,f8f4f2d6d6caf4f8,c0c80e476f2f3e35,e1f090d0c4ccf4f9,c0270ffc6ec03ee2,e0d0a09494b0d0e0,c0370eb86fd13aca,f9f4ccc4d090f0e1,c0d80f036e3f3e1d,e0d0b09494a0d0e0,959d5b123a7a6b60,78f0d2f4c4ccd060,95725aa93b956ba0,f8f4cad6d6f2f4f8
Training/notumor/Tr-no_889.jpg,Training,notumor,7041,True,,fa0c1c4fb6eabf57c61ae1afd2f24efd5aa69d47a6df7d468579cdee91a86c8a,11c705a1479bae74b61e9cd5d2864995258c7d8b8ef6d18aee54e6613e9b968a,95625bec3a84689f,60d0ccc4f4d2f078,958d5a563b686b4c,f8f4f2d6d6caf4f8,c0c80e476f2f3e35,e1f090d0c4ccf4f9,c0270ffc6ec03ee2,e0d0a09494b0d0e0,c0370eb86fd13aca,f9f4ccc4d090f0e1,c0d80f036e3f3e1d,e0d0b09494a0d0e0,959d5b123a7a6b60,78f0d2f4c4ccd060,95725aa93b956ba0,f8f4cad6d6f2f4f8
Training/notumor/Tr-no_433.jpg,Training,notumor,51558,True,,fb32f456cca40bf1867369a4abcae84ff15d634bc56637a568d09449114f95ae,0193a8097784027728d57ed51573bcf3fbcec4f2625e1152e2585f7e9d602afa,933e6a616ccb308f,69f8f8f8cccce871,85c27a3d6d94e568,33f0e0e4e6f4f033,c6943fcb39616c25,71e8cccce0e0e069,d0692f973a3eb0c2,33e0d098d8f8f031,c66b3b34389e60da,69e0e0e0cccce871,d0962f683ae3b03d,31f0f8d898d0e033,93c16e9e6c343d70,71e8ccccf8f8f869,853c7ac26d49e595,33f0f4e6e4e0f033
Training/notumor/Tr-no_492.jpg,Training,notumor,51558,True,,fb32f456cca40bf1867369a4abcae84ff15d634bc56637a568d09449114f95ae,0193a8097784027728d57ed51573bcf3fbcec4f2625e1152e2585f7e9d602afa,933e6a616ccb308f,69f8f8f8cccce871,85c27a3d6d94e568,33f0e0e4e6f4f033,c6943fcb39616c25,71e8cccce0e0e069,d0692f973a3eb0c2,33e0d098d8f8f031,c66b3b34389e60da,69e0e0e0cccce871,d0962f683ae3b03d,31f0f8d898d0e033,93c16e9e6c343d70,71e8ccccf8f8f869,853c7ac26d49e595,33f0f4e6e4e0f033
Training/notumor/Tr-no_1051.jpg,Training,notumor,8733,True,,fd701e8cdd7a47b2b7198334e09d7947edf3d2efdd68b73b8d47282256f9f475,079623c1f361bf8674d04c466240b21bc9e73b940fd2136dacee047f96ebae8a,907a6fc56d92344d,b2f8dcdcd4d4f0b2,94c66a3969e464cf,13f8ec8e9aecf893,c5d03e6f383861e6,b2f0d4d4c4c460b2,c16c3f933c4e3165,36e0c8a68ec8e036,c56f3e9039c76119,b260c4c4d4d4f0b2,c1933f6c3cb1319a,36e0c88ea6c8e036,90856b3a6d6d34b3,b2f0d4d4dcdcf8b2,94796ac6693b6439,93f8ec9a8eecf813
Training/notumor/Tr-no_1158.jpg,Training,notumor,8733,True,,fd701e8cdd7a47b2b7198334e09d7947edf3d2efdd68b73b8d47282256f9f475,079623c1f361bf8674d04c466240b21bc9e73b940fd2136dacee047f96ebae8a,907a6fc56d92344d,b2f8dcdcd4d4f0b2,94c66a3969e464cf,13f8ec8e9aecf893,c5d03e6f383861e6,b2f0d4d4c4c460b2,c16c3f933c4e3165,36e0c8a68ec8e036,c56f3e9039c76119,b260c4c4d4d4f0b2,c1933f6c3cb1319a,36e0c88ea6c8e036,90856b3a6d6d34b3,b2f0d4d4dcdcf8b2,94796ac6693b6439,93f8ec9a8eecf813
Training/notumor/Tr-no_330.jpg,Training,notumor,8733,True,,fd701e8cdd7a47b2b7198334e09d7947edf3d2efdd68b73b8d47282256f9f475,079623c1f361bf8674d04c466240b21bc9e73b940fd2136dacee047f96ebae8a,907a6fc56d92344d,b2f8dcdcd4d4f0b2,94c66a3969e464cf,13f8ec8e9aecf893,c5d03e6f383861e6,b2f0d4d4c4c460b2,c16c3f933c4e3165,36e0c8a68ec8e036,c56f3e9039c76119,b260c4c4d4d4f0b2,c1933f6c3cb1319a,36e0c88ea6c8e036,90856b3a6d6d34b3,b2f0d4d4dcdcf8b2,94796ac6693b6439,93f8ec9a8eecf813
Training/notumor/Tr-no_1190.jpg,Training,notumor,7299,True,,fe20d08e5475898e9b66661cddbe32d6d006438e57c36cd87be27b8dd9c0676d,260f3ff37d3e2b441840a2ff077adec90efea85ab2d0fac7dc997b5b5b5ae746,927a6aa568c721cf,3169f8e8dcdce871,95907a3f6948e5e8,33fcf4f6f6fcf823,c3d03b0f3d6d3065,71e8c4c4e0e06960,c03b2f953ce6b0ca,32e0c09090d0c033,c32f3bf03d92309a,6069e0e0c4c4e871,c0c52f6a3c1db0bd,33c0d09090c0e032,97856e5a693c6570,71e8dcdce8f86931,956d7ac06931e517,23f8fcf6f6f4fc33
Training/notumor/Tr-no_44.jpg,Training,notumor,7299,True,,fe20d08e5475898e9b66661cddbe32d6d006438e57c36cd87be27b8dd9c0676d,260f3ff37d3e2b441840a2ff077adec90efea85ab2d0fac7dc997b5b5b5ae746,927a6aa568c721cf,3169f8e8dcdce871,95907a3f6948e5e8,33fcf4f6f6fcf823,c3d03b0f3d6d3065,71e8c4c4e0e06960,c03b2f953ce6b0ca,32e0c09090d0c033,c32f3bf03d92309a,6069e0e0c4c4e871,c0c52f6a3c1db0bd,33c0d09090c0e032,97856e5a693c6570,71e8dcdce8f86931,956d7ac06931e517,23f8fcf6f6f4fc33
