relative_path_a,relative_path_b,split_a,split_b,class_a,class_b,min_phash_distance,min_dhash_distance,cross_split,different_class
Testing/glioma/Te-gl_104.jpg,Training/glioma/Tr-gl_886.jpg,Testing,Training,glioma,glioma,0,0,True,False
Testing/glioma/Te-gl_111.jpg,Training/glioma/Tr-gl_695.jpg,Testing,Training,glioma,glioma,0,0,True,False
Testing/glioma/Te-gl_112.jpg,Training/glioma/Tr-gl_45.jpg,Testing,Training,glioma,glioma,0,0,True,False
Testing/glioma/Te-gl_116.jpg,Training/glioma/Tr-gl_1304.jpg,Testing,Training,glioma,glioma,0,0,True,False
Testing/glioma/Te-gl_118.jpg,Training/glioma/Tr-gl_690.jpg,Testing,Training,glioma,glioma,0,0,True,False
Testing/glioma/Te-gl_122.jpg,Training/glioma/Tr-gl_432.jpg,Testing,Training,glioma,glioma,0,1,True,False
Testing/glioma/Te-gl_136.jpg,Training/glioma/Tr-gl_266.jpg,Testing,Training,glioma,glioma,0,5,True,False
Testing/glioma/Te-gl_139.jpg,Training/glioma/Tr-gl_63.jpg,Testing,Training,glioma,glioma,0,0,True,False
Testing/glioma/Te-gl_141.jpg,Training/glioma/Tr-gl_774.jpg,Testing,Training,glioma,glioma,0,0,True,False
Testing/glioma/Te-gl_152.jpg,Training/glioma/Tr-gl_1007.jpg,Testing,Training,glioma,glioma,0,0,True,False
Testing/glioma/Te-gl_154.jpg,Training/glioma/Tr-gl_528.jpg,Testing,Training,glioma,glioma,0,0,True,False
Testing/glioma/Te-gl_155.jpg,Training/glioma/Tr-gl_703.jpg,Testing,Training,glioma,glioma,0,1,True,False
Testing/glioma/Te-gl_156.jpg,Training/glioma/Tr-gl_408.jpg,Testing,Training,glioma,glioma,0,0,True,False
Testing/glioma/Te-gl_158.jpg,Training/glioma/Tr-gl_1345.jpg,Testing,Training,glioma,glioma,0,0,True,False
Testing/glioma/Te-gl_160.jpg,Training/meningioma/Tr-me_1122.jpg,Testing,Training,glioma,meningioma,0,0,True,True
Testing/glioma/Te-gl_162.jpg,Training/glioma/Tr-gl_410.jpg,Testing,Training,glioma,glioma,0,0,True,False
Testing/glioma/Te-gl_163.jpg,Training/glioma/Tr-gl_414.jpg,Testing,Training,glioma,glioma,0,1,True,False
Testing/glioma/Te-gl_165.jpg,Training/glioma/Tr-gl_33.jpg,Testing,Training,glioma,glioma,0,0,True,False
Testing/glioma/Te-gl_169.jpg,Training/glioma/Tr-gl_393.jpg,Testing,Training,glioma,glioma,0,0,True,False
Testing/glioma/Te-gl_169.jpg,Training/glioma/Tr-gl_1271.jpg,Testing,Training,glioma,glioma,0,0,True,False
Testing/glioma/Te-gl_174.jpg,Training/glioma/Tr-gl_725.jpg,Testing,Training,glioma,glioma,0,0,True,False
Testing/glioma/Te-gl_179.jpg,Training/glioma/Tr-gl_537.jpg,Testing,Training,glioma,glioma,0,0,True,False
Testing/glioma/Te-gl_18.jpg,Training/glioma/Tr-gl_1355.jpg,Testing,Training,glioma,glioma,0,1,True,False
Testing/glioma/Te-gl_186.jpg,Training/glioma/Tr-gl_706.jpg,Testing,Training,glioma,glioma,0,0,True,False
Testing/glioma/Te-gl_188.jpg,Training/glioma/Tr-gl_1134.jpg,Testing,Training,glioma,glioma,0,0,True,False
Testing/glioma/Te-gl_190.jpg,Training/glioma/Tr-gl_1126.jpg,Testing,Training,glioma,glioma,0,0,True,False
Testing/glioma/Te-gl_194.jpg,Training/glioma/Tr-gl_1266.jpg,Testing,Training,glioma,glioma,0,0,True,False
Testing/glioma/Te-gl_195.jpg,Training/glioma/Tr-gl_642.jpg,Testing,Training,glioma,glioma,0,0,True,False
Testing/glioma/Te-gl_197.jpg,Training/glioma/Tr-gl_49.jpg,Testing,Training,glioma,glioma,0,1,True,False
Testing/glioma/Te-gl_198.jpg,Training/glioma/Tr-gl_16.jpg,Testing,Training,glioma,glioma,0,0,True,False
Testing/glioma/Te-gl_2.jpg,Training/glioma/Tr-gl_1004.jpg,Testing,Training,glioma,glioma,0,0,True,False
Testing/glioma/Te-gl_200.jpg,Training/glioma/Tr-gl_1175.jpg,Testing,Training,glioma,glioma,0,0,True,False
Testing/glioma/Te-gl_206.jpg,Training/glioma/Tr-gl_984.jpg,Testing,Training,glioma,glioma,0,0,True,False
Testing/glioma/Te-gl_207.jpg,Training/glioma/Tr-gl_1194.jpg,Testing,Training,glioma,glioma,0,0,True,False
Testing/glioma/Te-gl_21.jpg,Training/glioma/Tr-gl_481.jpg,Testing,Training,glioma,glioma,0,0,True,False
Testing/glioma/Te-gl_210.jpg,Training/glioma/Tr-gl_1078.jpg,Testing,Training,glioma,glioma,0,1,True,False
Testing/glioma/Te-gl_214.jpg,Training/glioma/Tr-gl_40.jpg,Testing,Training,glioma,glioma,0,0,True,False
Testing/glioma/Te-gl_216.jpg,Training/glioma/Tr-gl_343.jpg,Testing,Training,glioma,glioma,0,3,True,False
Testing/glioma/Te-gl_219.jpg,Training/glioma/Tr-gl_622.jpg,Testing,Training,glioma,glioma,0,0,True,False
Testing/glioma/Te-gl_220.jpg,Training/glioma/Tr-gl_596.jpg,Testing,Training,glioma,glioma,0,0,True,False
Testing/glioma/Te-gl_223.jpg,Training/glioma/Tr-gl_739.jpg,Testing,Training,glioma,glioma,0,0,True,False
Testing/glioma/Te-gl_225.jpg,Training/glioma/Tr-gl_343.jpg,Testing,Training,glioma,glioma,0,3,True,False
Testing/glioma/Te-gl_233.jpg,Training/glioma/Tr-gl_420.jpg,Testing,Training,glioma,glioma,0,0,True,False
Testing/glioma/Te-gl_233.jpg,Training/glioma/Tr-gl_1068.jpg,Testing,Training,glioma,glioma,0,0,True,False
Testing/glioma/Te-gl_234.jpg,Training/glioma/Tr-gl_139.jpg,Testing,Training,glioma,glioma,0,1,True,False
Testing/glioma/Te-gl_235.jpg,Training/glioma/Tr-gl_349.jpg,Testing,Training,glioma,glioma,0,1,True,False
Testing/glioma/Te-gl_240.jpg,Training/glioma/Tr-gl_115.jpg,Testing,Training,glioma,glioma,0,0,True,False
Testing/glioma/Te-gl_242.jpg,Training/glioma/Tr-gl_670.jpg,Testing,Training,glioma,glioma,0,0,True,False
Testing/glioma/Te-gl_243.jpg,Training/glioma/Tr-gl_1305.jpg,Testing,Training,glioma,glioma,0,0,True,False
Testing/glioma/Te-gl_247.jpg,Training/glioma/Tr-gl_666.jpg,Testing,Training,glioma,glioma,0,0,True,False
Testing/glioma/Te-gl_25.jpg,Training/glioma/Tr-gl_307.jpg,Testing,Training,glioma,glioma,0,0,True,False
Testing/glioma/Te-gl_250.jpg,Training/glioma/Tr-gl_559.jpg,Testing,Training,glioma,glioma,0,0,True,False
Testing/glioma/Te-gl_251.jpg,Training/glioma/Tr-gl_1277.jpg,Testing,Training,glioma,glioma,0,0,True,False
Testing/glioma/Te-gl_253.jpg,Training/glioma/Tr-gl_752.jpg,Testing,Training,glioma,glioma,0,1,True,False
Testing/glioma/Te-gl_254.jpg,Training/glioma/Tr-gl_1344.jpg,Testing,Training,glioma,glioma,0,0,True,False
Testing/glioma/Te-gl_256.jpg,Training/glioma/Tr-gl_147.jpg,Testing,Training,glioma,glioma,0,0,True,False
Testing/glioma/Te-gl_257.jpg,Training/glioma/Tr-gl_366.jpg,Testing,Training,glioma,glioma,0,0,True,False
Testing/glioma/Te-gl_26.jpg,Training/glioma/Tr-gl_578.jpg,Testing,Training,glioma,glioma,0,0,True,False
Testing/glioma/Te-gl_261.jpg,Training/glioma/Tr-gl_391.jpg,Testing,Training,glioma,glioma,0,0,True,False
Testing/glioma/Te-gl_267.jpg,Training/glioma/Tr-gl_563.jpg,Testing,Training,glioma,glioma,0,0,True,False
Testing/glioma/Te-gl_270.jpg,Training/glioma/Tr-gl_292.jpg,Testing,Training,glioma,glioma,0,0,True,False
Testing/glioma/Te-gl_271.jpg,Training/glioma/Tr-gl_756.jpg,Testing,Training,glioma,glioma,0,0,True,False
Testing/glioma/Te-gl_274.jpg,Training/glioma/Tr-gl_447.jpg,Testing,Training,glioma,glioma,0,1,True,False
Testing/glioma/Te-gl_28.jpg,Training/glioma/Tr-gl_188.jpg,Testing,Training,glioma,glioma,0,0,True,False
Testing/glioma/Te-gl_280.jpg,Training/glioma/Tr-gl_673.jpg,Testing,Training,glioma,glioma,0,1,True,False
Testing/glioma/Te-gl_281.jpg,Training/glioma/Tr-gl_1240.jpg,Testing,Training,glioma,glioma,0,0,True,False
Testing/glioma/Te-gl_282.jpg,Training/glioma/Tr-gl_196.jpg,Testing,Training,glioma,glioma,0,0,True,False
Testing/glioma/Te-gl_284.jpg,Training/glioma/Tr-gl_547.jpg,Testing,Training,glioma,glioma,0,0,True,False
Testing/glioma/Te-gl_29.jpg,Training/glioma/Tr-gl_292.jpg,Testing,Training,glioma,glioma,0,0,True,False
Testing/glioma/Te-gl_292.jpg,Training/glioma/Tr-gl_1085.jpg,Testing,Training,glioma,glioma,0,0,True,False
Testing/glioma/Te-gl_294.jpg,Training/glioma/Tr-gl_955.jpg,Testing,Training,glioma,glioma,0,1,True,False
Testing/glioma/Te-gl_299.jpg,Training/glioma/Tr-gl_1207.jpg,Testing,Training,glioma,glioma,0,0,True,False
Testing/glioma/Te-gl_299.jpg,Training/glioma/Tr-gl_361.jpg,Testing,Training,glioma,glioma,0,0,True,False
Testing/glioma/Te-gl_301.jpg,Training/glioma/Tr-gl_396.jpg,Testing,Training,glioma,glioma,0,0,True,False
Testing/glioma/Te-gl_31.jpg,Training/glioma/Tr-gl_25.jpg,Testing,Training,glioma,glioma,0,0,True,False
Testing/glioma/Te-gl_311.jpg,Training/glioma/Tr-gl_1057.jpg,Testing,Training,glioma,glioma,0,0,True,False
Testing/glioma/Te-gl_311.jpg,Training/glioma/Tr-gl_1047.jpg,Testing,Training,glioma,glioma,0,0,True,False
Testing/glioma/Te-gl_312.jpg,Training/glioma/Tr-gl_934.jpg,Testing,Training,glioma,glioma,0,0,True,False
Testing/glioma/Te-gl_317.jpg,Training/glioma/Tr-gl_473.jpg,Testing,Training,glioma,glioma,0,1,True,False
Testing/glioma/Te-gl_319.jpg,Training/glioma/Tr-gl_133.jpg,Testing,Training,glioma,glioma,0,0,True,False
Testing/glioma/Te-gl_322.jpg,Training/glioma/Tr-gl_36.jpg,Testing,Training,glioma,glioma,0,0,True,False
Testing/glioma/Te-gl_325.jpg,Training/glioma/Tr-gl_1336.jpg,Testing,Training,glioma,glioma,0,0,True,False
Testing/glioma/Te-gl_333.jpg,Training/glioma/Tr-gl_687.jpg,Testing,Training,glioma,glioma,0,0,True,False
Testing/glioma/Te-gl_336.jpg,Training/glioma/Tr-gl_732.jpg,Testing,Training,glioma,glioma,0,0,True,False
Testing/glioma/Te-gl_339.jpg,Training/glioma/Tr-gl_121.jpg,Testing,Training,glioma,glioma,10,0,True,False
Testing/glioma/Te-gl_339.jpg,Training/glioma/Tr-gl_315.jpg,Testing,Training,glioma,glioma,0,0,True,False
Testing/glioma/Te-gl_346.jpg,Training/glioma/Tr-gl_1170.jpg,Testing,Training,glioma,glioma,0,1,True,False
Testing/glioma/Te-gl_348.jpg,Training/glioma/Tr-gl_707.jpg,Testing,Training,glioma,glioma,0,2,True,False
Testing/glioma/Te-gl_352.jpg,Training/glioma/Tr-gl_417.jpg,Testing,Training,glioma,glioma,0,0,True,False
Testing/glioma/Te-gl_353.jpg,Training/glioma/Tr-gl_1229.jpg,Testing,Training,glioma,glioma,0,0,True,False
Testing/glioma/Te-gl_354.jpg,Training/glioma/Tr-gl_266.jpg,Testing,Training,glioma,glioma,0,6,True,False
Testing/glioma/Te-gl_355.jpg,Training/glioma/Tr-gl_313.jpg,Testing,Training,glioma,glioma,0,0,True,False
Testing/glioma/Te-gl_359.jpg,Training/glioma/Tr-gl_410.jpg,Testing,Training,glioma,glioma,0,0,True,False
Testing/glioma/Te-gl_363.jpg,Training/glioma/Tr-gl_893.jpg,Testing,Training,glioma,glioma,0,0,True,False
Testing/glioma/Te-gl_364.jpg,Training/glioma/Tr-gl_1207.jpg,Testing,Training,glioma,glioma,0,0,True,False
Testing/glioma/Te-gl_364.jpg,Training/glioma/Tr-gl_361.jpg,Testing,Training,glioma,glioma,0,0,True,False
Testing/glioma/Te-gl_365.jpg,Training/glioma/Tr-gl_259.jpg,Testing,Training,glioma,glioma,0,0,True,False
Testing/glioma/Te-gl_369.jpg,Training/glioma/Tr-gl_1279.jpg,Testing,Training,glioma,glioma,0,0,True,False
Testing/glioma/Te-gl_371.jpg,Training/glioma/Tr-gl_1135.jpg,Testing,Training,glioma,glioma,0,0,True,False
Testing/glioma/Te-gl_374.jpg,Training/glioma/Tr-gl_277.jpg,Testing,Training,glioma,glioma,0,0,True,False
Testing/glioma/Te-gl_377.jpg,Training/glioma/Tr-gl_181.jpg,Testing,Training,glioma,glioma,0,0,True,False
Testing/glioma/Te-gl_378.jpg,Training/glioma/Tr-gl_1045.jpg,Testing,Training,glioma,glioma,0,0,True,False
Testing/glioma/Te-gl_380.jpg,Training/glioma/Tr-gl_823.jpg,Testing,Training,glioma,glioma,0,0,True,False
Testing/glioma/Te-gl_384.jpg,Training/glioma/Tr-gl_720.jpg,Testing,Training,glioma,glioma,0,0,True,False
Testing/glioma/Te-gl_385.jpg,Training/glioma/Tr-gl_866.jpg,Testing,Training,glioma,glioma,0,1,True,False
Testing/glioma/Te-gl_387.jpg,Training/glioma/Tr-gl_506.jpg,Testing,Training,glioma,glioma,0,0,True,False
Testing/glioma/Te-gl_390.jpg,Training/glioma/Tr-gl_94.jpg,Testing,Training,glioma,glioma,0,0,True,False
Testing/glioma/Te-gl_392.jpg,Training/glioma/Tr-gl_1380.jpg,Testing,Training,glioma,glioma,0,0,True,False
Testing/glioma/Te-gl_393.jpg,Training/glioma/Tr-gl_1138.jpg,Testing,Training,glioma,glioma,0,1,True,False
Testing/glioma/Te-gl_396.jpg,Training/glioma/Tr-gl_1133.jpg,Testing,Training,glioma,glioma,0,0,True,False
Testing/glioma/Te-gl_398.jpg,Training/glioma/Tr-gl_900.jpg,Testing,Training,glioma,glioma,0,0,True,False
Testing/glioma/Te-gl_400.jpg,Training/glioma/Tr-gl_654.jpg,Testing,Training,glioma,glioma,0,0,True,False
Testing/glioma/Te-gl_44.jpg,Training/glioma/Tr-gl_625.jpg,Testing,Training,glioma,glioma,0,0,True,False
Testing/glioma/Te-gl_5.jpg,Training/glioma/Tr-gl_544.jpg,Testing,Training,glioma,glioma,0,0,True,False
Testing/glioma/Te-gl_60.jpg,Training/glioma/Tr-gl_1151.jpg,Testing,Training,glioma,glioma,0,0,True,False
Testing/glioma/Te-gl_61.jpg,Training/glioma/Tr-gl_78.jpg,Testing,Training,glioma,glioma,0,0,True,False
Testing/glioma/Te-gl_63.jpg,Training/glioma/Tr-gl_137.jpg,Testing,Training,glioma,glioma,0,0,True,False
Testing/glioma/Te-gl_64.jpg,Training/glioma/Tr-gl_662.jpg,Testing,Training,glioma,glioma,0,0,True,False
Testing/glioma/Te-gl_68.jpg,Training/meningioma/Tr-me_468.jpg,Testing,Training,glioma,meningioma,0,0,True,True
Testing/glioma/Te-gl_68.jpg,Training/meningioma/Tr-me_714.jpg,Testing,Training,glioma,meningioma,0,0,True,True
Testing/glioma/Te-gl_68.jpg,Training/meningioma/Tr-me_458.jpg,Testing,Training,glioma,meningioma,0,0,True,True
Testing/glioma/Te-gl_70.jpg,Training/glioma/Tr-gl_734.jpg,Testing,Training,glioma,glioma,0,0,True,False
Testing/glioma/Te-gl_71.jpg,Training/glioma/Tr-gl_164.jpg,Testing,Training,glioma,glioma,0,0,True,False
Testing/glioma/Te-gl_75.jpg,Training/glioma/Tr-gl_988.jpg,Testing,Training,glioma,glioma,0,0,True,False
Testing/glioma/Te-gl_77.jpg,Training/glioma/Tr-gl_881.jpg,Testing,Training,glioma,glioma,2,0,True,False
Testing/glioma/Te-gl_8.jpg,Training/glioma/Tr-gl_1069.jpg,Testing,Training,glioma,glioma,0,0,True,False
Testing/glioma/Te-gl_81.jpg,Training/glioma/Tr-gl_837.jpg,Testing,Training,glioma,glioma,0,0,True,False
Testing/glioma/Te-gl_85.jpg,Training/glioma/Tr-gl_752.jpg,Testing,Training,glioma,glioma,0,1,True,False
Testing/glioma/Te-gl_88.jpg,Training/glioma/Tr-gl_555.jpg,Testing,Training,glioma,glioma,0,0,True,False
Testing/glioma/Te-gl_9.jpg,Training/glioma/Tr-gl_612.jpg,Testing,Training,glioma,glioma,0,0,True,False
Testing/meningioma/Te-aug-me_1.jpg,Training/meningioma/Tr-me_1285.jpg,Testing,Training,meningioma,meningioma,0,2,True,False
Testing/meningioma/Te-aug-me_18.jpg,Training/meningioma/Tr-me_1254.jpg,Testing,Training,meningioma,meningioma,0,2,True,False
Testing/meningioma/Te-aug-me_38.jpg,Training/meningioma/Tr-me_1270.jpg,Testing,Training,meningioma,meningioma,0,2,True,False
Testing/meningioma/Te-aug-me_39.jpg,Training/meningioma/Tr-aug-me_68.jpg,Testing,Training,meningioma,meningioma,0,1,True,False
Testing/meningioma/Te-aug-me_39.jpg,Training/meningioma/Tr-me_172.jpg,Testing,Training,meningioma,meningioma,0,2,True,False
Testing/meningioma/Te-aug-me_39.jpg,Training/meningioma/Tr-me_636.jpg,Testing,Training,meningioma,meningioma,0,2,True,False
Testing/meningioma/Te-aug-me_41.jpg,Training/meningioma/Tr-me_189.jpg,Testing,Training,meningioma,meningioma,4,0,True,False
Testing/meningioma/Te-aug-me_41.jpg,Training/meningioma/Tr-me_203.jpg,Testing,Training,meningioma,meningioma,4,0,True,False
Testing/meningioma/Te-aug-me_44.jpg,Training/meningioma/Tr-me_524.jpg,Testing,Training,meningioma,meningioma,0,1,True,False
Testing/meningioma/Te-aug-me_44.jpg,Training/meningioma/Tr-me_903.jpg,Testing,Training,meningioma,meningioma,0,1,True,False
Testing/meningioma/Te-aug-me_74.jpg,Training/meningioma/Tr-me_1258.jpg,Testing,Training,meningioma,meningioma,6,0,True,False
Testing/meningioma/Te-aug-me_77.jpg,Training/meningioma/Tr-aug-me_88.jpg,Testing,Training,meningioma,meningioma,6,0,True,False
Testing/meningioma/Te-aug-me_81.jpg,Training/meningioma/Tr-me_814.jpg,Testing,Training,meningioma,meningioma,0,2,True,False
Testing/meningioma/Te-aug-me_81.jpg,Training/meningioma/Tr-me_218.jpg,Testing,Training,meningioma,meningioma,0,1,True,False
Testing/meningioma/Te-aug-me_83.jpg,Training/meningioma/Tr-me_885.jpg,Testing,Training,meningioma,meningioma,0,1,True,False
Testing/meningioma/Te-aug-me_83.jpg,Training/meningioma/Tr-me_377.jpg,Testing,Training,meningioma,meningioma,0,2,True,False
Testing/meningioma/Te-aug-me_84.jpg,Training/meningioma/Tr-me_817.jpg,Testing,Training,meningioma,meningioma,4,0,True,False
Testing/meningioma/Te-aug-me_84.jpg,Training/meningioma/Tr-me_103.jpg,Testing,Training,meningioma,meningioma,4,0,True,False
Testing/meningioma/Te-aug-me_86.jpg,Training/meningioma/Tr-me_10.jpg,Testing,Training,meningioma,meningioma,4,0,True,False
Testing/meningioma/Te-aug-me_87.jpg,Training/meningioma/Tr-me_1126.jpg,Testing,Training,meningioma,meningioma,2,0,True,False
Testing/meningioma/Te-aug-me_91.jpg,Training/meningioma/Tr-me_1068.jpg,Testing,Training,meningioma,meningioma,2,0,True,False
Testing/meningioma/Te-aug-me_97.jpg,Training/meningioma/Tr-me_79.jpg,Testing,Training,meningioma,meningioma,2,0,True,False
Testing/meningioma/Te-me_1.jpg,Training/meningioma/Tr-me_36.jpg,Testing,Training,meningioma,meningioma,0,0,True,False
Testing/meningioma/Te-me_10.jpg,Training/meningioma/Tr-me_861.jpg,Testing,Training,meningioma,meningioma,0,0,True,False
Testing/meningioma/Te-me_100.jpg,Training/meningioma/Tr-me_952.jpg,Testing,Training,meningioma,meningioma,0,0,True,False
Testing/meningioma/Te-me_101.jpg,Training/meningioma/Tr-me_404.jpg,Testing,Training,meningioma,meningioma,0,0,True,False
Testing/meningioma/Te-me_102.jpg,Training/meningioma/Tr-me_832.jpg,Testing,Training,meningioma,meningioma,0,0,True,False
Testing/meningioma/Te-me_103.jpg,Training/meningioma/Tr-me_342.jpg,Testing,Training,meningioma,meningioma,0,1,True,False
Testing/meningioma/Te-me_104.jpg,Training/meningioma/Tr-me_147.jpg,Testing,Training,meningioma,meningioma,0,1,True,False
Testing/meningioma/Te-me_105.jpg,Training/meningioma/Tr-me_530.jpg,Testing,Training,meningioma,meningioma,0,0,True,False
Testing/meningioma/Te-me_106.jpg,Training/meningioma/Tr-me_405.jpg,Testing,Training,meningioma,meningioma,0,0,True,False
Testing/meningioma/Te-me_107.jpg,Training/meningioma/Tr-me_1254.jpg,Testing,Training,meningioma,meningioma,0,0,True,False
Testing/meningioma/Te-me_108.jpg,Training/meningioma/Tr-me_98.jpg,Testing,Training,meningioma,meningioma,0,1,True,False
Testing/meningioma/Te-me_109.jpg,Training/meningioma/Tr-me_877.jpg,Testing,Training,meningioma,meningioma,0,0,True,False
Testing/meningioma/Te-me_11.jpg,Training/meningioma/Tr-me_1152.jpg,Testing,Training,meningioma,meningioma,0,1,True,False
Testing/meningioma/Te-me_11.jpg,Training/meningioma/Tr-me_358.jpg,Testing,Training,meningioma,meningioma,4,0,True,False
Testing/meningioma/Te-me_110.jpg,Training/meningioma/Tr-me_708.jpg,Testing,Training,meningioma,meningioma,0,0,True,False
Testing/meningioma/Te-me_111.jpg,Training/meningioma/Tr-me_865.jpg,Testing,Training,meningioma,meningioma,0,0,True,False
Testing/meningioma/Te-me_111.jpg,Training/meningioma/Tr-me_110.jpg,Testing,Training,meningioma,meningioma,0,0,True,False
Testing/meningioma/Te-me_112.jpg,Training/meningioma/Tr-me_261.jpg,Testing,Training,meningioma,meningioma,0,1,True,False
Testing/meningioma/Te-me_113.jpg,Training/meningioma/Tr-me_962.jpg,Testing,Training,meningioma,meningioma,0,0,True,False
Testing/meningioma/Te-me_114.jpg,Training/meningioma/Tr-me_1269.jpg,Testing,Training,meningioma,meningioma,0,0,True,False
Testing/meningioma/Te-me_116.jpg,Training/meningioma/Tr-me_534.jpg,Testing,Training,meningioma,meningioma,0,0,True,False
Testing/meningioma/Te-me_116.jpg,Training/meningioma/Tr-me_339.jpg,Testing,Training,meningioma,meningioma,0,0,True,False
Testing/meningioma/Te-me_116.jpg,Training/meningioma/Tr-me_86.jpg,Testing,Training,meningioma,meningioma,0,0,True,False
Testing/meningioma/Te-me_117.jpg,Training/meningioma/Tr-me_846.jpg,Testing,Training,meningioma,meningioma,0,0,True,False
Testing/meningioma/Te-me_118.jpg,Training/meningioma/Tr-me_528.jpg,Testing,Training,meningioma,meningioma,0,0,True,False
Testing/meningioma/Te-me_119.jpg,Training/meningioma/Tr-me_294.jpg,Testing,Training,meningioma,meningioma,0,0,True,False
Testing/meningioma/Te-me_12.jpg,Training/meningioma/Tr-me_840.jpg,Testing,Training,meningioma,meningioma,0,0,True,False
Testing/meningioma/Te-me_120.jpg,Training/meningioma/Tr-me_890.jpg,Testing,Training,meningioma,meningioma,0,1,True,False
Testing/meningioma/Te-me_121.jpg,Training/meningioma/Tr-me_706.jpg,Testing,Training,meningioma,meningioma,0,0,True,False
Testing/meningioma/Te-me_122.jpg,Training/meningioma/Tr-me_988.jpg,Testing,Training,meningioma,meningioma,0,1,True,False
Testing/meningioma/Te-me_123.jpg,Training/meningioma/Tr-me_372.jpg,Testing,Training,meningioma,meningioma,0,0,True,False
Testing/meningioma/Te-me_124.jpg,Training/meningioma/Tr-me_716.jpg,Testing,Training,meningioma,meningioma,0,1,True,False
Testing/meningioma/Te-me_125.jpg,Training/meningioma/Tr-me_1282.jpg,Testing,Training,meningioma,meningioma,0,0,True,False
Testing/meningioma/Te-me_126.jpg,Training/meningioma/Tr-me_845.jpg,Testing,Training,meningioma,meningioma,0,0,True,False
Testing/meningioma/Te-me_127.jpg,Training/meningioma/Tr-me_208.jpg,Testing,Training,meningioma,meningioma,0,1,True,False
Testing/meningioma/Te-me_128.jpg,Training/meningioma/Tr-me_605.jpg,Testing,Training,meningioma,meningioma,0,1,True,False
Testing/meningioma/Te-me_130.jpg,Training/meningioma/Tr-me_871.jpg,Testing,Training,meningioma,meningioma,0,0,True,False
Testing/meningioma/Te-me_130.jpg,Training/meningioma/Tr-me_593.jpg,Testing,Training,meningioma,meningioma,6,0,True,False
Testing/meningioma/Te-me_131.jpg,Training/meningioma/Tr-me_452.jpg,Testing,Training,meningioma,meningioma,0,1,True,False
Testing/meningioma/Te-me_132.jpg,Training/meningioma/Tr-me_192.jpg,Testing,Training,meningioma,meningioma,0,0,True,False
Testing/meningioma/Te-me_133.jpg,Training/meningioma/Tr-me_1296.jpg,Testing,Training,meningioma,meningioma,0,0,True,False
Testing/meningioma/Te-me_134.jpg,Training/meningioma/Tr-me_633.jpg,Testing,Training,meningioma,meningioma,0,0,True,False
Testing/meningioma/Te-me_135.jpg,Training/meningioma/Tr-me_39.jpg,Testing,Training,meningioma,meningioma,0,0,True,False
Testing/meningioma/Te-me_136.jpg,Training/meningioma/Tr-me_632.jpg,Testing,Training,meningioma,meningioma,0,0,True,False
Testing/meningioma/Te-me_137.jpg,Training/meningioma/Tr-me_666.jpg,Testing,Training,meningioma,meningioma,0,0,True,False
Testing/meningioma/Te-me_138.jpg,Training/meningioma/Tr-me_557.jpg,Testing,Training,meningioma,meningioma,0,0,True,False
Testing/meningioma/Te-me_14.jpg,Training/meningioma/Tr-me_157.jpg,Testing,Training,meningioma,meningioma,0,1,True,False
Testing/meningioma/Te-me_140.jpg,Training/meningioma/Tr-me_1167.jpg,Testing,Training,meningioma,meningioma,0,1,True,False
Testing/meningioma/Te-me_141.jpg,Training/meningioma/Tr-me_914.jpg,Testing,Training,meningioma,meningioma,0,0,True,False
Testing/meningioma/Te-me_142.jpg,Training/meningioma/Tr-me_1041.jpg,Testing,Training,meningioma,meningioma,0,0,True,False
Testing/meningioma/Te-me_143.jpg,Training/meningioma/Tr-me_1220.jpg,Testing,Training,meningioma,meningioma,0,0,True,False
Testing/meningioma/Te-me_144.jpg,Training/meningioma/Tr-me_567.jpg,Testing,Training,meningioma,meningioma,0,4,True,False
Testing/meningioma/Te-me_145.jpg,Training/meningioma/Tr-me_21.jpg,Testing,Training,meningioma,meningioma,0,0,True,False
Testing/meningioma/Te-me_146.jpg,Training/meningioma/Tr-me_1076.jpg,Testing,Training,meningioma,meningioma,0,0,True,False
Testing/meningioma/Te-me_146.jpg,Training/meningioma/Tr-aug-me_1.jpg,Testing,Training,meningioma,meningioma,0,4,True,False
Testing/meningioma/Te-me_147.jpg,Training/meningioma/Tr-me_549.jpg,Testing,Training,meningioma,meningioma,0,1,True,False
Testing/meningioma/Te-me_149.jpg,Training/meningioma/Tr-me_960.jpg,Testing,Training,meningioma,meningioma,0,0,True,False
Testing/meningioma/Te-me_15.jpg,Training/meningioma/Tr-me_75.jpg,Testing,Training,meningioma,meningioma,0,0,True,False
Testing/meningioma/Te-me_150.jpg,Training/meningioma/Tr-me_656.jpg,Testing,Training,meningioma,meningioma,0,0,True,False
Testing/meningioma/Te-me_151.jpg,Training/meningioma/Tr-me_1038.jpg,Testing,Training,meningioma,meningioma,0,0,True,False
Testing/meningioma/Te-me_152.jpg,Training/meningioma/Tr-me_959.jpg,Testing,Training,meningioma,meningioma,0,1,True,False
Testing/meningioma/Te-me_152.jpg,Training/meningioma/Tr-me_586.jpg,Testing,Training,meningioma,meningioma,0,1,True,False
Testing/meningioma/Te-me_152.jpg,Training/meningioma/Tr-me_810.jpg,Testing,Training,meningioma,meningioma,0,0,True,False
Testing/meningioma/Te-me_153.jpg,Training/meningioma/Tr-me_502.jpg,Testing,Training,meningioma,meningioma,0,0,True,False
Testing/meningioma/Te-me_154.jpg,Training/meningioma/Tr-me_395.jpg,Testing,Training,meningioma,meningioma,0,0,True,False
Testing/meningioma/Te-me_155.jpg,Training/meningioma/Tr-me_1150.jpg,Testing,Training,meningioma,meningioma,0,0,True,False
Testing/meningioma/Te-me_156.jpg,Training/meningioma/Tr-me_957.jpg,Testing,Training,meningioma,meningioma,0,0,True,False
Testing/meningioma/Te-me_157.jpg,Training/meningioma/Tr-me_238.jpg,Testing,Training,meningioma,meningioma,0,0,True,False
Testing/meningioma/Te-me_157.jpg,Training/meningioma/Tr-me_1044.jpg,Testing,Training,meningioma,meningioma,0,0,True,False
Testing/meningioma/Te-me_158.jpg,Training/meningioma/Tr-me_1194.jpg,Testing,Training,meningioma,meningioma,0,0,True,False
Testing/meningioma/Te-me_159.jpg,Training/meningioma/Tr-me_1122.jpg,Testing,Training,meningioma,meningioma,0,0,True,False
Testing/meningioma/Te-me_16.jpg,Training/meningioma/Tr-me_1075.jpg,Testing,Training,meningioma,meningioma,0,0,True,False
Testing/meningioma/Te-me_160.jpg,Training/meningioma/Tr-me_296.jpg,Testing,Training,meningioma,meningioma,8,0,True,False
Testing/meningioma/Te-me_160.jpg,Training/meningioma/Tr-me_660.jpg,Testing,Training,meningioma,meningioma,0,0,True,False
Testing/meningioma/Te-me_161.jpg,Training/meningioma/Tr-me_242.jpg,Testing,Training,meningioma,meningioma,0,0,True,False
Testing/meningioma/Te-me_162.jpg,Training/meningioma/Tr-me_758.jpg,Testing,Training,meningioma,meningioma,0,0,True,False
Testing/meningioma/Te-me_163.jpg,Training/meningioma/Tr-me_1160.jpg,Testing,Training,meningioma,meningioma,0,1,True,False
Testing/meningioma/Te-me_164.jpg,Training/meningioma/Tr-me_197.jpg,Testing,Training,meningioma,meningioma,0,0,True,False
Testing/meningioma/Te-me_165.jpg,Training/meningioma/Tr-me_1112.jpg,Testing,Training,meningioma,meningioma,0,0,True,False
Testing/meningioma/Te-me_166.jpg,Training/meningioma/Tr-me_788.jpg,Testing,Training,meningioma,meningioma,0,0,True,False
Testing/meningioma/Te-me_167.jpg,Training/meningioma/Tr-me_239.jpg,Testing,Training,meningioma,meningioma,0,0,True,False
Testing/meningioma/Te-me_168.jpg,Training/meningioma/Tr-me_12.jpg,Testing,Training,meningioma,meningioma,0,0,True,False
Testing/meningioma/Te-me_17.jpg,Training/meningioma/Tr-me_163.jpg,Testing,Training,meningioma,meningioma,0,0,True,False
Testing/meningioma/Te-me_170.jpg,Training/meningioma/Tr-me_803.jpg,Testing,Training,meningioma,meningioma,0,0,True,False
Testing/meningioma/Te-me_171.jpg,Training/meningioma/Tr-me_453.jpg,Testing,Training,meningioma,meningioma,0,0,True,False
Testing/meningioma/Te-me_172.jpg,Training/meningioma/Tr-me_269.jpg,Testing,Training,meningioma,meningioma,0,0,True,False
Testing/meningioma/Te-me_173.jpg,Training/meningioma/Tr-me_353.jpg,Testing,Training,meningioma,meningioma,0,0,True,False
Testing/meningioma/Te-me_174.jpg,Training/meningioma/Tr-me_865.jpg,Testing,Training,meningioma,meningioma,0,0,True,False
Testing/meningioma/Te-me_174.jpg,Training/meningioma/Tr-me_110.jpg,Testing,Training,meningioma,meningioma,0,0,True,False
Testing/meningioma/Te-me_175.jpg,Training/meningioma/Tr-me_737.jpg,Testing,Training,meningioma,meningioma,0,0,True,False
Testing/meningioma/Te-me_177.jpg,Training/meningioma/Tr-me_357.jpg,Testing,Training,meningioma,meningioma,0,0,True,False
Testing/meningioma/Te-me_178.jpg,Training/meningioma/Tr-me_1098.jpg,Testing,Training,meningioma,meningioma,0,1,True,False
Testing/meningioma/Te-me_179.jpg,Training/meningioma/Tr-me_561.jpg,Testing,Training,meningioma,meningioma,0,0,True,False
Testing/meningioma/Te-me_179.jpg,Training/meningioma/Tr-me_432.jpg,Testing,Training,meningioma,meningioma,0,0,True,False
Testing/meningioma/Te-me_18.jpg,Training/meningioma/Tr-me_331.jpg,Testing,Training,meningioma,meningioma,0,0,True,False
Testing/meningioma/Te-me_180.jpg,Training/meningioma/Tr-me_616.jpg,Testing,Training,meningioma,meningioma,0,0,True,False
Testing/meningioma/Te-me_181.jpg,Training/meningioma/Tr-me_720.jpg,Testing,Training,meningioma,meningioma,0,0,True,False
Testing/meningioma/Te-me_183.jpg,Training/meningioma/Tr-me_695.jpg,Testing,Training,meningioma,meningioma,0,0,True,False
Testing/meningioma/Te-me_184.jpg,Training/meningioma/Tr-me_19.jpg,Testing,Training,meningioma,meningioma,0,0,True,False
Testing/meningioma/Te-me_185.jpg,Training/meningioma/Tr-me_198.jpg,Testing,Training,meningioma,meningioma,0,0,True,False
Testing/meningioma/Te-me_187.jpg,Training/meningioma/Tr-me_52.jpg,Testing,Training,meningioma,meningioma,0,0,True,False
Testing/meningioma/Te-me_188.jpg,Training/meningioma/Tr-me_599.jpg,Testing,Training,meningioma,meningioma,0,0,True,False
Testing/meningioma/Te-me_188.jpg,Training/meningioma/Tr-me_462.jpg,Testing,Training,meningioma,meningioma,4,0,True,False
Testing/meningioma/Te-me_189.jpg,Training/meningioma/Tr-me_1206.jpg,Testing,Training,meningioma,meningioma,0,0,True,False
Testing/meningioma/Te-me_19.jpg,Training/meningioma/Tr-me_771.jpg,Testing,Training,meningioma,meningioma,0,0,True,False
Testing/meningioma/Te-me_190.jpg,Training/meningioma/Tr-me_472.jpg,Testing,Training,meningioma,meningioma,0,0,True,False
Testing/meningioma/Te-me_192.jpg,Training/meningioma/Tr-me_1117.jpg,Testing,Training,meningioma,meningioma,0,0,True,False
Testing/meningioma/Te-me_194.jpg,Training/meningioma/Tr-me_779.jpg,Testing,Training,meningioma,meningioma,0,0,True,False
Testing/meningioma/Te-me_195.jpg,Training/meningioma/Tr-me_3.jpg,Testing,Training,meningioma,meningioma,0,0,True,False
Testing/meningioma/Te-me_196.jpg,Training/meningioma/Tr-me_1049.jpg,Testing,Training,meningioma,meningioma,0,1,True,False
Testing/meningioma/Te-me_197.jpg,Training/meningioma/Tr-me_437.jpg,Testing,Training,meningioma,meningioma,0,0,True,False
Testing/meningioma/Te-me_198.jpg,Training/meningioma/Tr-me_561.jpg,Testing,Training,meningioma,meningioma,0,0,True,False
Testing/meningioma/Te-me_198.jpg,Training/meningioma/Tr-me_432.jpg,Testing,Training,meningioma,meningioma,0,0,True,False
Testing/meningioma/Te-me_199.jpg,Training/meningioma/Tr-me_124.jpg,Testing,Training,meningioma,meningioma,0,0,True,False
Testing/meningioma/Te-me_2.jpg,Training/meningioma/Tr-me_726.jpg,Testing,Training,meningioma,meningioma,0,0,True,False
Testing/meningioma/Te-me_2.jpg,Training/meningioma/Tr-me_1069.jpg,Testing,Training,meningioma,meningioma,0,0,True,False
Testing/meningioma/Te-me_2.jpg,Training/meningioma/Tr-me_543.jpg,Testing,Training,meningioma,meningioma,0,0,True,False
Testing/meningioma/Te-me_20.jpg,Training/meningioma/Tr-me_1225.jpg,Testing,Training,meningioma,meningioma,0,0,True,False
Testing/meningioma/Te-me_20.jpg,Training/meningioma/Tr-me_373.jpg,Testing,Training,meningioma,meningioma,0,0,True,False
Testing/meningioma/Te-me_200.jpg,Training/meningioma/Tr-me_1080.jpg,Testing,Training,meningioma,meningioma,0,1,True,False
Testing/meningioma/Te-me_201.jpg,Training/meningioma/Tr-me_1145.jpg,Testing,Training,meningioma,meningioma,0,0,True,False
Testing/meningioma/Te-me_202.jpg,Training/meningioma/Tr-me_421.jpg,Testing,Training,meningioma,meningioma,0,0,True,False
Testing/meningioma/Te-me_202.jpg,Training/meningioma/Tr-me_465.jpg,Testing,Training,meningioma,meningioma,0,0,True,False
Testing/meningioma/Te-me_203.jpg,Training/meningioma/Tr-me_916.jpg,Testing,Training,meningioma,meningioma,0,0,True,False
Testing/meningioma/Te-me_204.jpg,Training/meningioma/Tr-me_797.jpg,Testing,Training,meningioma,meningioma,0,0,True,False
Testing/meningioma/Te-me_205.jpg,Training/meningioma/Tr-me_661.jpg,Testing,Training,meningioma,meningioma,0,0,True,False
Testing/meningioma/Te-me_206.jpg,Training/meningioma/Tr-me_753.jpg,Testing,Training,meningioma,meningioma,0,0,True,False
Testing/meningioma/Te-me_207.jpg,Training/meningioma/Tr-me_1262.jpg,Testing,Training,meningioma,meningioma,0,0,True,False
Testing/meningioma/Te-me_208.jpg,Training/meningioma/Tr-me_421.jpg,Testing,Training,meningioma,meningioma,0,0,True,False
Testing/meningioma/Te-me_208.jpg,Training/meningioma/Tr-me_465.jpg,Testing,Training,meningioma,meningioma,0,0,True,False
Testing/meningioma/Te-me_209.jpg,Training/meningioma/Tr-me_1203.jpg,Testing,Training,meningioma,meningioma,0,2,True,False
Testing/meningioma/Te-me_21.jpg,Training/meningioma/Tr-me_1010.jpg,Testing,Training,meningioma,meningioma,0,0,True,False
Testing/meningioma/Te-me_210.jpg,Training/meningioma/Tr-me_167.jpg,Testing,Training,meningioma,meningioma,0,1,True,False
Testing/meningioma/Te-me_211.jpg,Training/meningioma/Tr-me_888.jpg,Testing,Training,meningioma,meningioma,0,0,True,False
Testing/meningioma/Te-me_212.jpg,Training/meningioma/Tr-me_10.jpg,Testing,Training,meningioma,meningioma,0,1,True,False
Testing/meningioma/Te-me_213.jpg,Training/meningioma/Tr-me_489.jpg,Testing,Training,meningioma,meningioma,0,0,True,False
Testing/meningioma/Te-me_214.jpg,Training/meningioma/Tr-me_639.jpg,Testing,Training,meningioma,meningioma,0,0,True,False
Testing/meningioma/Te-me_214.jpg,Training/meningioma/Tr-me_1110.jpg,Testing,Training,meningioma,meningioma,0,0,True,False
Testing/meningioma/Te-me_214.jpg,Training/meningioma/Tr-me_464.jpg,Testing,Training,meningioma,meningioma,0,0,True,False
Testing/meningioma/Te-me_215.jpg,Training/meningioma/Tr-me_400.jpg,Testing,Training,meningioma,meningioma,0,0,True,False
Testing/meningioma/Te-me_216.jpg,Training/meningioma/Tr-me_330.jpg,Testing,Training,meningioma,meningioma,0,0,True,False
Testing/meningioma/Te-me_217.jpg,Training/meningioma/Tr-me_1046.jpg,Testing,Training,meningioma,meningioma,0,0,True,False
Testing/meningioma/Te-me_218.jpg,Training/meningioma/Tr-me_441.jpg,Testing,Training,meningioma,meningioma,0,0,True,False
Testing/meningioma/Te-me_219.jpg,Training/meningioma/Tr-me_920.jpg,Testing,Training,meningioma,meningioma,0,0,True,False
Testing/meningioma/Te-me_22.jpg,Training/meningioma/Tr-me_1124.jpg,Testing,Training,meningioma,meningioma,0,0,True,False
Testing/meningioma/Te-me_220.jpg,Training/meningioma/Tr-me_366.jpg,Testing,Training,meningioma,meningioma,0,0,True,False
Testing/meningioma/Te-me_221.jpg,Training/meningioma/Tr-me_870.jpg,Testing,Training,meningioma,meningioma,0,0,True,False
Testing/meningioma/Te-me_222.jpg,Training/meningioma/Tr-me_816.jpg,Testing,Training,meningioma,meningioma,0,1,True,False
Testing/meningioma/Te-me_223.jpg,Training/meningioma/Tr-me_965.jpg,Testing,Training,meningioma,meningioma,0,0,True,False
Testing/meningioma/Te-me_224.jpg,Training/meningioma/Tr-me_1171.jpg,Testing,Training,meningioma,meningioma,0,0,True,False
Testing/meningioma/Te-me_225.jpg,Training/meningioma/Tr-me_805.jpg,Testing,Training,meningioma,meningioma,0,0,True,False
Testing/meningioma/Te-me_226.jpg,Training/meningioma/Tr-me_292.jpg,Testing,Training,meningioma,meningioma,0,1,True,False
Testing/meningioma/Te-me_228.jpg,Training/meningioma/Tr-me_497.jpg,Testing,Training,meningioma,meningioma,0,0,True,False
Testing/meningioma/Te-me_229.jpg,Training/meningioma/Tr-me_799.jpg,Testing,Training,meningioma,meningioma,0,0,True,False
Testing/meningioma/Te-me_229.jpg,Training/meningioma/Tr-me_688.jpg,Testing,Training,meningioma,meningioma,0,0,True,False
Testing/meningioma/Te-me_23.jpg,Training/glioma/Tr-gl_1208.jpg,Testing,Training,meningioma,glioma,12,0,True,True
Testing/meningioma/Te-me_23.jpg,Training/meningioma/Tr-me_257.jpg,Testing,Training,meningioma,meningioma,0,0,True,False
Testing/meningioma/Te-me_230.jpg,Training/meningioma/Tr-me_238.jpg,Testing,Training,meningioma,meningioma,0,0,True,False
Testing/meningioma/Te-me_230.jpg,Training/meningioma/Tr-me_1044.jpg,Testing,Training,meningioma,meningioma,0,0,True,False
Testing/meningioma/Te-me_231.jpg,Training/meningioma/Tr-me_158.jpg,Testing,Training,meningioma,meningioma,0,0,True,False
Testing/meningioma/Te-me_232.jpg,Training/meningioma/Tr-me_205.jpg,Testing,Training,meningioma,meningioma,0,0,True,False
Testing/meningioma/Te-me_233.jpg,Training/meningioma/Tr-me_1162.jpg,Testing,Training,meningioma,meningioma,0,1,True,False
Testing/meningioma/Te-me_234.jpg,Training/meningioma/Tr-me_760.jpg,Testing,Training,meningioma,meningioma,0,0,True,False
Testing/meningioma/Te-me_235.jpg,Training/meningioma/Tr-me_534.jpg,Testing,Training,meningioma,meningioma,0,0,True,False
Testing/meningioma/Te-me_235.jpg,Training/meningioma/Tr-me_339.jpg,Testing,Training,meningioma,meningioma,0,0,True,False
Testing/meningioma/Te-me_235.jpg,Training/meningioma/Tr-me_86.jpg,Testing,Training,meningioma,meningioma,0,0,True,False
Testing/meningioma/Te-me_237.jpg,Training/meningioma/Tr-me_1045.jpg,Testing,Training,meningioma,meningioma,0,0,True,False
Testing/meningioma/Te-me_238.jpg,Training/meningioma/Tr-me_487.jpg,Testing,Training,meningioma,meningioma,0,0,True,False
Testing/meningioma/Te-me_239.jpg,Training/meningioma/Tr-me_986.jpg,Testing,Training,meningioma,meningioma,0,0,True,False
Testing/meningioma/Te-me_24.jpg,Training/meningioma/Tr-me_336.jpg,Testing,Training,meningioma,meningioma,0,0,True,False
Testing/meningioma/Te-me_240.jpg,Training/meningioma/Tr-me_871.jpg,Testing,Training,meningioma,meningioma,4,0,True,False
Testing/meningioma/Te-me_240.jpg,Training/meningioma/Tr-me_593.jpg,Testing,Training,meningioma,meningioma,0,0,True,False
Testing/meningioma/Te-me_241.jpg,Training/meningioma/Tr-me_1146.jpg,Testing,Training,meningioma,meningioma,0,0,True,False
Testing/meningioma/Te-me_242.jpg,Training/meningioma/Tr-me_912.jpg,Testing,Training,meningioma,meningioma,0,0,True,False
Testing/meningioma/Te-me_243.jpg,Training/meningioma/Tr-me_880.jpg,Testing,Training,meningioma,meningioma,0,0,True,False
Testing/meningioma/Te-me_244.jpg,Training/meningioma/Tr-me_764.jpg,Testing,Training,meningioma,meningioma,0,0,True,False
Testing/meningioma/Te-me_245.jpg,Training/meningioma/Tr-me_651.jpg,Testing,Training,meningioma,meningioma,0,0,True,False
Testing/meningioma/Te-me_246.jpg,Training/meningioma/Tr-aug-me_90.jpg,Testing,Training,meningioma,meningioma,0,0,True,False
Testing/meningioma/Te-me_246.jpg,Training/meningioma/Tr-me_1242.jpg,Testing,Training,meningioma,meningioma,0,0,True,False
Testing/meningioma/Te-me_247.jpg,Training/meningioma/Tr-me_428.jpg,Testing,Training,meningioma,meningioma,0,0,True,False
Testing/meningioma/Te-me_248.jpg,Training/meningioma/Tr-me_747.jpg,Testing,Training,meningioma,meningioma,0,0,True,False
Testing/meningioma/Te-me_249.jpg,Training/meningioma/Tr-me_869.jpg,Testing,Training,meningioma,meningioma,0,0,True,False
Testing/meningioma/Te-me_250.jpg,Training/meningioma/Tr-me_1247.jpg,Testing,Training,meningioma,meningioma,0,0,True,False
Testing/meningioma/Te-me_251.jpg,Training/meningioma/Tr-me_450.jpg,Testing,Training,meningioma,meningioma,0,0,True,False
Testing/meningioma/Te-me_252.jpg,Training/meningioma/Tr-me_726.jpg,Testing,Training,meningioma,meningioma,0,0,True,False
Testing/meningioma/Te-me_252.jpg,Training/meningioma/Tr-me_1069.jpg,Testing,Training,meningioma,meningioma,0,0,True,False
Testing/meningioma/Te-me_252.jpg,Training/meningioma/Tr-me_543.jpg,Testing,Training,meningioma,meningioma,0,0,True,False
Testing/meningioma/Te-me_253.jpg,Training/meningioma/Tr-me_776.jpg,Testing,Training,meningioma,meningioma,0,0,True,False
Testing/meningioma/Te-me_254.jpg,Training/meningioma/Tr-me_859.jpg,Testing,Training,meningioma,meningioma,0,0,True,False
Testing/meningioma/Te-me_256.jpg,Training/meningioma/Tr-me_653.jpg,Testing,Training,meningioma,meningioma,0,0,True,False
Testing/meningioma/Te-me_257.jpg,Training/meningioma/Tr-me_1126.jpg,Testing,Training,meningioma,meningioma,0,0,True,False
Testing/meningioma/Te-me_258.jpg,Training/meningioma/Tr-me_699.jpg,Testing,Training,meningioma,meningioma,0,0,True,False
Testing/meningioma/Te-me_259.jpg,Training/meningioma/Tr-me_553.jpg,Testing,Training,meningioma,meningioma,0,0,True,False
Testing/meningioma/Te-me_26.jpg,Training/meningioma/Tr-me_99.jpg,Testing,Training,meningioma,meningioma,0,0,True,False
Testing/meningioma/Te-me_260.jpg,Training/meningioma/Tr-me_791.jpg,Testing,Training,meningioma,meningioma,0,0,True,False
Testing/meningioma/Te-me_261.jpg,Training/meningioma/Tr-me_1039.jpg,Testing,Training,meningioma,meningioma,0,0,True,False
Testing/meningioma/Te-me_262.jpg,Training/meningioma/Tr-me_639.jpg,Testing,Training,meningioma,meningioma,0,0,True,False
Testing/meningioma/Te-me_262.jpg,Training/meningioma/Tr-me_1110.jpg,Testing,Training,meningioma,meningioma,0,0,True,False
Testing/meningioma/Te-me_262.jpg,Training/meningioma/Tr-me_464.jpg,Testing,Training,meningioma,meningioma,0,0,True,False
Testing/meningioma/Te-me_264.jpg,Training/meningioma/Tr-me_615.jpg,Testing,Training,meningioma,meningioma,0,0,True,False
Testing/meningioma/Te-me_265.jpg,Training/meningioma/Tr-me_126.jpg,Testing,Training,meningioma,meningioma,0,0,True,False
Testing/meningioma/Te-me_266.jpg,Training/meningioma/Tr-me_1249.jpg,Testing,Training,meningioma,meningioma,0,0,True,False
Testing/meningioma/Te-me_267.jpg,Training/meningioma/Tr-me_431.jpg,Testing,Training,meningioma,meningioma,0,0,True,False
Testing/meningioma/Te-me_268.jpg,Training/meningioma/Tr-me_403.jpg,Testing,Training,meningioma,meningioma,0,0,True,False
Testing/meningioma/Te-me_269.jpg,Training/meningioma/Tr-me_168.jpg,Testing,Training,meningioma,meningioma,0,0,True,False
Testing/meningioma/Te-me_27.jpg,Training/meningioma/Tr-me_729.jpg,Testing,Training,meningioma,meningioma,0,0,True,False
Testing/meningioma/Te-me_270.jpg,Training/meningioma/Tr-me_1057.jpg,Testing,Training,meningioma,meningioma,0,0,True,False
Testing/meningioma/Te-me_271.jpg,Training/meningioma/Tr-me_913.jpg,Testing,Training,meningioma,meningioma,0,0,True,False
Testing/meningioma/Te-me_272.jpg,Training/meningioma/Tr-me_1127.jpg,Testing,Training,meningioma,meningioma,0,0,True,False
Testing/meningioma/Te-me_273.jpg,Training/meningioma/Tr-me_1259.jpg,Testing,Training,meningioma,meningioma,0,0,True,False
Testing/meningioma/Te-me_274.jpg,Training/meningioma/Tr-me_1163.jpg,Testing,Training,meningioma,meningioma,0,0,True,False
Testing/meningioma/Te-me_275.jpg,Training/meningioma/Tr-me_448.jpg,Testing,Training,meningioma,meningioma,0,0,True,False
Testing/meningioma/Te-me_276.jpg,Training/meningioma/Tr-me_167.jpg,Testing,Training,meningioma,meningioma,0,0,True,False
Testing/meningioma/Te-me_277.jpg,Training/meningioma/Tr-me_50.jpg,Testing,Training,meningioma,meningioma,0,0,True,False
Testing/meningioma/Te-me_278.jpg,Training/meningioma/Tr-me_486.jpg,Testing,Training,meningioma,meningioma,0,1,True,False
Testing/meningioma/Te-me_278.jpg,Training/meningioma/Tr-me_479.jpg,Testing,Training,meningioma,meningioma,0,0,True,False
Testing/meningioma/Te-me_279.jpg,Training/meningioma/Tr-me_897.jpg,Testing,Training,meningioma,meningioma,0,0,True,False
Testing/meningioma/Te-me_28.jpg,Training/meningioma/Tr-me_296.jpg,Testing,Training,meningioma,meningioma,0,0,True,False
Testing/meningioma/Te-me_280.jpg,Training/meningioma/Tr-me_954.jpg,Testing,Training,meningioma,meningioma,0,0,True,False
Testing/meningioma/Te-me_281.jpg,Training/meningioma/Tr-me_587.jpg,Testing,Training,meningioma,meningioma,0,0,True,False
Testing/meningioma/Te-me_282.jpg,Training/meningioma/Tr-me_1299.jpg,Testing,Training,meningioma,meningioma,0,0,True,False
Testing/meningioma/Te-me_283.jpg,Training/meningioma/Tr-me_79.jpg,Testing,Training,meningioma,meningioma,0,0,True,False
Testing/meningioma/Te-me_284.jpg,Training/meningioma/Tr-me_777.jpg,Testing,Training,meningioma,meningioma,0,0,True,False
Testing/meningioma/Te-me_285.jpg,Training/meningioma/Tr-me_1289.jpg,Testing,Training,meningioma,meningioma,0,0,True,False
Testing/meningioma/Te-me_286.jpg,Training/meningioma/Tr-me_178.jpg,Testing,Training,meningioma,meningioma,0,0,True,False
Testing/meningioma/Te-me_288.jpg,Training/meningioma/Tr-me_980.jpg,Testing,Training,meningioma,meningioma,0,0,True,False
Testing/meningioma/Te-me_289.jpg,Training/meningioma/Tr-me_1270.jpg,Testing,Training,meningioma,meningioma,0,1,True,False
Testing/meningioma/Te-me_29.jpg,Training/meningioma/Tr-me_684.jpg,Testing,Training,meningioma,meningioma,0,0,True,False
Testing/meningioma/Te-me_290.jpg,Training/meningioma/Tr-me_597.jpg,Testing,Training,meningioma,meningioma,0,0,True,False
Testing/meningioma/Te-me_291.jpg,Training/meningioma/Tr-me_1284.jpg,Testing,Training,meningioma,meningioma,0,0,True,False
Testing/meningioma/Te-me_292.jpg,Training/meningioma/Tr-me_134.jpg,Testing,Training,meningioma,meningioma,0,0,True,False
Testing/meningioma/Te-me_293.jpg,Training/meningioma/Tr-me_799.jpg,Testing,Training,meningioma,meningioma,0,0,True,False
Testing/meningioma/Te-me_293.jpg,Training/meningioma/Tr-me_688.jpg,Testing,Training,meningioma,meningioma,0,0,True,False
Testing/meningioma/Te-me_294.jpg,Training/meningioma/Tr-me_420.jpg,Testing,Training,meningioma,meningioma,0,0,True,False
Testing/meningioma/Te-me_296.jpg,Training/meningioma/Tr-me_145.jpg,Testing,Training,meningioma,meningioma,0,0,True,False
Testing/meningioma/Te-me_297.jpg,Training/meningioma/Tr-me_1115.jpg,Testing,Training,meningioma,meningioma,0,0,True,False
Testing/meningioma/Te-me_30.jpg,Training/meningioma/Tr-me_109.jpg,Testing,Training,meningioma,meningioma,0,0,True,False
Testing/meningioma/Te-me_31.jpg,Training/meningioma/Tr-me_1166.jpg,Testing,Training,meningioma,meningioma,0,0,True,False
Testing/meningioma/Te-me_32.jpg,Training/meningioma/Tr-me_61.jpg,Testing,Training,meningioma,meningioma,0,1,True,False
Testing/meningioma/Te-me_33.jpg,Training/meningioma/Tr-me_1205.jpg,Testing,Training,meningioma,meningioma,0,0,True,False
Testing/meningioma/Te-me_34.jpg,Training/meningioma/Tr-me_947.jpg,Testing,Training,meningioma,meningioma,0,0,True,False
Testing/meningioma/Te-me_35.jpg,Training/meningioma/Tr-me_1159.jpg,Testing,Training,meningioma,meningioma,0,0,True,False
Testing/meningioma/Te-me_36.jpg,Training/meningioma/Tr-me_1016.jpg,Testing,Training,meningioma,meningioma,0,0,True,False
Testing/meningioma/Te-me_37.jpg,Training/meningioma/Tr-me_1290.jpg,Testing,Training,meningioma,meningioma,0,0,True,False
Testing/meningioma/Te-me_38.jpg,Training/meningioma/Tr-me_120.jpg,Testing,Training,meningioma,meningioma,0,1,True,False
Testing/meningioma/Te-me_39.jpg,Training/meningioma/Tr-me_1225.jpg,Testing,Training,meningioma,meningioma,0,0,True,False
Testing/meningioma/Te-me_39.jpg,Training/meningioma/Tr-me_373.jpg,Testing,Training,meningioma,meningioma,0,0,True,False
Testing/meningioma/Te-me_4.jpg,Training/meningioma/Tr-me_1286.jpg,Testing,Training,meningioma,meningioma,0,0,True,False
Testing/meningioma/Te-me_40.jpg,Training/meningioma/Tr-me_746.jpg,Testing,Training,meningioma,meningioma,0,0,True,False
Testing/meningioma/Te-me_41.jpg,Training/meningioma/Tr-me_860.jpg,Testing,Training,meningioma,meningioma,0,0,True,False
Testing/meningioma/Te-me_42.jpg,Training/meningioma/Tr-me_639.jpg,Testing,Training,meningioma,meningioma,0,0,True,False
Testing/meningioma/Te-me_42.jpg,Training/meningioma/Tr-me_1110.jpg,Testing,Training,meningioma,meningioma,0,0,True,False
Testing/meningioma/Te-me_42.jpg,Training/meningioma/Tr-me_464.jpg,Testing,Training,meningioma,meningioma,0,0,True,False
Testing/meningioma/Te-me_43.jpg,Training/meningioma/Tr-me_329.jpg,Testing,Training,meningioma,meningioma,0,0,True,False
Testing/meningioma/Te-me_44.jpg,Training/meningioma/Tr-me_659.jpg,Testing,Training,meningioma,meningioma,0,0,True,False
Testing/meningioma/Te-me_46.jpg,Training/meningioma/Tr-me_722.jpg,Testing,Training,meningioma,meningioma,0,0,True,False
Testing/meningioma/Te-me_48.jpg,Training/meningioma/Tr-me_2.jpg,Testing,Training,meningioma,meningioma,0,0,True,False
Testing/meningioma/Te-me_49.jpg,Training/meningioma/Tr-me_424.jpg,Testing,Training,meningioma,meningioma,0,0,True,False
Testing/meningioma/Te-me_5.jpg,Training/meningioma/Tr-me_1083.jpg,Testing,Training,meningioma,meningioma,0,0,True,False
Testing/meningioma/Te-me_50.jpg,Training/meningioma/Tr-me_468.jpg,Testing,Training,meningioma,meningioma,0,0,True,False
Testing/meningioma/Te-me_50.jpg,Training/meningioma/Tr-me_714.jpg,Testing,Training,meningioma,meningioma,0,0,True,False
Testing/meningioma/Te-me_50.jpg,Training/meningioma/Tr-me_458.jpg,Testing,Training,meningioma,meningioma,0,0,True,False
Testing/meningioma/Te-me_51.jpg,Training/meningioma/Tr-me_23.jpg,Testing,Training,meningioma,meningioma,0,0,True,False
Testing/meningioma/Te-me_52.jpg,Training/meningioma/Tr-me_154.jpg,Testing,Training,meningioma,meningioma,0,0,True,False
Testing/meningioma/Te-me_53.jpg,Training/meningioma/Tr-me_107.jpg,Testing,Training,meningioma,meningioma,0,0,True,False
Testing/meningioma/Te-me_54.jpg,Training/meningioma/Tr-me_200.jpg,Testing,Training,meningioma,meningioma,0,0,True,False
Testing/meningioma/Te-me_55.jpg,Training/meningioma/Tr-me_910.jpg,Testing,Training,meningioma,meningioma,0,0,True,False
Testing/meningioma/Te-me_56.jpg,Training/meningioma/Tr-me_1105.jpg,Testing,Training,meningioma,meningioma,0,0,True,False
Testing/meningioma/Te-me_57.jpg,Training/meningioma/Tr-me_481.jpg,Testing,Training,meningioma,meningioma,0,0,True,False
Testing/meningioma/Te-me_58.jpg,Training/meningioma/Tr-me_956.jpg,Testing,Training,meningioma,meningioma,0,1,True,False
Testing/meningioma/Te-me_59.jpg,Training/meningioma/Tr-me_1030.jpg,Testing,Training,meningioma,meningioma,0,0,True,False
Testing/meningioma/Te-me_60.jpg,Training/meningioma/Tr-me_374.jpg,Testing,Training,meningioma,meningioma,0,0,True,False
Testing/meningioma/Te-me_61.jpg,Training/meningioma/Tr-me_468.jpg,Testing,Training,meningioma,meningioma,0,0,True,False
Testing/meningioma/Te-me_61.jpg,Training/meningioma/Tr-me_714.jpg,Testing,Training,meningioma,meningioma,0,0,True,False
Testing/meningioma/Te-me_61.jpg,Training/meningioma/Tr-me_458.jpg,Testing,Training,meningioma,meningioma,0,0,True,False
Testing/meningioma/Te-me_62.jpg,Training/meningioma/Tr-me_678.jpg,Testing,Training,meningioma,meningioma,0,0,True,False
Testing/meningioma/Te-me_63.jpg,Training/meningioma/Tr-me_71.jpg,Testing,Training,meningioma,meningioma,0,0,True,False
Testing/meningioma/Te-me_64.jpg,Training/meningioma/Tr-me_183.jpg,Testing,Training,meningioma,meningioma,0,0,True,False
Testing/meningioma/Te-me_65.jpg,Training/meningioma/Tr-me_1138.jpg,Testing,Training,meningioma,meningioma,0,0,True,False
Testing/meningioma/Te-me_66.jpg,Training/meningioma/Tr-me_1198.jpg,Testing,Training,meningioma,meningioma,0,0,True,False
Testing/meningioma/Te-me_68.jpg,Training/meningioma/Tr-me_844.jpg,Testing,Training,meningioma,meningioma,0,0,True,False
Testing/meningioma/Te-me_69.jpg,Training/meningioma/Tr-me_384.jpg,Testing,Training,meningioma,meningioma,0,0,True,False
Testing/meningioma/Te-me_7.jpg,Training/meningioma/Tr-me_31.jpg,Testing,Training,meningioma,meningioma,0,0,True,False
Testing/meningioma/Te-me_71.jpg,Training/meningioma/Tr-me_1168.jpg,Testing,Training,meningioma,meningioma,0,0,True,False
Testing/meningioma/Te-me_72.jpg,Training/meningioma/Tr-me_875.jpg,Testing,Training,meningioma,meningioma,0,0,True,False
Testing/meningioma/Te-me_73.jpg,Training/meningioma/Tr-me_266.jpg,Testing,Training,meningioma,meningioma,0,2,True,False
Testing/meningioma/Te-me_74.jpg,Training/meningioma/Tr-me_736.jpg,Testing,Training,meningioma,meningioma,0,0,True,False
Testing/meningioma/Te-me_75.jpg,Training/meningioma/Tr-me_717.jpg,Testing,Training,meningioma,meningioma,0,0,True,False
Testing/meningioma/Te-me_76.jpg,Training/meningioma/Tr-me_463.jpg,Testing,Training,meningioma,meningioma,0,0,True,False
Testing/meningioma/Te-me_77.jpg,Training/meningioma/Tr-me_522.jpg,Testing,Training,meningioma,meningioma,0,0,True,False
Testing/meningioma/Te-me_78.jpg,Training/meningioma/Tr-me_742.jpg,Testing,Training,meningioma,meningioma,0,1,True,False
Testing/meningioma/Te-me_79.jpg,Training/meningioma/Tr-me_212.jpg,Testing,Training,meningioma,meningioma,0,0,True,False
Testing/meningioma/Te-me_8.jpg,Training/meningioma/Tr-me_486.jpg,Testing,Training,meningioma,meningioma,0,0,True,False
Testing/meningioma/Te-me_8.jpg,Training/meningioma/Tr-me_479.jpg,Testing,Training,meningioma,meningioma,0,1,True,False
Testing/meningioma/Te-me_80.jpg,Training/meningioma/Tr-me_638.jpg,Testing,Training,meningioma,meningioma,0,1,True,False
Testing/meningioma/Te-me_81.jpg,Training/meningioma/Tr-me_740.jpg,Testing,Training,meningioma,meningioma,0,0,True,False
Testing/meningioma/Te-me_82.jpg,Training/meningioma/Tr-me_583.jpg,Testing,Training,meningioma,meningioma,0,0,True,False
Testing/meningioma/Te-me_83.jpg,Training/meningioma/Tr-me_905.jpg,Testing,Training,meningioma,meningioma,0,0,True,False
Testing/meningioma/Te-me_84.jpg,Training/meningioma/Tr-me_47.jpg,Testing,Training,meningioma,meningioma,0,0,True,False
Testing/meningioma/Te-me_85.jpg,Training/meningioma/Tr-me_523.jpg,Testing,Training,meningioma,meningioma,0,0,True,False
Testing/meningioma/Te-me_86.jpg,Training/meningioma/Tr-me_1121.jpg,Testing,Training,meningioma,meningioma,0,0,True,False
Testing/meningioma/Te-me_87.jpg,Training/meningioma/Tr-me_214.jpg,Testing,Training,meningioma,meningioma,0,0,True,False
Testing/meningioma/Te-me_88.jpg,Training/meningioma/Tr-me_91.jpg,Testing,Training,meningioma,meningioma,0,0,True,False
Testing/meningioma/Te-me_89.jpg,Training/meningioma/Tr-me_44.jpg,Testing,Training,meningioma,meningioma,0,1,True,False
Testing/meningioma/Te-me_9.jpg,Training/meningioma/Tr-me_715.jpg,Testing,Training,meningioma,meningioma,0,0,True,False
Testing/meningioma/Te-me_90.jpg,Training/meningioma/Tr-me_207.jpg,Testing,Training,meningioma,meningioma,0,0,True,False
Testing/meningioma/Te-me_91.jpg,Training/meningioma/Tr-aug-me_27.jpg,Testing,Training,meningioma,meningioma,2,0,True,False
Testing/meningioma/Te-me_91.jpg,Training/meningioma/Tr-me_535.jpg,Testing,Training,meningioma,meningioma,0,0,True,False
Testing/meningioma/Te-me_92.jpg,Training/meningioma/Tr-me_29.jpg,Testing,Training,meningioma,meningioma,0,0,True,False
Testing/meningioma/Te-me_93.jpg,Training/meningioma/Tr-me_131.jpg,Testing,Training,meningioma,meningioma,0,0,True,False
Testing/meningioma/Te-me_94.jpg,Training/meningioma/Tr-me_946.jpg,Testing,Training,meningioma,meningioma,0,0,True,False
Testing/meningioma/Te-me_95.jpg,Training/meningioma/Tr-me_1091.jpg,Testing,Training,meningioma,meningioma,0,0,True,False
Testing/meningioma/Te-me_96.jpg,Training/meningioma/Tr-me_468.jpg,Testing,Training,meningioma,meningioma,0,0,True,False
Testing/meningioma/Te-me_96.jpg,Training/meningioma/Tr-me_714.jpg,Testing,Training,meningioma,meningioma,0,0,True,False
Testing/meningioma/Te-me_96.jpg,Training/meningioma/Tr-me_458.jpg,Testing,Training,meningioma,meningioma,0,0,True,False
Testing/meningioma/Te-me_97.jpg,Training/meningioma/Tr-me_589.jpg,Testing,Training,meningioma,meningioma,0,0,True,False
Testing/meningioma/Te-me_98.jpg,Training/meningioma/Tr-me_606.jpg,Testing,Training,meningioma,meningioma,0,1,True,False
Testing/notumor/Te-no_1.jpg,Training/notumor/Tr-no_1301.jpg,Testing,Training,notumor,notumor,0,0,True,False
Testing/notumor/Te-no_1.jpg,Training/notumor/Tr-no_851.jpg,Testing,Training,notumor,notumor,0,0,True,False
Testing/notumor/Te-no_1.jpg,Training/notumor/Tr-no_1098.jpg,Testing,Training,notumor,notumor,0,0,True,False
Testing/notumor/Te-no_1.jpg,Training/notumor/Tr-no_1337.jpg,Testing,Training,notumor,notumor,0,0,True,False
Testing/notumor/Te-no_1.jpg,Training/notumor/Tr-no_151.jpg,Testing,Training,notumor,notumor,0,0,True,False
Testing/notumor/Te-no_10.jpg,Training/notumor/Tr-no_1157.jpg,Testing,Training,notumor,notumor,0,0,True,False
Testing/notumor/Te-no_10.jpg,Training/notumor/Tr-no_992.jpg,Testing,Training,notumor,notumor,0,0,True,False
Testing/notumor/Te-no_10.jpg,Training/notumor/Tr-no_568.jpg,Testing,Training,notumor,notumor,0,0,True,False
Testing/notumor/Te-no_10.jpg,Training/notumor/Tr-no_1369.jpg,Testing,Training,notumor,notumor,0,0,True,False
Testing/notumor/Te-no_10.jpg,Training/notumor/Tr-no_631.jpg,Testing,Training,notumor,notumor,0,0,True,False
Testing/notumor/Te-no_10.jpg,Training/notumor/Tr-no_926.jpg,Testing,Training,notumor,notumor,0,0,True,False
Testing/notumor/Te-no_10.jpg,Training/notumor/Tr-no_468.jpg,Testing,Training,notumor,notumor,0,0,True,False
Testing/notumor/Te-no_100.jpg,Training/notumor/Tr-no_1250.jpg,Testing,Training,notumor,notumor,0,0,True,False
Testing/notumor/Te-no_100.jpg,Training/notumor/Tr-no_803.jpg,Testing,Training,notumor,notumor,0,0,True,False
Testing/notumor/Te-no_100.jpg,Training/notumor/Tr-no_345.jpg,Testing,Training,notumor,notumor,0,0,True,False
Testing/notumor/Te-no_100.jpg,Training/notumor/Tr-no_648.jpg,Testing,Training,notumor,notumor,0,0,True,False
Testing/notumor/Te-no_100.jpg,Training/notumor/Tr-no_995.jpg,Testing,Training,notumor,notumor,0,0,True,False
Testing/notumor/Te-no_100.jpg,Training/notumor/Tr-no_901.jpg,Testing,Training,notumor,notumor,0,0,True,False
Testing/notumor/Te-no_100.jpg,Training/notumor/Tr-no_673.jpg,Testing,Training,notumor,notumor,0,0,True,False
Testing/notumor/Te-no_101.jpg,Training/notumor/Tr-no_852.jpg,Testing,Training,notumor,notumor,0,0,True,False
Testing/notumor/Te-no_101.jpg,Training/notumor/Tr-no_1195.jpg,Testing,Training,notumor,notumor,0,0,True,False
Testing/notumor/Te-no_101.jpg,Training/notumor/Tr-no_628.jpg,Testing,Training,notumor,notumor,0,0,True,False
Testing/notumor/Te-no_101.jpg,Training/notumor/Tr-no_182.jpg,Testing,Training,notumor,notumor,0,0,True,False
Testing/notumor/Te-no_101.jpg,Training/notumor/Tr-no_19.jpg,Testing,Training,notumor,notumor,0,0,True,False
Testing/notumor/Te-no_101.jpg,Training/notumor/Tr-no_651.jpg,Testing,Training,notumor,notumor,0,0,True,False
Testing/notumor/Te-no_101.jpg,Training/notumor/Tr-no_425.jpg,Testing,Training,notumor,notumor,0,0,True,False
Testing/notumor/Te-no_101.jpg,Training/notumor/Tr-no_892.jpg,Testing,Training,notumor,notumor,0,0,True,False
Testing/notumor/Te-no_101.jpg,Training/notumor/Tr-no_1230.jpg,Testing,Training,notumor,notumor,0,0,True,False
Testing/notumor/Te-no_101.jpg,Training/notumor/Tr-no_1232.jpg,Testing,Training,notumor,notumor,0,0,True,False
Testing/notumor/Te-no_101.jpg,Training/notumor/Tr-no_447.jpg,Testing,Training,notumor,notumor,0,0,True,False
Testing/notumor/Te-no_101.jpg,Training/notumor/Tr-no_469.jpg,Testing,Training,notumor,notumor,0,0,True,False
Testing/notumor/Te-no_101.jpg,Training/notumor/Tr-no_24.jpg,Testing,Training,notumor,notumor,0,0,True,False
Testing/notumor/Te-no_101.jpg,Training/notumor/Tr-no_470.jpg,Testing,Training,notumor,notumor,0,0,True,False
Testing/notumor/Te-no_101.jpg,Training/notumor/Tr-no_704.jpg,Testing,Training,notumor,notumor,0,0,True,False
Testing/notumor/Te-no_101.jpg,Training/notumor/Tr-no_1282.jpg,Testing,Training,notumor,notumor,0,0,True,False
Testing/notumor/Te-no_101.jpg,Training/notumor/Tr-no_716.jpg,Testing,Training,notumor,notumor,0,0,True,False
Testing/notumor/Te-no_101.jpg,Training/notumor/Tr-no_720.jpg,Testing,Training,notumor,notumor,0,0,True,False
Testing/notumor/Te-no_101.jpg,Training/notumor/Tr-no_499.jpg,Testing,Training,notumor,notumor,0,0,True,False
Testing/notumor/Te-no_101.jpg,Training/notumor/Tr-no_734.jpg,Testing,Training,notumor,notumor,0,0,True,False
Testing/notumor/Te-no_101.jpg,Training/notumor/Tr-no_740.jpg,Testing,Training,notumor,notumor,0,0,True,False
Testing/notumor/Te-no_101.jpg,Training/notumor/Tr-no_1084.jpg,Testing,Training,notumor,notumor,0,0,True,False
Testing/notumor/Te-no_101.jpg,Training/notumor/Tr-no_986.jpg,Testing,Training,notumor,notumor,0,0,True,False
Testing/notumor/Te-no_101.jpg,Training/notumor/Tr-no_11.jpg,Testing,Training,notumor,notumor,0,0,True,False
Testing/notumor/Te-no_101.jpg,Training/notumor/Tr-no_994.jpg,Testing,Training,notumor,notumor,0,0,True,False
Testing/notumor/Te-no_101.jpg,Training/notumor/Tr-no_1338.jpg,Testing,Training,notumor,notumor,0,0,True,False
Testing/notumor/Te-no_101.jpg,Training/notumor/Tr-no_771.jpg,Testing,Training,notumor,notumor,0,0,True,False
Testing/notumor/Te-no_101.jpg,Training/notumor/Tr-no_772.jpg,Testing,Training,notumor,notumor,0,0,True,False
Testing/notumor/Te-no_101.jpg,Training/notumor/Tr-no_1356.jpg,Testing,Training,notumor,notumor,0,0,True,False
Testing/notumor/Te-no_101.jpg,Training/notumor/Tr-no_1355.jpg,Testing,Training,notumor,notumor,0,0,True,False
Testing/notumor/Te-no_101.jpg,Training/notumor/Tr-no_558.jpg,Testing,Training,notumor,notumor,0,0,True,False
Testing/notumor/Te-no_101.jpg,Training/notumor/Tr-no_334.jpg,Testing,Training,notumor,notumor,0,0,True,False
Testing/notumor/Te-no_101.jpg,Training/notumor/Tr-no_145.jpg,Testing,Training,notumor,notumor,0,0,True,False
Testing/notumor/Te-no_101.jpg,Training/notumor/Tr-no_839.jpg,Testing,Training,notumor,notumor,0,0,True,False
Testing/notumor/Te-no_102.jpg,Training/notumor/Tr-no_504.jpg,Testing,Training,notumor,notumor,0,0,True,False
Testing/notumor/Te-no_102.jpg,Training/notumor/Tr-no_223.jpg,Testing,Training,notumor,notumor,0,0,True,False
Testing/notumor/Te-no_102.jpg,Training/notumor/Tr-no_811.jpg,Testing,Training,notumor,notumor,0,0,True,False
Testing/notumor/Te-no_102.jpg,Training/notumor/Tr-no_585.jpg,Testing,Training,notumor,notumor,0,0,True,False
Testing/notumor/Te-no_102.jpg,Training/notumor/Tr-no_1276.jpg,Testing,Training,notumor,notumor,0,0,True,False
Testing/notumor/Te-no_102.jpg,Training/notumor/Tr-no_1103.jpg,Testing,Training,notumor,notumor,0,0,True,False
Testing/notumor/Te-no_102.jpg,Training/notumor/Tr-no_1052.jpg,Testing,Training,notumor,notumor,0,0,True,False
Testing/notumor/Te-no_102.jpg,Training/notumor/Tr-no_948.jpg,Testing,Training,notumor,notumor,0,0,True,False
Testing/notumor/Te-no_103.jpg,Training/notumor/Tr-no_392.jpg,Testing,Training,notumor,notumor,0,0,True,False
Testing/notumor/Te-no_103.jpg,Training/notumor/Tr-no_177.jpg,Testing,Training,notumor,notumor,0,0,True,False
Testing/notumor/Te-no_103.jpg,Training/notumor/Tr-no_652.jpg,Testing,Training,notumor,notumor,0,0,True,False
Testing/notumor/Te-no_103.jpg,Training/notumor/Tr-no_194.jpg,Testing,Training,notumor,notumor,0,0,True,False
Testing/notumor/Te-no_103.jpg,Training/notumor/Tr-no_888.jpg,Testing,Training,notumor,notumor,0,0,True,False
Testing/notumor/Te-no_103.jpg,Training/notumor/Tr-no_904.jpg,Testing,Training,notumor,notumor,0,0,True,False
Testing/notumor/Te-no_103.jpg,Training/notumor/Tr-no_219.jpg,Testing,Training,notumor,notumor,0,0,True,False
Testing/notumor/Te-no_103.jpg,Training/notumor/Tr-no_566.jpg,Testing,Training,notumor,notumor,2,0,True,False
Testing/notumor/Te-no_103.jpg,Training/notumor/Tr-no_1142.jpg,Testing,Training,notumor,notumor,0,0,True,False
Testing/notumor/Te-no_103.jpg,Training/notumor/Tr-no_1277.jpg,Testing,Training,notumor,notumor,0,0,True,False
Testing/notumor/Te-no_103.jpg,Training/notumor/Tr-no_385.jpg,Testing,Training,notumor,notumor,0,0,True,False
Testing/notumor/Te-no_104.jpg,Training/notumor/Tr-no_103.jpg,Testing,Training,notumor,notumor,0,0,True,False
Testing/notumor/Te-no_104.jpg,Training/notumor/Tr-no_868.jpg,Testing,Training,notumor,notumor,0,0,True,False
Testing/notumor/Te-no_104.jpg,Training/notumor/Tr-no_1207.jpg,Testing,Training,notumor,notumor,0,0,True,False
Testing/notumor/Te-no_104.jpg,Training/notumor/Tr-no_1386.jpg,Testing,Training,notumor,notumor,0,0,True,False
Testing/notumor/Te-no_104.jpg,Training/notumor/Tr-no_188.jpg,Testing,Training,notumor,notumor,0,0,True,False
Testing/notumor/Te-no_104.jpg,Training/notumor/Tr-no_823.jpg,Testing,Training,notumor,notumor,0,0,True,False
Testing/notumor/Te-no_104.jpg,Training/notumor/Tr-no_950.jpg,Testing,Training,notumor,notumor,0,0,True,False
Testing/notumor/Te-no_104.jpg,Training/notumor/Tr-no_1058.jpg,Testing,Training,notumor,notumor,0,0,True,False
Testing/notumor/Te-no_104.jpg,Training/notumor/Tr-no_319.jpg,Testing,Training,notumor,notumor,0,0,True,False
Testing/notumor/Te-no_104.jpg,Training/notumor/Tr-no_384.jpg,Testing,Training,notumor,notumor,0,0,True,False
Testing/notumor/Te-no_105.jpg,Training/notumor/Tr-no_501.jpg,Testing,Training,notumor,notumor,0,0,True,False
Testing/notumor/Te-no_105.jpg,Training/notumor/Tr-no_1087.jpg,Testing,Training,notumor,notumor,0,4,True,False
Testing/notumor/Te-no_105.jpg,Training/notumor/Tr-no_753.jpg,Testing,Training,notumor,notumor,0,4,True,False
Testing/notumor/Te-no_105.jpg,Training/notumor/Tr-no_294.jpg,Testing,Training,notumor,notumor,0,4,True,False
Testing/notumor/Te-no_105.jpg,Training/notumor/Tr-no_540.jpg,Testing,Training,notumor,notumor,0,4,True,False
Testing/notumor/Te-no_105.jpg,Training/notumor/Tr-no_444.jpg,Testing,Training,notumor,notumor,0,4,True,False
Testing/notumor/Te-no_105.jpg,Training/notumor/Tr-no_1268.jpg,Testing,Training,notumor,notumor,0,4,True,False
Testing/notumor/Te-no_105.jpg,Training/notumor/Tr-no_714.jpg,Testing,Training,notumor,notumor,0,0,True,False
Testing/notumor/Te-no_105.jpg,Training/notumor/Tr-no_723.jpg,Testing,Training,notumor,notumor,0,0,True,False
Testing/notumor/Te-no_105.jpg,Training/notumor/Tr-no_96.jpg,Testing,Training,notumor,notumor,0,4,True,False
Testing/notumor/Te-no_106.jpg,Training/notumor/Tr-no_427.jpg,Testing,Training,notumor,notumor,0,0,True,False
Testing/notumor/Te-no_106.jpg,Training/notumor/Tr-no_1228.jpg,Testing,Training,notumor,notumor,0,0,True,False
Testing/notumor/Te-no_106.jpg,Training/notumor/Tr-no_216.jpg,Testing,Training,notumor,notumor,0,0,True,False
Testing/notumor/Te-no_106.jpg,Training/notumor/Tr-no_1249.jpg,Testing,Training,notumor,notumor,0,0,True,False
Testing/notumor/Te-no_106.jpg,Training/notumor/Tr-no_47.jpg,Testing,Training,notumor,notumor,0,0,True,False
Testing/notumor/Te-no_106.jpg,Training/notumor/Tr-no_479.jpg,Testing,Training,notumor,notumor,0,0,True,False
Testing/notumor/Te-no_106.jpg,Training/notumor/Tr-no_1176.jpg,Testing,Training,notumor,notumor,0,0,True,False
Testing/notumor/Te-no_107.jpg,Training/notumor/Tr-no_564.jpg,Testing,Training,notumor,notumor,0,0,True,False
Testing/notumor/Te-no_107.jpg,Training/notumor/Tr-no_68.jpg,Testing,Training,notumor,notumor,0,0,True,False
Testing/notumor/Te-no_107.jpg,Training/notumor/Tr-no_4.jpg,Testing,Training,notumor,notumor,2,0,True,False
Testing/notumor/Te-no_107.jpg,Training/notumor/Tr-no_807.jpg,Testing,Training,notumor,notumor,2,0,True,False
Testing/notumor/Te-no_107.jpg,Training/notumor/Tr-no_694.jpg,Testing,Training,notumor,notumor,0,0,True,False
Testing/notumor/Te-no_107.jpg,Training/notumor/Tr-no_878.jpg,Testing,Training,notumor,notumor,0,0,True,False
Testing/notumor/Te-no_107.jpg,Training/notumor/Tr-no_1167.jpg,Testing,Training,notumor,notumor,0,0,True,False
Testing/notumor/Te-no_107.jpg,Training/notumor/Tr-no_368.jpg,Testing,Training,notumor,notumor,0,0,True,False
Testing/notumor/Te-no_107.jpg,Training/notumor/Tr-no_252.jpg,Testing,Training,notumor,notumor,2,0,True,False
Testing/notumor/Te-no_107.jpg,Training/notumor/Tr-no_1182.jpg,Testing,Training,notumor,notumor,2,0,True,False
Testing/notumor/Te-no_107.jpg,Training/notumor/Tr-no_1126.jpg,Testing,Training,notumor,notumor,0,0,True,False
Testing/notumor/Te-no_108.jpg,Training/notumor/Tr-no_515.jpg,Testing,Training,notumor,notumor,0,0,True,False
Testing/notumor/Te-no_108.jpg,Training/notumor/Tr-no_1321.jpg,Testing,Training,notumor,notumor,4,0,True,False
Testing/notumor/Te-no_108.jpg,Training/notumor/Tr-no_310.jpg,Testing,Training,notumor,notumor,4,0,True,False
Testing/notumor/Te-no_108.jpg,Training/notumor/Tr-no_1343.jpg,Testing,Training,notumor,notumor,2,0,True,False
Testing/notumor/Te-no_108.jpg,Training/notumor/Tr-no_663.jpg,Testing,Training,notumor,notumor,2,0,True,False
Testing/notumor/Te-no_108.jpg,Training/notumor/Tr-no_205.jpg,Testing,Training,notumor,notumor,2,0,True,False
Testing/notumor/Te-no_108.jpg,Training/notumor/Tr-no_206.jpg,Testing,Training,notumor,notumor,0,1,True,False
Testing/notumor/Te-no_108.jpg,Training/notumor/Tr-no_784.jpg,Testing,Training,notumor,notumor,0,1,True,False
Testing/notumor/Te-no_108.jpg,Training/notumor/Tr-no_787.jpg,Testing,Training,notumor,notumor,2,0,True,False
Testing/notumor/Te-no_108.jpg,Training/notumor/Tr-no_212.jpg,Testing,Training,notumor,notumor,0,0,True,False
Testing/notumor/Te-no_108.jpg,Training/notumor/Tr-no_1012.jpg,Testing,Training,notumor,notumor,4,0,True,False
Testing/notumor/Te-no_108.jpg,Training/notumor/Tr-no_335.jpg,Testing,Training,notumor,notumor,2,0,True,False
Testing/notumor/Te-no_108.jpg,Training/notumor/Tr-no_458.jpg,Testing,Training,notumor,notumor,0,0,True,False
Testing/notumor/Te-no_108.jpg,Training/notumor/Tr-no_1379.jpg,Testing,Training,notumor,notumor,2,0,True,False
Testing/notumor/Te-no_108.jpg,Training/notumor/Tr-no_810.jpg,Testing,Training,notumor,notumor,2,0,True,False
Testing/notumor/Te-no_108.jpg,Training/notumor/Tr-no_829.jpg,Testing,Training,notumor,notumor,4,0,True,False
Testing/notumor/Te-no_108.jpg,Training/notumor/Tr-no_1284.jpg,Testing,Training,notumor,notumor,4,0,True,False
Testing/notumor/Te-no_109.jpg,Training/notumor/Tr-no_286.jpg,Testing,Training,notumor,notumor,0,0,True,False
Testing/notumor/Te-no_109.jpg,Training/notumor/Tr-no_982.jpg,Testing,Training,notumor,notumor,0,0,True,False
Testing/notumor/Te-no_109.jpg,Training/notumor/Tr-no_752.jpg,Testing,Training,notumor,notumor,0,0,True,False
Testing/notumor/Te-no_109.jpg,Training/notumor/Tr-no_192.jpg,Testing,Training,notumor,notumor,0,0,True,False
Testing/notumor/Te-no_109.jpg,Training/notumor/Tr-no_542.jpg,Testing,Training,notumor,notumor,0,0,True,False
Testing/notumor/Te-no_109.jpg,Training/notumor/Tr-no_1254.jpg,Testing,Training,notumor,notumor,4,0,True,False
Testing/notumor/Te-no_109.jpg,Training/notumor/Tr-no_939.jpg,Testing,Training,notumor,notumor,0,0,True,False
Testing/notumor/Te-no_109.jpg,Training/notumor/Tr-no_724.jpg,Testing,Training,notumor,notumor,0,0,True,False
Testing/notumor/Te-no_11.jpg,Training/notumor/Tr-no_620.jpg,Testing,Training,notumor,notumor,2,0,True,False
Testing/notumor/Te-no_11.jpg,Training/notumor/Tr-no_402.jpg,Testing,Training,notumor,notumor,0,0,True,False
Testing/notumor/Te-no_11.jpg,Training/notumor/Tr-no_403.jpg,Testing,Training,notumor,notumor,0,0,True,False
Testing/notumor/Te-no_11.jpg,Training/notumor/Tr-no_873.jpg,Testing,Training,notumor,notumor,0,0,True,False
Testing/notumor/Te-no_11.jpg,Training/notumor/Tr-no_643.jpg,Testing,Training,notumor,notumor,0,0,True,False
Testing/notumor/Te-no_11.jpg,Training/notumor/Tr-no_1220.jpg,Testing,Training,notumor,notumor,2,0,True,False
Testing/notumor/Te-no_11.jpg,Training/notumor/Tr-no_1.jpg,Testing,Training,notumor,notumor,0,0,True,False
Testing/notumor/Te-no_11.jpg,Training/notumor/Tr-no_2.jpg,Testing,Training,notumor,notumor,2,0,True,False
Testing/notumor/Te-no_11.jpg,Training/notumor/Tr-no_1244.jpg,Testing,Training,notumor,notumor,2,0,True,False
Testing/notumor/Te-no_11.jpg,Training/notumor/Tr-no_217.jpg,Testing,Training,notumor,notumor,4,0,True,False
Testing/notumor/Te-no_11.jpg,Training/notumor/Tr-no_227.jpg,Testing,Training,notumor,notumor,2,0,True,False
Testing/notumor/Te-no_11.jpg,Training/notumor/Tr-no_690.jpg,Testing,Training,notumor,notumor,0,0,True,False
Testing/notumor/Te-no_11.jpg,Training/notumor/Tr-no_23.jpg,Testing,Training,notumor,notumor,4,0,True,False
Testing/notumor/Te-no_11.jpg,Training/notumor/Tr-no_234.jpg,Testing,Training,notumor,notumor,0,0,True,False
Testing/notumor/Te-no_11.jpg,Training/notumor/Tr-no_488.jpg,Testing,Training,notumor,notumor,0,0,True,False
Testing/notumor/Te-no_11.jpg,Training/notumor/Tr-no_955.jpg,Testing,Training,notumor,notumor,2,0,True,False
Testing/notumor/Te-no_11.jpg,Training/notumor/Tr-no_735.jpg,Testing,Training,notumor,notumor,0,0,True,False
Testing/notumor/Te-no_11.jpg,Training/notumor/Tr-no_1304.jpg,Testing,Training,notumor,notumor,4,0,True,False
Testing/notumor/Te-no_11.jpg,Training/notumor/Tr-no_74.jpg,Testing,Training,notumor,notumor,0,0,True,False
Testing/notumor/Te-no_11.jpg,Training/notumor/Tr-no_514.jpg,Testing,Training,notumor,notumor,0,0,True,False
Testing/notumor/Te-no_11.jpg,Training/notumor/Tr-no_1083.jpg,Testing,Training,notumor,notumor,4,0,True,False
Testing/notumor/Te-no_11.jpg,Training/notumor/Tr-no_781.jpg,Testing,Training,notumor,notumor,2,0,True,False
Testing/notumor/Te-no_11.jpg,Training/notumor/Tr-no_559.jpg,Testing,Training,notumor,notumor,2,0,True,False
Testing/notumor/Te-no_11.jpg,Training/notumor/Tr-no_113.jpg,Testing,Training,notumor,notumor,4,0,True,False
Testing/notumor/Te-no_11.jpg,Training/notumor/Tr-no_331.jpg,Testing,Training,notumor,notumor,2,0,True,False
Testing/notumor/Te-no_11.jpg,Training/notumor/Tr-no_1371.jpg,Testing,Training,notumor,notumor,0,0,True,False
Testing/notumor/Te-no_11.jpg,Training/notumor/Tr-no_1375.jpg,Testing,Training,notumor,notumor,0,0,True,False
Testing/notumor/Te-no_11.jpg,Training/notumor/Tr-no_586.jpg,Testing,Training,notumor,notumor,2,0,True,False
Testing/notumor/Te-no_11.jpg,Training/notumor/Tr-no_1392.jpg,Testing,Training,notumor,notumor,2,0,True,False
Testing/notumor/Te-no_11.jpg,Training/notumor/Tr-no_595.jpg,Testing,Training,notumor,notumor,0,0,True,False
Testing/notumor/Te-no_11.jpg,Training/notumor/Tr-no_1163.jpg,Testing,Training,notumor,notumor,2,0,True,False
Testing/notumor/Te-no_11.jpg,Training/notumor/Tr-no_597.jpg,Testing,Training,notumor,notumor,0,0,True,False
Testing/notumor/Te-no_11.jpg,Training/notumor/Tr-no_37.jpg,Testing,Training,notumor,notumor,0,0,True,False
Testing/notumor/Te-no_11.jpg,Training/notumor/Tr-no_1170.jpg,Testing,Training,notumor,notumor,2,0,True,False
Testing/notumor/Te-no_11.jpg,Training/notumor/Tr-no_152.jpg,Testing,Training,notumor,notumor,4,0,True,False
Testing/notumor/Te-no_110.jpg,Training/notumor/Tr-no_621.jpg,Testing,Training,notumor,notumor,0,0,True,False
Testing/notumor/Te-no_110.jpg,Training/notumor/Tr-no_1136.jpg,Testing,Training,notumor,notumor,0,0,True,False
Testing/notumor/Te-no_110.jpg,Training/notumor/Tr-no_480.jpg,Testing,Training,notumor,notumor,0,0,True,False
Testing/notumor/Te-no_110.jpg,Training/notumor/Tr-no_835.jpg,Testing,Training,notumor,notumor,0,0,True,False
Testing/notumor/Te-no_110.jpg,Training/notumor/Tr-no_548.jpg,Testing,Training,notumor,notumor,4,0,True,False
Testing/notumor/Te-no_111.jpg,Training/notumor/Tr-no_392.jpg,Testing,Training,notumor,notumor,0,0,True,False
Testing/notumor/Te-no_111.jpg,Training/notumor/Tr-no_177.jpg,Testing,Training,notumor,notumor,0,0,True,False
Testing/notumor/Te-no_111.jpg,Training/notumor/Tr-no_652.jpg,Testing,Training,notumor,notumor,0,0,True,False
Testing/notumor/Te-no_111.jpg,Training/notumor/Tr-no_194.jpg,Testing,Training,notumor,notumor,0,0,True,False
Testing/notumor/Te-no_111.jpg,Training/notumor/Tr-no_888.jpg,Testing,Training,notumor,notumor,0,0,True,False
Testing/notumor/Te-no_111.jpg,Training/notumor/Tr-no_904.jpg,Testing,Training,notumor,notumor,0,0,True,False
Testing/notumor/Te-no_111.jpg,Training/notumor/Tr-no_219.jpg,Testing,Training,notumor,notumor,0,0,True,False
Testing/notumor/Te-no_111.jpg,Training/notumor/Tr-no_566.jpg,Testing,Training,notumor,notumor,0,0,True,False
Testing/notumor/Te-no_111.jpg,Training/notumor/Tr-no_1142.jpg,Testing,Training,notumor,notumor,0,0,True,False
Testing/notumor/Te-no_111.jpg,Training/notumor/Tr-no_1277.jpg,Testing,Training,notumor,notumor,0,0,True,False
Testing/notumor/Te-no_111.jpg,Training/notumor/Tr-no_385.jpg,Testing,Training,notumor,notumor,0,0,True,False
Testing/notumor/Te-no_112.jpg,Training/notumor/Tr-no_1215.jpg,Testing,Training,notumor,notumor,0,0,True,False
Testing/notumor/Te-no_112.jpg,Training/notumor/Tr-no_1107.jpg,Testing,Training,notumor,notumor,0,0,True,False
Testing/notumor/Te-no_112.jpg,Training/notumor/Tr-no_1229.jpg,Testing,Training,notumor,notumor,0,0,True,False
Testing/notumor/Te-no_112.jpg,Training/notumor/Tr-no_1117.jpg,Testing,Training,notumor,notumor,0,0,True,False
Testing/notumor/Te-no_112.jpg,Training/notumor/Tr-no_789.jpg,Testing,Training,notumor,notumor,0,0,True,False
Testing/notumor/Te-no_112.jpg,Training/notumor/Tr-no_1018.jpg,Testing,Training,notumor,notumor,0,0,True,False
Testing/notumor/Te-no_112.jpg,Training/notumor/Tr-no_717.jpg,Testing,Training,notumor,notumor,0,0,True,False
Testing/notumor/Te-no_112.jpg,Training/notumor/Tr-no_604.jpg,Testing,Training,notumor,notumor,0,0,True,False
Testing/notumor/Te-no_112.jpg,Training/notumor/Tr-no_262.jpg,Testing,Training,notumor,notumor,0,0,True,False
Testing/notumor/Te-no_113.jpg,Training/notumor/Tr-no_46.jpg,Testing,Training,notumor,notumor,0,0,True,False
Testing/notumor/Te-no_113.jpg,Training/notumor/Tr-no_5.jpg,Testing,Training,notumor,notumor,2,0,True,False
Testing/notumor/Te-no_113.jpg,Training/notumor/Tr-no_611.jpg,Testing,Training,notumor,notumor,0,0,True,False
Testing/notumor/Te-no_113.jpg,Training/notumor/Tr-no_1027.jpg,Testing,Training,notumor,notumor,0,0,True,False
Testing/notumor/Te-no_113.jpg,Training/notumor/Tr-no_693.jpg,Testing,Training,notumor,notumor,2,0,True,False
Testing/notumor/Te-no_113.jpg,Training/notumor/Tr-no_709.jpg,Testing,Training,notumor,notumor,2,0,True,False
Testing/notumor/Te-no_113.jpg,Training/notumor/Tr-no_1060.jpg,Testing,Training,notumor,notumor,2,0,True,False
Testing/notumor/Te-no_113.jpg,Training/notumor/Tr-no_1062.jpg,Testing,Training,notumor,notumor,2,0,True,False
Testing/notumor/Te-no_113.jpg,Training/notumor/Tr-no_1071.jpg,Testing,Training,notumor,notumor,2,0,True,False
Testing/notumor/Te-no_113.jpg,Training/notumor/Tr-no_109.jpg,Testing,Training,notumor,notumor,2,0,True,False
Testing/notumor/Te-no_113.jpg,Training/notumor/Tr-no_1102.jpg,Testing,Training,notumor,notumor,0,0,True,False
Testing/notumor/Te-no_113.jpg,Training/notumor/Tr-no_1124.jpg,Testing,Training,notumor,notumor,2,0,True,False
Testing/notumor/Te-no_113.jpg,Training/notumor/Tr-no_1138.jpg,Testing,Training,notumor,notumor,0,0,True,False
Testing/notumor/Te-no_113.jpg,Training/notumor/Tr-no_82.jpg,Testing,Training,notumor,notumor,2,0,True,False
Testing/notumor/Te-no_113.jpg,Training/notumor/Tr-no_1183.jpg,Testing,Training,notumor,notumor,2,0,True,False
Testing/notumor/Te-no_113.jpg,Training/notumor/Tr-no_1252.jpg,Testing,Training,notumor,notumor,0,0,True,False
Testing/notumor/Te-no_113.jpg,Training/notumor/Tr-no_1257.jpg,Testing,Training,notumor,notumor,2,0,True,False
Testing/notumor/Te-no_113.jpg,Training/notumor/Tr-no_169.jpg,Testing,Training,notumor,notumor,8,0,True,False
Testing/notumor/Te-no_113.jpg,Training/notumor/Tr-no_203.jpg,Testing,Training,notumor,notumor,0,0,True,False
Testing/notumor/Te-no_113.jpg,Training/notumor/Tr-no_21.jpg,Testing,Training,notumor,notumor,2,0,True,False
Testing/notumor/Te-no_113.jpg,Training/notumor/Tr-no_224.jpg,Testing,Training,notumor,notumor,2,0,True,False
Testing/notumor/Te-no_113.jpg,Training/notumor/Tr-no_232.jpg,Testing,Training,notumor,notumor,2,0,True,False
Testing/notumor/Te-no_113.jpg,Training/notumor/Tr-no_241.jpg,Testing,Training,notumor,notumor,0,0,True,False
Testing/notumor/Te-no_113.jpg,Training/notumor/Tr-no_249.jpg,Testing,Training,notumor,notumor,2,0,True,False
Testing/notumor/Te-no_113.jpg,Training/notumor/Tr-no_251.jpg,Testing,Training,notumor,notumor,2,0,True,False
Testing/notumor/Te-no_113.jpg,Training/notumor/Tr-no_267.jpg,Testing,Training,notumor,notumor,0,0,True,False
Testing/notumor/Te-no_113.jpg,Training/notumor/Tr-no_29.jpg,Testing,Training,notumor,notumor,2,0,True,False
Testing/notumor/Te-no_113.jpg,Training/notumor/Tr-no_322.jpg,Testing,Training,notumor,notumor,2,0,True,False
Testing/notumor/Te-no_113.jpg,Training/notumor/Tr-no_339.jpg,Testing,Training,notumor,notumor,2,0,True,False
Testing/notumor/Te-no_113.jpg,Training/notumor/Tr-no_351.jpg,Testing,Training,notumor,notumor,8,0,True,False
Testing/notumor/Te-no_113.jpg,Training/notumor/Tr-no_371.jpg,Testing,Training,notumor,notumor,2,0,True,False
Testing/notumor/Te-no_114.jpg,Training/notumor/Tr-no_504.jpg,Testing,Training,notumor,notumor,0,0,True,False
Testing/notumor/Te-no_114.jpg,Training/notumor/Tr-no_223.jpg,Testing,Training,notumor,notumor,0,0,True,False
Testing/notumor/Te-no_114.jpg,Training/notumor/Tr-no_811.jpg,Testing,Training,notumor,notumor,0,0,True,False
Testing/notumor/Te-no_114.jpg,Training/notumor/Tr-no_585.jpg,Testing,Training,notumor,notumor,0,0,True,False
Testing/notumor/Te-no_114.jpg,Training/notumor/Tr-no_1276.jpg,Testing,Training,notumor,notumor,0,0,True,False
Testing/notumor/Te-no_114.jpg,Training/notumor/Tr-no_1103.jpg,Testing,Training,notumor,notumor,0,0,True,False
Testing/notumor/Te-no_114.jpg,Training/notumor/Tr-no_1052.jpg,Testing,Training,notumor,notumor,0,0,True,False
Testing/notumor/Te-no_114.jpg,Training/notumor/Tr-no_948.jpg,Testing,Training,notumor,notumor,0,0,True,False
Testing/notumor/Te-no_115.jpg,Training/notumor/Tr-no_742.jpg,Testing,Training,notumor,notumor,0,2,True,False
Testing/notumor/Te-no_115.jpg,Training/notumor/Tr-no_517.jpg,Testing,Training,notumor,notumor,0,2,True,False
Testing/notumor/Te-no_115.jpg,Training/notumor/Tr-no_293.jpg,Testing,Training,notumor,notumor,0,0,True,False
Testing/notumor/Te-no_115.jpg,Training/notumor/Tr-no_762.jpg,Testing,Training,notumor,notumor,0,0,True,False
Testing/notumor/Te-no_115.jpg,Training/notumor/Tr-no_885.jpg,Testing,Training,notumor,notumor,0,0,True,False
Testing/notumor/Te-no_115.jpg,Training/notumor/Tr-no_311.jpg,Testing,Training,notumor,notumor,0,2,True,False
Testing/notumor/Te-no_115.jpg,Training/notumor/Tr-no_1123.jpg,Testing,Training,notumor,notumor,0,2,True,False
Testing/notumor/Te-no_115.jpg,Training/notumor/Tr-no_324.jpg,Testing,Training,notumor,notumor,0,2,True,False
Testing/notumor/Te-no_115.jpg,Training/notumor/Tr-no_903.jpg,Testing,Training,notumor,notumor,0,0,True,False
Testing/notumor/Te-no_115.jpg,Training/notumor/Tr-no_570.jpg,Testing,Training,notumor,notumor,0,2,True,False
Testing/notumor/Te-no_115.jpg,Training/notumor/Tr-no_1372.jpg,Testing,Training,notumor,notumor,0,0,True,False
Testing/notumor/Te-no_115.jpg,Training/notumor/Tr-no_703.jpg,Testing,Training,notumor,notumor,0,0,True,False
Testing/notumor/Te-no_115.jpg,Training/notumor/Tr-no_827.jpg,Testing,Training,notumor,notumor,0,0,True,False
Testing/notumor/Te-no_115.jpg,Training/notumor/Tr-no_60.jpg,Testing,Training,notumor,notumor,0,0,True,False
Testing/notumor/Te-no_115.jpg,Training/notumor/Tr-no_259.jpg,Testing,Training,notumor,notumor,0,2,True,False
Testing/notumor/Te-no_115.jpg,Training/notumor/Tr-no_149.jpg,Testing,Training,notumor,notumor,0,1,True,False
Testing/notumor/Te-no_115.jpg,Training/notumor/Tr-no_1064.jpg,Testing,Training,notumor,notumor,0,0,True,False
Testing/notumor/Te-no_116.jpg,Training/notumor/Tr-no_448.jpg,Testing,Training,notumor,notumor,0,0,True,False
Testing/notumor/Te-no_116.jpg,Training/notumor/Tr-no_910.jpg,Testing,Training,notumor,notumor,0,0,True,False
Testing/notumor/Te-no_116.jpg,Training/notumor/Tr-no_280.jpg,Testing,Training,notumor,notumor,0,0,True,False
Testing/notumor/Te-no_116.jpg,Training/notumor/Tr-no_281.jpg,Testing,Training,notumor,notumor,0,0,True,False
Testing/notumor/Te-no_116.jpg,Training/notumor/Tr-no_1100.jpg,Testing,Training,notumor,notumor,0,0,True,False
Testing/notumor/Te-no_116.jpg,Training/notumor/Tr-no_360.jpg,Testing,Training,notumor,notumor,0,0,True,False
Testing/notumor/Te-no_116.jpg,Training/notumor/Tr-no_42.jpg,Testing,Training,notumor,notumor,0,0,True,False
Testing/notumor/Te-no_116.jpg,Training/notumor/Tr-no_1165.jpg,Testing,Training,notumor,notumor,0,0,True,False
Testing/notumor/Te-no_116.jpg,Training/notumor/Tr-no_774.jpg,Testing,Training,notumor,notumor,0,0,True,False
Testing/notumor/Te-no_116.jpg,Training/notumor/Tr-no_1290.jpg,Testing,Training,notumor,notumor,0,0,True,False
Testing/notumor/Te-no_116.jpg,Training/notumor/Tr-no_207.jpg,Testing,Training,notumor,notumor,0,0,True,False
Testing/notumor/Te-no_116.jpg,Training/notumor/Tr-no_440.jpg,Testing,Training,notumor,notumor,4,0,True,False
Testing/notumor/Te-no_116.jpg,Training/notumor/Tr-no_962.jpg,Testing,Training,notumor,notumor,0,0,True,False
Testing/notumor/Te-no_117.jpg,Training/notumor/Tr-no_461.jpg,Testing,Training,notumor,notumor,0,0,True,False
Testing/notumor/Te-no_117.jpg,Training/notumor/Tr-no_820.jpg,Testing,Training,notumor,notumor,0,0,True,False
Testing/notumor/Te-no_117.jpg,Training/notumor/Tr-no_1286.jpg,Testing,Training,notumor,notumor,0,0,True,False
Testing/notumor/Te-no_117.jpg,Training/notumor/Tr-no_95.jpg,Testing,Training,notumor,notumor,0,2,True,False
Testing/notumor/Te-no_117.jpg,Training/notumor/Tr-no_72.jpg,Testing,Training,notumor,notumor,0,0,True,False
Testing/notumor/Te-no_117.jpg,Training/notumor/Tr-no_201.jpg,Testing,Training,notumor,notumor,0,2,True,False
Testing/notumor/Te-no_117.jpg,Training/notumor/Tr-no_32.jpg,Testing,Training,notumor,notumor,0,2,True,False
Testing/notumor/Te-no_117.jpg,Training/notumor/Tr-no_495.jpg,Testing,Training,notumor,notumor,0,0,True,False
Testing/notumor/Te-no_118.jpg,Training/notumor/Tr-no_16.jpg,Testing,Training,notumor,notumor,0,0,True,False
Testing/notumor/Te-no_118.jpg,Training/notumor/Tr-no_1076.jpg,Testing,Training,notumor,notumor,0,0,True,False
Testing/notumor/Te-no_118.jpg,Training/notumor/Tr-no_497.jpg,Testing,Training,notumor,notumor,0,0,True,False
Testing/notumor/Te-no_118.jpg,Training/notumor/Tr-no_1078.jpg,Testing,Training,notumor,notumor,0,0,True,False
Testing/notumor/Te-no_118.jpg,Training/notumor/Tr-no_624.jpg,Testing,Training,notumor,notumor,4,0,True,False
Testing/notumor/Te-no_118.jpg,Training/notumor/Tr-no_1202.jpg,Testing,Training,notumor,notumor,0,0,True,False
Testing/notumor/Te-no_118.jpg,Training/notumor/Tr-no_521.jpg,Testing,Training,notumor,notumor,0,0,True,False
Testing/notumor/Te-no_118.jpg,Training/notumor/Tr-no_529.jpg,Testing,Training,notumor,notumor,4,0,True,False
Testing/notumor/Te-no_118.jpg,Training/notumor/Tr-no_53.jpg,Testing,Training,notumor,notumor,0,0,True,False
Testing/notumor/Te-no_118.jpg,Training/notumor/Tr-no_883.jpg,Testing,Training,notumor,notumor,4,0,True,False
Testing/notumor/Te-no_118.jpg,Training/notumor/Tr-no_424.jpg,Testing,Training,notumor,notumor,0,0,True,False
Testing/notumor/Te-no_118.jpg,Training/notumor/Tr-no_773.jpg,Testing,Training,notumor,notumor,0,0,True,False
Testing/notumor/Te-no_118.jpg,Training/notumor/Tr-no_89.jpg,Testing,Training,notumor,notumor,4,0,True,False
Testing/notumor/Te-no_118.jpg,Training/notumor/Tr-no_66.jpg,Testing,Training,notumor,notumor,0,0,True,False
Testing/notumor/Te-no_118.jpg,Training/notumor/Tr-no_776.jpg,Testing,Training,notumor,notumor,4,0,True,False
Testing/notumor/Te-no_118.jpg,Training/notumor/Tr-no_780.jpg,Testing,Training,notumor,notumor,0,0,True,False
Testing/notumor/Te-no_118.jpg,Training/notumor/Tr-no_1241.jpg,Testing,Training,notumor,notumor,4,0,True,False
Testing/notumor/Te-no_118.jpg,Training/notumor/Tr-no_213.jpg,Testing,Training,notumor,notumor,0,0,True,False
Testing/notumor/Te-no_118.jpg,Training/notumor/Tr-no_1370.jpg,Testing,Training,notumor,notumor,0,0,True,False
Testing/notumor/Te-no_118.jpg,Training/notumor/Tr-no_35.jpg,Testing,Training,notumor,notumor,0,0,True,False
Testing/notumor/Te-no_118.jpg,Training/notumor/Tr-no_583.jpg,Testing,Training,notumor,notumor,0,0,True,False
Testing/notumor/Te-no_118.jpg,Training/notumor/Tr-no_1161.jpg,Testing,Training,notumor,notumor,4,0,True,False
Testing/notumor/Te-no_118.jpg,Training/notumor/Tr-no_1053.jpg,Testing,Training,notumor,notumor,0,0,True,False
Testing/notumor/Te-no_118.jpg,Training/notumor/Tr-no_254.jpg,Testing,Training,notumor,notumor,0,0,True,False
Testing/notumor/Te-no_118.jpg,Training/notumor/Tr-no_1174.jpg,Testing,Training,notumor,notumor,4,0,True,False
Testing/notumor/Te-no_118.jpg,Training/notumor/Tr-no_1299.jpg,Testing,Training,notumor,notumor,0,0,True,False
Testing/notumor/Te-no_119.jpg,Training/notumor/Tr-no_409.jpg,Testing,Training,notumor,notumor,0,0,True,False
Testing/notumor/Te-no_119.jpg,Training/notumor/Tr-no_122.jpg,Testing,Training,notumor,notumor,0,0,True,False
Testing/notumor/Te-no_119.jpg,Training/notumor/Tr-no_422.jpg,Testing,Training,notumor,notumor,0,0,True,False
Testing/notumor/Te-no_119.jpg,Training/notumor/Tr-no_1224.jpg,Testing,Training,notumor,notumor,0,0,True,False
Testing/notumor/Te-no_119.jpg,Training/notumor/Tr-no_1341.jpg,Testing,Training,notumor,notumor,0,0,True,False
Testing/notumor/Te-no_119.jpg,Training/notumor/Tr-no_1118.jpg,Testing,Training,notumor,notumor,0,0,True,False
Testing/notumor/Te-no_119.jpg,Training/notumor/Tr-no_1349.jpg,Testing,Training,notumor,notumor,0,0,True,False
Testing/notumor/Te-no_119.jpg,Training/notumor/Tr-no_443.jpg,Testing,Training,notumor,notumor,0,0,True,False
Testing/notumor/Te-no_119.jpg,Training/notumor/Tr-no_1368.jpg,Testing,Training,notumor,notumor,0,0,True,False
Testing/notumor/Te-no_119.jpg,Training/notumor/Tr-no_80.jpg,Testing,Training,notumor,notumor,0,0,True,False
Testing/notumor/Te-no_119.jpg,Training/notumor/Tr-no_1146.jpg,Testing,Training,notumor,notumor,0,0,True,False
Testing/notumor/Te-no_119.jpg,Training/notumor/Tr-no_236.jpg,Testing,Training,notumor,notumor,0,0,True,False
Testing/notumor/Te-no_119.jpg,Training/notumor/Tr-no_352.jpg,Testing,Training,notumor,notumor,0,0,True,False
Testing/notumor/Te-no_119.jpg,Training/notumor/Tr-no_1038.jpg,Testing,Training,notumor,notumor,0,0,True,False
Testing/notumor/Te-no_119.jpg,Training/notumor/Tr-no_127.jpg,Testing,Training,notumor,notumor,0,0,True,False
Testing/notumor/Te-no_119.jpg,Training/notumor/Tr-no_369.jpg,Testing,Training,notumor,notumor,0,1,True,False
Testing/notumor/Te-no_119.jpg,Training/notumor/Tr-no_603.jpg,Testing,Training,notumor,notumor,0,1,True,False
Testing/notumor/Te-no_12.jpg,Training/notumor/Tr-no_504.jpg,Testing,Training,notumor,notumor,0,0,True,False
Testing/notumor/Te-no_12.jpg,Training/notumor/Tr-no_223.jpg,Testing,Training,notumor,notumor,0,0,True,False
Testing/notumor/Te-no_12.jpg,Training/notumor/Tr-no_811.jpg,Testing,Training,notumor,notumor,0,0,True,False
Testing/notumor/Te-no_12.jpg,Training/notumor/Tr-no_585.jpg,Testing,Training,notumor,notumor,0,0,True,False
Testing/notumor/Te-no_12.jpg,Training/notumor/Tr-no_1276.jpg,Testing,Training,notumor,notumor,0,0,True,False
Testing/notumor/Te-no_12.jpg,Training/notumor/Tr-no_1103.jpg,Testing,Training,notumor,notumor,0,0,True,False
Testing/notumor/Te-no_12.jpg,Training/notumor/Tr-no_1052.jpg,Testing,Training,notumor,notumor,0,0,True,False
Testing/notumor/Te-no_12.jpg,Training/notumor/Tr-no_948.jpg,Testing,Training,notumor,notumor,0,0,True,False
Testing/notumor/Te-no_120.jpg,Training/notumor/Tr-no_1081.jpg,Testing,Training,notumor,notumor,0,0,True,False
Testing/notumor/Te-no_120.jpg,Training/notumor/Tr-no_528.jpg,Testing,Training,notumor,notumor,0,0,True,False
Testing/notumor/Te-no_120.jpg,Training/notumor/Tr-no_1328.jpg,Testing,Training,notumor,notumor,0,0,True,False
Testing/notumor/Te-no_120.jpg,Training/notumor/Tr-no_645.jpg,Testing,Training,notumor,notumor,0,0,True,False
Testing/notumor/Te-no_120.jpg,Training/notumor/Tr-no_1112.jpg,Testing,Training,notumor,notumor,0,0,True,False
Testing/notumor/Te-no_120.jpg,Training/notumor/Tr-no_1113.jpg,Testing,Training,notumor,notumor,0,0,True,False
Testing/notumor/Te-no_120.jpg,Training/notumor/Tr-no_200.jpg,Testing,Training,notumor,notumor,0,0,True,False
Testing/notumor/Te-no_120.jpg,Training/notumor/Tr-no_778.jpg,Testing,Training,notumor,notumor,0,0,True,False
Testing/notumor/Te-no_120.jpg,Training/notumor/Tr-no_437.jpg,Testing,Training,notumor,notumor,0,0,True,False
Testing/notumor/Te-no_120.jpg,Training/notumor/Tr-no_554.jpg,Testing,Training,notumor,notumor,0,0,True,False
Testing/notumor/Te-no_120.jpg,Training/notumor/Tr-no_791.jpg,Testing,Training,notumor,notumor,0,0,True,False
Testing/notumor/Te-no_120.jpg,Training/notumor/Tr-no_1246.jpg,Testing,Training,notumor,notumor,0,0,True,False
Testing/notumor/Te-no_120.jpg,Training/notumor/Tr-no_1259.jpg,Testing,Training,notumor,notumor,0,0,True,False
Testing/notumor/Te-no_120.jpg,Training/notumor/Tr-no_928.jpg,Testing,Training,notumor,notumor,0,0,True,False
Testing/notumor/Te-no_120.jpg,Training/notumor/Tr-no_473.jpg,Testing,Training,notumor,notumor,0,0,True,False
Testing/notumor/Te-no_120.jpg,Training/notumor/Tr-no_1287.jpg,Testing,Training,notumor,notumor,2,0,True,False
Testing/notumor/Te-no_121.jpg,Training/notumor/Tr-no_832.jpg,Testing,Training,notumor,notumor,0,0,True,False
Testing/notumor/Te-no_122.jpg,Training/notumor/Tr-no_1302.jpg,Testing,Training,notumor,notumor,2,0,True,False
Testing/notumor/Te-no_122.jpg,Training/notumor/Tr-no_909.jpg,Testing,Training,notumor,notumor,2,0,True,False
Testing/notumor/Te-no_122.jpg,Training/notumor/Tr-no_683.jpg,Testing,Training,notumor,notumor,2,0,True,False
Testing/notumor/Te-no_122.jpg,Training/notumor/Tr-no_975.jpg,Testing,Training,notumor,notumor,2,0,True,False
Testing/notumor/Te-no_122.jpg,Training/notumor/Tr-no_341.jpg,Testing,Training,notumor,notumor,2,0,True,False
Testing/notumor/Te-no_122.jpg,Training/notumor/Tr-no_821.jpg,Testing,Training,notumor,notumor,2,0,True,False
Testing/notumor/Te-no_122.jpg,Training/notumor/Tr-no_6.jpg,Testing,Training,notumor,notumor,0,0,True,False
Testing/notumor/Te-no_122.jpg,Training/notumor/Tr-no_373.jpg,Testing,Training,notumor,notumor,0,0,True,False
Testing/notumor/Te-no_122.jpg,Training/notumor/Tr-no_893.jpg,Testing,Training,notumor,notumor,0,0,True,False
Testing/notumor/Te-no_122.jpg,Training/notumor/Tr-no_1175.jpg,Testing,Training,notumor,notumor,0,0,True,False
Testing/notumor/Te-no_122.jpg,Training/notumor/Tr-no_895.jpg,Testing,Training,notumor,notumor,2,0,True,False
Testing/notumor/Te-no_122.jpg,Training/notumor/Tr-no_79.jpg,Testing,Training,notumor,notumor,2,0,True,False
Testing/notumor/Te-no_123.jpg,Training/notumor/Tr-no_1215.jpg,Testing,Training,notumor,notumor,0,0,True,False
Testing/notumor/Te-no_123.jpg,Training/notumor/Tr-no_1107.jpg,Testing,Training,notumor,notumor,0,0,True,False
Testing/notumor/Te-no_123.jpg,Training/notumor/Tr-no_1229.jpg,Testing,Training,notumor,notumor,0,0,True,False
Testing/notumor/Te-no_123.jpg,Training/notumor/Tr-no_1117.jpg,Testing,Training,notumor,notumor,0,0,True,False
Testing/notumor/Te-no_123.jpg,Training/notumor/Tr-no_789.jpg,Testing,Training,notumor,notumor,0,0,True,False
Testing/notumor/Te-no_123.jpg,Training/notumor/Tr-no_1018.jpg,Testing,Training,notumor,notumor,0,0,True,False
Testing/notumor/Te-no_123.jpg,Training/notumor/Tr-no_717.jpg,Testing,Training,notumor,notumor,0,0,True,False
Testing/notumor/Te-no_123.jpg,Training/notumor/Tr-no_604.jpg,Testing,Training,notumor,notumor,0,0,True,False
Testing/notumor/Te-no_123.jpg,Training/notumor/Tr-no_262.jpg,Testing,Training,notumor,notumor,0,0,True,False
Testing/notumor/Te-no_124.jpg,Training/notumor/Tr-no_1203.jpg,Testing,Training,notumor,notumor,0,0,True,False
Testing/notumor/Te-no_124.jpg,Training/notumor/Tr-no_347.jpg,Testing,Training,notumor,notumor,0,0,True,False
Testing/notumor/Te-no_124.jpg,Training/notumor/Tr-no_365.jpg,Testing,Training,notumor,notumor,0,0,True,False
Testing/notumor/Te-no_124.jpg,Training/notumor/Tr-no_429.jpg,Testing,Training,notumor,notumor,0,0,True,False
Testing/notumor/Te-no_124.jpg,Training/notumor/Tr-no_725.jpg,Testing,Training,notumor,notumor,0,0,True,False
Testing/notumor/Te-no_124.jpg,Training/notumor/Tr-no_154.jpg,Testing,Training,notumor,notumor,0,0,True,False
Testing/notumor/Te-no_124.jpg,Training/notumor/Tr-no_386.jpg,Testing,Training,notumor,notumor,0,0,True,False
Testing/notumor/Te-no_125.jpg,Training/notumor/Tr-no_622.jpg,Testing,Training,notumor,notumor,0,1,True,False
Testing/notumor/Te-no_125.jpg,Training/notumor/Tr-no_184.jpg,Testing,Training,notumor,notumor,0,0,True,False
Testing/notumor/Te-no_125.jpg,Training/notumor/Tr-no_1222.jpg,Testing,Training,notumor,notumor,0,0,True,False
Testing/notumor/Te-no_125.jpg,Training/notumor/Tr-no_199.jpg,Testing,Training,notumor,notumor,0,0,True,False
Testing/notumor/Te-no_125.jpg,Training/notumor/Tr-no_211.jpg,Testing,Training,notumor,notumor,0,0,True,False
Testing/notumor/Te-no_125.jpg,Training/notumor/Tr-no_675.jpg,Testing,Training,notumor,notumor,0,0,True,False
Testing/notumor/Te-no_125.jpg,Training/notumor/Tr-no_1256.jpg,Testing,Training,notumor,notumor,0,1,True,False
Testing/notumor/Te-no_125.jpg,Training/notumor/Tr-no_1029.jpg,Testing,Training,notumor,notumor,0,0,True,False
Testing/notumor/Te-no_125.jpg,Training/notumor/Tr-no_1035.jpg,Testing,Training,notumor,notumor,0,0,True,False
Testing/notumor/Te-no_125.jpg,Training/notumor/Tr-no_1039.jpg,Testing,Training,notumor,notumor,0,0,True,False
Testing/notumor/Te-no_125.jpg,Training/notumor/Tr-no_936.jpg,Testing,Training,notumor,notumor,0,1,True,False
Testing/notumor/Te-no_125.jpg,Training/notumor/Tr-no_476.jpg,Testing,Training,notumor,notumor,0,2,True,False
Testing/notumor/Te-no_125.jpg,Training/notumor/Tr-no_1050.jpg,Testing,Training,notumor,notumor,0,0,True,False
Testing/notumor/Te-no_125.jpg,Training/notumor/Tr-no_1051.jpg,Testing,Training,notumor,notumor,0,0,True,False
Testing/notumor/Te-no_125.jpg,Training/notumor/Tr-no_253.jpg,Testing,Training,notumor,notumor,0,0,True,False
Testing/notumor/Te-no_125.jpg,Training/notumor/Tr-no_715.jpg,Testing,Training,notumor,notumor,0,0,True,False
Testing/notumor/Te-no_125.jpg,Training/notumor/Tr-no_1066.jpg,Testing,Training,notumor,notumor,0,0,True,False
Testing/notumor/Te-no_125.jpg,Training/notumor/Tr-no_270.jpg,Testing,Training,notumor,notumor,0,0,True,False
Testing/notumor/Te-no_125.jpg,Training/notumor/Tr-no_272.jpg,Testing,Training,notumor,notumor,0,0,True,False
Testing/notumor/Te-no_125.jpg,Training/notumor/Tr-no_1315.jpg,Testing,Training,notumor,notumor,0,0,True,False
Testing/notumor/Te-no_125.jpg,Training/notumor/Tr-no_1086.jpg,Testing,Training,notumor,notumor,0,0,True,False
Testing/notumor/Te-no_125.jpg,Training/notumor/Tr-no_1091.jpg,Testing,Training,notumor,notumor,0,0,True,False
Testing/notumor/Te-no_125.jpg,Training/notumor/Tr-no_538.jpg,Testing,Training,notumor,notumor,0,0,True,False
Testing/notumor/Te-no_125.jpg,Training/notumor/Tr-no_320.jpg,Testing,Training,notumor,notumor,0,0,True,False
Testing/notumor/Te-no_125.jpg,Training/notumor/Tr-no_330.jpg,Testing,Training,notumor,notumor,0,0,True,False
Testing/notumor/Te-no_125.jpg,Training/notumor/Tr-no_794.jpg,Testing,Training,notumor,notumor,0,0,True,False
Testing/notumor/Te-no_125.jpg,Training/notumor/Tr-no_797.jpg,Testing,Training,notumor,notumor,0,0,True,False
Testing/notumor/Te-no_125.jpg,Training/notumor/Tr-no_1151.jpg,Testing,Training,notumor,notumor,0,0,True,False
Testing/notumor/Te-no_125.jpg,Training/notumor/Tr-no_1385.jpg,Testing,Training,notumor,notumor,0,0,True,False
Testing/notumor/Te-no_125.jpg,Training/notumor/Tr-no_1158.jpg,Testing,Training,notumor,notumor,0,0,True,False
Testing/notumor/Te-no_125.jpg,Training/notumor/Tr-no_600.jpg,Testing,Training,notumor,notumor,0,0,True,False
Testing/notumor/Te-no_126.jpg,Training/notumor/Tr-no_623.jpg,Testing,Training,notumor,notumor,0,0,True,False
Testing/notumor/Te-no_126.jpg,Training/notumor/Tr-no_1198.jpg,Testing,Training,notumor,notumor,0,0,True,False
Testing/notumor/Te-no_126.jpg,Training/notumor/Tr-no_526.jpg,Testing,Training,notumor,notumor,0,0,True,False
Testing/notumor/Te-no_126.jpg,Training/notumor/Tr-no_10.jpg,Testing,Training,notumor,notumor,0,0,True,False
Testing/notumor/Te-no_126.jpg,Training/notumor/Tr-no_671.jpg,Testing,Training,notumor,notumor,0,0,True,False
Testing/notumor/Te-no_126.jpg,Training/notumor/Tr-no_221.jpg,Testing,Training,notumor,notumor,0,0,True,False
Testing/notumor/Te-no_126.jpg,Training/notumor/Tr-no_1139.jpg,Testing,Training,notumor,notumor,0,0,True,False
Testing/notumor/Te-no_126.jpg,Training/notumor/Tr-no_800.jpg,Testing,Training,notumor,notumor,0,0,True,False
Testing/notumor/Te-no_126.jpg,Training/notumor/Tr-no_601.jpg,Testing,Training,notumor,notumor,8,0,True,False
Testing/notumor/Te-no_126.jpg,Training/notumor/Tr-no_377.jpg,Testing,Training,notumor,notumor,0,0,True,False
Testing/notumor/Te-no_126.jpg,Training/notumor/Tr-no_381.jpg,Testing,Training,notumor,notumor,0,0,True,False
Testing/notumor/Te-no_127.jpg,Training/notumor/Tr-no_504.jpg,Testing,Training,notumor,notumor,0,0,True,False
Testing/notumor/Te-no_127.jpg,Training/notumor/Tr-no_223.jpg,Testing,Training,notumor,notumor,0,0,True,False
Testing/notumor/Te-no_127.jpg,Training/notumor/Tr-no_811.jpg,Testing,Training,notumor,notumor,0,0,True,False
Testing/notumor/Te-no_127.jpg,Training/notumor/Tr-no_585.jpg,Testing,Training,notumor,notumor,0,0,True,False
Testing/notumor/Te-no_127.jpg,Training/notumor/Tr-no_1276.jpg,Testing,Training,notumor,notumor,0,0,True,False
Testing/notumor/Te-no_127.jpg,Training/notumor/Tr-no_1103.jpg,Testing,Training,notumor,notumor,0,0,True,False
Testing/notumor/Te-no_127.jpg,Training/notumor/Tr-no_1052.jpg,Testing,Training,notumor,notumor,0,0,True,False
Testing/notumor/Te-no_127.jpg,Training/notumor/Tr-no_948.jpg,Testing,Training,notumor,notumor,0,0,True,False
Testing/notumor/Te-no_128.jpg,Training/notumor/Tr-no_184.jpg,Testing,Training,notumor,notumor,0,1,True,False
Testing/notumor/Te-no_128.jpg,Training/notumor/Tr-no_1222.jpg,Testing,Training,notumor,notumor,0,1,True,False
Testing/notumor/Te-no_128.jpg,Training/notumor/Tr-no_199.jpg,Testing,Training,notumor,notumor,0,2,True,False
Testing/notumor/Te-no_128.jpg,Training/notumor/Tr-no_211.jpg,Testing,Training,notumor,notumor,0,1,True,False
Testing/notumor/Te-no_128.jpg,Training/notumor/Tr-no_675.jpg,Testing,Training,notumor,notumor,0,0,True,False
Testing/notumor/Te-no_128.jpg,Training/notumor/Tr-no_1256.jpg,Testing,Training,notumor,notumor,0,1,True,False
Testing/notumor/Te-no_128.jpg,Training/notumor/Tr-no_1029.jpg,Testing,Training,notumor,notumor,0,0,True,False
Testing/notumor/Te-no_128.jpg,Training/notumor/Tr-no_1035.jpg,Testing,Training,notumor,notumor,0,1,True,False
Testing/notumor/Te-no_128.jpg,Training/notumor/Tr-no_1039.jpg,Testing,Training,notumor,notumor,0,0,True,False
Testing/notumor/Te-no_128.jpg,Training/notumor/Tr-no_936.jpg,Testing,Training,notumor,notumor,0,1,True,False
Testing/notumor/Te-no_128.jpg,Training/notumor/Tr-no_1050.jpg,Testing,Training,notumor,notumor,0,0,True,False
Testing/notumor/Te-no_128.jpg,Training/notumor/Tr-no_1051.jpg,Testing,Training,notumor,notumor,0,1,True,False
Testing/notumor/Te-no_128.jpg,Training/notumor/Tr-no_253.jpg,Testing,Training,notumor,notumor,0,0,True,False
Testing/notumor/Te-no_128.jpg,Training/notumor/Tr-no_715.jpg,Testing,Training,notumor,notumor,0,0,True,False
Testing/notumor/Te-no_128.jpg,Training/notumor/Tr-no_1066.jpg,Testing,Training,notumor,notumor,0,1,True,False
Testing/notumor/Te-no_128.jpg,Training/notumor/Tr-no_270.jpg,Testing,Training,notumor,notumor,0,0,True,False
Testing/notumor/Te-no_128.jpg,Training/notumor/Tr-no_272.jpg,Testing,Training,notumor,notumor,0,0,True,False
Testing/notumor/Te-no_128.jpg,Training/notumor/Tr-no_1315.jpg,Testing,Training,notumor,notumor,0,0,True,False
Testing/notumor/Te-no_128.jpg,Training/notumor/Tr-no_1086.jpg,Testing,Training,notumor,notumor,0,0,True,False
Testing/notumor/Te-no_128.jpg,Training/notumor/Tr-no_1091.jpg,Testing,Training,notumor,notumor,0,0,True,False
Testing/notumor/Te-no_128.jpg,Training/notumor/Tr-no_538.jpg,Testing,Training,notumor,notumor,0,1,True,False
Testing/notumor/Te-no_128.jpg,Training/notumor/Tr-no_320.jpg,Testing,Training,notumor,notumor,0,0,True,False
Testing/notumor/Te-no_128.jpg,Training/notumor/Tr-no_330.jpg,Testing,Training,notumor,notumor,0,1,True,False
Testing/notumor/Te-no_128.jpg,Training/notumor/Tr-no_794.jpg,Testing,Training,notumor,notumor,0,0,True,False
Testing/notumor/Te-no_128.jpg,Training/notumor/Tr-no_797.jpg,Testing,Training,notumor,notumor,0,0,True,False
Testing/notumor/Te-no_128.jpg,Training/notumor/Tr-no_1151.jpg,Testing,Training,notumor,notumor,0,1,True,False
Testing/notumor/Te-no_128.jpg,Training/notumor/Tr-no_1385.jpg,Testing,Training,notumor,notumor,0,0,True,False
Testing/notumor/Te-no_128.jpg,Training/notumor/Tr-no_1158.jpg,Testing,Training,notumor,notumor,0,1,True,False
Testing/notumor/Te-no_128.jpg,Training/notumor/Tr-no_600.jpg,Testing,Training,notumor,notumor,0,0,True,False
Testing/notumor/Te-no_129.jpg,Training/notumor/Tr-no_852.jpg,Testing,Training,notumor,notumor,2,0,True,False
Testing/notumor/Te-no_129.jpg,Training/notumor/Tr-no_1195.jpg,Testing,Training,notumor,notumor,0,0,True,False
Testing/notumor/Te-no_129.jpg,Training/notumor/Tr-no_628.jpg,Testing,Training,notumor,notumor,0,0,True,False
Testing/notumor/Te-no_129.jpg,Training/notumor/Tr-no_182.jpg,Testing,Training,notumor,notumor,0,0,True,False
Testing/notumor/Te-no_129.jpg,Training/notumor/Tr-no_19.jpg,Testing,Training,notumor,notumor,0,0,True,False
Testing/notumor/Te-no_129.jpg,Training/notumor/Tr-no_651.jpg,Testing,Training,notumor,notumor,0,0,True,False
Testing/notumor/Te-no_129.jpg,Training/notumor/Tr-no_425.jpg,Testing,Training,notumor,notumor,0,0,True,False
Testing/notumor/Te-no_129.jpg,Training/notumor/Tr-no_892.jpg,Testing,Training,notumor,notumor,0,0,True,False
Testing/notumor/Te-no_129.jpg,Training/notumor/Tr-no_1230.jpg,Testing,Training,notumor,notumor,0,0,True,False
Testing/notumor/Te-no_129.jpg,Training/notumor/Tr-no_1232.jpg,Testing,Training,notumor,notumor,0,0,True,False
Testing/notumor/Te-no_129.jpg,Training/notumor/Tr-no_447.jpg,Testing,Training,notumor,notumor,0,0,True,False
Testing/notumor/Te-no_129.jpg,Training/notumor/Tr-no_469.jpg,Testing,Training,notumor,notumor,0,0,True,False
Testing/notumor/Te-no_129.jpg,Training/notumor/Tr-no_24.jpg,Testing,Training,notumor,notumor,0,0,True,False
Testing/notumor/Te-no_129.jpg,Training/notumor/Tr-no_470.jpg,Testing,Training,notumor,notumor,0,0,True,False
Testing/notumor/Te-no_129.jpg,Training/notumor/Tr-no_704.jpg,Testing,Training,notumor,notumor,0,0,True,False
Testing/notumor/Te-no_129.jpg,Training/notumor/Tr-no_1282.jpg,Testing,Training,notumor,notumor,0,0,True,False
Testing/notumor/Te-no_129.jpg,Training/notumor/Tr-no_716.jpg,Testing,Training,notumor,notumor,0,0,True,False
Testing/notumor/Te-no_129.jpg,Training/notumor/Tr-no_720.jpg,Testing,Training,notumor,notumor,0,0,True,False
Testing/notumor/Te-no_129.jpg,Training/notumor/Tr-no_499.jpg,Testing,Training,notumor,notumor,0,0,True,False
Testing/notumor/Te-no_129.jpg,Training/notumor/Tr-no_734.jpg,Testing,Training,notumor,notumor,0,0,True,False
Testing/notumor/Te-no_129.jpg,Training/notumor/Tr-no_740.jpg,Testing,Training,notumor,notumor,0,0,True,False
Testing/notumor/Te-no_129.jpg,Training/notumor/Tr-no_1084.jpg,Testing,Training,notumor,notumor,0,0,True,False
Testing/notumor/Te-no_129.jpg,Training/notumor/Tr-no_986.jpg,Testing,Training,notumor,notumor,0,0,True,False
Testing/notumor/Te-no_129.jpg,Training/notumor/Tr-no_11.jpg,Testing,Training,notumor,notumor,0,0,True,False
Testing/notumor/Te-no_129.jpg,Training/notumor/Tr-no_994.jpg,Testing,Training,notumor,notumor,0,0,True,False
Testing/notumor/Te-no_129.jpg,Training/notumor/Tr-no_1338.jpg,Testing,Training,notumor,notumor,0,0,True,False
Testing/notumor/Te-no_129.jpg,Training/notumor/Tr-no_771.jpg,Testing,Training,notumor,notumor,0,0,True,False
Testing/notumor/Te-no_129.jpg,Training/notumor/Tr-no_772.jpg,Testing,Training,notumor,notumor,0,0,True,False
Testing/notumor/Te-no_129.jpg,Training/notumor/Tr-no_1355.jpg,Testing,Training,notumor,notumor,0,0,True,False
Testing/notumor/Te-no_129.jpg,Training/notumor/Tr-no_1356.jpg,Testing,Training,notumor,notumor,0,0,True,False
Testing/notumor/Te-no_129.jpg,Training/notumor/Tr-no_558.jpg,Testing,Training,notumor,notumor,0,0,True,False
Testing/notumor/Te-no_129.jpg,Training/notumor/Tr-no_334.jpg,Testing,Training,notumor,notumor,0,0,True,False
Testing/notumor/Te-no_129.jpg,Training/notumor/Tr-no_145.jpg,Testing,Training,notumor,notumor,0,0,True,False
Testing/notumor/Te-no_129.jpg,Training/notumor/Tr-no_839.jpg,Testing,Training,notumor,notumor,0,0,True,False
Testing/notumor/Te-no_13.jpg,Training/notumor/Tr-no_733.jpg,Testing,Training,notumor,notumor,0,0,True,False
Testing/notumor/Te-no_13.jpg,Training/notumor/Tr-no_449.jpg,Testing,Training,notumor,notumor,0,0,True,False
Testing/notumor/Te-no_13.jpg,Training/notumor/Tr-no_132.jpg,Testing,Training,notumor,notumor,0,0,True,False
Testing/notumor/Te-no_13.jpg,Training/notumor/Tr-no_9.jpg,Testing,Training,notumor,notumor,0,0,True,False
Testing/notumor/Te-no_13.jpg,Training/notumor/Tr-no_1127.jpg,Testing,Training,notumor,notumor,0,0,True,False
Testing/notumor/Te-no_130.jpg,Training/notumor/Tr-no_1359.jpg,Testing,Training,notumor,notumor,0,1,True,False
Testing/notumor/Te-no_130.jpg,Training/notumor/Tr-no_964.jpg,Testing,Training,notumor,notumor,0,1,True,False
Testing/notumor/Te-no_130.jpg,Training/notumor/Tr-no_413.jpg,Testing,Training,notumor,notumor,0,0,True,False
Testing/notumor/Te-no_130.jpg,Training/notumor/Tr-no_256.jpg,Testing,Training,notumor,notumor,0,1,True,False
Testing/notumor/Te-no_130.jpg,Training/notumor/Tr-no_952.jpg,Testing,Training,notumor,notumor,0,0,True,False
Testing/notumor/Te-no_131.jpg,Training/notumor/Tr-no_852.jpg,Testing,Training,notumor,notumor,2,0,True,False
Testing/notumor/Te-no_131.jpg,Training/notumor/Tr-no_1195.jpg,Testing,Training,notumor,notumor,0,0,True,False
Testing/notumor/Te-no_131.jpg,Training/notumor/Tr-no_628.jpg,Testing,Training,notumor,notumor,0,0,True,False
Testing/notumor/Te-no_131.jpg,Training/notumor/Tr-no_182.jpg,Testing,Training,notumor,notumor,0,0,True,False
Testing/notumor/Te-no_131.jpg,Training/notumor/Tr-no_19.jpg,Testing,Training,notumor,notumor,0,0,True,False
Testing/notumor/Te-no_131.jpg,Training/notumor/Tr-no_651.jpg,Testing,Training,notumor,notumor,0,0,True,False
Testing/notumor/Te-no_131.jpg,Training/notumor/Tr-no_425.jpg,Testing,Training,notumor,notumor,0,0,True,False
Testing/notumor/Te-no_131.jpg,Training/notumor/Tr-no_892.jpg,Testing,Training,notumor,notumor,0,0,True,False
Testing/notumor/Te-no_131.jpg,Training/notumor/Tr-no_1230.jpg,Testing,Training,notumor,notumor,0,0,True,False
Testing/notumor/Te-no_131.jpg,Training/notumor/Tr-no_1232.jpg,Testing,Training,notumor,notumor,0,0,True,False
Testing/notumor/Te-no_131.jpg,Training/notumor/Tr-no_447.jpg,Testing,Training,notumor,notumor,0,0,True,False
Testing/notumor/Te-no_131.jpg,Training/notumor/Tr-no_469.jpg,Testing,Training,notumor,notumor,0,0,True,False
Testing/notumor/Te-no_131.jpg,Training/notumor/Tr-no_24.jpg,Testing,Training,notumor,notumor,0,0,True,False
Testing/notumor/Te-no_131.jpg,Training/notumor/Tr-no_470.jpg,Testing,Training,notumor,notumor,0,0,True,False
Testing/notumor/Te-no_131.jpg,Training/notumor/Tr-no_704.jpg,Testing,Training,notumor,notumor,0,0,True,False
Testing/notumor/Te-no_131.jpg,Training/notumor/Tr-no_1282.jpg,Testing,Training,notumor,notumor,0,0,True,False
Testing/notumor/Te-no_131.jpg,Training/notumor/Tr-no_716.jpg,Testing,Training,notumor,notumor,0,0,True,False
Testing/notumor/Te-no_131.jpg,Training/notumor/Tr-no_720.jpg,Testing,Training,notumor,notumor,0,0,True,False
Testing/notumor/Te-no_131.jpg,Training/notumor/Tr-no_499.jpg,Testing,Training,notumor,notumor,0,0,True,False
Testing/notumor/Te-no_131.jpg,Training/notumor/Tr-no_734.jpg,Testing,Training,notumor,notumor,0,0,True,False
Testing/notumor/Te-no_131.jpg,Training/notumor/Tr-no_740.jpg,Testing,Training,notumor,notumor,0,0,True,False
Testing/notumor/Te-no_131.jpg,Training/notumor/Tr-no_1084.jpg,Testing,Training,notumor,notumor,0,0,True,False
Testing/notumor/Te-no_131.jpg,Training/notumor/Tr-no_986.jpg,Testing,Training,notumor,notumor,0,0,True,False
Testing/notumor/Te-no_131.jpg,Training/notumor/Tr-no_11.jpg,Testing,Training,notumor,notumor,0,0,True,False
Testing/notumor/Te-no_131.jpg,Training/notumor/Tr-no_994.jpg,Testing,Training,notumor,notumor,0,0,True,False
Testing/notumor/Te-no_131.jpg,Training/notumor/Tr-no_1338.jpg,Testing,Training,notumor,notumor,0,0,True,False
Testing/notumor/Te-no_131.jpg,Training/notumor/Tr-no_771.jpg,Testing,Training,notumor,notumor,0,0,True,False
Testing/notumor/Te-no_131.jpg,Training/notumor/Tr-no_772.jpg,Testing,Training,notumor,notumor,0,0,True,False
Testing/notumor/Te-no_131.jpg,Training/notumor/Tr-no_1355.jpg,Testing,Training,notumor,notumor,0,0,True,False
Testing/notumor/Te-no_131.jpg,Training/notumor/Tr-no_1356.jpg,Testing,Training,notumor,notumor,0,0,True,False
Testing/notumor/Te-no_131.jpg,Training/notumor/Tr-no_558.jpg,Testing,Training,notumor,notumor,0,0,True,False
Testing/notumor/Te-no_131.jpg,Training/notumor/Tr-no_334.jpg,Testing,Training,notumor,notumor,0,0,True,False
Testing/notumor/Te-no_131.jpg,Training/notumor/Tr-no_145.jpg,Testing,Training,notumor,notumor,0,0,True,False
Testing/notumor/Te-no_131.jpg,Training/notumor/Tr-no_839.jpg,Testing,Training,notumor,notumor,0,0,True,False
Testing/notumor/Te-no_132.jpg,Training/notumor/Tr-no_388.jpg,Testing,Training,notumor,notumor,4,0,True,False
Testing/notumor/Te-no_132.jpg,Training/notumor/Tr-no_636.jpg,Testing,Training,notumor,notumor,4,0,True,False
Testing/notumor/Te-no_132.jpg,Training/notumor/Tr-no_1382.jpg,Testing,Training,notumor,notumor,0,0,True,False
Testing/notumor/Te-no_132.jpg,Training/notumor/Tr-no_932.jpg,Testing,Training,notumor,notumor,4,0,True,False
Testing/notumor/Te-no_132.jpg,Training/notumor/Tr-no_1391.jpg,Testing,Training,notumor,notumor,2,0,True,False
Testing/notumor/Te-no_132.jpg,Training/notumor/Tr-no_1218.jpg,Testing,Training,notumor,notumor,4,0,True,False
Testing/notumor/Te-no_132.jpg,Training/notumor/Tr-no_1164.jpg,Testing,Training,notumor,notumor,0,0,True,False
Testing/notumor/Te-no_132.jpg,Training/notumor/Tr-no_202.jpg,Testing,Training,notumor,notumor,4,0,True,False
Testing/notumor/Te-no_132.jpg,Training/notumor/Tr-no_837.jpg,Testing,Training,notumor,notumor,4,0,True,False
Testing/notumor/Te-no_132.jpg,Training/notumor/Tr-no_439.jpg,Testing,Training,notumor,notumor,4,0,True,False
Testing/notumor/Te-no_132.jpg,Training/notumor/Tr-no_557.jpg,Testing,Training,notumor,notumor,4,0,True,False
Testing/notumor/Te-no_133.jpg,Training/notumor/Tr-no_390.jpg,Testing,Training,notumor,notumor,0,0,True,False
Testing/notumor/Te-no_133.jpg,Training/notumor/Tr-no_186.jpg,Testing,Training,notumor,notumor,0,0,True,False
Testing/notumor/Te-no_133.jpg,Training/notumor/Tr-no_549.jpg,Testing,Training,notumor,notumor,0,0,True,False
Testing/notumor/Te-no_133.jpg,Training/notumor/Tr-no_722.jpg,Testing,Training,notumor,notumor,0,0,True,False
Testing/notumor/Te-no_133.jpg,Training/notumor/Tr-no_838.jpg,Testing,Training,notumor,notumor,0,0,True,False
Testing/notumor/Te-no_133.jpg,Training/notumor/Tr-no_731.jpg,Testing,Training,notumor,notumor,0,0,True,False
Testing/notumor/Te-no_134.jpg,Training/notumor/Tr-no_732.jpg,Testing,Training,notumor,notumor,4,0,True,False
Testing/notumor/Te-no_134.jpg,Training/notumor/Tr-no_725.jpg,Testing,Training,notumor,notumor,0,0,True,False
Testing/notumor/Te-no_134.jpg,Training/notumor/Tr-no_1203.jpg,Testing,Training,notumor,notumor,0,0,True,False
Testing/notumor/Te-no_134.jpg,Training/notumor/Tr-no_1322.jpg,Testing,Training,notumor,notumor,4,0,True,False
Testing/notumor/Te-no_134.jpg,Training/notumor/Tr-no_429.jpg,Testing,Training,notumor,notumor,0,0,True,False
Testing/notumor/Te-no_134.jpg,Training/notumor/Tr-no_347.jpg,Testing,Training,notumor,notumor,0,0,True,False
Testing/notumor/Te-no_134.jpg,Training/notumor/Tr-no_365.jpg,Testing,Training,notumor,notumor,0,0,True,False
Testing/notumor/Te-no_134.jpg,Training/notumor/Tr-no_956.jpg,Testing,Training,notumor,notumor,4,0,True,False
Testing/notumor/Te-no_134.jpg,Training/notumor/Tr-no_154.jpg,Testing,Training,notumor,notumor,0,0,True,False
Testing/notumor/Te-no_134.jpg,Training/notumor/Tr-no_386.jpg,Testing,Training,notumor,notumor,0,0,True,False
Testing/notumor/Te-no_135.jpg,Training/notumor/Tr-no_501.jpg,Testing,Training,notumor,notumor,0,0,True,False
Testing/notumor/Te-no_135.jpg,Training/notumor/Tr-no_1087.jpg,Testing,Training,notumor,notumor,0,4,True,False
Testing/notumor/Te-no_135.jpg,Training/notumor/Tr-no_753.jpg,Testing,Training,notumor,notumor,0,4,True,False
Testing/notumor/Te-no_135.jpg,Training/notumor/Tr-no_294.jpg,Testing,Training,notumor,notumor,0,4,True,False
Testing/notumor/Te-no_135.jpg,Training/notumor/Tr-no_540.jpg,Testing,Training,notumor,notumor,0,4,True,False
Testing/notumor/Te-no_135.jpg,Training/notumor/Tr-no_444.jpg,Testing,Training,notumor,notumor,0,4,True,False
Testing/notumor/Te-no_135.jpg,Training/notumor/Tr-no_1268.jpg,Testing,Training,notumor,notumor,0,4,True,False
Testing/notumor/Te-no_135.jpg,Training/notumor/Tr-no_714.jpg,Testing,Training,notumor,notumor,0,0,True,False
Testing/notumor/Te-no_135.jpg,Training/notumor/Tr-no_723.jpg,Testing,Training,notumor,notumor,0,0,True,False
Testing/notumor/Te-no_135.jpg,Training/notumor/Tr-no_96.jpg,Testing,Training,notumor,notumor,0,4,True,False
Testing/notumor/Te-no_136.jpg,Training/notumor/Tr-no_742.jpg,Testing,Training,notumor,notumor,0,2,True,False
Testing/notumor/Te-no_136.jpg,Training/notumor/Tr-no_517.jpg,Testing,Training,notumor,notumor,0,2,True,False
Testing/notumor/Te-no_136.jpg,Training/notumor/Tr-no_293.jpg,Testing,Training,notumor,notumor,0,0,True,False
Testing/notumor/Te-no_136.jpg,Training/notumor/Tr-no_762.jpg,Testing,Training,notumor,notumor,0,0,True,False
Testing/notumor/Te-no_136.jpg,Training/notumor/Tr-no_885.jpg,Testing,Training,notumor,notumor,0,0,True,False
Testing/notumor/Te-no_136.jpg,Training/notumor/Tr-no_311.jpg,Testing,Training,notumor,notumor,0,2,True,False
Testing/notumor/Te-no_136.jpg,Training/notumor/Tr-no_324.jpg,Testing,Training,notumor,notumor,0,2,True,False
Testing/notumor/Te-no_136.jpg,Training/notumor/Tr-no_1123.jpg,Testing,Training,notumor,notumor,0,2,True,False
Testing/notumor/Te-no_136.jpg,Training/notumor/Tr-no_903.jpg,Testing,Training,notumor,notumor,0,0,True,False
Testing/notumor/Te-no_136.jpg,Training/notumor/Tr-no_570.jpg,Testing,Training,notumor,notumor,0,2,True,False
Testing/notumor/Te-no_136.jpg,Training/notumor/Tr-no_1372.jpg,Testing,Training,notumor,notumor,0,0,True,False
Testing/notumor/Te-no_136.jpg,Training/notumor/Tr-no_703.jpg,Testing,Training,notumor,notumor,0,0,True,False
Testing/notumor/Te-no_136.jpg,Training/notumor/Tr-no_827.jpg,Testing,Training,notumor,notumor,0,0,True,False
Testing/notumor/Te-no_136.jpg,Training/notumor/Tr-no_60.jpg,Testing,Training,notumor,notumor,0,0,True,False
Testing/notumor/Te-no_136.jpg,Training/notumor/Tr-no_259.jpg,Testing,Training,notumor,notumor,0,2,True,False
Testing/notumor/Te-no_136.jpg,Training/notumor/Tr-no_149.jpg,Testing,Training,notumor,notumor,0,1,True,False
Testing/notumor/Te-no_136.jpg,Training/notumor/Tr-no_1064.jpg,Testing,Training,notumor,notumor,0,0,True,False
Testing/notumor/Te-no_137.jpg,Training/notumor/Tr-no_1128.jpg,Testing,Training,notumor,notumor,0,0,True,False
Testing/notumor/Te-no_137.jpg,Training/notumor/Tr-no_1074.jpg,Testing,Training,notumor,notumor,0,0,True,False
Testing/notumor/Te-no_137.jpg,Training/notumor/Tr-no_578.jpg,Testing,Training,notumor,notumor,0,0,True,False
Testing/notumor/Te-no_137.jpg,Training/notumor/Tr-no_1399.jpg,Testing,Training,notumor,notumor,0,0,True,False
Testing/notumor/Te-no_137.jpg,Training/notumor/Tr-no_1231.jpg,Testing,Training,notumor,notumor,0,0,True,False
Testing/notumor/Te-no_137.jpg,Training/notumor/Tr-no_55.jpg,Testing,Training,notumor,notumor,0,0,True,False
Testing/notumor/Te-no_138.jpg,Training/notumor/Tr-no_1243.jpg,Testing,Training,notumor,notumor,0,0,True,False
Testing/notumor/Te-no_138.jpg,Training/notumor/Tr-no_85.jpg,Testing,Training,notumor,notumor,0,1,True,False
Testing/notumor/Te-no_138.jpg,Training/notumor/Tr-no_277.jpg,Testing,Training,notumor,notumor,0,0,True,False
Testing/notumor/Te-no_138.jpg,Training/notumor/Tr-no_1049.jpg,Testing,Training,notumor,notumor,0,0,True,False
Testing/notumor/Te-no_138.jpg,Training/notumor/Tr-no_51.jpg,Testing,Training,notumor,notumor,0,0,True,False
Testing/notumor/Te-no_138.jpg,Training/notumor/Tr-no_633.jpg,Testing,Training,notumor,notumor,0,0,True,False
Testing/notumor/Te-no_138.jpg,Training/notumor/Tr-no_641.jpg,Testing,Training,notumor,notumor,0,0,True,False
Testing/notumor/Te-no_139.jpg,Training/notumor/Tr-no_16.jpg,Testing,Training,notumor,notumor,0,0,True,False
Testing/notumor/Te-no_139.jpg,Training/notumor/Tr-no_1076.jpg,Testing,Training,notumor,notumor,0,0,True,False
Testing/notumor/Te-no_139.jpg,Training/notumor/Tr-no_1078.jpg,Testing,Training,notumor,notumor,0,0,True,False
Testing/notumor/Te-no_139.jpg,Training/notumor/Tr-no_624.jpg,Testing,Training,notumor,notumor,4,0,True,False
Testing/notumor/Te-no_139.jpg,Training/notumor/Tr-no_1202.jpg,Testing,Training,notumor,notumor,0,0,True,False
Testing/notumor/Te-no_139.jpg,Training/notumor/Tr-no_521.jpg,Testing,Training,notumor,notumor,0,0,True,False
Testing/notumor/Te-no_139.jpg,Training/notumor/Tr-no_529.jpg,Testing,Training,notumor,notumor,4,0,True,False
Testing/notumor/Te-no_139.jpg,Training/notumor/Tr-no_53.jpg,Testing,Training,notumor,notumor,0,0,True,False
Testing/notumor/Te-no_139.jpg,Training/notumor/Tr-no_883.jpg,Testing,Training,notumor,notumor,4,0,True,False
Testing/notumor/Te-no_139.jpg,Training/notumor/Tr-no_424.jpg,Testing,Training,notumor,notumor,0,0,True,False
Testing/notumor/Te-no_139.jpg,Training/notumor/Tr-no_773.jpg,Testing,Training,notumor,notumor,0,0,True,False
Testing/notumor/Te-no_139.jpg,Training/notumor/Tr-no_89.jpg,Testing,Training,notumor,notumor,4,0,True,False
Testing/notumor/Te-no_139.jpg,Training/notumor/Tr-no_66.jpg,Testing,Training,notumor,notumor,0,0,True,False
Testing/notumor/Te-no_139.jpg,Training/notumor/Tr-no_776.jpg,Testing,Training,notumor,notumor,4,0,True,False
Testing/notumor/Te-no_139.jpg,Training/notumor/Tr-no_780.jpg,Testing,Training,notumor,notumor,0,0,True,False
Testing/notumor/Te-no_139.jpg,Training/notumor/Tr-no_1241.jpg,Testing,Training,notumor,notumor,4,0,True,False
Testing/notumor/Te-no_139.jpg,Training/notumor/Tr-no_213.jpg,Testing,Training,notumor,notumor,0,0,True,False
Testing/notumor/Te-no_139.jpg,Training/notumor/Tr-no_1370.jpg,Testing,Training,notumor,notumor,0,0,True,False
Testing/notumor/Te-no_139.jpg,Training/notumor/Tr-no_35.jpg,Testing,Training,notumor,notumor,0,0,True,False
Testing/notumor/Te-no_139.jpg,Training/notumor/Tr-no_583.jpg,Testing,Training,notumor,notumor,0,0,True,False
Testing/notumor/Te-no_139.jpg,Training/notumor/Tr-no_1161.jpg,Testing,Training,notumor,notumor,4,0,True,False
Testing/notumor/Te-no_139.jpg,Training/notumor/Tr-no_1053.jpg,Testing,Training,notumor,notumor,0,0,True,False
Testing/notumor/Te-no_139.jpg,Training/notumor/Tr-no_254.jpg,Testing,Training,notumor,notumor,0,0,True,False
Testing/notumor/Te-no_139.jpg,Training/notumor/Tr-no_1174.jpg,Testing,Training,notumor,notumor,4,0,True,False
Testing/notumor/Te-no_139.jpg,Training/notumor/Tr-no_497.jpg,Testing,Training,notumor,notumor,0,0,True,False
Testing/notumor/Te-no_139.jpg,Training/notumor/Tr-no_1299.jpg,Testing,Training,notumor,notumor,0,0,True,False
Testing/notumor/Te-no_14.jpg,Training/notumor/Tr-no_564.jpg,Testing,Training,notumor,notumor,0,0,True,False
Testing/notumor/Te-no_14.jpg,Training/notumor/Tr-no_68.jpg,Testing,Training,notumor,notumor,0,0,True,False
Testing/notumor/Te-no_14.jpg,Training/notumor/Tr-no_4.jpg,Testing,Training,notumor,notumor,2,0,True,False
Testing/notumor/Te-no_14.jpg,Training/notumor/Tr-no_807.jpg,Testing,Training,notumor,notumor,2,0,True,False
Testing/notumor/Te-no_14.jpg,Training/notumor/Tr-no_694.jpg,Testing,Training,notumor,notumor,0,0,True,False
Testing/notumor/Te-no_14.jpg,Training/notumor/Tr-no_878.jpg,Testing,Training,notumor,notumor,0,0,True,False
Testing/notumor/Te-no_14.jpg,Training/notumor/Tr-no_368.jpg,Testing,Training,notumor,notumor,0,0,True,False
Testing/notumor/Te-no_14.jpg,Training/notumor/Tr-no_1167.jpg,Testing,Training,notumor,notumor,0,0,True,False
Testing/notumor/Te-no_14.jpg,Training/notumor/Tr-no_252.jpg,Testing,Training,notumor,notumor,2,0,True,False
Testing/notumor/Te-no_14.jpg,Training/notumor/Tr-no_1182.jpg,Testing,Training,notumor,notumor,2,0,True,False
Testing/notumor/Te-no_14.jpg,Training/notumor/Tr-no_1126.jpg,Testing,Training,notumor,notumor,0,0,True,False
Testing/notumor/Te-no_140.jpg,Training/notumor/Tr-no_46.jpg,Testing,Training,notumor,notumor,0,0,True,False
Testing/notumor/Te-no_140.jpg,Training/notumor/Tr-no_5.jpg,Testing,Training,notumor,notumor,2,0,True,False
Testing/notumor/Te-no_140.jpg,Training/notumor/Tr-no_611.jpg,Testing,Training,notumor,notumor,0,0,True,False
Testing/notumor/Te-no_140.jpg,Training/notumor/Tr-no_1027.jpg,Testing,Training,notumor,notumor,0,0,True,False
Testing/notumor/Te-no_140.jpg,Training/notumor/Tr-no_693.jpg,Testing,Training,notumor,notumor,2,0,True,False
Testing/notumor/Te-no_140.jpg,Training/notumor/Tr-no_709.jpg,Testing,Training,notumor,notumor,2,0,True,False
Testing/notumor/Te-no_140.jpg,Training/notumor/Tr-no_1060.jpg,Testing,Training,notumor,notumor,2,0,True,False
Testing/notumor/Te-no_140.jpg,Training/notumor/Tr-no_1062.jpg,Testing,Training,notumor,notumor,2,0,True,False
Testing/notumor/Te-no_140.jpg,Training/notumor/Tr-no_1071.jpg,Testing,Training,notumor,notumor,2,0,True,False
Testing/notumor/Te-no_140.jpg,Training/notumor/Tr-no_109.jpg,Testing,Training,notumor,notumor,2,0,True,False
Testing/notumor/Te-no_140.jpg,Training/notumor/Tr-no_1102.jpg,Testing,Training,notumor,notumor,0,0,True,False
Testing/notumor/Te-no_140.jpg,Training/notumor/Tr-no_1124.jpg,Testing,Training,notumor,notumor,2,0,True,False
Testing/notumor/Te-no_140.jpg,Training/notumor/Tr-no_1138.jpg,Testing,Training,notumor,notumor,0,0,True,False
Testing/notumor/Te-no_140.jpg,Training/notumor/Tr-no_82.jpg,Testing,Training,notumor,notumor,2,0,True,False
Testing/notumor/Te-no_140.jpg,Training/notumor/Tr-no_1183.jpg,Testing,Training,notumor,notumor,2,0,True,False
Testing/notumor/Te-no_140.jpg,Training/notumor/Tr-no_1252.jpg,Testing,Training,notumor,notumor,0,0,True,False
Testing/notumor/Te-no_140.jpg,Training/notumor/Tr-no_1257.jpg,Testing,Training,notumor,notumor,2,0,True,False
Testing/notumor/Te-no_140.jpg,Training/notumor/Tr-no_169.jpg,Testing,Training,notumor,notumor,8,0,True,False
Testing/notumor/Te-no_140.jpg,Training/notumor/Tr-no_203.jpg,Testing,Training,notumor,notumor,0,0,True,False
Testing/notumor/Te-no_140.jpg,Training/notumor/Tr-no_21.jpg,Testing,Training,notumor,notumor,2,0,True,False
Testing/notumor/Te-no_140.jpg,Training/notumor/Tr-no_224.jpg,Testing,Training,notumor,notumor,2,0,True,False
Testing/notumor/Te-no_140.jpg,Training/notumor/Tr-no_232.jpg,Testing,Training,notumor,notumor,2,0,True,False
Testing/notumor/Te-no_140.jpg,Training/notumor/Tr-no_241.jpg,Testing,Training,notumor,notumor,0,0,True,False
Testing/notumor/Te-no_140.jpg,Training/notumor/Tr-no_249.jpg,Testing,Training,notumor,notumor,2,0,True,False
Testing/notumor/Te-no_140.jpg,Training/notumor/Tr-no_251.jpg,Testing,Training,notumor,notumor,2,0,True,False
Testing/notumor/Te-no_140.jpg,Training/notumor/Tr-no_267.jpg,Testing,Training,notumor,notumor,0,0,True,False
Testing/notumor/Te-no_140.jpg,Training/notumor/Tr-no_29.jpg,Testing,Training,notumor,notumor,2,0,True,False
Testing/notumor/Te-no_140.jpg,Training/notumor/Tr-no_322.jpg,Testing,Training,notumor,notumor,2,0,True,False
Testing/notumor/Te-no_140.jpg,Training/notumor/Tr-no_339.jpg,Testing,Training,notumor,notumor,2,0,True,False
Testing/notumor/Te-no_140.jpg,Training/notumor/Tr-no_351.jpg,Testing,Training,notumor,notumor,8,0,True,False
Testing/notumor/Te-no_140.jpg,Training/notumor/Tr-no_371.jpg,Testing,Training,notumor,notumor,2,0,True,False
Testing/notumor/Te-no_141.jpg,Training/notumor/Tr-no_1190.jpg,Testing,Training,notumor,notumor,0,0,True,False
Testing/notumor/Te-no_141.jpg,Training/notumor/Tr-no_511.jpg,Testing,Training,notumor,notumor,0,0,True,False
Testing/notumor/Te-no_141.jpg,Training/notumor/Tr-no_172.jpg,Testing,Training,notumor,notumor,0,0,True,False
Testing/notumor/Te-no_141.jpg,Training/notumor/Tr-no_765.jpg,Testing,Training,notumor,notumor,0,0,True,False
Testing/notumor/Te-no_141.jpg,Training/notumor/Tr-no_304.jpg,Testing,Training,notumor,notumor,0,1,True,False
Testing/notumor/Te-no_141.jpg,Training/notumor/Tr-no_547.jpg,Testing,Training,notumor,notumor,0,0,True,False
Testing/notumor/Te-no_141.jpg,Training/notumor/Tr-no_204.jpg,Testing,Training,notumor,notumor,0,1,True,False
Testing/notumor/Te-no_141.jpg,Training/notumor/Tr-no_668.jpg,Testing,Training,notumor,notumor,0,0,True,False
Testing/notumor/Te-no_141.jpg,Training/notumor/Tr-no_44.jpg,Testing,Training,notumor,notumor,0,0,True,False
Testing/notumor/Te-no_141.jpg,Training/notumor/Tr-no_326.jpg,Testing,Training,notumor,notumor,0,0,True,False
Testing/notumor/Te-no_141.jpg,Training/notumor/Tr-no_916.jpg,Testing,Training,notumor,notumor,0,1,True,False
Testing/notumor/Te-no_141.jpg,Training/notumor/Tr-no_689.jpg,Testing,Training,notumor,notumor,0,1,True,False
Testing/notumor/Te-no_141.jpg,Training/notumor/Tr-no_696.jpg,Testing,Training,notumor,notumor,0,0,True,False
Testing/notumor/Te-no_141.jpg,Training/notumor/Tr-no_587.jpg,Testing,Training,notumor,notumor,0,0,True,False
Testing/notumor/Te-no_141.jpg,Training/notumor/Tr-no_243.jpg,Testing,Training,notumor,notumor,0,0,True,False
Testing/notumor/Te-no_141.jpg,Training/notumor/Tr-no_718.jpg,Testing,Training,notumor,notumor,0,0,True,False
Testing/notumor/Te-no_141.jpg,Training/notumor/Tr-no_847.jpg,Testing,Training,notumor,notumor,0,0,True,False
Testing/notumor/Te-no_142.jpg,Training/notumor/Tr-no_4.jpg,Testing,Training,notumor,notumor,2,0,True,False
Testing/notumor/Te-no_142.jpg,Training/notumor/Tr-no_878.jpg,Testing,Training,notumor,notumor,0,0,True,False
Testing/notumor/Te-no_142.jpg,Training/notumor/Tr-no_1126.jpg,Testing,Training,notumor,notumor,0,0,True,False
Testing/notumor/Te-no_142.jpg,Training/notumor/Tr-no_68.jpg,Testing,Training,notumor,notumor,0,0,True,False
Testing/notumor/Te-no_142.jpg,Training/notumor/Tr-no_564.jpg,Testing,Training,notumor,notumor,0,0,True,False
Testing/notumor/Te-no_142.jpg,Training/notumor/Tr-no_807.jpg,Testing,Training,notumor,notumor,2,0,True,False
Testing/notumor/Te-no_142.jpg,Training/notumor/Tr-no_694.jpg,Testing,Training,notumor,notumor,0,0,True,False
Testing/notumor/Te-no_142.jpg,Training/notumor/Tr-no_1167.jpg,Testing,Training,notumor,notumor,0,0,True,False
Testing/notumor/Te-no_142.jpg,Training/notumor/Tr-no_368.jpg,Testing,Training,notumor,notumor,0,0,True,False
Testing/notumor/Te-no_142.jpg,Training/notumor/Tr-no_252.jpg,Testing,Training,notumor,notumor,2,0,True,False
Testing/notumor/Te-no_142.jpg,Training/notumor/Tr-no_1182.jpg,Testing,Training,notumor,notumor,2,0,True,False
Testing/notumor/Te-no_143.jpg,Training/notumor/Tr-no_502.jpg,Testing,Training,notumor,notumor,0,0,True,False
Testing/notumor/Te-no_143.jpg,Training/notumor/Tr-no_446.jpg,Testing,Training,notumor,notumor,0,0,True,False
Testing/notumor/Te-no_143.jpg,Training/notumor/Tr-no_736.jpg,Testing,Training,notumor,notumor,0,1,True,False
Testing/notumor/Te-no_143.jpg,Training/notumor/Tr-no_333.jpg,Testing,Training,notumor,notumor,0,0,True,False
Testing/notumor/Te-no_143.jpg,Training/notumor/Tr-no_927.jpg,Testing,Training,notumor,notumor,0,0,True,False
Testing/notumor/Te-no_143.jpg,Training/notumor/Tr-no_599.jpg,Testing,Training,notumor,notumor,0,0,True,False
Testing/notumor/Te-no_143.jpg,Training/notumor/Tr-no_609.jpg,Testing,Training,notumor,notumor,0,1,True,False
Testing/notumor/Te-no_143.jpg,Training/notumor/Tr-no_1239.jpg,Testing,Training,notumor,notumor,0,0,True,False
Testing/notumor/Te-no_144.jpg,Training/notumor/Tr-no_508.jpg,Testing,Training,notumor,notumor,0,0,True,False
Testing/notumor/Te-no_144.jpg,Training/notumor/Tr-no_1135.jpg,Testing,Training,notumor,notumor,0,0,True,False
Testing/notumor/Te-no_144.jpg,Training/notumor/Tr-no_1255.jpg,Testing,Training,notumor,notumor,0,0,True,False
Testing/notumor/Te-no_144.jpg,Training/notumor/Tr-no_637.jpg,Testing,Training,notumor,notumor,0,0,True,False
Testing/notumor/Te-no_144.jpg,Training/notumor/Tr-no_1153.jpg,Testing,Training,notumor,notumor,0,0,True,False
Testing/notumor/Te-no_144.jpg,Training/notumor/Tr-no_1212.jpg,Testing,Training,notumor,notumor,0,0,True,False
Testing/notumor/Te-no_144.jpg,Training/notumor/Tr-no_818.jpg,Testing,Training,notumor,notumor,0,0,True,False
Testing/notumor/Te-no_144.jpg,Training/notumor/Tr-no_187.jpg,Testing,Training,notumor,notumor,0,0,True,False
Testing/notumor/Te-no_144.jpg,Training/notumor/Tr-no_303.jpg,Testing,Training,notumor,notumor,0,0,True,False
Testing/notumor/Te-no_144.jpg,Training/notumor/Tr-no_1008.jpg,Testing,Training,notumor,notumor,0,0,True,False
Testing/notumor/Te-no_145.jpg,Training/notumor/Tr-no_271.jpg,Testing,Training,notumor,notumor,0,0,True,False
Testing/notumor/Te-no_145.jpg,Training/notumor/Tr-no_1313.jpg,Testing,Training,notumor,notumor,0,0,True,False
Testing/notumor/Te-no_145.jpg,Training/notumor/Tr-no_751.jpg,Testing,Training,notumor,notumor,0,0,True,False
Testing/notumor/Te-no_145.jpg,Training/notumor/Tr-no_81.jpg,Testing,Training,notumor,notumor,0,0,True,False
Testing/notumor/Te-no_145.jpg,Training/notumor/Tr-no_1150.jpg,Testing,Training,notumor,notumor,0,0,True,False
Testing/notumor/Te-no_145.jpg,Training/notumor/Tr-no_530.jpg,Testing,Training,notumor,notumor,0,0,True,False
Testing/notumor/Te-no_145.jpg,Training/notumor/Tr-no_1108.jpg,Testing,Training,notumor,notumor,0,0,True,False
Testing/notumor/Te-no_145.jpg,Training/notumor/Tr-no_721.jpg,Testing,Training,notumor,notumor,0,0,True,False
Testing/notumor/Te-no_146.jpg,Training/notumor/Tr-no_1017.jpg,Testing,Training,notumor,notumor,0,0,True,False
Testing/notumor/Te-no_146.jpg,Training/notumor/Tr-no_1296.jpg,Testing,Training,notumor,notumor,0,0,True,False
Testing/notumor/Te-no_147.jpg,Training/notumor/Tr-no_852.jpg,Testing,Training,notumor,notumor,2,0,True,False
Testing/notumor/Te-no_147.jpg,Training/notumor/Tr-no_1195.jpg,Testing,Training,notumor,notumor,0,0,True,False
Testing/notumor/Te-no_147.jpg,Training/notumor/Tr-no_628.jpg,Testing,Training,notumor,notumor,0,0,True,False
Testing/notumor/Te-no_147.jpg,Training/notumor/Tr-no_182.jpg,Testing,Training,notumor,notumor,0,0,True,False
Testing/notumor/Te-no_147.jpg,Training/notumor/Tr-no_19.jpg,Testing,Training,notumor,notumor,0,0,True,False
Testing/notumor/Te-no_147.jpg,Training/notumor/Tr-no_651.jpg,Testing,Training,notumor,notumor,0,0,True,False
Testing/notumor/Te-no_147.jpg,Training/notumor/Tr-no_425.jpg,Testing,Training,notumor,notumor,0,0,True,False
Testing/notumor/Te-no_147.jpg,Training/notumor/Tr-no_892.jpg,Testing,Training,notumor,notumor,0,0,True,False
Testing/notumor/Te-no_147.jpg,Training/notumor/Tr-no_1230.jpg,Testing,Training,notumor,notumor,0,0,True,False
Testing/notumor/Te-no_147.jpg,Training/notumor/Tr-no_1232.jpg,Testing,Training,notumor,notumor,0,0,True,False
Testing/notumor/Te-no_147.jpg,Training/notumor/Tr-no_447.jpg,Testing,Training,notumor,notumor,0,0,True,False
Testing/notumor/Te-no_147.jpg,Training/notumor/Tr-no_469.jpg,Testing,Training,notumor,notumor,0,0,True,False
Testing/notumor/Te-no_147.jpg,Training/notumor/Tr-no_24.jpg,Testing,Training,notumor,notumor,0,0,True,False
Testing/notumor/Te-no_147.jpg,Training/notumor/Tr-no_470.jpg,Testing,Training,notumor,notumor,0,0,True,False
Testing/notumor/Te-no_147.jpg,Training/notumor/Tr-no_704.jpg,Testing,Training,notumor,notumor,0,0,True,False
Testing/notumor/Te-no_147.jpg,Training/notumor/Tr-no_1282.jpg,Testing,Training,notumor,notumor,0,0,True,False
Testing/notumor/Te-no_147.jpg,Training/notumor/Tr-no_716.jpg,Testing,Training,notumor,notumor,0,0,True,False
Testing/notumor/Te-no_147.jpg,Training/notumor/Tr-no_720.jpg,Testing,Training,notumor,notumor,0,0,True,False
Testing/notumor/Te-no_147.jpg,Training/notumor/Tr-no_499.jpg,Testing,Training,notumor,notumor,0,0,True,False
Testing/notumor/Te-no_147.jpg,Training/notumor/Tr-no_734.jpg,Testing,Training,notumor,notumor,0,0,True,False
Testing/notumor/Te-no_147.jpg,Training/notumor/Tr-no_740.jpg,Testing,Training,notumor,notumor,0,0,True,False
Testing/notumor/Te-no_147.jpg,Training/notumor/Tr-no_1084.jpg,Testing,Training,notumor,notumor,0,0,True,False
Testing/notumor/Te-no_147.jpg,Training/notumor/Tr-no_986.jpg,Testing,Training,notumor,notumor,0,0,True,False
Testing/notumor/Te-no_147.jpg,Training/notumor/Tr-no_11.jpg,Testing,Training,notumor,notumor,0,0,True,False
Testing/notumor/Te-no_147.jpg,Training/notumor/Tr-no_994.jpg,Testing,Training,notumor,notumor,0,0,True,False
Testing/notumor/Te-no_147.jpg,Training/notumor/Tr-no_1338.jpg,Testing,Training,notumor,notumor,0,0,True,False
Testing/notumor/Te-no_147.jpg,Training/notumor/Tr-no_771.jpg,Testing,Training,notumor,notumor,0,0,True,False
Testing/notumor/Te-no_147.jpg,Training/notumor/Tr-no_772.jpg,Testing,Training,notumor,notumor,0,0,True,False
Testing/notumor/Te-no_147.jpg,Training/notumor/Tr-no_1355.jpg,Testing,Training,notumor,notumor,0,0,True,False
Testing/notumor/Te-no_147.jpg,Training/notumor/Tr-no_1356.jpg,Testing,Training,notumor,notumor,0,0,True,False
Testing/notumor/Te-no_147.jpg,Training/notumor/Tr-no_558.jpg,Testing,Training,notumor,notumor,0,0,True,False
Testing/notumor/Te-no_147.jpg,Training/notumor/Tr-no_334.jpg,Testing,Training,notumor,notumor,0,0,True,False
Testing/notumor/Te-no_147.jpg,Training/notumor/Tr-no_145.jpg,Testing,Training,notumor,notumor,0,0,True,False
Testing/notumor/Te-no_147.jpg,Training/notumor/Tr-no_839.jpg,Testing,Training,notumor,notumor,0,0,True,False
Testing/notumor/Te-no_148.jpg,Training/notumor/Tr-no_1189.jpg,Testing,Training,notumor,notumor,0,1,True,False
Testing/notumor/Te-no_148.jpg,Training/notumor/Tr-no_69.jpg,Testing,Training,notumor,notumor,0,0,True,False
Testing/notumor/Te-no_148.jpg,Training/notumor/Tr-no_1204.jpg,Testing,Training,notumor,notumor,0,0,True,False
Testing/notumor/Te-no_148.jpg,Training/notumor/Tr-no_466.jpg,Testing,Training,notumor,notumor,0,1,True,False
Testing/notumor/Te-no_148.jpg,Training/notumor/Tr-no_1095.jpg,Testing,Training,notumor,notumor,0,0,True,False
Testing/notumor/Te-no_148.jpg,Training/notumor/Tr-no_584.jpg,Testing,Training,notumor,notumor,0,0,True,False
Testing/notumor/Te-no_148.jpg,Training/notumor/Tr-no_882.jpg,Testing,Training,notumor,notumor,0,0,True,False
Testing/notumor/Te-no_148.jpg,Training/notumor/Tr-no_768.jpg,Testing,Training,notumor,notumor,2,0,True,False
Testing/notumor/Te-no_148.jpg,Training/notumor/Tr-no_775.jpg,Testing,Training,notumor,notumor,0,0,True,False
Testing/notumor/Te-no_148.jpg,Training/notumor/Tr-no_317.jpg,Testing,Training,notumor,notumor,0,0,True,False
Testing/notumor/Te-no_148.jpg,Training/notumor/Tr-no_1237.jpg,Testing,Training,notumor,notumor,0,0,True,False
Testing/notumor/Te-no_15.jpg,Training/notumor/Tr-no_220.jpg,Testing,Training,notumor,notumor,0,0,True,False
Testing/notumor/Te-no_15.jpg,Training/notumor/Tr-no_631.jpg,Testing,Training,notumor,notumor,0,3,True,False
Testing/notumor/Te-no_15.jpg,Training/notumor/Tr-no_401.jpg,Testing,Training,notumor,notumor,0,0,True,False
Testing/notumor/Te-no_15.jpg,Training/notumor/Tr-no_926.jpg,Testing,Training,notumor,notumor,0,2,True,False
Testing/notumor/Te-no_15.jpg,Training/notumor/Tr-no_309.jpg,Testing,Training,notumor,notumor,0,0,True,False
Testing/notumor/Te-no_15.jpg,Training/notumor/Tr-no_890.jpg,Testing,Training,notumor,notumor,0,0,True,False
Testing/notumor/Te-no_15.jpg,Training/notumor/Tr-no_666.jpg,Testing,Training,notumor,notumor,0,0,True,False
Testing/notumor/Te-no_15.jpg,Training/notumor/Tr-no_1010.jpg,Testing,Training,notumor,notumor,0,0,True,False
Testing/notumor/Te-no_150.jpg,Training/notumor/Tr-no_247.jpg,Testing,Training,notumor,notumor,0,0,True,False
Testing/notumor/Te-no_151.jpg,Training/notumor/Tr-no_793.jpg,Testing,Training,notumor,notumor,0,0,True,False
Testing/notumor/Te-no_151.jpg,Training/notumor/Tr-no_1034.jpg,Testing,Training,notumor,notumor,0,0,True,False
Testing/notumor/Te-no_151.jpg,Training/notumor/Tr-no_146.jpg,Testing,Training,notumor,notumor,0,0,True,False
Testing/notumor/Te-no_151.jpg,Training/notumor/Tr-no_1233.jpg,Testing,Training,notumor,notumor,0,0,True,False
Testing/notumor/Te-no_151.jpg,Training/notumor/Tr-no_896.jpg,Testing,Training,notumor,notumor,0,0,True,False
Testing/notumor/Te-no_152.jpg,Training/notumor/Tr-no_461.jpg,Testing,Training,notumor,notumor,0,0,True,False
Testing/notumor/Te-no_152.jpg,Training/notumor/Tr-no_820.jpg,Testing,Training,notumor,notumor,0,0,True,False
Testing/notumor/Te-no_152.jpg,Training/notumor/Tr-no_1286.jpg,Testing,Training,notumor,notumor,0,0,True,False
Testing/notumor/Te-no_152.jpg,Training/notumor/Tr-no_72.jpg,Testing,Training,notumor,notumor,0,0,True,False
Testing/notumor/Te-no_152.jpg,Training/notumor/Tr-no_495.jpg,Testing,Training,notumor,notumor,0,0,True,False
Testing/notumor/Te-no_153.jpg,Training/notumor/Tr-no_388.jpg,Testing,Training,notumor,notumor,4,0,True,False
Testing/notumor/Te-no_153.jpg,Training/notumor/Tr-no_636.jpg,Testing,Training,notumor,notumor,4,0,True,False
Testing/notumor/Te-no_153.jpg,Training/notumor/Tr-no_1382.jpg,Testing,Training,notumor,notumor,0,0,True,False
Testing/notumor/Te-no_153.jpg,Training/notumor/Tr-no_932.jpg,Testing,Training,notumor,notumor,4,0,True,False
Testing/notumor/Te-no_153.jpg,Training/notumor/Tr-no_1391.jpg,Testing,Training,notumor,notumor,2,0,True,False
Testing/notumor/Te-no_153.jpg,Training/notumor/Tr-no_1218.jpg,Testing,Training,notumor,notumor,4,0,True,False
Testing/notumor/Te-no_153.jpg,Training/notumor/Tr-no_1164.jpg,Testing,Training,notumor,notumor,0,0,True,False
Testing/notumor/Te-no_153.jpg,Training/notumor/Tr-no_202.jpg,Testing,Training,notumor,notumor,4,0,True,False
Testing/notumor/Te-no_153.jpg,Training/notumor/Tr-no_837.jpg,Testing,Training,notumor,notumor,4,0,True,False
Testing/notumor/Te-no_153.jpg,Training/notumor/Tr-no_439.jpg,Testing,Training,notumor,notumor,4,0,True,False
Testing/notumor/Te-no_153.jpg,Training/notumor/Tr-no_557.jpg,Testing,Training,notumor,notumor,4,0,True,False
Testing/notumor/Te-no_154.jpg,Training/notumor/Tr-no_965.jpg,Testing,Training,notumor,notumor,0,0,True,False
Testing/notumor/Te-no_154.jpg,Training/notumor/Tr-no_850.jpg,Testing,Training,notumor,notumor,0,1,True,False
Testing/notumor/Te-no_154.jpg,Training/notumor/Tr-no_971.jpg,Testing,Training,notumor,notumor,0,0,True,False
Testing/notumor/Te-no_154.jpg,Training/notumor/Tr-no_634.jpg,Testing,Training,notumor,notumor,0,0,True,False
Testing/notumor/Te-no_154.jpg,Training/notumor/Tr-no_178.jpg,Testing,Training,notumor,notumor,0,0,True,False
Testing/notumor/Te-no_154.jpg,Training/notumor/Tr-no_1216.jpg,Testing,Training,notumor,notumor,0,0,True,False
Testing/notumor/Te-no_154.jpg,Training/notumor/Tr-no_1335.jpg,Testing,Training,notumor,notumor,0,0,True,False
Testing/notumor/Te-no_155.jpg,Training/notumor/Tr-no_390.jpg,Testing,Training,notumor,notumor,0,0,True,False
Testing/notumor/Te-no_155.jpg,Training/notumor/Tr-no_186.jpg,Testing,Training,notumor,notumor,0,0,True,False
Testing/notumor/Te-no_155.jpg,Training/notumor/Tr-no_549.jpg,Testing,Training,notumor,notumor,0,0,True,False
Testing/notumor/Te-no_155.jpg,Training/notumor/Tr-no_722.jpg,Testing,Training,notumor,notumor,0,0,True,False
Testing/notumor/Te-no_155.jpg,Training/notumor/Tr-no_838.jpg,Testing,Training,notumor,notumor,0,0,True,False
Testing/notumor/Te-no_155.jpg,Training/notumor/Tr-no_731.jpg,Testing,Training,notumor,notumor,0,0,True,False
Testing/notumor/Te-no_156.jpg,Training/notumor/Tr-no_1301.jpg,Testing,Training,notumor,notumor,0,0,True,False
Testing/notumor/Te-no_156.jpg,Training/notumor/Tr-no_851.jpg,Testing,Training,notumor,notumor,0,0,True,False
Testing/notumor/Te-no_156.jpg,Training/notumor/Tr-no_1098.jpg,Testing,Training,notumor,notumor,0,0,True,False
Testing/notumor/Te-no_156.jpg,Training/notumor/Tr-no_1337.jpg,Testing,Training,notumor,notumor,0,0,True,False
Testing/notumor/Te-no_156.jpg,Training/notumor/Tr-no_151.jpg,Testing,Training,notumor,notumor,0,0,True,False
Testing/notumor/Te-no_157.jpg,Training/notumor/Tr-no_271.jpg,Testing,Training,notumor,notumor,0,0,True,False
Testing/notumor/Te-no_157.jpg,Training/notumor/Tr-no_1313.jpg,Testing,Training,notumor,notumor,0,0,True,False
Testing/notumor/Te-no_157.jpg,Training/notumor/Tr-no_751.jpg,Testing,Training,notumor,notumor,0,0,True,False
Testing/notumor/Te-no_157.jpg,Training/notumor/Tr-no_81.jpg,Testing,Training,notumor,notumor,0,0,True,False
Testing/notumor/Te-no_157.jpg,Training/notumor/Tr-no_1150.jpg,Testing,Training,notumor,notumor,0,0,True,False
Testing/notumor/Te-no_157.jpg,Training/notumor/Tr-no_530.jpg,Testing,Training,notumor,notumor,0,0,True,False
Testing/notumor/Te-no_157.jpg,Training/notumor/Tr-no_1108.jpg,Testing,Training,notumor,notumor,0,0,True,False
Testing/notumor/Te-no_157.jpg,Training/notumor/Tr-no_721.jpg,Testing,Training,notumor,notumor,0,0,True,False
Testing/notumor/Te-no_158.jpg,Training/notumor/Tr-no_16.jpg,Testing,Training,notumor,notumor,0,0,True,False
Testing/notumor/Te-no_158.jpg,Training/notumor/Tr-no_1076.jpg,Testing,Training,notumor,notumor,0,0,True,False
Testing/notumor/Te-no_158.jpg,Training/notumor/Tr-no_1078.jpg,Testing,Training,notumor,notumor,0,0,True,False
Testing/notumor/Te-no_158.jpg,Training/notumor/Tr-no_624.jpg,Testing,Training,notumor,notumor,4,0,True,False
Testing/notumor/Te-no_158.jpg,Training/notumor/Tr-no_1202.jpg,Testing,Training,notumor,notumor,0,0,True,False
Testing/notumor/Te-no_158.jpg,Training/notumor/Tr-no_521.jpg,Testing,Training,notumor,notumor,0,0,True,False
Testing/notumor/Te-no_158.jpg,Training/notumor/Tr-no_529.jpg,Testing,Training,notumor,notumor,4,0,True,False
Testing/notumor/Te-no_158.jpg,Training/notumor/Tr-no_53.jpg,Testing,Training,notumor,notumor,0,0,True,False
Testing/notumor/Te-no_158.jpg,Training/notumor/Tr-no_883.jpg,Testing,Training,notumor,notumor,4,0,True,False
Testing/notumor/Te-no_158.jpg,Training/notumor/Tr-no_424.jpg,Testing,Training,notumor,notumor,0,0,True,False
Testing/notumor/Te-no_158.jpg,Training/notumor/Tr-no_773.jpg,Testing,Training,notumor,notumor,0,0,True,False
Testing/notumor/Te-no_158.jpg,Training/notumor/Tr-no_89.jpg,Testing,Training,notumor,notumor,4,0,True,False
Testing/notumor/Te-no_158.jpg,Training/notumor/Tr-no_66.jpg,Testing,Training,notumor,notumor,0,0,True,False
Testing/notumor/Te-no_158.jpg,Training/notumor/Tr-no_776.jpg,Testing,Training,notumor,notumor,4,0,True,False
Testing/notumor/Te-no_158.jpg,Training/notumor/Tr-no_780.jpg,Testing,Training,notumor,notumor,0,0,True,False
Testing/notumor/Te-no_158.jpg,Training/notumor/Tr-no_1241.jpg,Testing,Training,notumor,notumor,4,0,True,False
Testing/notumor/Te-no_158.jpg,Training/notumor/Tr-no_213.jpg,Testing,Training,notumor,notumor,0,0,True,False
Testing/notumor/Te-no_158.jpg,Training/notumor/Tr-no_1370.jpg,Testing,Training,notumor,notumor,0,0,True,False
Testing/notumor/Te-no_158.jpg,Training/notumor/Tr-no_35.jpg,Testing,Training,notumor,notumor,0,0,True,False
Testing/notumor/Te-no_158.jpg,Training/notumor/Tr-no_583.jpg,Testing,Training,notumor,notumor,0,0,True,False
Testing/notumor/Te-no_158.jpg,Training/notumor/Tr-no_1161.jpg,Testing,Training,notumor,notumor,4,0,True,False
Testing/notumor/Te-no_158.jpg,Training/notumor/Tr-no_1053.jpg,Testing,Training,notumor,notumor,0,0,True,False
Testing/notumor/Te-no_158.jpg,Training/notumor/Tr-no_254.jpg,Testing,Training,notumor,notumor,0,0,True,False
Testing/notumor/Te-no_158.jpg,Training/notumor/Tr-no_1174.jpg,Testing,Training,notumor,notumor,4,0,True,False
Testing/notumor/Te-no_158.jpg,Training/notumor/Tr-no_497.jpg,Testing,Training,notumor,notumor,0,0,True,False
Testing/notumor/Te-no_158.jpg,Training/notumor/Tr-no_1299.jpg,Testing,Training,notumor,notumor,0,0,True,False
Testing/notumor/Te-no_159.jpg,Training/notumor/Tr-no_970.jpg,Testing,Training,notumor,notumor,0,0,True,False
Testing/notumor/Te-no_16.jpg,Training/notumor/Tr-no_560.jpg,Testing,Training,notumor,notumor,0,0,True,False
Testing/notumor/Te-no_16.jpg,Training/notumor/Tr-no_332.jpg,Testing,Training,notumor,notumor,0,0,True,False
Testing/notumor/Te-no_16.jpg,Training/notumor/Tr-no_290.jpg,Testing,Training,notumor,notumor,0,0,True,False
Testing/notumor/Te-no_16.jpg,Training/notumor/Tr-no_302.jpg,Testing,Training,notumor,notumor,0,0,True,False
Testing/notumor/Te-no_16.jpg,Training/notumor/Tr-no_191.jpg,Testing,Training,notumor,notumor,0,0,True,False
Testing/notumor/Te-no_16.jpg,Training/notumor/Tr-no_958.jpg,Testing,Training,notumor,notumor,0,0,True,False
Testing/notumor/Te-no_16.jpg,Training/notumor/Tr-no_672.jpg,Testing,Training,notumor,notumor,0,0,True,False
Testing/notumor/Te-no_160.jpg,Training/notumor/Tr-no_1250.jpg,Testing,Training,notumor,notumor,0,0,True,False
Testing/notumor/Te-no_160.jpg,Training/notumor/Tr-no_803.jpg,Testing,Training,notumor,notumor,0,0,True,False
Testing/notumor/Te-no_160.jpg,Training/notumor/Tr-no_345.jpg,Testing,Training,notumor,notumor,0,0,True,False
Testing/notumor/Te-no_160.jpg,Training/notumor/Tr-no_648.jpg,Testing,Training,notumor,notumor,0,0,True,False
Testing/notumor/Te-no_160.jpg,Training/notumor/Tr-no_995.jpg,Testing,Training,notumor,notumor,0,0,True,False
Testing/notumor/Te-no_160.jpg,Training/notumor/Tr-no_901.jpg,Testing,Training,notumor,notumor,0,0,True,False
Testing/notumor/Te-no_160.jpg,Training/notumor/Tr-no_673.jpg,Testing,Training,notumor,notumor,0,0,True,False
Testing/notumor/Te-no_161.jpg,Training/notumor/Tr-no_852.jpg,Testing,Training,notumor,notumor,2,0,True,False
Testing/notumor/Te-no_161.jpg,Training/notumor/Tr-no_1195.jpg,Testing,Training,notumor,notumor,0,0,True,False
Testing/notumor/Te-no_161.jpg,Training/notumor/Tr-no_628.jpg,Testing,Training,notumor,notumor,0,0,True,False
Testing/notumor/Te-no_161.jpg,Training/notumor/Tr-no_182.jpg,Testing,Training,notumor,notumor,0,0,True,False
Testing/notumor/Te-no_161.jpg,Training/notumor/Tr-no_19.jpg,Testing,Training,notumor,notumor,0,0,True,False
Testing/notumor/Te-no_161.jpg,Training/notumor/Tr-no_651.jpg,Testing,Training,notumor,notumor,0,0,True,False
Testing/notumor/Te-no_161.jpg,Training/notumor/Tr-no_425.jpg,Testing,Training,notumor,notumor,0,0,True,False
Testing/notumor/Te-no_161.jpg,Training/notumor/Tr-no_892.jpg,Testing,Training,notumor,notumor,0,0,True,False
Testing/notumor/Te-no_161.jpg,Training/notumor/Tr-no_1230.jpg,Testing,Training,notumor,notumor,0,0,True,False
Testing/notumor/Te-no_161.jpg,Training/notumor/Tr-no_1232.jpg,Testing,Training,notumor,notumor,0,0,True,False
Testing/notumor/Te-no_161.jpg,Training/notumor/Tr-no_447.jpg,Testing,Training,notumor,notumor,0,0,True,False
Testing/notumor/Te-no_161.jpg,Training/notumor/Tr-no_469.jpg,Testing,Training,notumor,notumor,0,0,True,False
Testing/notumor/Te-no_161.jpg,Training/notumor/Tr-no_470.jpg,Testing,Training,notumor,notumor,0,0,True,False
Testing/notumor/Te-no_161.jpg,Training/notumor/Tr-no_24.jpg,Testing,Training,notumor,notumor,0,0,True,False
Testing/notumor/Te-no_161.jpg,Training/notumor/Tr-no_704.jpg,Testing,Training,notumor,notumor,0,0,True,False
Testing/notumor/Te-no_161.jpg,Training/notumor/Tr-no_1282.jpg,Testing,Training,notumor,notumor,0,0,True,False
Testing/notumor/Te-no_161.jpg,Training/notumor/Tr-no_716.jpg,Testing,Training,notumor,notumor,0,0,True,False
Testing/notumor/Te-no_161.jpg,Training/notumor/Tr-no_720.jpg,Testing,Training,notumor,notumor,0,0,True,False
Testing/notumor/Te-no_161.jpg,Training/notumor/Tr-no_499.jpg,Testing,Training,notumor,notumor,0,0,True,False
Testing/notumor/Te-no_161.jpg,Training/notumor/Tr-no_734.jpg,Testing,Training,notumor,notumor,0,0,True,False
Testing/notumor/Te-no_161.jpg,Training/notumor/Tr-no_740.jpg,Testing,Training,notumor,notumor,0,0,True,False
Testing/notumor/Te-no_161.jpg,Training/notumor/Tr-no_1084.jpg,Testing,Training,notumor,notumor,0,0,True,False
Testing/notumor/Te-no_161.jpg,Training/notumor/Tr-no_986.jpg,Testing,Training,notumor,notumor,0,0,True,False
Testing/notumor/Te-no_161.jpg,Training/notumor/Tr-no_11.jpg,Testing,Training,notumor,notumor,0,0,True,False
Testing/notumor/Te-no_161.jpg,Training/notumor/Tr-no_994.jpg,Testing,Training,notumor,notumor,0,0,True,False
Testing/notumor/Te-no_161.jpg,Training/notumor/Tr-no_1338.jpg,Testing,Training,notumor,notumor,0,0,True,False
Testing/notumor/Te-no_161.jpg,Training/notumor/Tr-no_771.jpg,Testing,Training,notumor,notumor,0,0,True,False
Testing/notumor/Te-no_161.jpg,Training/notumor/Tr-no_772.jpg,Testing,Training,notumor,notumor,0,0,True,False
Testing/notumor/Te-no_161.jpg,Training/notumor/Tr-no_1355.jpg,Testing,Training,notumor,notumor,0,0,True,False
Testing/notumor/Te-no_161.jpg,Training/notumor/Tr-no_1356.jpg,Testing,Training,notumor,notumor,0,0,True,False
Testing/notumor/Te-no_161.jpg,Training/notumor/Tr-no_558.jpg,Testing,Training,notumor,notumor,0,0,True,False
Testing/notumor/Te-no_161.jpg,Training/notumor/Tr-no_334.jpg,Testing,Training,notumor,notumor,0,0,True,False
Testing/notumor/Te-no_161.jpg,Training/notumor/Tr-no_145.jpg,Testing,Training,notumor,notumor,0,0,True,False
Testing/notumor/Te-no_161.jpg,Training/notumor/Tr-no_839.jpg,Testing,Training,notumor,notumor,0,0,True,False
Testing/notumor/Te-no_162.jpg,Training/notumor/Tr-no_409.jpg,Testing,Training,notumor,notumor,0,0,True,False
Testing/notumor/Te-no_162.jpg,Training/notumor/Tr-no_122.jpg,Testing,Training,notumor,notumor,0,0,True,False
Testing/notumor/Te-no_162.jpg,Training/notumor/Tr-no_422.jpg,Testing,Training,notumor,notumor,0,0,True,False
Testing/notumor/Te-no_162.jpg,Training/notumor/Tr-no_1224.jpg,Testing,Training,notumor,notumor,0,0,True,False
Testing/notumor/Te-no_162.jpg,Training/notumor/Tr-no_1341.jpg,Testing,Training,notumor,notumor,0,0,True,False
Testing/notumor/Te-no_162.jpg,Training/notumor/Tr-no_1118.jpg,Testing,Training,notumor,notumor,0,0,True,False
Testing/notumor/Te-no_162.jpg,Training/notumor/Tr-no_1349.jpg,Testing,Training,notumor,notumor,0,0,True,False
Testing/notumor/Te-no_162.jpg,Training/notumor/Tr-no_443.jpg,Testing,Training,notumor,notumor,0,0,True,False
Testing/notumor/Te-no_162.jpg,Training/notumor/Tr-no_1368.jpg,Testing,Training,notumor,notumor,0,0,True,False
Testing/notumor/Te-no_162.jpg,Training/notumor/Tr-no_80.jpg,Testing,Training,notumor,notumor,0,0,True,False
Testing/notumor/Te-no_162.jpg,Training/notumor/Tr-no_1146.jpg,Testing,Training,notumor,notumor,0,0,True,False
Testing/notumor/Te-no_162.jpg,Training/notumor/Tr-no_236.jpg,Testing,Training,notumor,notumor,0,0,True,False
Testing/notumor/Te-no_162.jpg,Training/notumor/Tr-no_352.jpg,Testing,Training,notumor,notumor,0,0,True,False
Testing/notumor/Te-no_162.jpg,Training/notumor/Tr-no_1038.jpg,Testing,Training,notumor,notumor,0,0,True,False
Testing/notumor/Te-no_162.jpg,Training/notumor/Tr-no_127.jpg,Testing,Training,notumor,notumor,0,0,True,False
Testing/notumor/Te-no_162.jpg,Training/notumor/Tr-no_369.jpg,Testing,Training,notumor,notumor,0,1,True,False
Testing/notumor/Te-no_162.jpg,Training/notumor/Tr-no_603.jpg,Testing,Training,notumor,notumor,0,1,True,False
Testing/notumor/Te-no_163.jpg,Training/notumor/Tr-no_622.jpg,Testing,Training,notumor,notumor,0,1,True,False
Testing/notumor/Te-no_163.jpg,Training/notumor/Tr-no_184.jpg,Testing,Training,notumor,notumor,0,0,True,False
Testing/notumor/Te-no_163.jpg,Training/notumor/Tr-no_1222.jpg,Testing,Training,notumor,notumor,0,0,True,False
Testing/notumor/Te-no_163.jpg,Training/notumor/Tr-no_199.jpg,Testing,Training,notumor,notumor,0,0,True,False
Testing/notumor/Te-no_163.jpg,Training/notumor/Tr-no_211.jpg,Testing,Training,notumor,notumor,0,0,True,False
Testing/notumor/Te-no_163.jpg,Training/notumor/Tr-no_675.jpg,Testing,Training,notumor,notumor,0,0,True,False
Testing/notumor/Te-no_163.jpg,Training/notumor/Tr-no_1256.jpg,Testing,Training,notumor,notumor,0,0,True,False
Testing/notumor/Te-no_163.jpg,Training/notumor/Tr-no_1029.jpg,Testing,Training,notumor,notumor,0,0,True,False
Testing/notumor/Te-no_163.jpg,Training/notumor/Tr-no_1035.jpg,Testing,Training,notumor,notumor,0,1,True,False
Testing/notumor/Te-no_163.jpg,Training/notumor/Tr-no_1039.jpg,Testing,Training,notumor,notumor,0,0,True,False
Testing/notumor/Te-no_163.jpg,Training/notumor/Tr-no_936.jpg,Testing,Training,notumor,notumor,0,1,True,False
Testing/notumor/Te-no_163.jpg,Training/notumor/Tr-no_476.jpg,Testing,Training,notumor,notumor,0,2,True,False
Testing/notumor/Te-no_163.jpg,Training/notumor/Tr-no_1050.jpg,Testing,Training,notumor,notumor,0,0,True,False
Testing/notumor/Te-no_163.jpg,Training/notumor/Tr-no_1051.jpg,Testing,Training,notumor,notumor,0,0,True,False
Testing/notumor/Te-no_163.jpg,Training/notumor/Tr-no_253.jpg,Testing,Training,notumor,notumor,0,0,True,False
Testing/notumor/Te-no_163.jpg,Training/notumor/Tr-no_715.jpg,Testing,Training,notumor,notumor,0,0,True,False
Testing/notumor/Te-no_163.jpg,Training/notumor/Tr-no_1066.jpg,Testing,Training,notumor,notumor,0,0,True,False
Testing/notumor/Te-no_163.jpg,Training/notumor/Tr-no_270.jpg,Testing,Training,notumor,notumor,0,0,True,False
Testing/notumor/Te-no_163.jpg,Training/notumor/Tr-no_272.jpg,Testing,Training,notumor,notumor,0,0,True,False
Testing/notumor/Te-no_163.jpg,Training/notumor/Tr-no_1315.jpg,Testing,Training,notumor,notumor,0,0,True,False
Testing/notumor/Te-no_163.jpg,Training/notumor/Tr-no_1086.jpg,Testing,Training,notumor,notumor,0,0,True,False
Testing/notumor/Te-no_163.jpg,Training/notumor/Tr-no_1091.jpg,Testing,Training,notumor,notumor,0,0,True,False
Testing/notumor/Te-no_163.jpg,Training/notumor/Tr-no_538.jpg,Testing,Training,notumor,notumor,0,0,True,False
Testing/notumor/Te-no_163.jpg,Training/notumor/Tr-no_320.jpg,Testing,Training,notumor,notumor,0,0,True,False
Testing/notumor/Te-no_163.jpg,Training/notumor/Tr-no_330.jpg,Testing,Training,notumor,notumor,0,0,True,False
Testing/notumor/Te-no_163.jpg,Training/notumor/Tr-no_794.jpg,Testing,Training,notumor,notumor,0,0,True,False
Testing/notumor/Te-no_163.jpg,Training/notumor/Tr-no_797.jpg,Testing,Training,notumor,notumor,0,0,True,False
Testing/notumor/Te-no_163.jpg,Training/notumor/Tr-no_1151.jpg,Testing,Training,notumor,notumor,0,0,True,False
Testing/notumor/Te-no_163.jpg,Training/notumor/Tr-no_1385.jpg,Testing,Training,notumor,notumor,0,0,True,False
Testing/notumor/Te-no_163.jpg,Training/notumor/Tr-no_1158.jpg,Testing,Training,notumor,notumor,0,0,True,False
Testing/notumor/Te-no_163.jpg,Training/notumor/Tr-no_600.jpg,Testing,Training,notumor,notumor,0,0,True,False
Testing/notumor/Te-no_164.jpg,Training/notumor/Tr-no_621.jpg,Testing,Training,notumor,notumor,0,0,True,False
Testing/notumor/Te-no_164.jpg,Training/notumor/Tr-no_1136.jpg,Testing,Training,notumor,notumor,0,0,True,False
Testing/notumor/Te-no_164.jpg,Training/notumor/Tr-no_480.jpg,Testing,Training,notumor,notumor,0,0,True,False
Testing/notumor/Te-no_164.jpg,Training/notumor/Tr-no_835.jpg,Testing,Training,notumor,notumor,0,0,True,False
Testing/notumor/Te-no_164.jpg,Training/notumor/Tr-no_548.jpg,Testing,Training,notumor,notumor,4,0,True,False
Testing/notumor/Te-no_165.jpg,Training/notumor/Tr-no_158.jpg,Testing,Training,notumor,notumor,0,0,True,False
Testing/notumor/Te-no_165.jpg,Training/notumor/Tr-no_39.jpg,Testing,Training,notumor,notumor,0,0,True,False
Testing/notumor/Te-no_165.jpg,Training/notumor/Tr-no_160.jpg,Testing,Training,notumor,notumor,0,0,True,False
Testing/notumor/Te-no_165.jpg,Training/notumor/Tr-no_278.jpg,Testing,Training,notumor,notumor,0,0,True,False
Testing/notumor/Te-no_165.jpg,Training/notumor/Tr-no_291.jpg,Testing,Training,notumor,notumor,0,0,True,False
Testing/notumor/Te-no_165.jpg,Training/notumor/Tr-no_755.jpg,Testing,Training,notumor,notumor,0,0,True,False
Testing/notumor/Te-no_165.jpg,Training/notumor/Tr-no_64.jpg,Testing,Training,notumor,notumor,0,0,True,False
Testing/notumor/Te-no_165.jpg,Training/notumor/Tr-no_655.jpg,Testing,Training,notumor,notumor,0,0,True,False
Testing/notumor/Te-no_165.jpg,Training/notumor/Tr-no_435.jpg,Testing,Training,notumor,notumor,0,0,True,False
Testing/notumor/Te-no_165.jpg,Training/notumor/Tr-no_788.jpg,Testing,Training,notumor,notumor,0,0,True,False
Testing/notumor/Te-no_165.jpg,Training/notumor/Tr-no_231.jpg,Testing,Training,notumor,notumor,0,1,True,False
Testing/notumor/Te-no_165.jpg,Training/notumor/Tr-no_359.jpg,Testing,Training,notumor,notumor,0,1,True,False
Testing/notumor/Te-no_165.jpg,Training/notumor/Tr-no_83.jpg,Testing,Training,notumor,notumor,0,0,True,False
Testing/notumor/Te-no_165.jpg,Training/notumor/Tr-no_370.jpg,Testing,Training,notumor,notumor,0,0,True,False
Testing/notumor/Te-no_165.jpg,Training/notumor/Tr-no_614.jpg,Testing,Training,notumor,notumor,0,0,True,False
Testing/notumor/Te-no_166.jpg,Training/notumor/Tr-no_626.jpg,Testing,Training,notumor,notumor,2,0,True,False
Testing/notumor/Te-no_166.jpg,Training/notumor/Tr-no_400.jpg,Testing,Training,notumor,notumor,0,0,True,False
Testing/notumor/Te-no_166.jpg,Training/notumor/Tr-no_288.jpg,Testing,Training,notumor,notumor,0,0,True,False
Testing/notumor/Te-no_166.jpg,Training/notumor/Tr-no_175.jpg,Testing,Training,notumor,notumor,0,0,True,False
Testing/notumor/Te-no_166.jpg,Training/notumor/Tr-no_176.jpg,Testing,Training,notumor,notumor,2,0,True,False
Testing/notumor/Te-no_166.jpg,Training/notumor/Tr-no_1211.jpg,Testing,Training,notumor,notumor,2,0,True,False
Testing/notumor/Te-no_166.jpg,Training/notumor/Tr-no_876.jpg,Testing,Training,notumor,notumor,0,0,True,False
Testing/notumor/Te-no_166.jpg,Training/notumor/Tr-no_536.jpg,Testing,Training,notumor,notumor,0,0,True,False
Testing/notumor/Te-no_166.jpg,Training/notumor/Tr-no_657.jpg,Testing,Training,notumor,notumor,2,0,True,False
Testing/notumor/Te-no_166.jpg,Training/notumor/Tr-no_314.jpg,Testing,Training,notumor,notumor,0,0,True,False
Testing/notumor/Te-no_166.jpg,Training/notumor/Tr-no_665.jpg,Testing,Training,notumor,notumor,2,0,True,False
Testing/notumor/Te-no_166.jpg,Training/notumor/Tr-no_321.jpg,Testing,Training,notumor,notumor,0,0,True,False
Testing/notumor/Te-no_166.jpg,Training/notumor/Tr-no_552.jpg,Testing,Training,notumor,notumor,2,0,True,False
Testing/notumor/Te-no_166.jpg,Training/notumor/Tr-no_56.jpg,Testing,Training,notumor,notumor,0,0,True,False
Testing/notumor/Te-no_166.jpg,Training/notumor/Tr-no_1247.jpg,Testing,Training,notumor,notumor,0,0,True,False
Testing/notumor/Te-no_166.jpg,Training/notumor/Tr-no_1364.jpg,Testing,Training,notumor,notumor,0,0,True,False
Testing/notumor/Te-no_166.jpg,Training/notumor/Tr-no_799.jpg,Testing,Training,notumor,notumor,0,0,True,False
Testing/notumor/Te-no_166.jpg,Training/notumor/Tr-no_1023.jpg,Testing,Training,notumor,notumor,0,0,True,False
Testing/notumor/Te-no_166.jpg,Training/notumor/Tr-no_139.jpg,Testing,Training,notumor,notumor,0,0,True,False
Testing/notumor/Te-no_166.jpg,Training/notumor/Tr-no_143.jpg,Testing,Training,notumor,notumor,0,0,True,False
Testing/notumor/Te-no_166.jpg,Training/notumor/Tr-no_1068.jpg,Testing,Training,notumor,notumor,0,0,True,False
Testing/notumor/Te-no_166.jpg,Training/notumor/Tr-no_612.jpg,Testing,Training,notumor,notumor,0,0,True,False
Testing/notumor/Te-no_166.jpg,Training/notumor/Tr-no_73.jpg,Testing,Training,notumor,notumor,0,0,True,False
Testing/notumor/Te-no_166.jpg,Training/notumor/Tr-no_50.jpg,Testing,Training,notumor,notumor,0,0,True,False
Testing/notumor/Te-no_167.jpg,Training/notumor/Tr-no_147.jpg,Testing,Training,notumor,notumor,0,0,True,False
Testing/notumor/Te-no_168.jpg,Training/notumor/Tr-no_504.jpg,Testing,Training,notumor,notumor,0,0,True,False
Testing/notumor/Te-no_168.jpg,Training/notumor/Tr-no_223.jpg,Testing,Training,notumor,notumor,0,0,True,False
Testing/notumor/Te-no_168.jpg,Training/notumor/Tr-no_811.jpg,Testing,Training,notumor,notumor,0,0,True,False
Testing/notumor/Te-no_168.jpg,Training/notumor/Tr-no_585.jpg,Testing,Training,notumor,notumor,0,0,True,False
Testing/notumor/Te-no_168.jpg,Training/notumor/Tr-no_1276.jpg,Testing,Training,notumor,notumor,0,0,True,False
Testing/notumor/Te-no_168.jpg,Training/notumor/Tr-no_1103.jpg,Testing,Training,notumor,notumor,0,0,True,False
Testing/notumor/Te-no_168.jpg,Training/notumor/Tr-no_1052.jpg,Testing,Training,notumor,notumor,0,0,True,False
Testing/notumor/Te-no_168.jpg,Training/notumor/Tr-no_948.jpg,Testing,Training,notumor,notumor,0,0,True,False
Testing/notumor/Te-no_169.jpg,Training/notumor/Tr-no_1190.jpg,Testing,Training,notumor,notumor,0,0,True,False
Testing/notumor/Te-no_169.jpg,Training/notumor/Tr-no_511.jpg,Testing,Training,notumor,notumor,0,0,True,False
Testing/notumor/Te-no_169.jpg,Training/notumor/Tr-no_172.jpg,Testing,Training,notumor,notumor,0,0,True,False
Testing/notumor/Te-no_169.jpg,Training/notumor/Tr-no_765.jpg,Testing,Training,notumor,notumor,0,0,True,False
Testing/notumor/Te-no_169.jpg,Training/notumor/Tr-no_304.jpg,Testing,Training,notumor,notumor,0,0,True,False
Testing/notumor/Te-no_169.jpg,Training/notumor/Tr-no_547.jpg,Testing,Training,notumor,notumor,0,0,True,False
Testing/notumor/Te-no_169.jpg,Training/notumor/Tr-no_204.jpg,Testing,Training,notumor,notumor,0,0,True,False
Testing/notumor/Te-no_169.jpg,Training/notumor/Tr-no_668.jpg,Testing,Training,notumor,notumor,0,0,True,False
Testing/notumor/Te-no_169.jpg,Training/notumor/Tr-no_44.jpg,Testing,Training,notumor,notumor,0,0,True,False
Testing/notumor/Te-no_169.jpg,Training/notumor/Tr-no_326.jpg,Testing,Training,notumor,notumor,0,0,True,False
Testing/notumor/Te-no_169.jpg,Training/notumor/Tr-no_916.jpg,Testing,Training,notumor,notumor,0,0,True,False
Testing/notumor/Te-no_169.jpg,Training/notumor/Tr-no_689.jpg,Testing,Training,notumor,notumor,0,0,True,False
Testing/notumor/Te-no_169.jpg,Training/notumor/Tr-no_696.jpg,Testing,Training,notumor,notumor,0,0,True,False
Testing/notumor/Te-no_169.jpg,Training/notumor/Tr-no_587.jpg,Testing,Training,notumor,notumor,0,0,True,False
Testing/notumor/Te-no_169.jpg,Training/notumor/Tr-no_243.jpg,Testing,Training,notumor,notumor,0,0,True,False
Testing/notumor/Te-no_169.jpg,Training/notumor/Tr-no_718.jpg,Testing,Training,notumor,notumor,0,0,True,False
Testing/notumor/Te-no_169.jpg,Training/notumor/Tr-no_847.jpg,Testing,Training,notumor,notumor,0,0,True,False
Testing/notumor/Te-no_17.jpg,Training/notumor/Tr-no_390.jpg,Testing,Training,notumor,notumor,2,0,True,False
Testing/notumor/Te-no_17.jpg,Training/notumor/Tr-no_114.jpg,Testing,Training,notumor,notumor,0,0,True,False
Testing/notumor/Te-no_17.jpg,Training/notumor/Tr-no_991.jpg,Testing,Training,notumor,notumor,0,0,True,False
Testing/notumor/Te-no_17.jpg,Training/notumor/Tr-no_186.jpg,Testing,Training,notumor,notumor,2,0,True,False
Testing/notumor/Te-no_17.jpg,Training/notumor/Tr-no_731.jpg,Testing,Training,notumor,notumor,2,0,True,False
Testing/notumor/Te-no_17.jpg,Training/notumor/Tr-no_313.jpg,Testing,Training,notumor,notumor,0,0,True,False
Testing/notumor/Te-no_17.jpg,Training/notumor/Tr-no_491.jpg,Testing,Training,notumor,notumor,0,0,True,False
Testing/notumor/Te-no_17.jpg,Training/notumor/Tr-no_549.jpg,Testing,Training,notumor,notumor,2,0,True,False
Testing/notumor/Te-no_17.jpg,Training/notumor/Tr-no_722.jpg,Testing,Training,notumor,notumor,2,0,True,False
Testing/notumor/Te-no_17.jpg,Training/notumor/Tr-no_838.jpg,Testing,Training,notumor,notumor,2,0,True,False
Testing/notumor/Te-no_17.jpg,Training/notumor/Tr-no_615.jpg,Testing,Training,notumor,notumor,0,0,True,False
Testing/notumor/Te-no_17.jpg,Training/notumor/Tr-no_1185.jpg,Testing,Training,notumor,notumor,0,0,True,False
Testing/notumor/Te-no_170.jpg,Training/notumor/Tr-no_859.jpg,Testing,Training,notumor,notumor,0,0,True,False
Testing/notumor/Te-no_170.jpg,Training/notumor/Tr-no_404.jpg,Testing,Training,notumor,notumor,0,0,True,False
Testing/notumor/Te-no_170.jpg,Training/notumor/Tr-no_635.jpg,Testing,Training,notumor,notumor,0,0,True,False
Testing/notumor/Te-no_170.jpg,Training/notumor/Tr-no_759.jpg,Testing,Training,notumor,notumor,0,0,True,False
Testing/notumor/Te-no_170.jpg,Training/notumor/Tr-no_136.jpg,Testing,Training,notumor,notumor,0,0,True,False
Testing/notumor/Te-no_170.jpg,Training/notumor/Tr-no_924.jpg,Testing,Training,notumor,notumor,0,0,True,False
Testing/notumor/Te-no_170.jpg,Training/notumor/Tr-no_239.jpg,Testing,Training,notumor,notumor,0,0,True,False
Testing/notumor/Te-no_170.jpg,Training/notumor/Tr-no_1041.jpg,Testing,Training,notumor,notumor,0,0,True,False
Testing/notumor/Te-no_170.jpg,Training/notumor/Tr-no_713.jpg,Testing,Training,notumor,notumor,0,0,True,False
Testing/notumor/Te-no_170.jpg,Training/notumor/Tr-no_834.jpg,Testing,Training,notumor,notumor,0,0,True,False
Testing/notumor/Te-no_171.jpg,Training/notumor/Tr-no_16.jpg,Testing,Training,notumor,notumor,0,0,True,False
Testing/notumor/Te-no_171.jpg,Training/notumor/Tr-no_1076.jpg,Testing,Training,notumor,notumor,0,0,True,False
Testing/notumor/Te-no_171.jpg,Training/notumor/Tr-no_1078.jpg,Testing,Training,notumor,notumor,0,0,True,False
Testing/notumor/Te-no_171.jpg,Training/notumor/Tr-no_624.jpg,Testing,Training,notumor,notumor,4,0,True,False
Testing/notumor/Te-no_171.jpg,Training/notumor/Tr-no_1202.jpg,Testing,Training,notumor,notumor,0,0,True,False
Testing/notumor/Te-no_171.jpg,Training/notumor/Tr-no_521.jpg,Testing,Training,notumor,notumor,0,0,True,False
Testing/notumor/Te-no_171.jpg,Training/notumor/Tr-no_529.jpg,Testing,Training,notumor,notumor,4,0,True,False
Testing/notumor/Te-no_171.jpg,Training/notumor/Tr-no_53.jpg,Testing,Training,notumor,notumor,0,0,True,False
Testing/notumor/Te-no_171.jpg,Training/notumor/Tr-no_883.jpg,Testing,Training,notumor,notumor,4,0,True,False
Testing/notumor/Te-no_171.jpg,Training/notumor/Tr-no_424.jpg,Testing,Training,notumor,notumor,0,0,True,False
Testing/notumor/Te-no_171.jpg,Training/notumor/Tr-no_773.jpg,Testing,Training,notumor,notumor,0,0,True,False
Testing/notumor/Te-no_171.jpg,Training/notumor/Tr-no_89.jpg,Testing,Training,notumor,notumor,4,0,True,False
Testing/notumor/Te-no_171.jpg,Training/notumor/Tr-no_66.jpg,Testing,Training,notumor,notumor,0,0,True,False
Testing/notumor/Te-no_171.jpg,Training/notumor/Tr-no_776.jpg,Testing,Training,notumor,notumor,4,0,True,False
Testing/notumor/Te-no_171.jpg,Training/notumor/Tr-no_780.jpg,Testing,Training,notumor,notumor,0,0,True,False
Testing/notumor/Te-no_171.jpg,Training/notumor/Tr-no_1241.jpg,Testing,Training,notumor,notumor,4,0,True,False
Testing/notumor/Te-no_171.jpg,Training/notumor/Tr-no_213.jpg,Testing,Training,notumor,notumor,0,0,True,False
Testing/notumor/Te-no_171.jpg,Training/notumor/Tr-no_1370.jpg,Testing,Training,notumor,notumor,0,0,True,False
Testing/notumor/Te-no_171.jpg,Training/notumor/Tr-no_35.jpg,Testing,Training,notumor,notumor,0,0,True,False
Testing/notumor/Te-no_171.jpg,Training/notumor/Tr-no_583.jpg,Testing,Training,notumor,notumor,0,0,True,False
Testing/notumor/Te-no_171.jpg,Training/notumor/Tr-no_1161.jpg,Testing,Training,notumor,notumor,4,0,True,False
Testing/notumor/Te-no_171.jpg,Training/notumor/Tr-no_1053.jpg,Testing,Training,notumor,notumor,0,0,True,False
Testing/notumor/Te-no_171.jpg,Training/notumor/Tr-no_254.jpg,Testing,Training,notumor,notumor,0,0,True,False
Testing/notumor/Te-no_171.jpg,Training/notumor/Tr-no_1174.jpg,Testing,Training,notumor,notumor,4,0,True,False
Testing/notumor/Te-no_171.jpg,Training/notumor/Tr-no_497.jpg,Testing,Training,notumor,notumor,0,0,True,False
Testing/notumor/Te-no_171.jpg,Training/notumor/Tr-no_1299.jpg,Testing,Training,notumor,notumor,0,0,True,False
Testing/notumor/Te-no_172.jpg,Training/notumor/Tr-no_1013.jpg,Testing,Training,notumor,notumor,0,1,True,False
Testing/notumor/Te-no_172.jpg,Training/notumor/Tr-no_679.jpg,Testing,Training,notumor,notumor,0,0,True,False
Testing/notumor/Te-no_172.jpg,Training/notumor/Tr-no_226.jpg,Testing,Training,notumor,notumor,0,0,True,False
Testing/notumor/Te-no_172.jpg,Training/notumor/Tr-no_1314.jpg,Testing,Training,notumor,notumor,0,0,True,False
Testing/notumor/Te-no_172.jpg,Training/notumor/Tr-no_343.jpg,Testing,Training,notumor,notumor,0,0,True,False
Testing/notumor/Te-no_172.jpg,Training/notumor/Tr-no_572.jpg,Testing,Training,notumor,notumor,0,0,True,False
Testing/notumor/Te-no_172.jpg,Training/notumor/Tr-no_921.jpg,Testing,Training,notumor,notumor,0,0,True,False
Testing/notumor/Te-no_172.jpg,Training/notumor/Tr-no_414.jpg,Testing,Training,notumor,notumor,0,0,True,False
Testing/notumor/Te-no_172.jpg,Training/notumor/Tr-no_54.jpg,Testing,Training,notumor,notumor,2,0,True,False
Testing/notumor/Te-no_172.jpg,Training/notumor/Tr-no_1168.jpg,Testing,Training,notumor,notumor,0,0,True,False
Testing/notumor/Te-no_172.jpg,Training/notumor/Tr-no_49.jpg,Testing,Training,notumor,notumor,0,1,True,False
Testing/notumor/Te-no_172.jpg,Training/notumor/Tr-no_318.jpg,Testing,Training,notumor,notumor,0,0,True,False
Testing/notumor/Te-no_172.jpg,Training/notumor/Tr-no_1120.jpg,Testing,Training,notumor,notumor,0,0,True,False
Testing/notumor/Te-no_173.jpg,Training/notumor/Tr-no_4.jpg,Testing,Training,notumor,notumor,2,0,True,False
Testing/notumor/Te-no_173.jpg,Training/notumor/Tr-no_878.jpg,Testing,Training,notumor,notumor,0,0,True,False
Testing/notumor/Te-no_173.jpg,Training/notumor/Tr-no_1126.jpg,Testing,Training,notumor,notumor,0,0,True,False
Testing/notumor/Te-no_173.jpg,Training/notumor/Tr-no_68.jpg,Testing,Training,notumor,notumor,0,0,True,False
Testing/notumor/Te-no_173.jpg,Training/notumor/Tr-no_564.jpg,Testing,Training,notumor,notumor,0,0,True,False
Testing/notumor/Te-no_173.jpg,Training/notumor/Tr-no_807.jpg,Testing,Training,notumor,notumor,2,0,True,False
Testing/notumor/Te-no_173.jpg,Training/notumor/Tr-no_694.jpg,Testing,Training,notumor,notumor,0,0,True,False
Testing/notumor/Te-no_173.jpg,Training/notumor/Tr-no_1167.jpg,Testing,Training,notumor,notumor,0,0,True,False
Testing/notumor/Te-no_173.jpg,Training/notumor/Tr-no_368.jpg,Testing,Training,notumor,notumor,0,0,True,False
Testing/notumor/Te-no_173.jpg,Training/notumor/Tr-no_252.jpg,Testing,Training,notumor,notumor,2,0,True,False
Testing/notumor/Te-no_173.jpg,Training/notumor/Tr-no_1182.jpg,Testing,Training,notumor,notumor,2,0,True,False
Testing/notumor/Te-no_174.jpg,Training/notumor/Tr-no_393.jpg,Testing,Training,notumor,notumor,0,0,True,False
Testing/notumor/Te-no_174.jpg,Training/notumor/Tr-no_627.jpg,Testing,Training,notumor,notumor,0,0,True,False
Testing/notumor/Te-no_174.jpg,Training/notumor/Tr-no_981.jpg,Testing,Training,notumor,notumor,0,0,True,False
Testing/notumor/Te-no_174.jpg,Training/notumor/Tr-no_646.jpg,Testing,Training,notumor,notumor,0,0,True,False
Testing/notumor/Te-no_174.jpg,Training/notumor/Tr-no_877.jpg,Testing,Training,notumor,notumor,0,0,True,False
Testing/notumor/Te-no_174.jpg,Training/notumor/Tr-no_999.jpg,Testing,Training,notumor,notumor,0,0,True,False
Testing/notumor/Te-no_174.jpg,Training/notumor/Tr-no_1119.jpg,Testing,Training,notumor,notumor,0,0,True,False
Testing/notumor/Te-no_174.jpg,Training/notumor/Tr-no_785.jpg,Testing,Training,notumor,notumor,0,0,True,False
Testing/notumor/Te-no_174.jpg,Training/notumor/Tr-no_441.jpg,Testing,Training,notumor,notumor,0,0,True,False
Testing/notumor/Te-no_174.jpg,Training/notumor/Tr-no_561.jpg,Testing,Training,notumor,notumor,0,0,True,False
Testing/notumor/Te-no_174.jpg,Training/notumor/Tr-no_678.jpg,Testing,Training,notumor,notumor,0,0,True,False
Testing/notumor/Te-no_174.jpg,Training/notumor/Tr-no_1362.jpg,Testing,Training,notumor,notumor,0,0,True,False
Testing/notumor/Te-no_174.jpg,Training/notumor/Tr-no_1022.jpg,Testing,Training,notumor,notumor,0,0,True,False
Testing/notumor/Te-no_175.jpg,Training/notumor/Tr-no_852.jpg,Testing,Training,notumor,notumor,0,0,True,False
Testing/notumor/Te-no_175.jpg,Training/notumor/Tr-no_1195.jpg,Testing,Training,notumor,notumor,2,0,True,False
Testing/notumor/Te-no_175.jpg,Training/notumor/Tr-no_628.jpg,Testing,Training,notumor,notumor,2,0,True,False
Testing/notumor/Te-no_175.jpg,Training/notumor/Tr-no_182.jpg,Testing,Training,notumor,notumor,0,0,True,False
Testing/notumor/Te-no_175.jpg,Training/notumor/Tr-no_19.jpg,Testing,Training,notumor,notumor,0,0,True,False
Testing/notumor/Te-no_175.jpg,Training/notumor/Tr-no_651.jpg,Testing,Training,notumor,notumor,0,0,True,False
Testing/notumor/Te-no_175.jpg,Training/notumor/Tr-no_425.jpg,Testing,Training,notumor,notumor,2,0,True,False
Testing/notumor/Te-no_175.jpg,Training/notumor/Tr-no_892.jpg,Testing,Training,notumor,notumor,2,0,True,False
Testing/notumor/Te-no_175.jpg,Training/notumor/Tr-no_1230.jpg,Testing,Training,notumor,notumor,2,0,True,False
Testing/notumor/Te-no_175.jpg,Training/notumor/Tr-no_1232.jpg,Testing,Training,notumor,notumor,2,0,True,False
Testing/notumor/Te-no_175.jpg,Training/notumor/Tr-no_447.jpg,Testing,Training,notumor,notumor,0,0,True,False
Testing/notumor/Te-no_175.jpg,Training/notumor/Tr-no_469.jpg,Testing,Training,notumor,notumor,2,0,True,False
Testing/notumor/Te-no_175.jpg,Training/notumor/Tr-no_24.jpg,Testing,Training,notumor,notumor,2,0,True,False
Testing/notumor/Te-no_175.jpg,Training/notumor/Tr-no_470.jpg,Testing,Training,notumor,notumor,2,0,True,False
Testing/notumor/Te-no_175.jpg,Training/notumor/Tr-no_704.jpg,Testing,Training,notumor,notumor,0,0,True,False
Testing/notumor/Te-no_175.jpg,Training/notumor/Tr-no_1282.jpg,Testing,Training,notumor,notumor,2,0,True,False
Testing/notumor/Te-no_175.jpg,Training/notumor/Tr-no_716.jpg,Testing,Training,notumor,notumor,0,0,True,False
Testing/notumor/Te-no_175.jpg,Training/notumor/Tr-no_720.jpg,Testing,Training,notumor,notumor,0,0,True,False
Testing/notumor/Te-no_175.jpg,Training/notumor/Tr-no_499.jpg,Testing,Training,notumor,notumor,0,0,True,False
Testing/notumor/Te-no_175.jpg,Training/notumor/Tr-no_734.jpg,Testing,Training,notumor,notumor,0,0,True,False
Testing/notumor/Te-no_175.jpg,Training/notumor/Tr-no_740.jpg,Testing,Training,notumor,notumor,2,0,True,False
Testing/notumor/Te-no_175.jpg,Training/notumor/Tr-no_1084.jpg,Testing,Training,notumor,notumor,0,0,True,False
Testing/notumor/Te-no_175.jpg,Training/notumor/Tr-no_986.jpg,Testing,Training,notumor,notumor,0,0,True,False
Testing/notumor/Te-no_175.jpg,Training/notumor/Tr-no_11.jpg,Testing,Training,notumor,notumor,0,0,True,False
Testing/notumor/Te-no_175.jpg,Training/notumor/Tr-no_994.jpg,Testing,Training,notumor,notumor,0,0,True,False
Testing/notumor/Te-no_175.jpg,Training/notumor/Tr-no_1338.jpg,Testing,Training,notumor,notumor,2,0,True,False
Testing/notumor/Te-no_175.jpg,Training/notumor/Tr-no_771.jpg,Testing,Training,notumor,notumor,0,0,True,False
Testing/notumor/Te-no_175.jpg,Training/notumor/Tr-no_772.jpg,Testing,Training,notumor,notumor,2,0,True,False
Testing/notumor/Te-no_175.jpg,Training/notumor/Tr-no_1356.jpg,Testing,Training,notumor,notumor,0,0,True,False
Testing/notumor/Te-no_175.jpg,Training/notumor/Tr-no_1355.jpg,Testing,Training,notumor,notumor,2,0,True,False
Testing/notumor/Te-no_175.jpg,Training/notumor/Tr-no_558.jpg,Testing,Training,notumor,notumor,2,0,True,False
Testing/notumor/Te-no_175.jpg,Training/notumor/Tr-no_334.jpg,Testing,Training,notumor,notumor,0,0,True,False
Testing/notumor/Te-no_175.jpg,Training/notumor/Tr-no_145.jpg,Testing,Training,notumor,notumor,2,0,True,False
Testing/notumor/Te-no_175.jpg,Training/notumor/Tr-no_839.jpg,Testing,Training,notumor,notumor,0,0,True,False
Testing/notumor/Te-no_176.jpg,Training/notumor/Tr-no_276.jpg,Testing,Training,notumor,notumor,2,0,True,False
Testing/notumor/Te-no_176.jpg,Training/notumor/Tr-no_395.jpg,Testing,Training,notumor,notumor,2,0,True,False
Testing/notumor/Te-no_176.jpg,Training/notumor/Tr-no_108.jpg,Testing,Training,notumor,notumor,0,0,True,False
Testing/notumor/Te-no_176.jpg,Training/notumor/Tr-no_296.jpg,Testing,Training,notumor,notumor,0,0,True,False
Testing/notumor/Te-no_176.jpg,Training/notumor/Tr-no_989.jpg,Testing,Training,notumor,notumor,0,0,True,False
Testing/notumor/Te-no_176.jpg,Training/notumor/Tr-no_111.jpg,Testing,Training,notumor,notumor,4,0,True,False
Testing/notumor/Te-no_176.jpg,Training/notumor/Tr-no_1227.jpg,Testing,Training,notumor,notumor,0,0,True,False
Testing/notumor/Te-no_176.jpg,Training/notumor/Tr-no_795.jpg,Testing,Training,notumor,notumor,0,0,True,False
Testing/notumor/Te-no_176.jpg,Training/notumor/Tr-no_1251.jpg,Testing,Training,notumor,notumor,2,0,True,False
Testing/notumor/Te-no_176.jpg,Training/notumor/Tr-no_453.jpg,Testing,Training,notumor,notumor,0,0,True,False
Testing/notumor/Te-no_176.jpg,Training/notumor/Tr-no_588.jpg,Testing,Training,notumor,notumor,0,0,True,False
Testing/notumor/Te-no_176.jpg,Training/notumor/Tr-no_1047.jpg,Testing,Training,notumor,notumor,0,0,True,False
Testing/notumor/Te-no_176.jpg,Training/notumor/Tr-no_25.jpg,Testing,Training,notumor,notumor,2,0,True,False
Testing/notumor/Te-no_176.jpg,Training/notumor/Tr-no_1396.jpg,Testing,Training,notumor,notumor,0,0,True,False
Testing/notumor/Te-no_176.jpg,Training/notumor/Tr-no_947.jpg,Testing,Training,notumor,notumor,0,0,True,False
Testing/notumor/Te-no_176.jpg,Training/notumor/Tr-no_1055.jpg,Testing,Training,notumor,notumor,0,0,True,False
Testing/notumor/Te-no_176.jpg,Training/notumor/Tr-no_260.jpg,Testing,Training,notumor,notumor,0,0,True,False
Testing/notumor/Te-no_177.jpg,Training/notumor/Tr-no_622.jpg,Testing,Training,notumor,notumor,0,0,True,False
Testing/notumor/Te-no_177.jpg,Training/notumor/Tr-no_184.jpg,Testing,Training,notumor,notumor,0,2,True,False
Testing/notumor/Te-no_177.jpg,Training/notumor/Tr-no_1222.jpg,Testing,Training,notumor,notumor,0,2,True,False
Testing/notumor/Te-no_177.jpg,Training/notumor/Tr-no_199.jpg,Testing,Training,notumor,notumor,0,2,True,False
Testing/notumor/Te-no_177.jpg,Training/notumor/Tr-no_211.jpg,Testing,Training,notumor,notumor,0,1,True,False
Testing/notumor/Te-no_177.jpg,Training/notumor/Tr-no_675.jpg,Testing,Training,notumor,notumor,0,2,True,False
Testing/notumor/Te-no_177.jpg,Training/notumor/Tr-no_1256.jpg,Testing,Training,notumor,notumor,0,1,True,False
Testing/notumor/Te-no_177.jpg,Training/notumor/Tr-no_1029.jpg,Testing,Training,notumor,notumor,0,1,True,False
Testing/notumor/Te-no_177.jpg,Training/notumor/Tr-no_1035.jpg,Testing,Training,notumor,notumor,0,3,True,False
Testing/notumor/Te-no_177.jpg,Training/notumor/Tr-no_1039.jpg,Testing,Training,notumor,notumor,0,2,True,False
Testing/notumor/Te-no_177.jpg,Training/notumor/Tr-no_936.jpg,Testing,Training,notumor,notumor,0,1,True,False
Testing/notumor/Te-no_177.jpg,Training/notumor/Tr-no_476.jpg,Testing,Training,notumor,notumor,0,0,True,False
Testing/notumor/Te-no_177.jpg,Training/notumor/Tr-no_1050.jpg,Testing,Training,notumor,notumor,0,2,True,False
Testing/notumor/Te-no_177.jpg,Training/notumor/Tr-no_1051.jpg,Testing,Training,notumor,notumor,0,2,True,False
Testing/notumor/Te-no_177.jpg,Training/notumor/Tr-no_253.jpg,Testing,Training,notumor,notumor,0,2,True,False
Testing/notumor/Te-no_177.jpg,Training/notumor/Tr-no_715.jpg,Testing,Training,notumor,notumor,0,2,True,False
Testing/notumor/Te-no_177.jpg,Training/notumor/Tr-no_1066.jpg,Testing,Training,notumor,notumor,0,1,True,False
Testing/notumor/Te-no_177.jpg,Training/notumor/Tr-no_270.jpg,Testing,Training,notumor,notumor,0,2,True,False
Testing/notumor/Te-no_177.jpg,Training/notumor/Tr-no_272.jpg,Testing,Training,notumor,notumor,0,2,True,False
Testing/notumor/Te-no_177.jpg,Training/notumor/Tr-no_744.jpg,Testing,Training,notumor,notumor,2,0,True,False
Testing/notumor/Te-no_177.jpg,Training/notumor/Tr-no_1315.jpg,Testing,Training,notumor,notumor,0,2,True,False
Testing/notumor/Te-no_177.jpg,Training/notumor/Tr-no_1086.jpg,Testing,Training,notumor,notumor,0,2,True,False
Testing/notumor/Te-no_177.jpg,Training/notumor/Tr-no_1091.jpg,Testing,Training,notumor,notumor,0,1,True,False
Testing/notumor/Te-no_177.jpg,Training/notumor/Tr-no_538.jpg,Testing,Training,notumor,notumor,0,2,True,False
Testing/notumor/Te-no_177.jpg,Training/notumor/Tr-no_320.jpg,Testing,Training,notumor,notumor,0,2,True,False
Testing/notumor/Te-no_177.jpg,Training/notumor/Tr-no_330.jpg,Testing,Training,notumor,notumor,0,2,True,False
Testing/notumor/Te-no_177.jpg,Training/notumor/Tr-no_794.jpg,Testing,Training,notumor,notumor,0,2,True,False
Testing/notumor/Te-no_177.jpg,Training/notumor/Tr-no_797.jpg,Testing,Training,notumor,notumor,0,2,True,False
Testing/notumor/Te-no_177.jpg,Training/notumor/Tr-no_1151.jpg,Testing,Training,notumor,notumor,0,2,True,False
Testing/notumor/Te-no_177.jpg,Training/notumor/Tr-no_1385.jpg,Testing,Training,notumor,notumor,0,2,True,False
Testing/notumor/Te-no_177.jpg,Training/notumor/Tr-no_1158.jpg,Testing,Training,notumor,notumor,0,2,True,False
Testing/notumor/Te-no_177.jpg,Training/notumor/Tr-no_600.jpg,Testing,Training,notumor,notumor,0,2,True,False
Testing/notumor/Te-no_178.jpg,Training/notumor/Tr-no_1192.jpg,Testing,Training,notumor,notumor,0,1,True,False
Testing/notumor/Te-no_178.jpg,Training/notumor/Tr-no_1206.jpg,Testing,Training,notumor,notumor,0,0,True,False
Testing/notumor/Te-no_178.jpg,Training/notumor/Tr-no_756.jpg,Testing,Training,notumor,notumor,0,1,True,False
Testing/notumor/Te-no_178.jpg,Training/notumor/Tr-no_1217.jpg,Testing,Training,notumor,notumor,0,0,True,False
Testing/notumor/Te-no_178.jpg,Training/notumor/Tr-no_430.jpg,Testing,Training,notumor,notumor,0,0,True,False
Testing/notumor/Te-no_178.jpg,Training/notumor/Tr-no_1234.jpg,Testing,Training,notumor,notumor,0,0,True,False
Testing/notumor/Te-no_178.jpg,Training/notumor/Tr-no_1122.jpg,Testing,Training,notumor,notumor,0,0,True,False
Testing/notumor/Te-no_178.jpg,Training/notumor/Tr-no_902.jpg,Testing,Training,notumor,notumor,0,1,True,False
Testing/notumor/Te-no_178.jpg,Training/notumor/Tr-no_329.jpg,Testing,Training,notumor,notumor,0,0,True,False
Testing/notumor/Te-no_178.jpg,Training/notumor/Tr-no_1361.jpg,Testing,Training,notumor,notumor,0,0,True,False
Testing/notumor/Te-no_178.jpg,Training/notumor/Tr-no_680.jpg,Testing,Training,notumor,notumor,0,0,True,False
Testing/notumor/Te-no_178.jpg,Training/notumor/Tr-no_914.jpg,Testing,Training,notumor,notumor,0,0,True,False
Testing/notumor/Te-no_178.jpg,Training/notumor/Tr-no_573.jpg,Testing,Training,notumor,notumor,0,0,True,False
Testing/notumor/Te-no_178.jpg,Training/notumor/Tr-no_1145.jpg,Testing,Training,notumor,notumor,0,0,True,False
Testing/notumor/Te-no_178.jpg,Training/notumor/Tr-no_36.jpg,Testing,Training,notumor,notumor,0,0,True,False
Testing/notumor/Te-no_178.jpg,Training/notumor/Tr-no_1044.jpg,Testing,Training,notumor,notumor,0,0,True,False
Testing/notumor/Te-no_178.jpg,Training/notumor/Tr-no_944.jpg,Testing,Training,notumor,notumor,0,1,True,False
Testing/notumor/Te-no_178.jpg,Training/notumor/Tr-no_374.jpg,Testing,Training,notumor,notumor,0,0,True,False
Testing/notumor/Te-no_178.jpg,Training/notumor/Tr-no_375.jpg,Testing,Training,notumor,notumor,0,0,True,False
Testing/notumor/Te-no_178.jpg,Training/notumor/Tr-no_1293.jpg,Testing,Training,notumor,notumor,0,0,True,False
Testing/notumor/Te-no_178.jpg,Training/notumor/Tr-no_378.jpg,Testing,Training,notumor,notumor,0,0,True,False
Testing/notumor/Te-no_178.jpg,Training/notumor/Tr-no_613.jpg,Testing,Training,notumor,notumor,0,0,True,False
Testing/notumor/Te-no_179.jpg,Training/notumor/Tr-no_619.jpg,Testing,Training,notumor,notumor,2,0,True,False
Testing/notumor/Te-no_179.jpg,Training/notumor/Tr-no_297.jpg,Testing,Training,notumor,notumor,0,0,True,False
Testing/notumor/Te-no_179.jpg,Training/notumor/Tr-no_354.jpg,Testing,Training,notumor,notumor,2,0,True,False
Testing/notumor/Te-no_179.jpg,Training/notumor/Tr-no_366.jpg,Testing,Training,notumor,notumor,6,0,True,False
Testing/notumor/Te-no_179.jpg,Training/notumor/Tr-no_489.jpg,Testing,Training,notumor,notumor,6,0,True,False
Testing/notumor/Te-no_179.jpg,Training/notumor/Tr-no_130.jpg,Testing,Training,notumor,notumor,0,0,True,False
Testing/notumor/Te-no_18.jpg,Training/notumor/Tr-no_966.jpg,Testing,Training,notumor,notumor,0,0,True,False
Testing/notumor/Te-no_18.jpg,Training/notumor/Tr-no_860.jpg,Testing,Training,notumor,notumor,0,0,True,False
Testing/notumor/Te-no_18.jpg,Training/notumor/Tr-no_405.jpg,Testing,Training,notumor,notumor,0,0,True,False
Testing/notumor/Te-no_18.jpg,Training/notumor/Tr-no_1094.jpg,Testing,Training,notumor,notumor,0,0,True,False
Testing/notumor/Te-no_18.jpg,Training/notumor/Tr-no_357.jpg,Testing,Training,notumor,notumor,0,0,True,False
Testing/notumor/Te-no_18.jpg,Training/notumor/Tr-no_993.jpg,Testing,Training,notumor,notumor,0,0,True,False
Testing/notumor/Te-no_18.jpg,Training/notumor/Tr-no_824.jpg,Testing,Training,notumor,notumor,0,0,True,False
Testing/notumor/Te-no_18.jpg,Training/notumor/Tr-no_1166.jpg,Testing,Training,notumor,notumor,0,0,True,False
Testing/notumor/Te-no_18.jpg,Training/notumor/Tr-no_141.jpg,Testing,Training,notumor,notumor,0,0,True,False
Testing/notumor/Te-no_18.jpg,Training/notumor/Tr-no_372.jpg,Testing,Training,notumor,notumor,0,0,True,False
Testing/notumor/Te-no_18.jpg,Training/notumor/Tr-no_1125.jpg,Testing,Training,notumor,notumor,0,0,True,False
Testing/notumor/Te-no_180.jpg,Training/notumor/Tr-no_622.jpg,Testing,Training,notumor,notumor,0,1,True,False
Testing/notumor/Te-no_180.jpg,Training/notumor/Tr-no_184.jpg,Testing,Training,notumor,notumor,0,0,True,False
Testing/notumor/Te-no_180.jpg,Training/notumor/Tr-no_1222.jpg,Testing,Training,notumor,notumor,0,0,True,False
Testing/notumor/Te-no_180.jpg,Training/notumor/Tr-no_199.jpg,Testing,Training,notumor,notumor,0,0,True,False
Testing/notumor/Te-no_180.jpg,Training/notumor/Tr-no_211.jpg,Testing,Training,notumor,notumor,0,0,True,False
Testing/notumor/Te-no_180.jpg,Training/notumor/Tr-no_675.jpg,Testing,Training,notumor,notumor,0,0,True,False
Testing/notumor/Te-no_180.jpg,Training/notumor/Tr-no_1256.jpg,Testing,Training,notumor,notumor,0,0,True,False
Testing/notumor/Te-no_180.jpg,Training/notumor/Tr-no_1029.jpg,Testing,Training,notumor,notumor,0,0,True,False
Testing/notumor/Te-no_180.jpg,Training/notumor/Tr-no_1035.jpg,Testing,Training,notumor,notumor,0,1,True,False
Testing/notumor/Te-no_180.jpg,Training/notumor/Tr-no_1039.jpg,Testing,Training,notumor,notumor,0,0,True,False
Testing/notumor/Te-no_180.jpg,Training/notumor/Tr-no_936.jpg,Testing,Training,notumor,notumor,0,1,True,False
Testing/notumor/Te-no_180.jpg,Training/notumor/Tr-no_476.jpg,Testing,Training,notumor,notumor,0,2,True,False
Testing/notumor/Te-no_180.jpg,Training/notumor/Tr-no_1050.jpg,Testing,Training,notumor,notumor,0,0,True,False
Testing/notumor/Te-no_180.jpg,Training/notumor/Tr-no_1051.jpg,Testing,Training,notumor,notumor,0,0,True,False
Testing/notumor/Te-no_180.jpg,Training/notumor/Tr-no_253.jpg,Testing,Training,notumor,notumor,0,0,True,False
Testing/notumor/Te-no_180.jpg,Training/notumor/Tr-no_715.jpg,Testing,Training,notumor,notumor,0,0,True,False
Testing/notumor/Te-no_180.jpg,Training/notumor/Tr-no_1066.jpg,Testing,Training,notumor,notumor,0,0,True,False
Testing/notumor/Te-no_180.jpg,Training/notumor/Tr-no_1297.jpg,Testing,Training,notumor,notumor,0,1,True,False
Testing/notumor/Te-no_180.jpg,Training/notumor/Tr-no_270.jpg,Testing,Training,notumor,notumor,0,0,True,False
Testing/notumor/Te-no_180.jpg,Training/notumor/Tr-no_272.jpg,Testing,Training,notumor,notumor,0,0,True,False
Testing/notumor/Te-no_180.jpg,Training/notumor/Tr-no_1315.jpg,Testing,Training,notumor,notumor,0,0,True,False
Testing/notumor/Te-no_180.jpg,Training/notumor/Tr-no_1086.jpg,Testing,Training,notumor,notumor,0,0,True,False
Testing/notumor/Te-no_180.jpg,Training/notumor/Tr-no_1091.jpg,Testing,Training,notumor,notumor,0,0,True,False
Testing/notumor/Te-no_180.jpg,Training/notumor/Tr-no_538.jpg,Testing,Training,notumor,notumor,0,0,True,False
Testing/notumor/Te-no_180.jpg,Training/notumor/Tr-no_320.jpg,Testing,Training,notumor,notumor,0,0,True,False
Testing/notumor/Te-no_180.jpg,Training/notumor/Tr-no_330.jpg,Testing,Training,notumor,notumor,0,0,True,False
Testing/notumor/Te-no_180.jpg,Training/notumor/Tr-no_794.jpg,Testing,Training,notumor,notumor,0,0,True,False
Testing/notumor/Te-no_180.jpg,Training/notumor/Tr-no_797.jpg,Testing,Training,notumor,notumor,0,0,True,False
Testing/notumor/Te-no_180.jpg,Training/notumor/Tr-no_1151.jpg,Testing,Training,notumor,notumor,0,0,True,False
Testing/notumor/Te-no_180.jpg,Training/notumor/Tr-no_1385.jpg,Testing,Training,notumor,notumor,0,0,True,False
Testing/notumor/Te-no_180.jpg,Training/notumor/Tr-no_1158.jpg,Testing,Training,notumor,notumor,0,0,True,False
Testing/notumor/Te-no_180.jpg,Training/notumor/Tr-no_600.jpg,Testing,Training,notumor,notumor,0,0,True,False
Testing/notumor/Te-no_181.jpg,Training/notumor/Tr-no_276.jpg,Testing,Training,notumor,notumor,2,0,True,False
Testing/notumor/Te-no_181.jpg,Training/notumor/Tr-no_395.jpg,Testing,Training,notumor,notumor,2,0,True,False
Testing/notumor/Te-no_181.jpg,Training/notumor/Tr-no_108.jpg,Testing,Training,notumor,notumor,0,0,True,False
Testing/notumor/Te-no_181.jpg,Training/notumor/Tr-no_296.jpg,Testing,Training,notumor,notumor,0,0,True,False
Testing/notumor/Te-no_181.jpg,Training/notumor/Tr-no_989.jpg,Testing,Training,notumor,notumor,0,0,True,False
Testing/notumor/Te-no_181.jpg,Training/notumor/Tr-no_111.jpg,Testing,Training,notumor,notumor,4,0,True,False
Testing/notumor/Te-no_181.jpg,Training/notumor/Tr-no_1227.jpg,Testing,Training,notumor,notumor,0,0,True,False
Testing/notumor/Te-no_181.jpg,Training/notumor/Tr-no_795.jpg,Testing,Training,notumor,notumor,0,0,True,False
Testing/notumor/Te-no_181.jpg,Training/notumor/Tr-no_1251.jpg,Testing,Training,notumor,notumor,2,0,True,False
Testing/notumor/Te-no_181.jpg,Training/notumor/Tr-no_453.jpg,Testing,Training,notumor,notumor,0,0,True,False
Testing/notumor/Te-no_181.jpg,Training/notumor/Tr-no_588.jpg,Testing,Training,notumor,notumor,0,0,True,False
Testing/notumor/Te-no_181.jpg,Training/notumor/Tr-no_1047.jpg,Testing,Training,notumor,notumor,0,0,True,False
Testing/notumor/Te-no_181.jpg,Training/notumor/Tr-no_25.jpg,Testing,Training,notumor,notumor,2,0,True,False
Testing/notumor/Te-no_181.jpg,Training/notumor/Tr-no_1396.jpg,Testing,Training,notumor,notumor,0,0,True,False
Testing/notumor/Te-no_181.jpg,Training/notumor/Tr-no_947.jpg,Testing,Training,notumor,notumor,0,0,True,False
Testing/notumor/Te-no_181.jpg,Training/notumor/Tr-no_1055.jpg,Testing,Training,notumor,notumor,0,0,True,False
Testing/notumor/Te-no_181.jpg,Training/notumor/Tr-no_260.jpg,Testing,Training,notumor,notumor,0,0,True,False
Testing/notumor/Te-no_182.jpg,Training/notumor/Tr-no_849.jpg,Testing,Training,notumor,notumor,2,0,True,False
Testing/notumor/Te-no_182.jpg,Training/notumor/Tr-no_1306.jpg,Testing,Training,notumor,notumor,0,0,True,False
Testing/notumor/Te-no_182.jpg,Training/notumor/Tr-no_644.jpg,Testing,Training,notumor,notumor,6,0,True,False
Testing/notumor/Te-no_182.jpg,Training/notumor/Tr-no_544.jpg,Testing,Training,notumor,notumor,0,0,True,False
Testing/notumor/Te-no_182.jpg,Training/notumor/Tr-no_661.jpg,Testing,Training,notumor,notumor,2,0,True,False
Testing/notumor/Te-no_182.jpg,Training/notumor/Tr-no_1002.jpg,Testing,Training,notumor,notumor,0,0,True,False
Testing/notumor/Te-no_182.jpg,Training/notumor/Tr-no_550.jpg,Testing,Training,notumor,notumor,0,0,True,False
Testing/notumor/Te-no_182.jpg,Training/notumor/Tr-no_571.jpg,Testing,Training,notumor,notumor,0,0,True,False
Testing/notumor/Te-no_182.jpg,Training/notumor/Tr-no_805.jpg,Testing,Training,notumor,notumor,2,0,True,False
Testing/notumor/Te-no_182.jpg,Training/notumor/Tr-no_808.jpg,Testing,Training,notumor,notumor,0,0,True,False
Testing/notumor/Te-no_182.jpg,Training/notumor/Tr-no_1147.jpg,Testing,Training,notumor,notumor,4,0,True,False
Testing/notumor/Te-no_182.jpg,Training/notumor/Tr-no_246.jpg,Testing,Training,notumor,notumor,2,0,True,False
Testing/notumor/Te-no_182.jpg,Training/notumor/Tr-no_1281.jpg,Testing,Training,notumor,notumor,0,0,True,False
Testing/notumor/Te-no_182.jpg,Training/notumor/Tr-no_500.jpg,Testing,Training,notumor,notumor,0,0,True,False
Testing/notumor/Te-no_183.jpg,Training/notumor/Tr-no_742.jpg,Testing,Training,notumor,notumor,0,0,True,False
Testing/notumor/Te-no_183.jpg,Training/notumor/Tr-no_517.jpg,Testing,Training,notumor,notumor,0,0,True,False
Testing/notumor/Te-no_183.jpg,Training/notumor/Tr-no_293.jpg,Testing,Training,notumor,notumor,0,2,True,False
Testing/notumor/Te-no_183.jpg,Training/notumor/Tr-no_762.jpg,Testing,Training,notumor,notumor,0,1,True,False
Testing/notumor/Te-no_183.jpg,Training/notumor/Tr-no_885.jpg,Testing,Training,notumor,notumor,0,2,True,False
Testing/notumor/Te-no_183.jpg,Training/notumor/Tr-no_311.jpg,Testing,Training,notumor,notumor,0,0,True,False
Testing/notumor/Te-no_183.jpg,Training/notumor/Tr-no_1123.jpg,Testing,Training,notumor,notumor,0,0,True,False
Testing/notumor/Te-no_183.jpg,Training/notumor/Tr-no_324.jpg,Testing,Training,notumor,notumor,0,0,True,False
Testing/notumor/Te-no_183.jpg,Training/notumor/Tr-no_903.jpg,Testing,Training,notumor,notumor,0,2,True,False
Testing/notumor/Te-no_183.jpg,Training/notumor/Tr-no_570.jpg,Testing,Training,notumor,notumor,0,0,True,False
Testing/notumor/Te-no_183.jpg,Training/notumor/Tr-no_1372.jpg,Testing,Training,notumor,notumor,0,2,True,False
Testing/notumor/Te-no_183.jpg,Training/notumor/Tr-no_703.jpg,Testing,Training,notumor,notumor,0,2,True,False
Testing/notumor/Te-no_183.jpg,Training/notumor/Tr-no_827.jpg,Testing,Training,notumor,notumor,0,2,True,False
Testing/notumor/Te-no_183.jpg,Training/notumor/Tr-no_60.jpg,Testing,Training,notumor,notumor,0,2,True,False
Testing/notumor/Te-no_183.jpg,Training/notumor/Tr-no_259.jpg,Testing,Training,notumor,notumor,0,0,True,False
Testing/notumor/Te-no_183.jpg,Training/notumor/Tr-no_149.jpg,Testing,Training,notumor,notumor,0,0,True,False
Testing/notumor/Te-no_183.jpg,Training/notumor/Tr-no_1064.jpg,Testing,Training,notumor,notumor,0,2,True,False
Testing/notumor/Te-no_184.jpg,Training/notumor/Tr-no_620.jpg,Testing,Training,notumor,notumor,2,0,True,False
Testing/notumor/Te-no_184.jpg,Training/notumor/Tr-no_402.jpg,Testing,Training,notumor,notumor,0,0,True,False
Testing/notumor/Te-no_184.jpg,Training/notumor/Tr-no_403.jpg,Testing,Training,notumor,notumor,0,0,True,False
Testing/notumor/Te-no_184.jpg,Training/notumor/Tr-no_873.jpg,Testing,Training,notumor,notumor,2,0,True,False
Testing/notumor/Te-no_184.jpg,Training/notumor/Tr-no_643.jpg,Testing,Training,notumor,notumor,2,0,True,False
Testing/notumor/Te-no_184.jpg,Training/notumor/Tr-no_1220.jpg,Testing,Training,notumor,notumor,2,0,True,False
Testing/notumor/Te-no_184.jpg,Training/notumor/Tr-no_1.jpg,Testing,Training,notumor,notumor,0,0,True,False
Testing/notumor/Te-no_184.jpg,Training/notumor/Tr-no_2.jpg,Testing,Training,notumor,notumor,2,0,True,False
Testing/notumor/Te-no_184.jpg,Training/notumor/Tr-no_1244.jpg,Testing,Training,notumor,notumor,2,0,True,False
Testing/notumor/Te-no_184.jpg,Training/notumor/Tr-no_217.jpg,Testing,Training,notumor,notumor,4,0,True,False
Testing/notumor/Te-no_184.jpg,Training/notumor/Tr-no_227.jpg,Testing,Training,notumor,notumor,2,0,True,False
Testing/notumor/Te-no_184.jpg,Training/notumor/Tr-no_690.jpg,Testing,Training,notumor,notumor,2,0,True,False
Testing/notumor/Te-no_184.jpg,Training/notumor/Tr-no_23.jpg,Testing,Training,notumor,notumor,4,0,True,False
Testing/notumor/Te-no_184.jpg,Training/notumor/Tr-no_234.jpg,Testing,Training,notumor,notumor,2,0,True,False
Testing/notumor/Te-no_184.jpg,Training/notumor/Tr-no_488.jpg,Testing,Training,notumor,notumor,0,0,True,False
Testing/notumor/Te-no_184.jpg,Training/notumor/Tr-no_955.jpg,Testing,Training,notumor,notumor,2,0,True,False
Testing/notumor/Te-no_184.jpg,Training/notumor/Tr-no_735.jpg,Testing,Training,notumor,notumor,0,0,True,False
Testing/notumor/Te-no_184.jpg,Training/notumor/Tr-no_1304.jpg,Testing,Training,notumor,notumor,4,0,True,False
Testing/notumor/Te-no_184.jpg,Training/notumor/Tr-no_74.jpg,Testing,Training,notumor,notumor,0,0,True,False
Testing/notumor/Te-no_184.jpg,Training/notumor/Tr-no_514.jpg,Testing,Training,notumor,notumor,0,0,True,False
Testing/notumor/Te-no_184.jpg,Training/notumor/Tr-no_1083.jpg,Testing,Training,notumor,notumor,4,0,True,False
Testing/notumor/Te-no_184.jpg,Training/notumor/Tr-no_781.jpg,Testing,Training,notumor,notumor,2,0,True,False
Testing/notumor/Te-no_184.jpg,Training/notumor/Tr-no_559.jpg,Testing,Training,notumor,notumor,2,0,True,False
Testing/notumor/Te-no_184.jpg,Training/notumor/Tr-no_113.jpg,Testing,Training,notumor,notumor,4,0,True,False
Testing/notumor/Te-no_184.jpg,Training/notumor/Tr-no_331.jpg,Testing,Training,notumor,notumor,2,0,True,False
Testing/notumor/Te-no_184.jpg,Training/notumor/Tr-no_1371.jpg,Testing,Training,notumor,notumor,0,0,True,False
Testing/notumor/Te-no_184.jpg,Training/notumor/Tr-no_1375.jpg,Testing,Training,notumor,notumor,0,0,True,False
Testing/notumor/Te-no_184.jpg,Training/notumor/Tr-no_586.jpg,Testing,Training,notumor,notumor,2,0,True,False
Testing/notumor/Te-no_184.jpg,Training/notumor/Tr-no_1392.jpg,Testing,Training,notumor,notumor,2,0,True,False
Testing/notumor/Te-no_184.jpg,Training/notumor/Tr-no_595.jpg,Testing,Training,notumor,notumor,0,0,True,False
Testing/notumor/Te-no_184.jpg,Training/notumor/Tr-no_1163.jpg,Testing,Training,notumor,notumor,2,0,True,False
Testing/notumor/Te-no_184.jpg,Training/notumor/Tr-no_597.jpg,Testing,Training,notumor,notumor,0,0,True,False
Testing/notumor/Te-no_184.jpg,Training/notumor/Tr-no_37.jpg,Testing,Training,notumor,notumor,2,0,True,False
Testing/notumor/Te-no_184.jpg,Training/notumor/Tr-no_1170.jpg,Testing,Training,notumor,notumor,2,0,True,False
Testing/notumor/Te-no_184.jpg,Training/notumor/Tr-no_152.jpg,Testing,Training,notumor,notumor,4,0,True,False
Testing/notumor/Te-no_185.jpg,Training/notumor/Tr-no_852.jpg,Testing,Training,notumor,notumor,0,0,True,False
Testing/notumor/Te-no_185.jpg,Training/notumor/Tr-no_1195.jpg,Testing,Training,notumor,notumor,0,0,True,False
Testing/notumor/Te-no_185.jpg,Training/notumor/Tr-no_628.jpg,Testing,Training,notumor,notumor,0,0,True,False
Testing/notumor/Te-no_185.jpg,Training/notumor/Tr-no_182.jpg,Testing,Training,notumor,notumor,0,0,True,False
Testing/notumor/Te-no_185.jpg,Training/notumor/Tr-no_19.jpg,Testing,Training,notumor,notumor,0,0,True,False
Testing/notumor/Te-no_185.jpg,Training/notumor/Tr-no_651.jpg,Testing,Training,notumor,notumor,0,0,True,False
Testing/notumor/Te-no_185.jpg,Training/notumor/Tr-no_425.jpg,Testing,Training,notumor,notumor,0,0,True,False
Testing/notumor/Te-no_185.jpg,Training/notumor/Tr-no_892.jpg,Testing,Training,notumor,notumor,0,0,True,False
Testing/notumor/Te-no_185.jpg,Training/notumor/Tr-no_1230.jpg,Testing,Training,notumor,notumor,0,0,True,False
Testing/notumor/Te-no_185.jpg,Training/notumor/Tr-no_1232.jpg,Testing,Training,notumor,notumor,0,0,True,False
Testing/notumor/Te-no_185.jpg,Training/notumor/Tr-no_447.jpg,Testing,Training,notumor,notumor,0,0,True,False
Testing/notumor/Te-no_185.jpg,Training/notumor/Tr-no_469.jpg,Testing,Training,notumor,notumor,0,0,True,False
Testing/notumor/Te-no_185.jpg,Training/notumor/Tr-no_24.jpg,Testing,Training,notumor,notumor,0,0,True,False
Testing/notumor/Te-no_185.jpg,Training/notumor/Tr-no_470.jpg,Testing,Training,notumor,notumor,0,0,True,False
Testing/notumor/Te-no_185.jpg,Training/notumor/Tr-no_704.jpg,Testing,Training,notumor,notumor,0,0,True,False
Testing/notumor/Te-no_185.jpg,Training/notumor/Tr-no_1282.jpg,Testing,Training,notumor,notumor,0,0,True,False
Testing/notumor/Te-no_185.jpg,Training/notumor/Tr-no_716.jpg,Testing,Training,notumor,notumor,0,0,True,False
Testing/notumor/Te-no_185.jpg,Training/notumor/Tr-no_720.jpg,Testing,Training,notumor,notumor,0,0,True,False
Testing/notumor/Te-no_185.jpg,Training/notumor/Tr-no_499.jpg,Testing,Training,notumor,notumor,0,0,True,False
Testing/notumor/Te-no_185.jpg,Training/notumor/Tr-no_734.jpg,Testing,Training,notumor,notumor,0,0,True,False
Testing/notumor/Te-no_185.jpg,Training/notumor/Tr-no_740.jpg,Testing,Training,notumor,notumor,0,0,True,False
Testing/notumor/Te-no_185.jpg,Training/notumor/Tr-no_1084.jpg,Testing,Training,notumor,notumor,0,0,True,False
Testing/notumor/Te-no_185.jpg,Training/notumor/Tr-no_986.jpg,Testing,Training,notumor,notumor,0,0,True,False
Testing/notumor/Te-no_185.jpg,Training/notumor/Tr-no_11.jpg,Testing,Training,notumor,notumor,0,0,True,False
Testing/notumor/Te-no_185.jpg,Training/notumor/Tr-no_994.jpg,Testing,Training,notumor,notumor,0,0,True,False
Testing/notumor/Te-no_185.jpg,Training/notumor/Tr-no_1338.jpg,Testing,Training,notumor,notumor,0,0,True,False
Testing/notumor/Te-no_185.jpg,Training/notumor/Tr-no_771.jpg,Testing,Training,notumor,notumor,0,0,True,False
Testing/notumor/Te-no_185.jpg,Training/notumor/Tr-no_772.jpg,Testing,Training,notumor,notumor,0,0,True,False
Testing/notumor/Te-no_185.jpg,Training/notumor/Tr-no_1356.jpg,Testing,Training,notumor,notumor,0,0,True,False
Testing/notumor/Te-no_185.jpg,Training/notumor/Tr-no_1355.jpg,Testing,Training,notumor,notumor,0,0,True,False
Testing/notumor/Te-no_185.jpg,Training/notumor/Tr-no_558.jpg,Testing,Training,notumor,notumor,0,0,True,False
Testing/notumor/Te-no_185.jpg,Training/notumor/Tr-no_334.jpg,Testing,Training,notumor,notumor,0,0,True,False
Testing/notumor/Te-no_185.jpg,Training/notumor/Tr-no_145.jpg,Testing,Training,notumor,notumor,0,0,True,False
Testing/notumor/Te-no_185.jpg,Training/notumor/Tr-no_839.jpg,Testing,Training,notumor,notumor,0,0,True,False
Testing/notumor/Te-no_186.jpg,Training/notumor/Tr-no_16.jpg,Testing,Training,notumor,notumor,4,0,True,False
Testing/notumor/Te-no_186.jpg,Training/notumor/Tr-no_1076.jpg,Testing,Training,notumor,notumor,4,0,True,False
Testing/notumor/Te-no_186.jpg,Training/notumor/Tr-no_1078.jpg,Testing,Training,notumor,notumor,4,0,True,False
Testing/notumor/Te-no_186.jpg,Training/notumor/Tr-no_624.jpg,Testing,Training,notumor,notumor,4,0,True,False
Testing/notumor/Te-no_186.jpg,Training/notumor/Tr-no_1202.jpg,Testing,Training,notumor,notumor,4,0,True,False
Testing/notumor/Te-no_186.jpg,Training/notumor/Tr-no_521.jpg,Testing,Training,notumor,notumor,4,0,True,False
Testing/notumor/Te-no_186.jpg,Training/notumor/Tr-no_529.jpg,Testing,Training,notumor,notumor,2,0,True,False
Testing/notumor/Te-no_186.jpg,Training/notumor/Tr-no_53.jpg,Testing,Training,notumor,notumor,4,0,True,False
Testing/notumor/Te-no_186.jpg,Training/notumor/Tr-no_883.jpg,Testing,Training,notumor,notumor,2,0,True,False
Testing/notumor/Te-no_186.jpg,Training/notumor/Tr-no_424.jpg,Testing,Training,notumor,notumor,4,0,True,False
Testing/notumor/Te-no_186.jpg,Training/notumor/Tr-no_773.jpg,Testing,Training,notumor,notumor,4,0,True,False
Testing/notumor/Te-no_186.jpg,Training/notumor/Tr-no_89.jpg,Testing,Training,notumor,notumor,2,0,True,False
Testing/notumor/Te-no_186.jpg,Training/notumor/Tr-no_66.jpg,Testing,Training,notumor,notumor,4,0,True,False
Testing/notumor/Te-no_186.jpg,Training/notumor/Tr-no_776.jpg,Testing,Training,notumor,notumor,0,0,True,False
Testing/notumor/Te-no_186.jpg,Training/notumor/Tr-no_780.jpg,Testing,Training,notumor,notumor,4,0,True,False
Testing/notumor/Te-no_186.jpg,Training/notumor/Tr-no_1241.jpg,Testing,Training,notumor,notumor,0,0,True,False
Testing/notumor/Te-no_186.jpg,Training/notumor/Tr-no_213.jpg,Testing,Training,notumor,notumor,4,0,True,False
Testing/notumor/Te-no_186.jpg,Training/notumor/Tr-no_1370.jpg,Testing,Training,notumor,notumor,4,0,True,False
Testing/notumor/Te-no_186.jpg,Training/notumor/Tr-no_35.jpg,Testing,Training,notumor,notumor,4,0,True,False
Testing/notumor/Te-no_186.jpg,Training/notumor/Tr-no_1161.jpg,Testing,Training,notumor,notumor,2,0,True,False
Testing/notumor/Te-no_186.jpg,Training/notumor/Tr-no_1053.jpg,Testing,Training,notumor,notumor,4,0,True,False
Testing/notumor/Te-no_186.jpg,Training/notumor/Tr-no_254.jpg,Testing,Training,notumor,notumor,4,0,True,False
Testing/notumor/Te-no_186.jpg,Training/notumor/Tr-no_1174.jpg,Testing,Training,notumor,notumor,0,0,True,False
Testing/notumor/Te-no_186.jpg,Training/notumor/Tr-no_497.jpg,Testing,Training,notumor,notumor,4,0,True,False
Testing/notumor/Te-no_186.jpg,Training/notumor/Tr-no_1299.jpg,Testing,Training,notumor,notumor,4,0,True,False
Testing/notumor/Te-no_187.jpg,Training/notumor/Tr-no_1330.jpg,Testing,Training,notumor,notumor,0,0,True,False
Testing/notumor/Te-no_187.jpg,Training/notumor/Tr-no_1075.jpg,Testing,Training,notumor,notumor,0,0,True,False
Testing/notumor/Te-no_187.jpg,Training/notumor/Tr-no_825.jpg,Testing,Training,notumor,notumor,0,0,True,False
Testing/notumor/Te-no_187.jpg,Training/notumor/Tr-no_338.jpg,Testing,Training,notumor,notumor,0,0,True,False
Testing/notumor/Te-no_187.jpg,Training/notumor/Tr-no_137.jpg,Testing,Training,notumor,notumor,0,0,True,False
Testing/notumor/Te-no_187.jpg,Training/notumor/Tr-no_1026.jpg,Testing,Training,notumor,notumor,0,0,True,False
Testing/notumor/Te-no_187.jpg,Training/notumor/Tr-no_875.jpg,Testing,Training,notumor,notumor,0,0,True,False
Testing/notumor/Te-no_188.jpg,Training/notumor/Tr-no_61.jpg,Testing,Training,notumor,notumor,0,1,True,False
Testing/notumor/Te-no_188.jpg,Training/notumor/Tr-no_739.jpg,Testing,Training,notumor,notumor,0,0,True,False
Testing/notumor/Te-no_188.jpg,Training/notumor/Tr-no_396.jpg,Testing,Training,notumor,notumor,0,0,True,False
Testing/notumor/Te-no_188.jpg,Training/notumor/Tr-no_513.jpg,Testing,Training,notumor,notumor,0,0,True,False
Testing/notumor/Te-no_188.jpg,Training/notumor/Tr-no_748.jpg,Testing,Training,notumor,notumor,0,0,True,False
Testing/notumor/Te-no_188.jpg,Training/notumor/Tr-no_996.jpg,Testing,Training,notumor,notumor,0,0,True,False
Testing/notumor/Te-no_188.jpg,Training/notumor/Tr-no_197.jpg,Testing,Training,notumor,notumor,0,0,True,False
Testing/notumor/Te-no_188.jpg,Training/notumor/Tr-no_659.jpg,Testing,Training,notumor,notumor,0,0,True,False
Testing/notumor/Te-no_188.jpg,Training/notumor/Tr-no_889.jpg,Testing,Training,notumor,notumor,0,1,True,False
Testing/notumor/Te-no_188.jpg,Training/notumor/Tr-no_1346.jpg,Testing,Training,notumor,notumor,0,1,True,False
Testing/notumor/Te-no_188.jpg,Training/notumor/Tr-no_1347.jpg,Testing,Training,notumor,notumor,0,1,True,False
Testing/notumor/Te-no_188.jpg,Training/notumor/Tr-no_1121.jpg,Testing,Training,notumor,notumor,0,1,True,False
Testing/notumor/Te-no_188.jpg,Training/notumor/Tr-no_556.jpg,Testing,Training,notumor,notumor,0,0,True,False
Testing/notumor/Te-no_188.jpg,Training/notumor/Tr-no_1263.jpg,Testing,Training,notumor,notumor,0,0,True,False
Testing/notumor/Te-no_188.jpg,Training/notumor/Tr-no_1155.jpg,Testing,Training,notumor,notumor,0,0,True,False
Testing/notumor/Te-no_188.jpg,Training/notumor/Tr-no_1387.jpg,Testing,Training,notumor,notumor,0,1,True,False
Testing/notumor/Te-no_188.jpg,Training/notumor/Tr-no_1280.jpg,Testing,Training,notumor,notumor,0,0,True,False
Testing/notumor/Te-no_188.jpg,Training/notumor/Tr-no_264.jpg,Testing,Training,notumor,notumor,0,1,True,False
Testing/notumor/Te-no_189.jpg,Training/notumor/Tr-no_46.jpg,Testing,Training,notumor,notumor,0,0,True,False
Testing/notumor/Te-no_189.jpg,Training/notumor/Tr-no_5.jpg,Testing,Training,notumor,notumor,2,0,True,False
Testing/notumor/Te-no_189.jpg,Training/notumor/Tr-no_611.jpg,Testing,Training,notumor,notumor,0,0,True,False
Testing/notumor/Te-no_189.jpg,Training/notumor/Tr-no_1027.jpg,Testing,Training,notumor,notumor,0,0,True,False
Testing/notumor/Te-no_189.jpg,Training/notumor/Tr-no_693.jpg,Testing,Training,notumor,notumor,2,0,True,False
Testing/notumor/Te-no_189.jpg,Training/notumor/Tr-no_709.jpg,Testing,Training,notumor,notumor,2,0,True,False
Testing/notumor/Te-no_189.jpg,Training/notumor/Tr-no_1060.jpg,Testing,Training,notumor,notumor,2,0,True,False
Testing/notumor/Te-no_189.jpg,Training/notumor/Tr-no_1062.jpg,Testing,Training,notumor,notumor,2,0,True,False
Testing/notumor/Te-no_189.jpg,Training/notumor/Tr-no_1071.jpg,Testing,Training,notumor,notumor,2,0,True,False
Testing/notumor/Te-no_189.jpg,Training/notumor/Tr-no_109.jpg,Testing,Training,notumor,notumor,2,0,True,False
Testing/notumor/Te-no_189.jpg,Training/notumor/Tr-no_1102.jpg,Testing,Training,notumor,notumor,2,0,True,False
Testing/notumor/Te-no_189.jpg,Training/notumor/Tr-no_1124.jpg,Testing,Training,notumor,notumor,2,0,True,False
Testing/notumor/Te-no_189.jpg,Training/notumor/Tr-no_1138.jpg,Testing,Training,notumor,notumor,2,0,True,False
Testing/notumor/Te-no_189.jpg,Training/notumor/Tr-no_82.jpg,Testing,Training,notumor,notumor,2,0,True,False
Testing/notumor/Te-no_189.jpg,Training/notumor/Tr-no_1183.jpg,Testing,Training,notumor,notumor,2,0,True,False
Testing/notumor/Te-no_189.jpg,Training/notumor/Tr-no_1252.jpg,Testing,Training,notumor,notumor,0,0,True,False
Testing/notumor/Te-no_189.jpg,Training/notumor/Tr-no_1257.jpg,Testing,Training,notumor,notumor,2,0,True,False
Testing/notumor/Te-no_189.jpg,Training/notumor/Tr-no_169.jpg,Testing,Training,notumor,notumor,8,0,True,False
Testing/notumor/Te-no_189.jpg,Training/notumor/Tr-no_203.jpg,Testing,Training,notumor,notumor,0,0,True,False
Testing/notumor/Te-no_189.jpg,Training/notumor/Tr-no_21.jpg,Testing,Training,notumor,notumor,2,0,True,False
Testing/notumor/Te-no_189.jpg,Training/notumor/Tr-no_224.jpg,Testing,Training,notumor,notumor,2,0,True,False
Testing/notumor/Te-no_189.jpg,Training/notumor/Tr-no_232.jpg,Testing,Training,notumor,notumor,2,0,True,False
Testing/notumor/Te-no_189.jpg,Training/notumor/Tr-no_241.jpg,Testing,Training,notumor,notumor,0,0,True,False
Testing/notumor/Te-no_189.jpg,Training/notumor/Tr-no_249.jpg,Testing,Training,notumor,notumor,2,0,True,False
Testing/notumor/Te-no_189.jpg,Training/notumor/Tr-no_251.jpg,Testing,Training,notumor,notumor,2,0,True,False
Testing/notumor/Te-no_189.jpg,Training/notumor/Tr-no_267.jpg,Testing,Training,notumor,notumor,0,0,True,False
Testing/notumor/Te-no_189.jpg,Training/notumor/Tr-no_29.jpg,Testing,Training,notumor,notumor,2,0,True,False
Testing/notumor/Te-no_189.jpg,Training/notumor/Tr-no_322.jpg,Testing,Training,notumor,notumor,2,0,True,False
Testing/notumor/Te-no_189.jpg,Training/notumor/Tr-no_339.jpg,Testing,Training,notumor,notumor,2,0,True,False
Testing/notumor/Te-no_189.jpg,Training/notumor/Tr-no_351.jpg,Testing,Training,notumor,notumor,8,0,True,False
Testing/notumor/Te-no_189.jpg,Training/notumor/Tr-no_371.jpg,Testing,Training,notumor,notumor,2,0,True,False
Testing/notumor/Te-no_19.jpg,Training/notumor/Tr-no_1028.jpg,Testing,Training,notumor,notumor,6,0,True,False
Testing/notumor/Te-no_19.jpg,Training/notumor/Tr-no_1088.jpg,Testing,Training,notumor,notumor,0,0,True,False
Testing/notumor/Te-no_19.jpg,Training/notumor/Tr-no_1030.jpg,Testing,Training,notumor,notumor,6,0,True,False
Testing/notumor/Te-no_19.jpg,Training/notumor/Tr-no_195.jpg,Testing,Training,notumor,notumor,0,0,True,False
Testing/notumor/Te-no_190.jpg,Training/notumor/Tr-no_1017.jpg,Testing,Training,notumor,notumor,0,0,True,False
Testing/notumor/Te-no_190.jpg,Training/notumor/Tr-no_1296.jpg,Testing,Training,notumor,notumor,0,0,True,False
Testing/notumor/Te-no_191.jpg,Training/notumor/Tr-no_1017.jpg,Testing,Training,notumor,notumor,0,0,True,False
Testing/notumor/Te-no_191.jpg,Training/notumor/Tr-no_1296.jpg,Testing,Training,notumor,notumor,0,0,True,False
Testing/notumor/Te-no_192.jpg,Training/notumor/Tr-no_953.jpg,Testing,Training,notumor,notumor,0,0,True,False
Testing/notumor/Te-no_192.jpg,Training/notumor/Tr-no_285.jpg,Testing,Training,notumor,notumor,0,0,True,False
Testing/notumor/Te-no_192.jpg,Training/notumor/Tr-no_553.jpg,Testing,Training,notumor,notumor,0,0,True,False
Testing/notumor/Te-no_192.jpg,Training/notumor/Tr-no_809.jpg,Testing,Training,notumor,notumor,0,0,True,False
Testing/notumor/Te-no_192.jpg,Training/notumor/Tr-no_590.jpg,Testing,Training,notumor,notumor,0,0,True,False
Testing/notumor/Te-no_193.jpg,Training/notumor/Tr-no_739.jpg,Testing,Training,notumor,notumor,0,0,True,False
Testing/notumor/Te-no_193.jpg,Training/notumor/Tr-no_396.jpg,Testing,Training,notumor,notumor,0,0,True,False
Testing/notumor/Te-no_193.jpg,Training/notumor/Tr-no_513.jpg,Testing,Training,notumor,notumor,0,1,True,False
Testing/notumor/Te-no_193.jpg,Training/notumor/Tr-no_748.jpg,Testing,Training,notumor,notumor,0,1,True,False
Testing/notumor/Te-no_193.jpg,Training/notumor/Tr-no_996.jpg,Testing,Training,notumor,notumor,0,0,True,False
Testing/notumor/Te-no_193.jpg,Training/notumor/Tr-no_889.jpg,Testing,Training,notumor,notumor,0,0,True,False
Testing/notumor/Te-no_193.jpg,Training/notumor/Tr-no_197.jpg,Testing,Training,notumor,notumor,0,0,True,False
Testing/notumor/Te-no_193.jpg,Training/notumor/Tr-no_659.jpg,Testing,Training,notumor,notumor,0,1,True,False
Testing/notumor/Te-no_193.jpg,Training/notumor/Tr-no_1346.jpg,Testing,Training,notumor,notumor,0,0,True,False
Testing/notumor/Te-no_193.jpg,Training/notumor/Tr-no_1347.jpg,Testing,Training,notumor,notumor,0,0,True,False
Testing/notumor/Te-no_193.jpg,Training/notumor/Tr-no_1121.jpg,Testing,Training,notumor,notumor,0,2,True,False
Testing/notumor/Te-no_193.jpg,Training/notumor/Tr-no_556.jpg,Testing,Training,notumor,notumor,0,1,True,False
Testing/notumor/Te-no_193.jpg,Training/notumor/Tr-no_1263.jpg,Testing,Training,notumor,notumor,0,0,True,False
Testing/notumor/Te-no_193.jpg,Training/notumor/Tr-no_1155.jpg,Testing,Training,notumor,notumor,0,1,True,False
Testing/notumor/Te-no_193.jpg,Training/notumor/Tr-no_1387.jpg,Testing,Training,notumor,notumor,0,0,True,False
Testing/notumor/Te-no_193.jpg,Training/notumor/Tr-no_1280.jpg,Testing,Training,notumor,notumor,0,0,True,False
Testing/notumor/Te-no_193.jpg,Training/notumor/Tr-no_264.jpg,Testing,Training,notumor,notumor,0,0,True,False
Testing/notumor/Te-no_193.jpg,Training/notumor/Tr-no_61.jpg,Testing,Training,notumor,notumor,0,0,True,False
Testing/notumor/Te-no_194.jpg,Training/notumor/Tr-no_1004.jpg,Testing,Training,notumor,notumor,0,0,True,False
Testing/notumor/Te-no_195.jpg,Training/notumor/Tr-no_852.jpg,Testing,Training,notumor,notumor,0,0,True,False
Testing/notumor/Te-no_195.jpg,Training/notumor/Tr-no_1195.jpg,Testing,Training,notumor,notumor,0,0,True,False
Testing/notumor/Te-no_195.jpg,Training/notumor/Tr-no_628.jpg,Testing,Training,notumor,notumor,0,0,True,False
Testing/notumor/Te-no_195.jpg,Training/notumor/Tr-no_182.jpg,Testing,Training,notumor,notumor,0,0,True,False
Testing/notumor/Te-no_195.jpg,Training/notumor/Tr-no_19.jpg,Testing,Training,notumor,notumor,0,0,True,False
Testing/notumor/Te-no_195.jpg,Training/notumor/Tr-no_651.jpg,Testing,Training,notumor,notumor,0,0,True,False
Testing/notumor/Te-no_195.jpg,Training/notumor/Tr-no_425.jpg,Testing,Training,notumor,notumor,0,0,True,False
Testing/notumor/Te-no_195.jpg,Training/notumor/Tr-no_892.jpg,Testing,Training,notumor,notumor,0,0,True,False
Testing/notumor/Te-no_195.jpg,Training/notumor/Tr-no_1230.jpg,Testing,Training,notumor,notumor,0,0,True,False
Testing/notumor/Te-no_195.jpg,Training/notumor/Tr-no_1232.jpg,Testing,Training,notumor,notumor,0,0,True,False
Testing/notumor/Te-no_195.jpg,Training/notumor/Tr-no_447.jpg,Testing,Training,notumor,notumor,0,0,True,False
Testing/notumor/Te-no_195.jpg,Training/notumor/Tr-no_469.jpg,Testing,Training,notumor,notumor,0,0,True,False
Testing/notumor/Te-no_195.jpg,Training/notumor/Tr-no_24.jpg,Testing,Training,notumor,notumor,0,0,True,False
Testing/notumor/Te-no_195.jpg,Training/notumor/Tr-no_470.jpg,Testing,Training,notumor,notumor,0,0,True,False
Testing/notumor/Te-no_195.jpg,Training/notumor/Tr-no_704.jpg,Testing,Training,notumor,notumor,0,0,True,False
Testing/notumor/Te-no_195.jpg,Training/notumor/Tr-no_1282.jpg,Testing,Training,notumor,notumor,0,0,True,False
Testing/notumor/Te-no_195.jpg,Training/notumor/Tr-no_716.jpg,Testing,Training,notumor,notumor,0,0,True,False
Testing/notumor/Te-no_195.jpg,Training/notumor/Tr-no_720.jpg,Testing,Training,notumor,notumor,0,0,True,False
Testing/notumor/Te-no_195.jpg,Training/notumor/Tr-no_499.jpg,Testing,Training,notumor,notumor,0,0,True,False
Testing/notumor/Te-no_195.jpg,Training/notumor/Tr-no_734.jpg,Testing,Training,notumor,notumor,0,0,True,False
Testing/notumor/Te-no_195.jpg,Training/notumor/Tr-no_740.jpg,Testing,Training,notumor,notumor,0,0,True,False
Testing/notumor/Te-no_195.jpg,Training/notumor/Tr-no_1084.jpg,Testing,Training,notumor,notumor,0,0,True,False
Testing/notumor/Te-no_195.jpg,Training/notumor/Tr-no_986.jpg,Testing,Training,notumor,notumor,0,0,True,False
Testing/notumor/Te-no_195.jpg,Training/notumor/Tr-no_11.jpg,Testing,Training,notumor,notumor,0,0,True,False
Testing/notumor/Te-no_195.jpg,Training/notumor/Tr-no_994.jpg,Testing,Training,notumor,notumor,0,0,True,False
Testing/notumor/Te-no_195.jpg,Training/notumor/Tr-no_1338.jpg,Testing,Training,notumor,notumor,0,0,True,False
Testing/notumor/Te-no_195.jpg,Training/notumor/Tr-no_771.jpg,Testing,Training,notumor,notumor,0,0,True,False
Testing/notumor/Te-no_195.jpg,Training/notumor/Tr-no_772.jpg,Testing,Training,notumor,notumor,0,0,True,False
Testing/notumor/Te-no_195.jpg,Training/notumor/Tr-no_1356.jpg,Testing,Training,notumor,notumor,0,0,True,False
Testing/notumor/Te-no_195.jpg,Training/notumor/Tr-no_1355.jpg,Testing,Training,notumor,notumor,0,0,True,False
Testing/notumor/Te-no_195.jpg,Training/notumor/Tr-no_558.jpg,Testing,Training,notumor,notumor,0,0,True,False
Testing/notumor/Te-no_195.jpg,Training/notumor/Tr-no_334.jpg,Testing,Training,notumor,notumor,0,0,True,False
Testing/notumor/Te-no_195.jpg,Training/notumor/Tr-no_145.jpg,Testing,Training,notumor,notumor,0,0,True,False
Testing/notumor/Te-no_195.jpg,Training/notumor/Tr-no_839.jpg,Testing,Training,notumor,notumor,0,0,True,False
Testing/notumor/Te-no_196.jpg,Training/notumor/Tr-no_621.jpg,Testing,Training,notumor,notumor,0,0,True,False
Testing/notumor/Te-no_196.jpg,Training/notumor/Tr-no_1136.jpg,Testing,Training,notumor,notumor,0,0,True,False
Testing/notumor/Te-no_196.jpg,Training/notumor/Tr-no_480.jpg,Testing,Training,notumor,notumor,0,0,True,False
Testing/notumor/Te-no_196.jpg,Training/notumor/Tr-no_835.jpg,Testing,Training,notumor,notumor,0,0,True,False
Testing/notumor/Te-no_196.jpg,Training/notumor/Tr-no_548.jpg,Testing,Training,notumor,notumor,4,0,True,False
Testing/notumor/Te-no_197.jpg,Training/notumor/Tr-no_393.jpg,Testing,Training,notumor,notumor,0,0,True,False
Testing/notumor/Te-no_197.jpg,Training/notumor/Tr-no_627.jpg,Testing,Training,notumor,notumor,0,0,True,False
Testing/notumor/Te-no_197.jpg,Training/notumor/Tr-no_981.jpg,Testing,Training,notumor,notumor,0,0,True,False
Testing/notumor/Te-no_197.jpg,Training/notumor/Tr-no_877.jpg,Testing,Training,notumor,notumor,0,0,True,False
Testing/notumor/Te-no_197.jpg,Training/notumor/Tr-no_646.jpg,Testing,Training,notumor,notumor,0,0,True,False
Testing/notumor/Te-no_197.jpg,Training/notumor/Tr-no_999.jpg,Testing,Training,notumor,notumor,0,0,True,False
Testing/notumor/Te-no_197.jpg,Training/notumor/Tr-no_1119.jpg,Testing,Training,notumor,notumor,0,0,True,False
Testing/notumor/Te-no_197.jpg,Training/notumor/Tr-no_785.jpg,Testing,Training,notumor,notumor,0,0,True,False
Testing/notumor/Te-no_197.jpg,Training/notumor/Tr-no_441.jpg,Testing,Training,notumor,notumor,0,0,True,False
Testing/notumor/Te-no_197.jpg,Training/notumor/Tr-no_561.jpg,Testing,Training,notumor,notumor,0,0,True,False
Testing/notumor/Te-no_197.jpg,Training/notumor/Tr-no_678.jpg,Testing,Training,notumor,notumor,0,0,True,False
Testing/notumor/Te-no_197.jpg,Training/notumor/Tr-no_1362.jpg,Testing,Training,notumor,notumor,0,0,True,False
Testing/notumor/Te-no_197.jpg,Training/notumor/Tr-no_1022.jpg,Testing,Training,notumor,notumor,0,0,True,False
Testing/notumor/Te-no_198.jpg,Training/notumor/Tr-no_852.jpg,Testing,Training,notumor,notumor,2,0,True,False
Testing/notumor/Te-no_198.jpg,Training/notumor/Tr-no_1195.jpg,Testing,Training,notumor,notumor,0,0,True,False
Testing/notumor/Te-no_198.jpg,Training/notumor/Tr-no_628.jpg,Testing,Training,notumor,notumor,0,0,True,False
Testing/notumor/Te-no_198.jpg,Training/notumor/Tr-no_182.jpg,Testing,Training,notumor,notumor,0,0,True,False
Testing/notumor/Te-no_198.jpg,Training/notumor/Tr-no_19.jpg,Testing,Training,notumor,notumor,0,0,True,False
Testing/notumor/Te-no_198.jpg,Training/notumor/Tr-no_651.jpg,Testing,Training,notumor,notumor,0,0,True,False
Testing/notumor/Te-no_198.jpg,Training/notumor/Tr-no_425.jpg,Testing,Training,notumor,notumor,0,0,True,False
Testing/notumor/Te-no_198.jpg,Training/notumor/Tr-no_892.jpg,Testing,Training,notumor,notumor,0,0,True,False
Testing/notumor/Te-no_198.jpg,Training/notumor/Tr-no_1230.jpg,Testing,Training,notumor,notumor,0,0,True,False
Testing/notumor/Te-no_198.jpg,Training/notumor/Tr-no_1232.jpg,Testing,Training,notumor,notumor,0,0,True,False
Testing/notumor/Te-no_198.jpg,Training/notumor/Tr-no_447.jpg,Testing,Training,notumor,notumor,0,0,True,False
Testing/notumor/Te-no_198.jpg,Training/notumor/Tr-no_469.jpg,Testing,Training,notumor,notumor,0,0,True,False
Testing/notumor/Te-no_198.jpg,Training/notumor/Tr-no_24.jpg,Testing,Training,notumor,notumor,0,0,True,False
Testing/notumor/Te-no_198.jpg,Training/notumor/Tr-no_470.jpg,Testing,Training,notumor,notumor,0,0,True,False
Testing/notumor/Te-no_198.jpg,Training/notumor/Tr-no_704.jpg,Testing,Training,notumor,notumor,0,0,True,False
Testing/notumor/Te-no_198.jpg,Training/notumor/Tr-no_1282.jpg,Testing,Training,notumor,notumor,0,0,True,False
Testing/notumor/Te-no_198.jpg,Training/notumor/Tr-no_716.jpg,Testing,Training,notumor,notumor,0,0,True,False
Testing/notumor/Te-no_198.jpg,Training/notumor/Tr-no_720.jpg,Testing,Training,notumor,notumor,0,0,True,False
Testing/notumor/Te-no_198.jpg,Training/notumor/Tr-no_499.jpg,Testing,Training,notumor,notumor,0,0,True,False
Testing/notumor/Te-no_198.jpg,Training/notumor/Tr-no_734.jpg,Testing,Training,notumor,notumor,0,0,True,False
Testing/notumor/Te-no_198.jpg,Training/notumor/Tr-no_740.jpg,Testing,Training,notumor,notumor,0,0,True,False
Testing/notumor/Te-no_198.jpg,Training/notumor/Tr-no_1084.jpg,Testing,Training,notumor,notumor,0,0,True,False
Testing/notumor/Te-no_198.jpg,Training/notumor/Tr-no_986.jpg,Testing,Training,notumor,notumor,0,0,True,False
Testing/notumor/Te-no_198.jpg,Training/notumor/Tr-no_11.jpg,Testing,Training,notumor,notumor,0,0,True,False
Testing/notumor/Te-no_198.jpg,Training/notumor/Tr-no_994.jpg,Testing,Training,notumor,notumor,0,0,True,False
Testing/notumor/Te-no_198.jpg,Training/notumor/Tr-no_1338.jpg,Testing,Training,notumor,notumor,0,0,True,False
Testing/notumor/Te-no_198.jpg,Training/notumor/Tr-no_771.jpg,Testing,Training,notumor,notumor,0,0,True,False
Testing/notumor/Te-no_198.jpg,Training/notumor/Tr-no_772.jpg,Testing,Training,notumor,notumor,0,0,True,False
Testing/notumor/Te-no_198.jpg,Training/notumor/Tr-no_1355.jpg,Testing,Training,notumor,notumor,0,0,True,False
Testing/notumor/Te-no_198.jpg,Training/notumor/Tr-no_1356.jpg,Testing,Training,notumor,notumor,0,0,True,False
Testing/notumor/Te-no_198.jpg,Training/notumor/Tr-no_558.jpg,Testing,Training,notumor,notumor,0,0,True,False
Testing/notumor/Te-no_198.jpg,Training/notumor/Tr-no_334.jpg,Testing,Training,notumor,notumor,0,0,True,False
Testing/notumor/Te-no_198.jpg,Training/notumor/Tr-no_145.jpg,Testing,Training,notumor,notumor,0,0,True,False
Testing/notumor/Te-no_198.jpg,Training/notumor/Tr-no_839.jpg,Testing,Training,notumor,notumor,0,0,True,False
Testing/notumor/Te-no_199.jpg,Training/notumor/Tr-no_1128.jpg,Testing,Training,notumor,notumor,0,0,True,False
Testing/notumor/Te-no_199.jpg,Training/notumor/Tr-no_1074.jpg,Testing,Training,notumor,notumor,0,0,True,False
Testing/notumor/Te-no_199.jpg,Training/notumor/Tr-no_578.jpg,Testing,Training,notumor,notumor,0,0,True,False
Testing/notumor/Te-no_199.jpg,Training/notumor/Tr-no_1399.jpg,Testing,Training,notumor,notumor,0,0,True,False
Testing/notumor/Te-no_199.jpg,Training/notumor/Tr-no_1231.jpg,Testing,Training,notumor,notumor,0,0,True,False
Testing/notumor/Te-no_199.jpg,Training/notumor/Tr-no_55.jpg,Testing,Training,notumor,notumor,0,0,True,False
Testing/notumor/Te-no_2.jpg,Training/notumor/Tr-no_564.jpg,Testing,Training,notumor,notumor,0,0,True,False
Testing/notumor/Te-no_2.jpg,Training/notumor/Tr-no_68.jpg,Testing,Training,notumor,notumor,0,0,True,False
Testing/notumor/Te-no_2.jpg,Training/notumor/Tr-no_4.jpg,Testing,Training,notumor,notumor,2,0,True,False
Testing/notumor/Te-no_2.jpg,Training/notumor/Tr-no_807.jpg,Testing,Training,notumor,notumor,2,0,True,False
Testing/notumor/Te-no_2.jpg,Training/notumor/Tr-no_694.jpg,Testing,Training,notumor,notumor,0,0,True,False
Testing/notumor/Te-no_2.jpg,Training/notumor/Tr-no_878.jpg,Testing,Training,notumor,notumor,0,0,True,False
Testing/notumor/Te-no_2.jpg,Training/notumor/Tr-no_368.jpg,Testing,Training,notumor,notumor,0,0,True,False
Testing/notumor/Te-no_2.jpg,Training/notumor/Tr-no_1167.jpg,Testing,Training,notumor,notumor,0,0,True,False
Testing/notumor/Te-no_2.jpg,Training/notumor/Tr-no_252.jpg,Testing,Training,notumor,notumor,2,0,True,False
Testing/notumor/Te-no_2.jpg,Training/notumor/Tr-no_1182.jpg,Testing,Training,notumor,notumor,2,0,True,False
Testing/notumor/Te-no_2.jpg,Training/notumor/Tr-no_1126.jpg,Testing,Training,notumor,notumor,0,0,True,False
Testing/notumor/Te-no_20.jpg,Training/notumor/Tr-no_1015.jpg,Testing,Training,notumor,notumor,0,0,True,False
Testing/notumor/Te-no_20.jpg,Training/notumor/Tr-no_858.jpg,Testing,Training,notumor,notumor,0,0,True,False
Testing/notumor/Te-no_20.jpg,Training/notumor/Tr-no_1200.jpg,Testing,Training,notumor,notumor,0,0,True,False
Testing/notumor/Te-no_20.jpg,Training/notumor/Tr-no_985.jpg,Testing,Training,notumor,notumor,0,0,True,False
Testing/notumor/Te-no_20.jpg,Training/notumor/Tr-no_987.jpg,Testing,Training,notumor,notumor,0,0,True,False
Testing/notumor/Te-no_20.jpg,Training/notumor/Tr-no_1209.jpg,Testing,Training,notumor,notumor,0,0,True,False
Testing/notumor/Te-no_20.jpg,Training/notumor/Tr-no_1339.jpg,Testing,Training,notumor,notumor,0,0,True,False
Testing/notumor/Te-no_20.jpg,Training/notumor/Tr-no_1006.jpg,Testing,Training,notumor,notumor,0,0,True,False
Testing/notumor/Te-no_20.jpg,Training/notumor/Tr-no_124.jpg,Testing,Training,notumor,notumor,0,1,True,False
Testing/notumor/Te-no_200.jpg,Training/notumor/Tr-no_1017.jpg,Testing,Training,notumor,notumor,0,0,True,False
Testing/notumor/Te-no_200.jpg,Training/notumor/Tr-no_1296.jpg,Testing,Training,notumor,notumor,0,0,True,False
Testing/notumor/Te-no_201.jpg,Training/notumor/Tr-no_1081.jpg,Testing,Training,notumor,notumor,0,0,True,False
Testing/notumor/Te-no_201.jpg,Training/notumor/Tr-no_528.jpg,Testing,Training,notumor,notumor,0,0,True,False
Testing/notumor/Te-no_201.jpg,Training/notumor/Tr-no_1328.jpg,Testing,Training,notumor,notumor,0,0,True,False
Testing/notumor/Te-no_201.jpg,Training/notumor/Tr-no_645.jpg,Testing,Training,notumor,notumor,0,0,True,False
Testing/notumor/Te-no_201.jpg,Training/notumor/Tr-no_1112.jpg,Testing,Training,notumor,notumor,0,0,True,False
Testing/notumor/Te-no_201.jpg,Training/notumor/Tr-no_1113.jpg,Testing,Training,notumor,notumor,0,0,True,False
Testing/notumor/Te-no_201.jpg,Training/notumor/Tr-no_200.jpg,Testing,Training,notumor,notumor,0,0,True,False
Testing/notumor/Te-no_201.jpg,Training/notumor/Tr-no_778.jpg,Testing,Training,notumor,notumor,0,0,True,False
Testing/notumor/Te-no_201.jpg,Training/notumor/Tr-no_437.jpg,Testing,Training,notumor,notumor,0,0,True,False
Testing/notumor/Te-no_201.jpg,Training/notumor/Tr-no_554.jpg,Testing,Training,notumor,notumor,0,0,True,False
Testing/notumor/Te-no_201.jpg,Training/notumor/Tr-no_791.jpg,Testing,Training,notumor,notumor,0,0,True,False
Testing/notumor/Te-no_201.jpg,Training/notumor/Tr-no_1246.jpg,Testing,Training,notumor,notumor,0,0,True,False
Testing/notumor/Te-no_201.jpg,Training/notumor/Tr-no_1259.jpg,Testing,Training,notumor,notumor,0,0,True,False
Testing/notumor/Te-no_201.jpg,Training/notumor/Tr-no_928.jpg,Testing,Training,notumor,notumor,0,0,True,False
Testing/notumor/Te-no_201.jpg,Training/notumor/Tr-no_473.jpg,Testing,Training,notumor,notumor,0,0,True,False
Testing/notumor/Te-no_202.jpg,Training/notumor/Tr-no_461.jpg,Testing,Training,notumor,notumor,0,0,True,False
Testing/notumor/Te-no_202.jpg,Training/notumor/Tr-no_820.jpg,Testing,Training,notumor,notumor,0,0,True,False
Testing/notumor/Te-no_202.jpg,Training/notumor/Tr-no_1286.jpg,Testing,Training,notumor,notumor,0,0,True,False
Testing/notumor/Te-no_202.jpg,Training/notumor/Tr-no_95.jpg,Testing,Training,notumor,notumor,0,2,True,False
Testing/notumor/Te-no_202.jpg,Training/notumor/Tr-no_72.jpg,Testing,Training,notumor,notumor,0,0,True,False
Testing/notumor/Te-no_202.jpg,Training/notumor/Tr-no_201.jpg,Testing,Training,notumor,notumor,0,2,True,False
Testing/notumor/Te-no_202.jpg,Training/notumor/Tr-no_32.jpg,Testing,Training,notumor,notumor,0,2,True,False
Testing/notumor/Te-no_202.jpg,Training/notumor/Tr-no_495.jpg,Testing,Training,notumor,notumor,0,0,True,False
Testing/notumor/Te-no_203.jpg,Training/notumor/Tr-no_1203.jpg,Testing,Training,notumor,notumor,0,0,True,False
Testing/notumor/Te-no_203.jpg,Training/notumor/Tr-no_347.jpg,Testing,Training,notumor,notumor,0,0,True,False
Testing/notumor/Te-no_203.jpg,Training/notumor/Tr-no_365.jpg,Testing,Training,notumor,notumor,0,0,True,False
Testing/notumor/Te-no_203.jpg,Training/notumor/Tr-no_429.jpg,Testing,Training,notumor,notumor,0,0,True,False
Testing/notumor/Te-no_203.jpg,Training/notumor/Tr-no_725.jpg,Testing,Training,notumor,notumor,0,0,True,False
Testing/notumor/Te-no_203.jpg,Training/notumor/Tr-no_154.jpg,Testing,Training,notumor,notumor,0,0,True,False
Testing/notumor/Te-no_203.jpg,Training/notumor/Tr-no_386.jpg,Testing,Training,notumor,notumor,0,0,True,False
Testing/notumor/Te-no_204.jpg,Training/notumor/Tr-no_560.jpg,Testing,Training,notumor,notumor,0,0,True,False
Testing/notumor/Te-no_204.jpg,Training/notumor/Tr-no_332.jpg,Testing,Training,notumor,notumor,0,0,True,False
Testing/notumor/Te-no_204.jpg,Training/notumor/Tr-no_290.jpg,Testing,Training,notumor,notumor,0,0,True,False
Testing/notumor/Te-no_204.jpg,Training/notumor/Tr-no_302.jpg,Testing,Training,notumor,notumor,0,0,True,False
Testing/notumor/Te-no_204.jpg,Training/notumor/Tr-no_191.jpg,Testing,Training,notumor,notumor,0,0,True,False
Testing/notumor/Te-no_204.jpg,Training/notumor/Tr-no_958.jpg,Testing,Training,notumor,notumor,0,0,True,False
Testing/notumor/Te-no_204.jpg,Training/notumor/Tr-no_672.jpg,Testing,Training,notumor,notumor,0,0,True,False
Testing/notumor/Te-no_205.jpg,Training/notumor/Tr-no_501.jpg,Testing,Training,notumor,notumor,0,3,True,False
Testing/notumor/Te-no_205.jpg,Training/notumor/Tr-no_1087.jpg,Testing,Training,notumor,notumor,0,1,True,False
Testing/notumor/Te-no_205.jpg,Training/notumor/Tr-no_753.jpg,Testing,Training,notumor,notumor,0,0,True,False
Testing/notumor/Te-no_205.jpg,Training/notumor/Tr-no_294.jpg,Testing,Training,notumor,notumor,0,0,True,False
Testing/notumor/Te-no_205.jpg,Training/notumor/Tr-no_540.jpg,Testing,Training,notumor,notumor,0,0,True,False
Testing/notumor/Te-no_205.jpg,Training/notumor/Tr-no_444.jpg,Testing,Training,notumor,notumor,0,1,True,False
Testing/notumor/Te-no_205.jpg,Training/notumor/Tr-no_1268.jpg,Testing,Training,notumor,notumor,0,1,True,False
Testing/notumor/Te-no_205.jpg,Training/notumor/Tr-no_714.jpg,Testing,Training,notumor,notumor,0,3,True,False
Testing/notumor/Te-no_205.jpg,Training/notumor/Tr-no_723.jpg,Testing,Training,notumor,notumor,0,3,True,False
Testing/notumor/Te-no_205.jpg,Training/notumor/Tr-no_96.jpg,Testing,Training,notumor,notumor,0,0,True,False
Testing/notumor/Te-no_206.jpg,Training/notumor/Tr-no_409.jpg,Testing,Training,notumor,notumor,0,0,True,False
Testing/notumor/Te-no_206.jpg,Training/notumor/Tr-no_122.jpg,Testing,Training,notumor,notumor,0,0,True,False
Testing/notumor/Te-no_206.jpg,Training/notumor/Tr-no_422.jpg,Testing,Training,notumor,notumor,0,0,True,False
Testing/notumor/Te-no_206.jpg,Training/notumor/Tr-no_1224.jpg,Testing,Training,notumor,notumor,0,0,True,False
Testing/notumor/Te-no_206.jpg,Training/notumor/Tr-no_1341.jpg,Testing,Training,notumor,notumor,0,0,True,False
Testing/notumor/Te-no_206.jpg,Training/notumor/Tr-no_1118.jpg,Testing,Training,notumor,notumor,0,0,True,False
Testing/notumor/Te-no_206.jpg,Training/notumor/Tr-no_1349.jpg,Testing,Training,notumor,notumor,0,0,True,False
Testing/notumor/Te-no_206.jpg,Training/notumor/Tr-no_443.jpg,Testing,Training,notumor,notumor,0,0,True,False
Testing/notumor/Te-no_206.jpg,Training/notumor/Tr-no_1368.jpg,Testing,Training,notumor,notumor,0,0,True,False
Testing/notumor/Te-no_206.jpg,Training/notumor/Tr-no_80.jpg,Testing,Training,notumor,notumor,0,0,True,False
Testing/notumor/Te-no_206.jpg,Training/notumor/Tr-no_1146.jpg,Testing,Training,notumor,notumor,0,0,True,False
Testing/notumor/Te-no_206.jpg,Training/notumor/Tr-no_236.jpg,Testing,Training,notumor,notumor,0,0,True,False
Testing/notumor/Te-no_206.jpg,Training/notumor/Tr-no_352.jpg,Testing,Training,notumor,notumor,0,0,True,False
Testing/notumor/Te-no_206.jpg,Training/notumor/Tr-no_1038.jpg,Testing,Training,notumor,notumor,0,0,True,False
Testing/notumor/Te-no_206.jpg,Training/notumor/Tr-no_127.jpg,Testing,Training,notumor,notumor,0,0,True,False
Testing/notumor/Te-no_206.jpg,Training/notumor/Tr-no_369.jpg,Testing,Training,notumor,notumor,0,1,True,False
Testing/notumor/Te-no_206.jpg,Training/notumor/Tr-no_603.jpg,Testing,Training,notumor,notumor,0,1,True,False
Testing/notumor/Te-no_207.jpg,Training/notumor/Tr-no_859.jpg,Testing,Training,notumor,notumor,2,0,True,False
Testing/notumor/Te-no_207.jpg,Training/notumor/Tr-no_635.jpg,Testing,Training,notumor,notumor,0,0,True,False
Testing/notumor/Te-no_207.jpg,Training/notumor/Tr-no_404.jpg,Testing,Training,notumor,notumor,2,0,True,False
Testing/notumor/Te-no_207.jpg,Training/notumor/Tr-no_759.jpg,Testing,Training,notumor,notumor,0,0,True,False
Testing/notumor/Te-no_207.jpg,Training/notumor/Tr-no_136.jpg,Testing,Training,notumor,notumor,2,0,True,False
Testing/notumor/Te-no_207.jpg,Training/notumor/Tr-no_924.jpg,Testing,Training,notumor,notumor,0,0,True,False
Testing/notumor/Te-no_207.jpg,Training/notumor/Tr-no_239.jpg,Testing,Training,notumor,notumor,2,0,True,False
Testing/notumor/Te-no_207.jpg,Training/notumor/Tr-no_1041.jpg,Testing,Training,notumor,notumor,0,0,True,False
Testing/notumor/Te-no_207.jpg,Training/notumor/Tr-no_713.jpg,Testing,Training,notumor,notumor,0,0,True,False
Testing/notumor/Te-no_207.jpg,Training/notumor/Tr-no_834.jpg,Testing,Training,notumor,notumor,2,0,True,False
Testing/notumor/Te-no_208.jpg,Training/notumor/Tr-no_1300.jpg,Testing,Training,notumor,notumor,0,0,True,False
Testing/notumor/Te-no_208.jpg,Training/notumor/Tr-no_1303.jpg,Testing,Training,notumor,notumor,0,0,True,False
Testing/notumor/Te-no_208.jpg,Training/notumor/Tr-no_761.jpg,Testing,Training,notumor,notumor,0,0,True,False
Testing/notumor/Te-no_208.jpg,Training/notumor/Tr-no_306.jpg,Testing,Training,notumor,notumor,0,0,True,False
Testing/notumor/Te-no_208.jpg,Training/notumor/Tr-no_1236.jpg,Testing,Training,notumor,notumor,0,0,True,False
Testing/notumor/Te-no_208.jpg,Training/notumor/Tr-no_142.jpg,Testing,Training,notumor,notumor,0,0,True,False
Testing/notumor/Te-no_208.jpg,Training/notumor/Tr-no_1294.jpg,Testing,Training,notumor,notumor,0,0,True,False
Testing/notumor/Te-no_208.jpg,Training/notumor/Tr-no_118.jpg,Testing,Training,notumor,notumor,0,0,True,False
Testing/notumor/Te-no_208.jpg,Training/notumor/Tr-no_382.jpg,Testing,Training,notumor,notumor,0,0,True,False
Testing/notumor/Te-no_209.jpg,Training/notumor/Tr-no_46.jpg,Testing,Training,notumor,notumor,2,0,True,False
Testing/notumor/Te-no_209.jpg,Training/notumor/Tr-no_5.jpg,Testing,Training,notumor,notumor,0,0,True,False
Testing/notumor/Te-no_209.jpg,Training/notumor/Tr-no_611.jpg,Testing,Training,notumor,notumor,0,0,True,False
Testing/notumor/Te-no_209.jpg,Training/notumor/Tr-no_1027.jpg,Testing,Training,notumor,notumor,2,0,True,False
Testing/notumor/Te-no_209.jpg,Training/notumor/Tr-no_693.jpg,Testing,Training,notumor,notumor,0,0,True,False
Testing/notumor/Te-no_209.jpg,Training/notumor/Tr-no_709.jpg,Testing,Training,notumor,notumor,0,0,True,False
Testing/notumor/Te-no_209.jpg,Training/notumor/Tr-no_1060.jpg,Testing,Training,notumor,notumor,0,0,True,False
Testing/notumor/Te-no_209.jpg,Training/notumor/Tr-no_1062.jpg,Testing,Training,notumor,notumor,0,0,True,False
Testing/notumor/Te-no_209.jpg,Training/notumor/Tr-no_1071.jpg,Testing,Training,notumor,notumor,0,0,True,False
Testing/notumor/Te-no_209.jpg,Training/notumor/Tr-no_109.jpg,Testing,Training,notumor,notumor,0,0,True,False
Testing/notumor/Te-no_209.jpg,Training/notumor/Tr-no_1102.jpg,Testing,Training,notumor,notumor,0,0,True,False
Testing/notumor/Te-no_209.jpg,Training/notumor/Tr-no_1124.jpg,Testing,Training,notumor,notumor,0,0,True,False
Testing/notumor/Te-no_209.jpg,Training/notumor/Tr-no_1138.jpg,Testing,Training,notumor,notumor,0,0,True,False
Testing/notumor/Te-no_209.jpg,Training/notumor/Tr-no_82.jpg,Testing,Training,notumor,notumor,0,0,True,False
Testing/notumor/Te-no_209.jpg,Training/notumor/Tr-no_1183.jpg,Testing,Training,notumor,notumor,0,0,True,False
Testing/notumor/Te-no_209.jpg,Training/notumor/Tr-no_1252.jpg,Testing,Training,notumor,notumor,2,0,True,False
Testing/notumor/Te-no_209.jpg,Training/notumor/Tr-no_1257.jpg,Testing,Training,notumor,notumor,0,0,True,False
Testing/notumor/Te-no_209.jpg,Training/notumor/Tr-no_169.jpg,Testing,Training,notumor,notumor,6,0,True,False
Testing/notumor/Te-no_209.jpg,Training/notumor/Tr-no_203.jpg,Testing,Training,notumor,notumor,0,0,True,False
Testing/notumor/Te-no_209.jpg,Training/notumor/Tr-no_21.jpg,Testing,Training,notumor,notumor,0,0,True,False
Testing/notumor/Te-no_209.jpg,Training/notumor/Tr-no_224.jpg,Testing,Training,notumor,notumor,0,0,True,False
Testing/notumor/Te-no_209.jpg,Training/notumor/Tr-no_232.jpg,Testing,Training,notumor,notumor,0,0,True,False
Testing/notumor/Te-no_209.jpg,Training/notumor/Tr-no_241.jpg,Testing,Training,notumor,notumor,2,0,True,False
Testing/notumor/Te-no_209.jpg,Training/notumor/Tr-no_249.jpg,Testing,Training,notumor,notumor,0,0,True,False
Testing/notumor/Te-no_209.jpg,Training/notumor/Tr-no_251.jpg,Testing,Training,notumor,notumor,0,0,True,False
Testing/notumor/Te-no_209.jpg,Training/notumor/Tr-no_267.jpg,Testing,Training,notumor,notumor,0,0,True,False
Testing/notumor/Te-no_209.jpg,Training/notumor/Tr-no_29.jpg,Testing,Training,notumor,notumor,0,0,True,False
Testing/notumor/Te-no_209.jpg,Training/notumor/Tr-no_322.jpg,Testing,Training,notumor,notumor,0,0,True,False
Testing/notumor/Te-no_209.jpg,Training/notumor/Tr-no_339.jpg,Testing,Training,notumor,notumor,0,0,True,False
Testing/notumor/Te-no_209.jpg,Training/notumor/Tr-no_351.jpg,Testing,Training,notumor,notumor,4,0,True,False
Testing/notumor/Te-no_209.jpg,Training/notumor/Tr-no_371.jpg,Testing,Training,notumor,notumor,0,0,True,False
Testing/notumor/Te-no_21.jpg,Training/notumor/Tr-no_1203.jpg,Testing,Training,notumor,notumor,0,0,True,False
Testing/notumor/Te-no_21.jpg,Training/notumor/Tr-no_347.jpg,Testing,Training,notumor,notumor,0,0,True,False
Testing/notumor/Te-no_21.jpg,Training/notumor/Tr-no_365.jpg,Testing,Training,notumor,notumor,0,0,True,False
Testing/notumor/Te-no_21.jpg,Training/notumor/Tr-no_429.jpg,Testing,Training,notumor,notumor,0,0,True,False
Testing/notumor/Te-no_21.jpg,Training/notumor/Tr-no_725.jpg,Testing,Training,notumor,notumor,0,0,True,False
Testing/notumor/Te-no_21.jpg,Training/notumor/Tr-no_154.jpg,Testing,Training,notumor,notumor,0,0,True,False
Testing/notumor/Te-no_21.jpg,Training/notumor/Tr-no_386.jpg,Testing,Training,notumor,notumor,0,0,True,False
Testing/notumor/Te-no_210.jpg,Training/notumor/Tr-no_621.jpg,Testing,Training,notumor,notumor,0,0,True,False
Testing/notumor/Te-no_210.jpg,Training/notumor/Tr-no_1136.jpg,Testing,Training,notumor,notumor,0,0,True,False
Testing/notumor/Te-no_210.jpg,Training/notumor/Tr-no_480.jpg,Testing,Training,notumor,notumor,0,0,True,False
Testing/notumor/Te-no_210.jpg,Training/notumor/Tr-no_835.jpg,Testing,Training,notumor,notumor,0,0,True,False
Testing/notumor/Te-no_210.jpg,Training/notumor/Tr-no_548.jpg,Testing,Training,notumor,notumor,4,0,True,False
Testing/notumor/Te-no_211.jpg,Training/notumor/Tr-no_504.jpg,Testing,Training,notumor,notumor,0,0,True,False
Testing/notumor/Te-no_211.jpg,Training/notumor/Tr-no_223.jpg,Testing,Training,notumor,notumor,0,0,True,False
Testing/notumor/Te-no_211.jpg,Training/notumor/Tr-no_811.jpg,Testing,Training,notumor,notumor,0,0,True,False
Testing/notumor/Te-no_211.jpg,Training/notumor/Tr-no_585.jpg,Testing,Training,notumor,notumor,0,0,True,False
Testing/notumor/Te-no_211.jpg,Training/notumor/Tr-no_1276.jpg,Testing,Training,notumor,notumor,0,0,True,False
Testing/notumor/Te-no_211.jpg,Training/notumor/Tr-no_1103.jpg,Testing,Training,notumor,notumor,0,0,True,False
Testing/notumor/Te-no_211.jpg,Training/notumor/Tr-no_1052.jpg,Testing,Training,notumor,notumor,0,0,True,False
Testing/notumor/Te-no_211.jpg,Training/notumor/Tr-no_948.jpg,Testing,Training,notumor,notumor,0,0,True,False
Testing/notumor/Te-no_212.jpg,Training/notumor/Tr-no_1203.jpg,Testing,Training,notumor,notumor,0,0,True,False
Testing/notumor/Te-no_212.jpg,Training/notumor/Tr-no_347.jpg,Testing,Training,notumor,notumor,0,0,True,False
Testing/notumor/Te-no_212.jpg,Training/notumor/Tr-no_365.jpg,Testing,Training,notumor,notumor,0,0,True,False
Testing/notumor/Te-no_212.jpg,Training/notumor/Tr-no_429.jpg,Testing,Training,notumor,notumor,0,0,True,False
Testing/notumor/Te-no_212.jpg,Training/notumor/Tr-no_725.jpg,Testing,Training,notumor,notumor,0,0,True,False
Testing/notumor/Te-no_212.jpg,Training/notumor/Tr-no_154.jpg,Testing,Training,notumor,notumor,0,0,True,False
Testing/notumor/Te-no_212.jpg,Training/notumor/Tr-no_386.jpg,Testing,Training,notumor,notumor,0,0,True,False
Testing/notumor/Te-no_213.jpg,Training/notumor/Tr-no_1203.jpg,Testing,Training,notumor,notumor,0,0,True,False
Testing/notumor/Te-no_213.jpg,Training/notumor/Tr-no_347.jpg,Testing,Training,notumor,notumor,0,0,True,False
Testing/notumor/Te-no_213.jpg,Training/notumor/Tr-no_365.jpg,Testing,Training,notumor,notumor,0,0,True,False
Testing/notumor/Te-no_213.jpg,Training/notumor/Tr-no_429.jpg,Testing,Training,notumor,notumor,0,0,True,False
Testing/notumor/Te-no_213.jpg,Training/notumor/Tr-no_725.jpg,Testing,Training,notumor,notumor,0,0,True,False
Testing/notumor/Te-no_213.jpg,Training/notumor/Tr-no_154.jpg,Testing,Training,notumor,notumor,0,0,True,False
Testing/notumor/Te-no_213.jpg,Training/notumor/Tr-no_386.jpg,Testing,Training,notumor,notumor,0,0,True,False
Testing/notumor/Te-no_214.jpg,Training/notumor/Tr-no_388.jpg,Testing,Training,notumor,notumor,0,0,True,False
Testing/notumor/Te-no_214.jpg,Training/notumor/Tr-no_636.jpg,Testing,Training,notumor,notumor,0,0,True,False
Testing/notumor/Te-no_214.jpg,Training/notumor/Tr-no_932.jpg,Testing,Training,notumor,notumor,0,0,True,False
Testing/notumor/Te-no_214.jpg,Training/notumor/Tr-no_1218.jpg,Testing,Training,notumor,notumor,0,0,True,False
Testing/notumor/Te-no_214.jpg,Training/notumor/Tr-no_1391.jpg,Testing,Training,notumor,notumor,2,0,True,False
Testing/notumor/Te-no_214.jpg,Training/notumor/Tr-no_202.jpg,Testing,Training,notumor,notumor,0,0,True,False
Testing/notumor/Te-no_214.jpg,Training/notumor/Tr-no_837.jpg,Testing,Training,notumor,notumor,0,0,True,False
Testing/notumor/Te-no_214.jpg,Training/notumor/Tr-no_439.jpg,Testing,Training,notumor,notumor,0,0,True,False
Testing/notumor/Te-no_214.jpg,Training/notumor/Tr-no_557.jpg,Testing,Training,notumor,notumor,0,0,True,False
Testing/notumor/Te-no_215.jpg,Training/notumor/Tr-no_502.jpg,Testing,Training,notumor,notumor,0,1,True,False
Testing/notumor/Te-no_215.jpg,Training/notumor/Tr-no_446.jpg,Testing,Training,notumor,notumor,0,0,True,False
Testing/notumor/Te-no_215.jpg,Training/notumor/Tr-no_736.jpg,Testing,Training,notumor,notumor,0,0,True,False
Testing/notumor/Te-no_215.jpg,Training/notumor/Tr-no_333.jpg,Testing,Training,notumor,notumor,0,1,True,False
Testing/notumor/Te-no_215.jpg,Training/notumor/Tr-no_229.jpg,Testing,Training,notumor,notumor,2,0,True,False
Testing/notumor/Te-no_215.jpg,Training/notumor/Tr-no_927.jpg,Testing,Training,notumor,notumor,0,0,True,False
Testing/notumor/Te-no_215.jpg,Training/notumor/Tr-no_599.jpg,Testing,Training,notumor,notumor,0,0,True,False
Testing/notumor/Te-no_215.jpg,Training/notumor/Tr-no_609.jpg,Testing,Training,notumor,notumor,0,0,True,False
Testing/notumor/Te-no_215.jpg,Training/notumor/Tr-no_1239.jpg,Testing,Training,notumor,notumor,0,0,True,False
Testing/notumor/Te-no_216.jpg,Training/notumor/Tr-no_849.jpg,Testing,Training,notumor,notumor,2,0,True,False
Testing/notumor/Te-no_216.jpg,Training/notumor/Tr-no_1306.jpg,Testing,Training,notumor,notumor,0,0,True,False
Testing/notumor/Te-no_216.jpg,Training/notumor/Tr-no_544.jpg,Testing,Training,notumor,notumor,0,0,True,False
Testing/notumor/Te-no_216.jpg,Training/notumor/Tr-no_661.jpg,Testing,Training,notumor,notumor,2,0,True,False
Testing/notumor/Te-no_216.jpg,Training/notumor/Tr-no_1002.jpg,Testing,Training,notumor,notumor,0,0,True,False
Testing/notumor/Te-no_216.jpg,Training/notumor/Tr-no_550.jpg,Testing,Training,notumor,notumor,0,0,True,False
Testing/notumor/Te-no_216.jpg,Training/notumor/Tr-no_571.jpg,Testing,Training,notumor,notumor,0,0,True,False
Testing/notumor/Te-no_216.jpg,Training/notumor/Tr-no_805.jpg,Testing,Training,notumor,notumor,2,0,True,False
Testing/notumor/Te-no_216.jpg,Training/notumor/Tr-no_808.jpg,Testing,Training,notumor,notumor,0,0,True,False
Testing/notumor/Te-no_216.jpg,Training/notumor/Tr-no_1147.jpg,Testing,Training,notumor,notumor,4,0,True,False
Testing/notumor/Te-no_216.jpg,Training/notumor/Tr-no_246.jpg,Testing,Training,notumor,notumor,2,0,True,False
Testing/notumor/Te-no_216.jpg,Training/notumor/Tr-no_1281.jpg,Testing,Training,notumor,notumor,0,0,True,False
Testing/notumor/Te-no_216.jpg,Training/notumor/Tr-no_500.jpg,Testing,Training,notumor,notumor,0,0,True,False
Testing/notumor/Te-no_218.jpg,Training/notumor/Tr-no_1359.jpg,Testing,Training,notumor,notumor,0,1,True,False
Testing/notumor/Te-no_218.jpg,Training/notumor/Tr-no_964.jpg,Testing,Training,notumor,notumor,0,1,True,False
Testing/notumor/Te-no_218.jpg,Training/notumor/Tr-no_413.jpg,Testing,Training,notumor,notumor,0,0,True,False
Testing/notumor/Te-no_218.jpg,Training/notumor/Tr-no_256.jpg,Testing,Training,notumor,notumor,0,1,True,False
Testing/notumor/Te-no_218.jpg,Training/notumor/Tr-no_952.jpg,Testing,Training,notumor,notumor,0,0,True,False
Testing/notumor/Te-no_219.jpg,Training/notumor/Tr-no_793.jpg,Testing,Training,notumor,notumor,0,0,True,False
Testing/notumor/Te-no_219.jpg,Training/notumor/Tr-no_1034.jpg,Testing,Training,notumor,notumor,0,0,True,False
Testing/notumor/Te-no_219.jpg,Training/notumor/Tr-no_1233.jpg,Testing,Training,notumor,notumor,0,0,True,False
Testing/notumor/Te-no_219.jpg,Training/notumor/Tr-no_146.jpg,Testing,Training,notumor,notumor,0,0,True,False
Testing/notumor/Te-no_219.jpg,Training/notumor/Tr-no_896.jpg,Testing,Training,notumor,notumor,0,0,True,False
Testing/notumor/Te-no_22.jpg,Training/notumor/Tr-no_164.jpg,Testing,Training,notumor,notumor,0,0,True,False
Testing/notumor/Te-no_22.jpg,Training/notumor/Tr-no_1367.jpg,Testing,Training,notumor,notumor,2,0,True,False
Testing/notumor/Te-no_22.jpg,Training/notumor/Tr-no_1196.jpg,Testing,Training,notumor,notumor,2,0,True,False
Testing/notumor/Te-no_22.jpg,Training/notumor/Tr-no_687.jpg,Testing,Training,notumor,notumor,2,0,True,False
Testing/notumor/Te-no_22.jpg,Training/notumor/Tr-no_170.jpg,Testing,Training,notumor,notumor,0,0,True,False
Testing/notumor/Te-no_22.jpg,Training/notumor/Tr-no_929.jpg,Testing,Training,notumor,notumor,2,0,True,False
Testing/notumor/Te-no_22.jpg,Training/notumor/Tr-no_830.jpg,Testing,Training,notumor,notumor,2,0,True,False
Testing/notumor/Te-no_22.jpg,Training/notumor/Tr-no_117.jpg,Testing,Training,notumor,notumor,2,0,True,False
Testing/notumor/Te-no_22.jpg,Training/notumor/Tr-no_891.jpg,Testing,Training,notumor,notumor,0,0,True,False
Testing/notumor/Te-no_22.jpg,Training/notumor/Tr-no_1350.jpg,Testing,Training,notumor,notumor,2,0,True,False
Testing/notumor/Te-no_220.jpg,Training/notumor/Tr-no_1132.jpg,Testing,Training,notumor,notumor,0,0,True,False
Testing/notumor/Te-no_220.jpg,Training/notumor/Tr-no_510.jpg,Testing,Training,notumor,notumor,0,0,True,False
Testing/notumor/Te-no_220.jpg,Training/notumor/Tr-no_1032.jpg,Testing,Training,notumor,notumor,0,0,True,False
Testing/notumor/Te-no_220.jpg,Training/notumor/Tr-no_87.jpg,Testing,Training,notumor,notumor,0,0,True,False
Testing/notumor/Te-no_220.jpg,Training/notumor/Tr-no_640.jpg,Testing,Training,notumor,notumor,0,0,True,False
Testing/notumor/Te-no_220.jpg,Training/notumor/Tr-no_1214.jpg,Testing,Training,notumor,notumor,0,0,True,False
Testing/notumor/Te-no_220.jpg,Training/notumor/Tr-no_498.jpg,Testing,Training,notumor,notumor,0,0,True,False
Testing/notumor/Te-no_220.jpg,Training/notumor/Tr-no_730.jpg,Testing,Training,notumor,notumor,0,0,True,False
Testing/notumor/Te-no_221.jpg,Training/notumor/Tr-no_560.jpg,Testing,Training,notumor,notumor,0,0,True,False
Testing/notumor/Te-no_221.jpg,Training/notumor/Tr-no_332.jpg,Testing,Training,notumor,notumor,0,0,True,False
Testing/notumor/Te-no_221.jpg,Training/notumor/Tr-no_290.jpg,Testing,Training,notumor,notumor,0,0,True,False
Testing/notumor/Te-no_221.jpg,Training/notumor/Tr-no_302.jpg,Testing,Training,notumor,notumor,0,0,True,False
Testing/notumor/Te-no_221.jpg,Training/notumor/Tr-no_191.jpg,Testing,Training,notumor,notumor,0,0,True,False
Testing/notumor/Te-no_221.jpg,Training/notumor/Tr-no_958.jpg,Testing,Training,notumor,notumor,0,0,True,False
Testing/notumor/Te-no_221.jpg,Training/notumor/Tr-no_672.jpg,Testing,Training,notumor,notumor,0,0,True,False
Testing/notumor/Te-no_222.jpg,Training/notumor/Tr-no_564.jpg,Testing,Training,notumor,notumor,0,0,True,False
Testing/notumor/Te-no_222.jpg,Training/notumor/Tr-no_68.jpg,Testing,Training,notumor,notumor,0,0,True,False
Testing/notumor/Te-no_222.jpg,Training/notumor/Tr-no_4.jpg,Testing,Training,notumor,notumor,2,0,True,False
Testing/notumor/Te-no_222.jpg,Training/notumor/Tr-no_807.jpg,Testing,Training,notumor,notumor,2,0,True,False
Testing/notumor/Te-no_222.jpg,Training/notumor/Tr-no_694.jpg,Testing,Training,notumor,notumor,0,0,True,False
Testing/notumor/Te-no_222.jpg,Training/notumor/Tr-no_878.jpg,Testing,Training,notumor,notumor,0,0,True,False
Testing/notumor/Te-no_222.jpg,Training/notumor/Tr-no_1167.jpg,Testing,Training,notumor,notumor,0,0,True,False
Testing/notumor/Te-no_222.jpg,Training/notumor/Tr-no_252.jpg,Testing,Training,notumor,notumor,2,0,True,False
Testing/notumor/Te-no_222.jpg,Training/notumor/Tr-no_368.jpg,Testing,Training,notumor,notumor,0,0,True,False
Testing/notumor/Te-no_222.jpg,Training/notumor/Tr-no_1182.jpg,Testing,Training,notumor,notumor,2,0,True,False
Testing/notumor/Te-no_222.jpg,Training/notumor/Tr-no_1126.jpg,Testing,Training,notumor,notumor,0,0,True,False
Testing/notumor/Te-no_223.jpg,Training/notumor/Tr-no_159.jpg,Testing,Training,notumor,notumor,0,0,True,False
Testing/notumor/Te-no_223.jpg,Training/notumor/Tr-no_1137.jpg,Testing,Training,notumor,notumor,0,0,True,False
Testing/notumor/Te-no_223.jpg,Training/notumor/Tr-no_287.jpg,Testing,Training,notumor,notumor,0,0,True,False
Testing/notumor/Te-no_223.jpg,Training/notumor/Tr-no_1144.jpg,Testing,Training,notumor,notumor,0,0,True,False
Testing/notumor/Te-no_223.jpg,Training/notumor/Tr-no_925.jpg,Testing,Training,notumor,notumor,0,0,True,False
Testing/notumor/Te-no_223.jpg,Training/notumor/Tr-no_41.jpg,Testing,Training,notumor,notumor,0,0,True,False
Testing/notumor/Te-no_223.jpg,Training/notumor/Tr-no_18.jpg,Testing,Training,notumor,notumor,0,0,True,False
Testing/notumor/Te-no_223.jpg,Training/notumor/Tr-no_647.jpg,Testing,Training,notumor,notumor,0,0,True,False
Testing/notumor/Te-no_223.jpg,Training/notumor/Tr-no_189.jpg,Testing,Training,notumor,notumor,0,0,True,False
Testing/notumor/Te-no_223.jpg,Training/notumor/Tr-no_1283.jpg,Testing,Training,notumor,notumor,0,0,True,False
Testing/notumor/Te-no_224.jpg,Training/notumor/Tr-no_391.jpg,Testing,Training,notumor,notumor,0,0,True,False
Testing/notumor/Te-no_224.jpg,Training/notumor/Tr-no_681.jpg,Testing,Training,notumor,notumor,0,1,True,False
Testing/notumor/Te-no_224.jpg,Training/notumor/Tr-no_102.jpg,Testing,Training,notumor,notumor,0,0,True,False
Testing/notumor/Te-no_224.jpg,Training/notumor/Tr-no_464.jpg,Testing,Training,notumor,notumor,0,0,True,False
Testing/notumor/Te-no_224.jpg,Training/notumor/Tr-no_301.jpg,Testing,Training,notumor,notumor,0,0,True,False
Testing/notumor/Te-no_224.jpg,Training/notumor/Tr-no_134.jpg,Testing,Training,notumor,notumor,0,0,True,False
Testing/notumor/Te-no_224.jpg,Training/notumor/Tr-no_255.jpg,Testing,Training,notumor,notumor,0,0,True,False
Testing/notumor/Te-no_225.jpg,Training/notumor/Tr-no_859.jpg,Testing,Training,notumor,notumor,0,0,True,False
Testing/notumor/Te-no_225.jpg,Training/notumor/Tr-no_404.jpg,Testing,Training,notumor,notumor,0,0,True,False
Testing/notumor/Te-no_225.jpg,Training/notumor/Tr-no_635.jpg,Testing,Training,notumor,notumor,2,0,True,False
Testing/notumor/Te-no_225.jpg,Training/notumor/Tr-no_759.jpg,Testing,Training,notumor,notumor,2,0,True,False
Testing/notumor/Te-no_225.jpg,Training/notumor/Tr-no_136.jpg,Testing,Training,notumor,notumor,0,0,True,False
Testing/notumor/Te-no_225.jpg,Training/notumor/Tr-no_924.jpg,Testing,Training,notumor,notumor,2,0,True,False
Testing/notumor/Te-no_225.jpg,Training/notumor/Tr-no_239.jpg,Testing,Training,notumor,notumor,0,0,True,False
Testing/notumor/Te-no_225.jpg,Training/notumor/Tr-no_1041.jpg,Testing,Training,notumor,notumor,0,0,True,False
Testing/notumor/Te-no_225.jpg,Training/notumor/Tr-no_713.jpg,Testing,Training,notumor,notumor,0,0,True,False
Testing/notumor/Te-no_225.jpg,Training/notumor/Tr-no_834.jpg,Testing,Training,notumor,notumor,0,0,True,False
Testing/notumor/Te-no_226.jpg,Training/notumor/Tr-no_1189.jpg,Testing,Training,notumor,notumor,0,1,True,False
Testing/notumor/Te-no_226.jpg,Training/notumor/Tr-no_69.jpg,Testing,Training,notumor,notumor,0,0,True,False
Testing/notumor/Te-no_226.jpg,Training/notumor/Tr-no_1204.jpg,Testing,Training,notumor,notumor,0,0,True,False
Testing/notumor/Te-no_226.jpg,Training/notumor/Tr-no_466.jpg,Testing,Training,notumor,notumor,0,1,True,False
Testing/notumor/Te-no_226.jpg,Training/notumor/Tr-no_584.jpg,Testing,Training,notumor,notumor,0,0,True,False
Testing/notumor/Te-no_226.jpg,Training/notumor/Tr-no_1095.jpg,Testing,Training,notumor,notumor,0,0,True,False
Testing/notumor/Te-no_226.jpg,Training/notumor/Tr-no_882.jpg,Testing,Training,notumor,notumor,0,0,True,False
Testing/notumor/Te-no_226.jpg,Training/notumor/Tr-no_768.jpg,Testing,Training,notumor,notumor,2,0,True,False
Testing/notumor/Te-no_226.jpg,Training/notumor/Tr-no_775.jpg,Testing,Training,notumor,notumor,0,0,True,False
Testing/notumor/Te-no_226.jpg,Training/notumor/Tr-no_317.jpg,Testing,Training,notumor,notumor,0,0,True,False
Testing/notumor/Te-no_226.jpg,Training/notumor/Tr-no_1237.jpg,Testing,Training,notumor,notumor,0,0,True,False
Testing/notumor/Te-no_227.jpg,Training/notumor/Tr-no_101.jpg,Testing,Training,notumor,notumor,0,0,True,False
Testing/notumor/Te-no_228.jpg,Training/notumor/Tr-no_164.jpg,Testing,Training,notumor,notumor,0,0,True,False
Testing/notumor/Te-no_228.jpg,Training/notumor/Tr-no_1367.jpg,Testing,Training,notumor,notumor,0,0,True,False
Testing/notumor/Te-no_228.jpg,Training/notumor/Tr-no_1196.jpg,Testing,Training,notumor,notumor,0,0,True,False
Testing/notumor/Te-no_228.jpg,Training/notumor/Tr-no_687.jpg,Testing,Training,notumor,notumor,0,0,True,False
Testing/notumor/Te-no_228.jpg,Training/notumor/Tr-no_170.jpg,Testing,Training,notumor,notumor,0,0,True,False
Testing/notumor/Te-no_228.jpg,Training/notumor/Tr-no_929.jpg,Testing,Training,notumor,notumor,0,0,True,False
Testing/notumor/Te-no_228.jpg,Training/notumor/Tr-no_830.jpg,Testing,Training,notumor,notumor,0,0,True,False
Testing/notumor/Te-no_228.jpg,Training/notumor/Tr-no_117.jpg,Testing,Training,notumor,notumor,0,0,True,False
Testing/notumor/Te-no_228.jpg,Training/notumor/Tr-no_891.jpg,Testing,Training,notumor,notumor,2,0,True,False
Testing/notumor/Te-no_228.jpg,Training/notumor/Tr-no_1350.jpg,Testing,Training,notumor,notumor,0,0,True,False
Testing/notumor/Te-no_229.jpg,Training/notumor/Tr-no_1128.jpg,Testing,Training,notumor,notumor,0,0,True,False
Testing/notumor/Te-no_229.jpg,Training/notumor/Tr-no_1074.jpg,Testing,Training,notumor,notumor,0,0,True,False
Testing/notumor/Te-no_229.jpg,Training/notumor/Tr-no_578.jpg,Testing,Training,notumor,notumor,0,0,True,False
Testing/notumor/Te-no_229.jpg,Training/notumor/Tr-no_1399.jpg,Testing,Training,notumor,notumor,0,0,True,False
Testing/notumor/Te-no_229.jpg,Training/notumor/Tr-no_1231.jpg,Testing,Training,notumor,notumor,0,0,True,False
Testing/notumor/Te-no_229.jpg,Training/notumor/Tr-no_55.jpg,Testing,Training,notumor,notumor,0,0,True,False
Testing/notumor/Te-no_23.jpg,Training/notumor/Tr-no_1028.jpg,Testing,Training,notumor,notumor,6,0,True,False
Testing/notumor/Te-no_23.jpg,Training/notumor/Tr-no_1088.jpg,Testing,Training,notumor,notumor,0,0,True,False
Testing/notumor/Te-no_23.jpg,Training/notumor/Tr-no_1030.jpg,Testing,Training,notumor,notumor,6,0,True,False
Testing/notumor/Te-no_23.jpg,Training/notumor/Tr-no_195.jpg,Testing,Training,notumor,notumor,0,0,True,False
Testing/notumor/Te-no_230.jpg,Training/notumor/Tr-no_392.jpg,Testing,Training,notumor,notumor,0,0,True,False
Testing/notumor/Te-no_230.jpg,Training/notumor/Tr-no_177.jpg,Testing,Training,notumor,notumor,0,0,True,False
Testing/notumor/Te-no_230.jpg,Training/notumor/Tr-no_652.jpg,Testing,Training,notumor,notumor,0,0,True,False
Testing/notumor/Te-no_230.jpg,Training/notumor/Tr-no_194.jpg,Testing,Training,notumor,notumor,0,0,True,False
Testing/notumor/Te-no_230.jpg,Training/notumor/Tr-no_888.jpg,Testing,Training,notumor,notumor,0,0,True,False
Testing/notumor/Te-no_230.jpg,Training/notumor/Tr-no_904.jpg,Testing,Training,notumor,notumor,0,0,True,False
Testing/notumor/Te-no_230.jpg,Training/notumor/Tr-no_219.jpg,Testing,Training,notumor,notumor,0,0,True,False
Testing/notumor/Te-no_230.jpg,Training/notumor/Tr-no_566.jpg,Testing,Training,notumor,notumor,0,0,True,False
Testing/notumor/Te-no_230.jpg,Training/notumor/Tr-no_1142.jpg,Testing,Training,notumor,notumor,0,0,True,False
Testing/notumor/Te-no_230.jpg,Training/notumor/Tr-no_1277.jpg,Testing,Training,notumor,notumor,0,0,True,False
Testing/notumor/Te-no_230.jpg,Training/notumor/Tr-no_385.jpg,Testing,Training,notumor,notumor,0,0,True,False
Testing/notumor/Te-no_231.jpg,Training/notumor/Tr-no_629.jpg,Testing,Training,notumor,notumor,10,0,True,False
Testing/notumor/Te-no_231.jpg,Training/notumor/Tr-no_284.jpg,Testing,Training,notumor,notumor,0,0,True,False
Testing/notumor/Te-no_231.jpg,Training/notumor/Tr-no_804.jpg,Testing,Training,notumor,notumor,0,0,True,False
Testing/notumor/Te-no_231.jpg,Training/notumor/Tr-no_923.jpg,Testing,Training,notumor,notumor,14,0,True,False
Testing/notumor/Te-no_231.jpg,Training/notumor/Tr-no_870.jpg,Testing,Training,notumor,notumor,0,0,True,False
Testing/notumor/Te-no_231.jpg,Training/notumor/Tr-no_237.jpg,Testing,Training,notumor,notumor,12,0,True,False
Testing/notumor/Te-no_231.jpg,Training/notumor/Tr-no_1045.jpg,Testing,Training,notumor,notumor,0,0,True,False
Testing/notumor/Te-no_231.jpg,Training/notumor/Tr-no_938.jpg,Testing,Training,notumor,notumor,4,0,True,False
Testing/notumor/Te-no_231.jpg,Training/notumor/Tr-no_379.jpg,Testing,Training,notumor,notumor,0,0,True,False
Testing/notumor/Te-no_232.jpg,Training/notumor/Tr-no_620.jpg,Testing,Training,notumor,notumor,2,0,True,False
Testing/notumor/Te-no_232.jpg,Training/notumor/Tr-no_402.jpg,Testing,Training,notumor,notumor,2,0,True,False
Testing/notumor/Te-no_232.jpg,Training/notumor/Tr-no_403.jpg,Testing,Training,notumor,notumor,0,0,True,False
Testing/notumor/Te-no_232.jpg,Training/notumor/Tr-no_873.jpg,Testing,Training,notumor,notumor,0,0,True,False
Testing/notumor/Te-no_232.jpg,Training/notumor/Tr-no_643.jpg,Testing,Training,notumor,notumor,0,0,True,False
Testing/notumor/Te-no_232.jpg,Training/notumor/Tr-no_1220.jpg,Testing,Training,notumor,notumor,2,0,True,False
Testing/notumor/Te-no_232.jpg,Training/notumor/Tr-no_1.jpg,Testing,Training,notumor,notumor,0,0,True,False
Testing/notumor/Te-no_232.jpg,Training/notumor/Tr-no_2.jpg,Testing,Training,notumor,notumor,2,0,True,False
Testing/notumor/Te-no_232.jpg,Training/notumor/Tr-no_1244.jpg,Testing,Training,notumor,notumor,2,0,True,False
Testing/notumor/Te-no_232.jpg,Training/notumor/Tr-no_217.jpg,Testing,Training,notumor,notumor,2,0,True,False
Testing/notumor/Te-no_232.jpg,Training/notumor/Tr-no_227.jpg,Testing,Training,notumor,notumor,2,0,True,False
Testing/notumor/Te-no_232.jpg,Training/notumor/Tr-no_690.jpg,Testing,Training,notumor,notumor,0,0,True,False
Testing/notumor/Te-no_232.jpg,Training/notumor/Tr-no_23.jpg,Testing,Training,notumor,notumor,2,0,True,False
Testing/notumor/Te-no_232.jpg,Training/notumor/Tr-no_234.jpg,Testing,Training,notumor,notumor,0,0,True,False
Testing/notumor/Te-no_232.jpg,Training/notumor/Tr-no_488.jpg,Testing,Training,notumor,notumor,0,0,True,False
Testing/notumor/Te-no_232.jpg,Training/notumor/Tr-no_955.jpg,Testing,Training,notumor,notumor,2,0,True,False
Testing/notumor/Te-no_232.jpg,Training/notumor/Tr-no_735.jpg,Testing,Training,notumor,notumor,2,0,True,False
Testing/notumor/Te-no_232.jpg,Training/notumor/Tr-no_1304.jpg,Testing,Training,notumor,notumor,2,0,True,False
Testing/notumor/Te-no_232.jpg,Training/notumor/Tr-no_74.jpg,Testing,Training,notumor,notumor,0,0,True,False
Testing/notumor/Te-no_232.jpg,Training/notumor/Tr-no_514.jpg,Testing,Training,notumor,notumor,0,0,True,False
Testing/notumor/Te-no_232.jpg,Training/notumor/Tr-no_1083.jpg,Testing,Training,notumor,notumor,2,0,True,False
Testing/notumor/Te-no_232.jpg,Training/notumor/Tr-no_781.jpg,Testing,Training,notumor,notumor,2,0,True,False
Testing/notumor/Te-no_232.jpg,Training/notumor/Tr-no_559.jpg,Testing,Training,notumor,notumor,2,0,True,False
Testing/notumor/Te-no_232.jpg,Training/notumor/Tr-no_113.jpg,Testing,Training,notumor,notumor,2,0,True,False
Testing/notumor/Te-no_232.jpg,Training/notumor/Tr-no_331.jpg,Testing,Training,notumor,notumor,2,0,True,False
Testing/notumor/Te-no_232.jpg,Training/notumor/Tr-no_1371.jpg,Testing,Training,notumor,notumor,0,0,True,False
Testing/notumor/Te-no_232.jpg,Training/notumor/Tr-no_1375.jpg,Testing,Training,notumor,notumor,0,0,True,False
Testing/notumor/Te-no_232.jpg,Training/notumor/Tr-no_586.jpg,Testing,Training,notumor,notumor,2,0,True,False
Testing/notumor/Te-no_232.jpg,Training/notumor/Tr-no_1392.jpg,Testing,Training,notumor,notumor,2,0,True,False
Testing/notumor/Te-no_232.jpg,Training/notumor/Tr-no_1163.jpg,Testing,Training,notumor,notumor,2,0,True,False
Testing/notumor/Te-no_232.jpg,Training/notumor/Tr-no_595.jpg,Testing,Training,notumor,notumor,2,0,True,False
Testing/notumor/Te-no_232.jpg,Training/notumor/Tr-no_597.jpg,Testing,Training,notumor,notumor,0,0,True,False
Testing/notumor/Te-no_232.jpg,Training/notumor/Tr-no_37.jpg,Testing,Training,notumor,notumor,0,0,True,False
Testing/notumor/Te-no_232.jpg,Training/notumor/Tr-no_1170.jpg,Testing,Training,notumor,notumor,2,0,True,False
Testing/notumor/Te-no_232.jpg,Training/notumor/Tr-no_152.jpg,Testing,Training,notumor,notumor,2,0,True,False
Testing/notumor/Te-no_233.jpg,Training/notumor/Tr-no_620.jpg,Testing,Training,notumor,notumor,0,0,True,False
Testing/notumor/Te-no_233.jpg,Training/notumor/Tr-no_402.jpg,Testing,Training,notumor,notumor,2,0,True,False
Testing/notumor/Te-no_233.jpg,Training/notumor/Tr-no_403.jpg,Testing,Training,notumor,notumor,2,0,True,False
Testing/notumor/Te-no_233.jpg,Training/notumor/Tr-no_873.jpg,Testing,Training,notumor,notumor,2,0,True,False
Testing/notumor/Te-no_233.jpg,Training/notumor/Tr-no_643.jpg,Testing,Training,notumor,notumor,2,0,True,False
Testing/notumor/Te-no_233.jpg,Training/notumor/Tr-no_1220.jpg,Testing,Training,notumor,notumor,0,0,True,False
Testing/notumor/Te-no_233.jpg,Training/notumor/Tr-no_2.jpg,Testing,Training,notumor,notumor,0,0,True,False
Testing/notumor/Te-no_233.jpg,Training/notumor/Tr-no_1.jpg,Testing,Training,notumor,notumor,2,0,True,False
Testing/notumor/Te-no_233.jpg,Training/notumor/Tr-no_1244.jpg,Testing,Training,notumor,notumor,0,0,True,False
Testing/notumor/Te-no_233.jpg,Training/notumor/Tr-no_217.jpg,Testing,Training,notumor,notumor,2,0,True,False
Testing/notumor/Te-no_233.jpg,Training/notumor/Tr-no_227.jpg,Testing,Training,notumor,notumor,0,0,True,False
Testing/notumor/Te-no_233.jpg,Training/notumor/Tr-no_690.jpg,Testing,Training,notumor,notumor,2,0,True,False
Testing/notumor/Te-no_233.jpg,Training/notumor/Tr-no_23.jpg,Testing,Training,notumor,notumor,2,0,True,False
Testing/notumor/Te-no_233.jpg,Training/notumor/Tr-no_234.jpg,Testing,Training,notumor,notumor,2,0,True,False
Testing/notumor/Te-no_233.jpg,Training/notumor/Tr-no_488.jpg,Testing,Training,notumor,notumor,2,0,True,False
Testing/notumor/Te-no_233.jpg,Training/notumor/Tr-no_955.jpg,Testing,Training,notumor,notumor,0,0,True,False
Testing/notumor/Te-no_233.jpg,Training/notumor/Tr-no_735.jpg,Testing,Training,notumor,notumor,2,0,True,False
Testing/notumor/Te-no_233.jpg,Training/notumor/Tr-no_1304.jpg,Testing,Training,notumor,notumor,2,0,True,False
Testing/notumor/Te-no_233.jpg,Training/notumor/Tr-no_74.jpg,Testing,Training,notumor,notumor,2,0,True,False
Testing/notumor/Te-no_233.jpg,Training/notumor/Tr-no_1083.jpg,Testing,Training,notumor,notumor,2,0,True,False
Testing/notumor/Te-no_233.jpg,Training/notumor/Tr-no_514.jpg,Testing,Training,notumor,notumor,2,0,True,False
Testing/notumor/Te-no_233.jpg,Training/notumor/Tr-no_781.jpg,Testing,Training,notumor,notumor,0,0,True,False
Testing/notumor/Te-no_233.jpg,Training/notumor/Tr-no_559.jpg,Testing,Training,notumor,notumor,0,0,True,False
Testing/notumor/Te-no_233.jpg,Training/notumor/Tr-no_113.jpg,Testing,Training,notumor,notumor,2,0,True,False
Testing/notumor/Te-no_233.jpg,Training/notumor/Tr-no_331.jpg,Testing,Training,notumor,notumor,0,0,True,False
Testing/notumor/Te-no_233.jpg,Training/notumor/Tr-no_1371.jpg,Testing,Training,notumor,notumor,2,0,True,False
Testing/notumor/Te-no_233.jpg,Training/notumor/Tr-no_1375.jpg,Testing,Training,notumor,notumor,2,0,True,False
Testing/notumor/Te-no_233.jpg,Training/notumor/Tr-no_586.jpg,Testing,Training,notumor,notumor,0,0,True,False
Testing/notumor/Te-no_233.jpg,Training/notumor/Tr-no_1392.jpg,Testing,Training,notumor,notumor,0,0,True,False
Testing/notumor/Te-no_233.jpg,Training/notumor/Tr-no_1163.jpg,Testing,Training,notumor,notumor,0,0,True,False
Testing/notumor/Te-no_233.jpg,Training/notumor/Tr-no_595.jpg,Testing,Training,notumor,notumor,2,0,True,False
Testing/notumor/Te-no_233.jpg,Training/notumor/Tr-no_597.jpg,Testing,Training,notumor,notumor,2,0,True,False
Testing/notumor/Te-no_233.jpg,Training/notumor/Tr-no_37.jpg,Testing,Training,notumor,notumor,2,0,True,False
Testing/notumor/Te-no_233.jpg,Training/notumor/Tr-no_1170.jpg,Testing,Training,notumor,notumor,0,0,True,False
Testing/notumor/Te-no_233.jpg,Training/notumor/Tr-no_833.jpg,Testing,Training,notumor,notumor,0,1,True,False
Testing/notumor/Te-no_233.jpg,Training/notumor/Tr-no_841.jpg,Testing,Training,notumor,notumor,0,1,True,False
Testing/notumor/Te-no_233.jpg,Training/notumor/Tr-no_152.jpg,Testing,Training,notumor,notumor,2,0,True,False
Testing/notumor/Te-no_234.jpg,Training/notumor/Tr-no_1301.jpg,Testing,Training,notumor,notumor,0,0,True,False
Testing/notumor/Te-no_234.jpg,Training/notumor/Tr-no_851.jpg,Testing,Training,notumor,notumor,0,0,True,False
Testing/notumor/Te-no_234.jpg,Training/notumor/Tr-no_1098.jpg,Testing,Training,notumor,notumor,0,0,True,False
Testing/notumor/Te-no_234.jpg,Training/notumor/Tr-no_1337.jpg,Testing,Training,notumor,notumor,0,0,True,False
Testing/notumor/Te-no_234.jpg,Training/notumor/Tr-no_151.jpg,Testing,Training,notumor,notumor,0,0,True,False
Testing/notumor/Te-no_235.jpg,Training/notumor/Tr-no_504.jpg,Testing,Training,notumor,notumor,0,0,True,False
Testing/notumor/Te-no_235.jpg,Training/notumor/Tr-no_223.jpg,Testing,Training,notumor,notumor,0,0,True,False
Testing/notumor/Te-no_235.jpg,Training/notumor/Tr-no_811.jpg,Testing,Training,notumor,notumor,0,0,True,False
Testing/notumor/Te-no_235.jpg,Training/notumor/Tr-no_585.jpg,Testing,Training,notumor,notumor,0,0,True,False
Testing/notumor/Te-no_235.jpg,Training/notumor/Tr-no_1276.jpg,Testing,Training,notumor,notumor,0,0,True,False
Testing/notumor/Te-no_235.jpg,Training/notumor/Tr-no_1103.jpg,Testing,Training,notumor,notumor,0,0,True,False
Testing/notumor/Te-no_235.jpg,Training/notumor/Tr-no_1052.jpg,Testing,Training,notumor,notumor,0,0,True,False
Testing/notumor/Te-no_235.jpg,Training/notumor/Tr-no_948.jpg,Testing,Training,notumor,notumor,0,0,True,False
Testing/notumor/Te-no_236.jpg,Training/notumor/Tr-no_1300.jpg,Testing,Training,notumor,notumor,0,0,True,False
Testing/notumor/Te-no_236.jpg,Training/notumor/Tr-no_1303.jpg,Testing,Training,notumor,notumor,0,0,True,False
Testing/notumor/Te-no_236.jpg,Training/notumor/Tr-no_761.jpg,Testing,Training,notumor,notumor,0,0,True,False
Testing/notumor/Te-no_236.jpg,Training/notumor/Tr-no_306.jpg,Testing,Training,notumor,notumor,0,0,True,False
Testing/notumor/Te-no_236.jpg,Training/notumor/Tr-no_1236.jpg,Testing,Training,notumor,notumor,0,0,True,False
Testing/notumor/Te-no_236.jpg,Training/notumor/Tr-no_142.jpg,Testing,Training,notumor,notumor,0,0,True,False
Testing/notumor/Te-no_236.jpg,Training/notumor/Tr-no_1294.jpg,Testing,Training,notumor,notumor,0,0,True,False
Testing/notumor/Te-no_236.jpg,Training/notumor/Tr-no_118.jpg,Testing,Training,notumor,notumor,0,0,True,False
Testing/notumor/Te-no_236.jpg,Training/notumor/Tr-no_382.jpg,Testing,Training,notumor,notumor,0,0,True,False
Testing/notumor/Te-no_237.jpg,Training/notumor/Tr-no_501.jpg,Testing,Training,notumor,notumor,0,4,True,False
Testing/notumor/Te-no_237.jpg,Training/notumor/Tr-no_1087.jpg,Testing,Training,notumor,notumor,0,0,True,False
Testing/notumor/Te-no_237.jpg,Training/notumor/Tr-no_753.jpg,Testing,Training,notumor,notumor,0,0,True,False
Testing/notumor/Te-no_237.jpg,Training/notumor/Tr-no_294.jpg,Testing,Training,notumor,notumor,0,0,True,False
Testing/notumor/Te-no_237.jpg,Training/notumor/Tr-no_540.jpg,Testing,Training,notumor,notumor,0,0,True,False
Testing/notumor/Te-no_237.jpg,Training/notumor/Tr-no_444.jpg,Testing,Training,notumor,notumor,0,0,True,False
Testing/notumor/Te-no_237.jpg,Training/notumor/Tr-no_1268.jpg,Testing,Training,notumor,notumor,0,0,True,False
Testing/notumor/Te-no_237.jpg,Training/notumor/Tr-no_714.jpg,Testing,Training,notumor,notumor,0,4,True,False
Testing/notumor/Te-no_237.jpg,Training/notumor/Tr-no_723.jpg,Testing,Training,notumor,notumor,0,4,True,False
Testing/notumor/Te-no_237.jpg,Training/notumor/Tr-no_96.jpg,Testing,Training,notumor,notumor,0,0,True,False
Testing/notumor/Te-no_238.jpg,Training/notumor/Tr-no_103.jpg,Testing,Training,notumor,notumor,0,0,True,False
Testing/notumor/Te-no_238.jpg,Training/notumor/Tr-no_868.jpg,Testing,Training,notumor,notumor,0,0,True,False
Testing/notumor/Te-no_238.jpg,Training/notumor/Tr-no_1207.jpg,Testing,Training,notumor,notumor,0,0,True,False
Testing/notumor/Te-no_238.jpg,Training/notumor/Tr-no_1386.jpg,Testing,Training,notumor,notumor,0,0,True,False
Testing/notumor/Te-no_238.jpg,Training/notumor/Tr-no_188.jpg,Testing,Training,notumor,notumor,0,0,True,False
Testing/notumor/Te-no_238.jpg,Training/notumor/Tr-no_823.jpg,Testing,Training,notumor,notumor,0,0,True,False
Testing/notumor/Te-no_238.jpg,Training/notumor/Tr-no_1058.jpg,Testing,Training,notumor,notumor,0,0,True,False
Testing/notumor/Te-no_238.jpg,Training/notumor/Tr-no_950.jpg,Testing,Training,notumor,notumor,0,0,True,False
Testing/notumor/Te-no_238.jpg,Training/notumor/Tr-no_319.jpg,Testing,Training,notumor,notumor,0,0,True,False
Testing/notumor/Te-no_238.jpg,Training/notumor/Tr-no_384.jpg,Testing,Training,notumor,notumor,0,0,True,False
Testing/notumor/Te-no_239.jpg,Training/notumor/Tr-no_739.jpg,Testing,Training,notumor,notumor,0,1,True,False
Testing/notumor/Te-no_239.jpg,Training/notumor/Tr-no_396.jpg,Testing,Training,notumor,notumor,0,0,True,False
Testing/notumor/Te-no_239.jpg,Training/notumor/Tr-no_513.jpg,Testing,Training,notumor,notumor,0,0,True,False
Testing/notumor/Te-no_239.jpg,Training/notumor/Tr-no_748.jpg,Testing,Training,notumor,notumor,0,0,True,False
Testing/notumor/Te-no_239.jpg,Training/notumor/Tr-no_996.jpg,Testing,Training,notumor,notumor,0,0,True,False
Testing/notumor/Te-no_239.jpg,Training/notumor/Tr-no_889.jpg,Testing,Training,notumor,notumor,0,0,True,False
Testing/notumor/Te-no_239.jpg,Training/notumor/Tr-no_197.jpg,Testing,Training,notumor,notumor,0,0,True,False
Testing/notumor/Te-no_239.jpg,Training/notumor/Tr-no_659.jpg,Testing,Training,notumor,notumor,0,0,True,False
Testing/notumor/Te-no_239.jpg,Training/notumor/Tr-no_1346.jpg,Testing,Training,notumor,notumor,0,0,True,False
Testing/notumor/Te-no_239.jpg,Training/notumor/Tr-no_1347.jpg,Testing,Training,notumor,notumor,0,0,True,False
Testing/notumor/Te-no_239.jpg,Training/notumor/Tr-no_1121.jpg,Testing,Training,notumor,notumor,0,1,True,False
Testing/notumor/Te-no_239.jpg,Training/notumor/Tr-no_556.jpg,Testing,Training,notumor,notumor,0,0,True,False
Testing/notumor/Te-no_239.jpg,Training/notumor/Tr-no_1263.jpg,Testing,Training,notumor,notumor,0,1,True,False
Testing/notumor/Te-no_239.jpg,Training/notumor/Tr-no_1155.jpg,Testing,Training,notumor,notumor,0,0,True,False
Testing/notumor/Te-no_239.jpg,Training/notumor/Tr-no_1387.jpg,Testing,Training,notumor,notumor,0,0,True,False
Testing/notumor/Te-no_239.jpg,Training/notumor/Tr-no_1280.jpg,Testing,Training,notumor,notumor,0,0,True,False
Testing/notumor/Te-no_239.jpg,Training/notumor/Tr-no_264.jpg,Testing,Training,notumor,notumor,0,0,True,False
Testing/notumor/Te-no_239.jpg,Training/notumor/Tr-no_61.jpg,Testing,Training,notumor,notumor,0,0,True,False
Testing/notumor/Te-no_24.jpg,Training/notumor/Tr-no_852.jpg,Testing,Training,notumor,notumor,0,0,True,False
Testing/notumor/Te-no_24.jpg,Training/notumor/Tr-no_1195.jpg,Testing,Training,notumor,notumor,2,0,True,False
Testing/notumor/Te-no_24.jpg,Training/notumor/Tr-no_628.jpg,Testing,Training,notumor,notumor,2,0,True,False
Testing/notumor/Te-no_24.jpg,Training/notumor/Tr-no_182.jpg,Testing,Training,notumor,notumor,0,0,True,False
Testing/notumor/Te-no_24.jpg,Training/notumor/Tr-no_19.jpg,Testing,Training,notumor,notumor,0,0,True,False
Testing/notumor/Te-no_24.jpg,Training/notumor/Tr-no_651.jpg,Testing,Training,notumor,notumor,0,0,True,False
Testing/notumor/Te-no_24.jpg,Training/notumor/Tr-no_425.jpg,Testing,Training,notumor,notumor,2,0,True,False
Testing/notumor/Te-no_24.jpg,Training/notumor/Tr-no_892.jpg,Testing,Training,notumor,notumor,2,0,True,False
Testing/notumor/Te-no_24.jpg,Training/notumor/Tr-no_1230.jpg,Testing,Training,notumor,notumor,2,0,True,False
Testing/notumor/Te-no_24.jpg,Training/notumor/Tr-no_1232.jpg,Testing,Training,notumor,notumor,2,0,True,False
Testing/notumor/Te-no_24.jpg,Training/notumor/Tr-no_447.jpg,Testing,Training,notumor,notumor,0,0,True,False
Testing/notumor/Te-no_24.jpg,Training/notumor/Tr-no_469.jpg,Testing,Training,notumor,notumor,2,0,True,False
Testing/notumor/Te-no_24.jpg,Training/notumor/Tr-no_24.jpg,Testing,Training,notumor,notumor,2,0,True,False
Testing/notumor/Te-no_24.jpg,Training/notumor/Tr-no_470.jpg,Testing,Training,notumor,notumor,2,0,True,False
Testing/notumor/Te-no_24.jpg,Training/notumor/Tr-no_704.jpg,Testing,Training,notumor,notumor,0,0,True,False
Testing/notumor/Te-no_24.jpg,Training/notumor/Tr-no_1282.jpg,Testing,Training,notumor,notumor,2,0,True,False
Testing/notumor/Te-no_24.jpg,Training/notumor/Tr-no_716.jpg,Testing,Training,notumor,notumor,0,0,True,False
Testing/notumor/Te-no_24.jpg,Training/notumor/Tr-no_720.jpg,Testing,Training,notumor,notumor,0,0,True,False
Testing/notumor/Te-no_24.jpg,Training/notumor/Tr-no_499.jpg,Testing,Training,notumor,notumor,0,0,True,False
Testing/notumor/Te-no_24.jpg,Training/notumor/Tr-no_734.jpg,Testing,Training,notumor,notumor,0,0,True,False
Testing/notumor/Te-no_24.jpg,Training/notumor/Tr-no_740.jpg,Testing,Training,notumor,notumor,2,0,True,False
Testing/notumor/Te-no_24.jpg,Training/notumor/Tr-no_1084.jpg,Testing,Training,notumor,notumor,0,0,True,False
Testing/notumor/Te-no_24.jpg,Training/notumor/Tr-no_986.jpg,Testing,Training,notumor,notumor,0,0,True,False
Testing/notumor/Te-no_24.jpg,Training/notumor/Tr-no_11.jpg,Testing,Training,notumor,notumor,0,0,True,False
Testing/notumor/Te-no_24.jpg,Training/notumor/Tr-no_994.jpg,Testing,Training,notumor,notumor,0,0,True,False
Testing/notumor/Te-no_24.jpg,Training/notumor/Tr-no_1338.jpg,Testing,Training,notumor,notumor,2,0,True,False
Testing/notumor/Te-no_24.jpg,Training/notumor/Tr-no_771.jpg,Testing,Training,notumor,notumor,0,0,True,False
Testing/notumor/Te-no_24.jpg,Training/notumor/Tr-no_772.jpg,Testing,Training,notumor,notumor,2,0,True,False
Testing/notumor/Te-no_24.jpg,Training/notumor/Tr-no_1356.jpg,Testing,Training,notumor,notumor,0,0,True,False
Testing/notumor/Te-no_24.jpg,Training/notumor/Tr-no_1355.jpg,Testing,Training,notumor,notumor,2,0,True,False
Testing/notumor/Te-no_24.jpg,Training/notumor/Tr-no_558.jpg,Testing,Training,notumor,notumor,2,0,True,False
Testing/notumor/Te-no_24.jpg,Training/notumor/Tr-no_334.jpg,Testing,Training,notumor,notumor,0,0,True,False
Testing/notumor/Te-no_24.jpg,Training/notumor/Tr-no_145.jpg,Testing,Training,notumor,notumor,2,0,True,False
Testing/notumor/Te-no_24.jpg,Training/notumor/Tr-no_839.jpg,Testing,Training,notumor,notumor,0,0,True,False
Testing/notumor/Te-no_240.jpg,Training/notumor/Tr-no_399.jpg,Testing,Training,notumor,notumor,0,0,True,False
Testing/notumor/Te-no_240.jpg,Training/notumor/Tr-no_1116.jpg,Testing,Training,notumor,notumor,0,0,True,False
Testing/notumor/Te-no_240.jpg,Training/notumor/Tr-no_124.jpg,Testing,Training,notumor,notumor,6,0,True,False
Testing/notumor/Te-no_240.jpg,Training/notumor/Tr-no_342.jpg,Testing,Training,notumor,notumor,2,0,True,False
Testing/notumor/Te-no_240.jpg,Training/notumor/Tr-no_1376.jpg,Testing,Training,notumor,notumor,6,0,True,False
Testing/notumor/Te-no_240.jpg,Training/notumor/Tr-no_1054.jpg,Testing,Training,notumor,notumor,0,0,True,False
Testing/notumor/Te-no_241.jpg,Training/notumor/Tr-no_592.jpg,Testing,Training,notumor,notumor,0,0,True,False
Testing/notumor/Te-no_241.jpg,Training/notumor/Tr-no_65.jpg,Testing,Training,notumor,notumor,0,0,True,False
Testing/notumor/Te-no_241.jpg,Training/notumor/Tr-no_555.jpg,Testing,Training,notumor,notumor,0,0,True,False
Testing/notumor/Te-no_241.jpg,Training/notumor/Tr-no_1292.jpg,Testing,Training,notumor,notumor,0,0,True,False
Testing/notumor/Te-no_241.jpg,Training/notumor/Tr-no_1181.jpg,Testing,Training,notumor,notumor,0,0,True,False
Testing/notumor/Te-no_241.jpg,Training/notumor/Tr-no_99.jpg,Testing,Training,notumor,notumor,0,0,True,False
Testing/notumor/Te-no_242.jpg,Training/notumor/Tr-no_626.jpg,Testing,Training,notumor,notumor,2,0,True,False
Testing/notumor/Te-no_242.jpg,Training/notumor/Tr-no_400.jpg,Testing,Training,notumor,notumor,0,0,True,False
Testing/notumor/Te-no_242.jpg,Training/notumor/Tr-no_288.jpg,Testing,Training,notumor,notumor,0,0,True,False
Testing/notumor/Te-no_242.jpg,Training/notumor/Tr-no_175.jpg,Testing,Training,notumor,notumor,0,0,True,False
Testing/notumor/Te-no_242.jpg,Training/notumor/Tr-no_176.jpg,Testing,Training,notumor,notumor,0,0,True,False
Testing/notumor/Te-no_242.jpg,Training/notumor/Tr-no_1211.jpg,Testing,Training,notumor,notumor,2,0,True,False
Testing/notumor/Te-no_242.jpg,Training/notumor/Tr-no_876.jpg,Testing,Training,notumor,notumor,0,0,True,False
Testing/notumor/Te-no_242.jpg,Training/notumor/Tr-no_536.jpg,Testing,Training,notumor,notumor,0,0,True,False
Testing/notumor/Te-no_242.jpg,Training/notumor/Tr-no_657.jpg,Testing,Training,notumor,notumor,2,0,True,False
Testing/notumor/Te-no_242.jpg,Training/notumor/Tr-no_314.jpg,Testing,Training,notumor,notumor,0,0,True,False
Testing/notumor/Te-no_242.jpg,Training/notumor/Tr-no_665.jpg,Testing,Training,notumor,notumor,2,0,True,False
Testing/notumor/Te-no_242.jpg,Training/notumor/Tr-no_321.jpg,Testing,Training,notumor,notumor,0,0,True,False
Testing/notumor/Te-no_242.jpg,Training/notumor/Tr-no_552.jpg,Testing,Training,notumor,notumor,2,0,True,False
Testing/notumor/Te-no_242.jpg,Training/notumor/Tr-no_56.jpg,Testing,Training,notumor,notumor,0,0,True,False
Testing/notumor/Te-no_242.jpg,Training/notumor/Tr-no_1247.jpg,Testing,Training,notumor,notumor,0,0,True,False
Testing/notumor/Te-no_242.jpg,Training/notumor/Tr-no_1364.jpg,Testing,Training,notumor,notumor,0,0,True,False
Testing/notumor/Te-no_242.jpg,Training/notumor/Tr-no_799.jpg,Testing,Training,notumor,notumor,0,0,True,False
Testing/notumor/Te-no_242.jpg,Training/notumor/Tr-no_1023.jpg,Testing,Training,notumor,notumor,0,0,True,False
Testing/notumor/Te-no_242.jpg,Training/notumor/Tr-no_139.jpg,Testing,Training,notumor,notumor,0,0,True,False
Testing/notumor/Te-no_242.jpg,Training/notumor/Tr-no_143.jpg,Testing,Training,notumor,notumor,0,0,True,False
Testing/notumor/Te-no_242.jpg,Training/notumor/Tr-no_1068.jpg,Testing,Training,notumor,notumor,0,0,True,False
Testing/notumor/Te-no_242.jpg,Training/notumor/Tr-no_612.jpg,Testing,Training,notumor,notumor,0,0,True,False
Testing/notumor/Te-no_242.jpg,Training/notumor/Tr-no_73.jpg,Testing,Training,notumor,notumor,0,0,True,False
Testing/notumor/Te-no_242.jpg,Training/notumor/Tr-no_50.jpg,Testing,Training,notumor,notumor,0,0,True,False
Testing/notumor/Te-no_243.jpg,Training/notumor/Tr-no_852.jpg,Testing,Training,notumor,notumor,2,0,True,False
Testing/notumor/Te-no_243.jpg,Training/notumor/Tr-no_1195.jpg,Testing,Training,notumor,notumor,0,0,True,False
Testing/notumor/Te-no_243.jpg,Training/notumor/Tr-no_628.jpg,Testing,Training,notumor,notumor,0,0,True,False
Testing/notumor/Te-no_243.jpg,Training/notumor/Tr-no_182.jpg,Testing,Training,notumor,notumor,0,0,True,False
Testing/notumor/Te-no_243.jpg,Training/notumor/Tr-no_19.jpg,Testing,Training,notumor,notumor,0,0,True,False
Testing/notumor/Te-no_243.jpg,Training/notumor/Tr-no_651.jpg,Testing,Training,notumor,notumor,0,0,True,False
Testing/notumor/Te-no_243.jpg,Training/notumor/Tr-no_425.jpg,Testing,Training,notumor,notumor,0,0,True,False
Testing/notumor/Te-no_243.jpg,Training/notumor/Tr-no_892.jpg,Testing,Training,notumor,notumor,0,0,True,False
Testing/notumor/Te-no_243.jpg,Training/notumor/Tr-no_1230.jpg,Testing,Training,notumor,notumor,0,0,True,False
Testing/notumor/Te-no_243.jpg,Training/notumor/Tr-no_1232.jpg,Testing,Training,notumor,notumor,0,0,True,False
Testing/notumor/Te-no_243.jpg,Training/notumor/Tr-no_447.jpg,Testing,Training,notumor,notumor,0,0,True,False
Testing/notumor/Te-no_243.jpg,Training/notumor/Tr-no_469.jpg,Testing,Training,notumor,notumor,0,0,True,False
Testing/notumor/Te-no_243.jpg,Training/notumor/Tr-no_24.jpg,Testing,Training,notumor,notumor,0,0,True,False
Testing/notumor/Te-no_243.jpg,Training/notumor/Tr-no_470.jpg,Testing,Training,notumor,notumor,0,0,True,False
Testing/notumor/Te-no_243.jpg,Training/notumor/Tr-no_704.jpg,Testing,Training,notumor,notumor,0,0,True,False
Testing/notumor/Te-no_243.jpg,Training/notumor/Tr-no_1282.jpg,Testing,Training,notumor,notumor,0,0,True,False
Testing/notumor/Te-no_243.jpg,Training/notumor/Tr-no_716.jpg,Testing,Training,notumor,notumor,0,0,True,False
Testing/notumor/Te-no_243.jpg,Training/notumor/Tr-no_720.jpg,Testing,Training,notumor,notumor,0,0,True,False
Testing/notumor/Te-no_243.jpg,Training/notumor/Tr-no_499.jpg,Testing,Training,notumor,notumor,0,0,True,False
Testing/notumor/Te-no_243.jpg,Training/notumor/Tr-no_734.jpg,Testing,Training,notumor,notumor,0,0,True,False
Testing/notumor/Te-no_243.jpg,Training/notumor/Tr-no_740.jpg,Testing,Training,notumor,notumor,0,0,True,False
Testing/notumor/Te-no_243.jpg,Training/notumor/Tr-no_1084.jpg,Testing,Training,notumor,notumor,0,0,True,False
Testing/notumor/Te-no_243.jpg,Training/notumor/Tr-no_986.jpg,Testing,Training,notumor,notumor,0,0,True,False
Testing/notumor/Te-no_243.jpg,Training/notumor/Tr-no_11.jpg,Testing,Training,notumor,notumor,0,0,True,False
Testing/notumor/Te-no_243.jpg,Training/notumor/Tr-no_994.jpg,Testing,Training,notumor,notumor,0,0,True,False
Testing/notumor/Te-no_243.jpg,Training/notumor/Tr-no_1338.jpg,Testing,Training,notumor,notumor,0,0,True,False
Testing/notumor/Te-no_243.jpg,Training/notumor/Tr-no_771.jpg,Testing,Training,notumor,notumor,0,0,True,False
Testing/notumor/Te-no_243.jpg,Training/notumor/Tr-no_772.jpg,Testing,Training,notumor,notumor,0,0,True,False
Testing/notumor/Te-no_243.jpg,Training/notumor/Tr-no_1356.jpg,Testing,Training,notumor,notumor,0,0,True,False
Testing/notumor/Te-no_243.jpg,Training/notumor/Tr-no_1355.jpg,Testing,Training,notumor,notumor,0,0,True,False
Testing/notumor/Te-no_243.jpg,Training/notumor/Tr-no_558.jpg,Testing,Training,notumor,notumor,0,0,True,False
Testing/notumor/Te-no_243.jpg,Training/notumor/Tr-no_334.jpg,Testing,Training,notumor,notumor,0,0,True,False
Testing/notumor/Te-no_243.jpg,Training/notumor/Tr-no_145.jpg,Testing,Training,notumor,notumor,0,0,True,False
Testing/notumor/Te-no_243.jpg,Training/notumor/Tr-no_839.jpg,Testing,Training,notumor,notumor,0,0,True,False
Testing/notumor/Te-no_244.jpg,Training/notumor/Tr-no_220.jpg,Testing,Training,notumor,notumor,0,0,True,False
Testing/notumor/Te-no_244.jpg,Training/notumor/Tr-no_631.jpg,Testing,Training,notumor,notumor,0,3,True,False
Testing/notumor/Te-no_244.jpg,Training/notumor/Tr-no_401.jpg,Testing,Training,notumor,notumor,0,0,True,False
Testing/notumor/Te-no_244.jpg,Training/notumor/Tr-no_926.jpg,Testing,Training,notumor,notumor,0,2,True,False
Testing/notumor/Te-no_244.jpg,Training/notumor/Tr-no_309.jpg,Testing,Training,notumor,notumor,0,0,True,False
Testing/notumor/Te-no_244.jpg,Training/notumor/Tr-no_890.jpg,Testing,Training,notumor,notumor,0,0,True,False
Testing/notumor/Te-no_244.jpg,Training/notumor/Tr-no_666.jpg,Testing,Training,notumor,notumor,0,0,True,False
Testing/notumor/Te-no_244.jpg,Training/notumor/Tr-no_1010.jpg,Testing,Training,notumor,notumor,0,0,True,False
Testing/notumor/Te-no_245.jpg,Training/notumor/Tr-no_158.jpg,Testing,Training,notumor,notumor,0,0,True,False
Testing/notumor/Te-no_245.jpg,Training/notumor/Tr-no_39.jpg,Testing,Training,notumor,notumor,0,0,True,False
Testing/notumor/Te-no_245.jpg,Training/notumor/Tr-no_160.jpg,Testing,Training,notumor,notumor,0,0,True,False
Testing/notumor/Te-no_245.jpg,Training/notumor/Tr-no_278.jpg,Testing,Training,notumor,notumor,0,0,True,False
Testing/notumor/Te-no_245.jpg,Training/notumor/Tr-no_291.jpg,Testing,Training,notumor,notumor,0,0,True,False
Testing/notumor/Te-no_245.jpg,Training/notumor/Tr-no_64.jpg,Testing,Training,notumor,notumor,0,0,True,False
Testing/notumor/Te-no_245.jpg,Training/notumor/Tr-no_755.jpg,Testing,Training,notumor,notumor,0,0,True,False
Testing/notumor/Te-no_245.jpg,Training/notumor/Tr-no_655.jpg,Testing,Training,notumor,notumor,0,0,True,False
Testing/notumor/Te-no_245.jpg,Training/notumor/Tr-no_435.jpg,Testing,Training,notumor,notumor,0,0,True,False
Testing/notumor/Te-no_245.jpg,Training/notumor/Tr-no_788.jpg,Testing,Training,notumor,notumor,0,0,True,False
Testing/notumor/Te-no_245.jpg,Training/notumor/Tr-no_231.jpg,Testing,Training,notumor,notumor,0,1,True,False
Testing/notumor/Te-no_245.jpg,Training/notumor/Tr-no_359.jpg,Testing,Training,notumor,notumor,0,1,True,False
Testing/notumor/Te-no_245.jpg,Training/notumor/Tr-no_83.jpg,Testing,Training,notumor,notumor,0,0,True,False
Testing/notumor/Te-no_245.jpg,Training/notumor/Tr-no_370.jpg,Testing,Training,notumor,notumor,0,0,True,False
Testing/notumor/Te-no_245.jpg,Training/notumor/Tr-no_614.jpg,Testing,Training,notumor,notumor,0,0,True,False
Testing/notumor/Te-no_246.jpg,Training/notumor/Tr-no_159.jpg,Testing,Training,notumor,notumor,0,0,True,False
Testing/notumor/Te-no_246.jpg,Training/notumor/Tr-no_1137.jpg,Testing,Training,notumor,notumor,0,0,True,False
Testing/notumor/Te-no_246.jpg,Training/notumor/Tr-no_287.jpg,Testing,Training,notumor,notumor,0,0,True,False
Testing/notumor/Te-no_246.jpg,Training/notumor/Tr-no_1144.jpg,Testing,Training,notumor,notumor,0,0,True,False
Testing/notumor/Te-no_246.jpg,Training/notumor/Tr-no_925.jpg,Testing,Training,notumor,notumor,0,0,True,False
Testing/notumor/Te-no_246.jpg,Training/notumor/Tr-no_41.jpg,Testing,Training,notumor,notumor,0,0,True,False
Testing/notumor/Te-no_246.jpg,Training/notumor/Tr-no_18.jpg,Testing,Training,notumor,notumor,0,0,True,False
Testing/notumor/Te-no_246.jpg,Training/notumor/Tr-no_647.jpg,Testing,Training,notumor,notumor,0,0,True,False
Testing/notumor/Te-no_246.jpg,Training/notumor/Tr-no_189.jpg,Testing,Training,notumor,notumor,0,0,True,False
Testing/notumor/Te-no_246.jpg,Training/notumor/Tr-no_1283.jpg,Testing,Training,notumor,notumor,0,0,True,False
Testing/notumor/Te-no_247.jpg,Training/notumor/Tr-no_1143.jpg,Testing,Training,notumor,notumor,0,0,True,False
Testing/notumor/Te-no_247.jpg,Training/notumor/Tr-no_942.jpg,Testing,Training,notumor,notumor,2,0,True,False
Testing/notumor/Te-no_247.jpg,Training/notumor/Tr-no_598.jpg,Testing,Training,notumor,notumor,0,0,True,False
Testing/notumor/Te-no_248.jpg,Training/notumor/Tr-no_1326.jpg,Testing,Training,notumor,notumor,4,0,True,False
Testing/notumor/Te-no_248.jpg,Training/notumor/Tr-no_12.jpg,Testing,Training,notumor,notumor,0,0,True,False
Testing/notumor/Te-no_248.jpg,Training/notumor/Tr-no_1323.jpg,Testing,Training,notumor,notumor,4,0,True,False
Testing/notumor/Te-no_248.jpg,Training/notumor/Tr-no_1262.jpg,Testing,Training,notumor,notumor,4,0,True,False
Testing/notumor/Te-no_248.jpg,Training/notumor/Tr-no_1381.jpg,Testing,Training,notumor,notumor,0,0,True,False
Testing/notumor/Te-no_248.jpg,Training/notumor/Tr-no_411.jpg,Testing,Training,notumor,notumor,4,0,True,False
Testing/notumor/Te-no_249.jpg,Training/notumor/Tr-no_271.jpg,Testing,Training,notumor,notumor,0,0,True,False
Testing/notumor/Te-no_249.jpg,Training/notumor/Tr-no_1313.jpg,Testing,Training,notumor,notumor,0,0,True,False
Testing/notumor/Te-no_249.jpg,Training/notumor/Tr-no_751.jpg,Testing,Training,notumor,notumor,0,0,True,False
Testing/notumor/Te-no_249.jpg,Training/notumor/Tr-no_81.jpg,Testing,Training,notumor,notumor,0,0,True,False
Testing/notumor/Te-no_249.jpg,Training/notumor/Tr-no_1150.jpg,Testing,Training,notumor,notumor,0,0,True,False
Testing/notumor/Te-no_249.jpg,Training/notumor/Tr-no_530.jpg,Testing,Training,notumor,notumor,0,0,True,False
Testing/notumor/Te-no_249.jpg,Training/notumor/Tr-no_1108.jpg,Testing,Training,notumor,notumor,0,0,True,False
Testing/notumor/Te-no_249.jpg,Training/notumor/Tr-no_721.jpg,Testing,Training,notumor,notumor,0,0,True,False
Testing/notumor/Te-no_25.jpg,Training/notumor/Tr-no_852.jpg,Testing,Training,notumor,notumor,2,0,True,False
Testing/notumor/Te-no_25.jpg,Training/notumor/Tr-no_1195.jpg,Testing,Training,notumor,notumor,0,0,True,False
Testing/notumor/Te-no_25.jpg,Training/notumor/Tr-no_628.jpg,Testing,Training,notumor,notumor,0,0,True,False
Testing/notumor/Te-no_25.jpg,Training/notumor/Tr-no_182.jpg,Testing,Training,notumor,notumor,0,0,True,False
Testing/notumor/Te-no_25.jpg,Training/notumor/Tr-no_19.jpg,Testing,Training,notumor,notumor,0,0,True,False
Testing/notumor/Te-no_25.jpg,Training/notumor/Tr-no_651.jpg,Testing,Training,notumor,notumor,0,0,True,False
Testing/notumor/Te-no_25.jpg,Training/notumor/Tr-no_425.jpg,Testing,Training,notumor,notumor,0,0,True,False
Testing/notumor/Te-no_25.jpg,Training/notumor/Tr-no_892.jpg,Testing,Training,notumor,notumor,0,0,True,False
Testing/notumor/Te-no_25.jpg,Training/notumor/Tr-no_1230.jpg,Testing,Training,notumor,notumor,0,0,True,False
Testing/notumor/Te-no_25.jpg,Training/notumor/Tr-no_1232.jpg,Testing,Training,notumor,notumor,0,0,True,False
Testing/notumor/Te-no_25.jpg,Training/notumor/Tr-no_447.jpg,Testing,Training,notumor,notumor,0,0,True,False
Testing/notumor/Te-no_25.jpg,Training/notumor/Tr-no_469.jpg,Testing,Training,notumor,notumor,0,0,True,False
Testing/notumor/Te-no_25.jpg,Training/notumor/Tr-no_24.jpg,Testing,Training,notumor,notumor,0,0,True,False
Testing/notumor/Te-no_25.jpg,Training/notumor/Tr-no_470.jpg,Testing,Training,notumor,notumor,0,0,True,False
Testing/notumor/Te-no_25.jpg,Training/notumor/Tr-no_704.jpg,Testing,Training,notumor,notumor,0,0,True,False
Testing/notumor/Te-no_25.jpg,Training/notumor/Tr-no_1282.jpg,Testing,Training,notumor,notumor,0,0,True,False
Testing/notumor/Te-no_25.jpg,Training/notumor/Tr-no_716.jpg,Testing,Training,notumor,notumor,0,0,True,False
Testing/notumor/Te-no_25.jpg,Training/notumor/Tr-no_720.jpg,Testing,Training,notumor,notumor,0,0,True,False
Testing/notumor/Te-no_25.jpg,Training/notumor/Tr-no_499.jpg,Testing,Training,notumor,notumor,0,0,True,False
Testing/notumor/Te-no_25.jpg,Training/notumor/Tr-no_734.jpg,Testing,Training,notumor,notumor,0,0,True,False
Testing/notumor/Te-no_25.jpg,Training/notumor/Tr-no_740.jpg,Testing,Training,notumor,notumor,0,0,True,False
Testing/notumor/Te-no_25.jpg,Training/notumor/Tr-no_1084.jpg,Testing,Training,notumor,notumor,0,0,True,False
Testing/notumor/Te-no_25.jpg,Training/notumor/Tr-no_986.jpg,Testing,Training,notumor,notumor,0,0,True,False
Testing/notumor/Te-no_25.jpg,Training/notumor/Tr-no_11.jpg,Testing,Training,notumor,notumor,0,0,True,False
Testing/notumor/Te-no_25.jpg,Training/notumor/Tr-no_994.jpg,Testing,Training,notumor,notumor,0,0,True,False
Testing/notumor/Te-no_25.jpg,Training/notumor/Tr-no_1338.jpg,Testing,Training,notumor,notumor,0,0,True,False
Testing/notumor/Te-no_25.jpg,Training/notumor/Tr-no_771.jpg,Testing,Training,notumor,notumor,0,0,True,False
Testing/notumor/Te-no_25.jpg,Training/notumor/Tr-no_772.jpg,Testing,Training,notumor,notumor,0,0,True,False
Testing/notumor/Te-no_25.jpg,Training/notumor/Tr-no_1355.jpg,Testing,Training,notumor,notumor,0,0,True,False
Testing/notumor/Te-no_25.jpg,Training/notumor/Tr-no_1356.jpg,Testing,Training,notumor,notumor,0,0,True,False
Testing/notumor/Te-no_25.jpg,Training/notumor/Tr-no_558.jpg,Testing,Training,notumor,notumor,0,0,True,False
Testing/notumor/Te-no_25.jpg,Training/notumor/Tr-no_334.jpg,Testing,Training,notumor,notumor,0,0,True,False
Testing/notumor/Te-no_25.jpg,Training/notumor/Tr-no_145.jpg,Testing,Training,notumor,notumor,0,0,True,False
Testing/notumor/Te-no_25.jpg,Training/notumor/Tr-no_839.jpg,Testing,Training,notumor,notumor,0,0,True,False
Testing/notumor/Te-no_250.jpg,Training/notumor/Tr-no_501.jpg,Testing,Training,notumor,notumor,0,0,True,False
Testing/notumor/Te-no_250.jpg,Training/notumor/Tr-no_1087.jpg,Testing,Training,notumor,notumor,0,4,True,False
Testing/notumor/Te-no_250.jpg,Training/notumor/Tr-no_753.jpg,Testing,Training,notumor,notumor,0,4,True,False
Testing/notumor/Te-no_250.jpg,Training/notumor/Tr-no_294.jpg,Testing,Training,notumor,notumor,0,4,True,False
Testing/notumor/Te-no_250.jpg,Training/notumor/Tr-no_540.jpg,Testing,Training,notumor,notumor,0,4,True,False
Testing/notumor/Te-no_250.jpg,Training/notumor/Tr-no_444.jpg,Testing,Training,notumor,notumor,0,4,True,False
Testing/notumor/Te-no_250.jpg,Training/notumor/Tr-no_1268.jpg,Testing,Training,notumor,notumor,0,4,True,False
Testing/notumor/Te-no_250.jpg,Training/notumor/Tr-no_714.jpg,Testing,Training,notumor,notumor,0,0,True,False
Testing/notumor/Te-no_250.jpg,Training/notumor/Tr-no_723.jpg,Testing,Training,notumor,notumor,0,0,True,False
Testing/notumor/Te-no_250.jpg,Training/notumor/Tr-no_96.jpg,Testing,Training,notumor,notumor,0,4,True,False
Testing/notumor/Te-no_251.jpg,Training/notumor/Tr-no_707.jpg,Testing,Training,notumor,notumor,0,0,True,False
Testing/notumor/Te-no_251.jpg,Training/notumor/Tr-no_943.jpg,Testing,Training,notumor,notumor,0,0,True,False
Testing/notumor/Te-no_251.jpg,Training/notumor/Tr-no_1226.jpg,Testing,Training,notumor,notumor,0,0,True,False
Testing/notumor/Te-no_252.jpg,Training/notumor/Tr-no_798.jpg,Testing,Training,notumor,notumor,0,0,True,False
Testing/notumor/Te-no_252.jpg,Training/notumor/Tr-no_682.jpg,Testing,Training,notumor,notumor,0,0,True,False
Testing/notumor/Te-no_252.jpg,Training/notumor/Tr-no_1269.jpg,Testing,Training,notumor,notumor,0,0,True,False
Testing/notumor/Te-no_252.jpg,Training/notumor/Tr-no_770.jpg,Testing,Training,notumor,notumor,0,0,True,False
Testing/notumor/Te-no_252.jpg,Training/notumor/Tr-no_951.jpg,Testing,Training,notumor,notumor,0,0,True,False
Testing/notumor/Te-no_252.jpg,Training/notumor/Tr-no_1353.jpg,Testing,Training,notumor,notumor,0,0,True,False
Testing/notumor/Te-no_253.jpg,Training/notumor/Tr-no_848.jpg,Testing,Training,notumor,notumor,0,0,True,False
Testing/notumor/Te-no_253.jpg,Training/notumor/Tr-no_119.jpg,Testing,Training,notumor,notumor,0,0,True,False
Testing/notumor/Te-no_253.jpg,Training/notumor/Tr-no_1134.jpg,Testing,Training,notumor,notumor,0,0,True,False
Testing/notumor/Te-no_253.jpg,Training/notumor/Tr-no_855.jpg,Testing,Training,notumor,notumor,0,0,True,False
Testing/notumor/Te-no_253.jpg,Training/notumor/Tr-no_972.jpg,Testing,Training,notumor,notumor,0,0,True,False
Testing/notumor/Te-no_253.jpg,Training/notumor/Tr-no_1082.jpg,Testing,Training,notumor,notumor,0,0,True,False
Testing/notumor/Te-no_253.jpg,Training/notumor/Tr-no_340.jpg,Testing,Training,notumor,notumor,0,0,True,False
Testing/notumor/Te-no_253.jpg,Training/notumor/Tr-no_1377.jpg,Testing,Training,notumor,notumor,0,0,True,False
Testing/notumor/Te-no_253.jpg,Training/notumor/Tr-no_181.jpg,Testing,Training,notumor,notumor,0,0,True,False
Testing/notumor/Te-no_253.jpg,Training/notumor/Tr-no_88.jpg,Testing,Training,notumor,notumor,0,0,True,False
Testing/notumor/Te-no_253.jpg,Training/notumor/Tr-no_769.jpg,Testing,Training,notumor,notumor,0,0,True,False
Testing/notumor/Te-no_253.jpg,Training/notumor/Tr-no_1225.jpg,Testing,Training,notumor,notumor,0,0,True,False
Testing/notumor/Te-no_253.jpg,Training/notumor/Tr-no_1061.jpg,Testing,Training,notumor,notumor,0,0,True,False
Testing/notumor/Te-no_254.jpg,Training/notumor/Tr-no_220.jpg,Testing,Training,notumor,notumor,0,0,True,False
Testing/notumor/Te-no_254.jpg,Training/notumor/Tr-no_631.jpg,Testing,Training,notumor,notumor,0,3,True,False
Testing/notumor/Te-no_254.jpg,Training/notumor/Tr-no_401.jpg,Testing,Training,notumor,notumor,0,0,True,False
Testing/notumor/Te-no_254.jpg,Training/notumor/Tr-no_926.jpg,Testing,Training,notumor,notumor,0,2,True,False
Testing/notumor/Te-no_254.jpg,Training/notumor/Tr-no_309.jpg,Testing,Training,notumor,notumor,0,0,True,False
Testing/notumor/Te-no_254.jpg,Training/notumor/Tr-no_890.jpg,Testing,Training,notumor,notumor,0,0,True,False
Testing/notumor/Te-no_254.jpg,Training/notumor/Tr-no_666.jpg,Testing,Training,notumor,notumor,0,0,True,False
Testing/notumor/Te-no_254.jpg,Training/notumor/Tr-no_1010.jpg,Testing,Training,notumor,notumor,0,0,True,False
Testing/notumor/Te-no_255.jpg,Training/notumor/Tr-no_276.jpg,Testing,Training,notumor,notumor,0,0,True,False
Testing/notumor/Te-no_255.jpg,Training/notumor/Tr-no_395.jpg,Testing,Training,notumor,notumor,0,0,True,False
Testing/notumor/Te-no_255.jpg,Training/notumor/Tr-no_108.jpg,Testing,Training,notumor,notumor,2,0,True,False
Testing/notumor/Te-no_255.jpg,Training/notumor/Tr-no_296.jpg,Testing,Training,notumor,notumor,2,0,True,False
Testing/notumor/Te-no_255.jpg,Training/notumor/Tr-no_989.jpg,Testing,Training,notumor,notumor,2,0,True,False
Testing/notumor/Te-no_255.jpg,Training/notumor/Tr-no_111.jpg,Testing,Training,notumor,notumor,2,0,True,False
Testing/notumor/Te-no_255.jpg,Training/notumor/Tr-no_1227.jpg,Testing,Training,notumor,notumor,0,0,True,False
Testing/notumor/Te-no_255.jpg,Training/notumor/Tr-no_795.jpg,Testing,Training,notumor,notumor,0,0,True,False
Testing/notumor/Te-no_255.jpg,Training/notumor/Tr-no_1251.jpg,Testing,Training,notumor,notumor,0,0,True,False
Testing/notumor/Te-no_255.jpg,Training/notumor/Tr-no_453.jpg,Testing,Training,notumor,notumor,2,0,True,False
Testing/notumor/Te-no_255.jpg,Training/notumor/Tr-no_588.jpg,Testing,Training,notumor,notumor,2,0,True,False
Testing/notumor/Te-no_255.jpg,Training/notumor/Tr-no_1047.jpg,Testing,Training,notumor,notumor,0,0,True,False
Testing/notumor/Te-no_255.jpg,Training/notumor/Tr-no_25.jpg,Testing,Training,notumor,notumor,2,0,True,False
Testing/notumor/Te-no_255.jpg,Training/notumor/Tr-no_1396.jpg,Testing,Training,notumor,notumor,2,0,True,False
Testing/notumor/Te-no_255.jpg,Training/notumor/Tr-no_947.jpg,Testing,Training,notumor,notumor,0,0,True,False
Testing/notumor/Te-no_255.jpg,Training/notumor/Tr-no_1055.jpg,Testing,Training,notumor,notumor,2,0,True,False
Testing/notumor/Te-no_255.jpg,Training/notumor/Tr-no_260.jpg,Testing,Training,notumor,notumor,2,0,True,False
Testing/notumor/Te-no_256.jpg,Training/notumor/Tr-no_622.jpg,Testing,Training,notumor,notumor,2,0,True,False
Testing/notumor/Te-no_256.jpg,Training/notumor/Tr-no_184.jpg,Testing,Training,notumor,notumor,0,0,True,False
Testing/notumor/Te-no_256.jpg,Training/notumor/Tr-no_1222.jpg,Testing,Training,notumor,notumor,0,0,True,False
Testing/notumor/Te-no_256.jpg,Training/notumor/Tr-no_199.jpg,Testing,Training,notumor,notumor,0,0,True,False
Testing/notumor/Te-no_256.jpg,Training/notumor/Tr-no_211.jpg,Testing,Training,notumor,notumor,0,0,True,False
Testing/notumor/Te-no_256.jpg,Training/notumor/Tr-no_675.jpg,Testing,Training,notumor,notumor,0,0,True,False
Testing/notumor/Te-no_256.jpg,Training/notumor/Tr-no_1256.jpg,Testing,Training,notumor,notumor,0,0,True,False
Testing/notumor/Te-no_256.jpg,Training/notumor/Tr-no_1029.jpg,Testing,Training,notumor,notumor,0,0,True,False
Testing/notumor/Te-no_256.jpg,Training/notumor/Tr-no_1035.jpg,Testing,Training,notumor,notumor,0,1,True,False
Testing/notumor/Te-no_256.jpg,Training/notumor/Tr-no_1039.jpg,Testing,Training,notumor,notumor,0,0,True,False
Testing/notumor/Te-no_256.jpg,Training/notumor/Tr-no_936.jpg,Testing,Training,notumor,notumor,0,1,True,False
Testing/notumor/Te-no_256.jpg,Training/notumor/Tr-no_1050.jpg,Testing,Training,notumor,notumor,0,0,True,False
Testing/notumor/Te-no_256.jpg,Training/notumor/Tr-no_1051.jpg,Testing,Training,notumor,notumor,0,1,True,False
Testing/notumor/Te-no_256.jpg,Training/notumor/Tr-no_253.jpg,Testing,Training,notumor,notumor,0,0,True,False
Testing/notumor/Te-no_256.jpg,Training/notumor/Tr-no_715.jpg,Testing,Training,notumor,notumor,0,0,True,False
Testing/notumor/Te-no_256.jpg,Training/notumor/Tr-no_1066.jpg,Testing,Training,notumor,notumor,0,0,True,False
Testing/notumor/Te-no_256.jpg,Training/notumor/Tr-no_270.jpg,Testing,Training,notumor,notumor,0,0,True,False
Testing/notumor/Te-no_256.jpg,Training/notumor/Tr-no_272.jpg,Testing,Training,notumor,notumor,0,0,True,False
Testing/notumor/Te-no_256.jpg,Training/notumor/Tr-no_1315.jpg,Testing,Training,notumor,notumor,0,0,True,False
Testing/notumor/Te-no_256.jpg,Training/notumor/Tr-no_1086.jpg,Testing,Training,notumor,notumor,0,0,True,False
Testing/notumor/Te-no_256.jpg,Training/notumor/Tr-no_1091.jpg,Testing,Training,notumor,notumor,0,0,True,False
Testing/notumor/Te-no_256.jpg,Training/notumor/Tr-no_538.jpg,Testing,Training,notumor,notumor,0,1,True,False
Testing/notumor/Te-no_256.jpg,Training/notumor/Tr-no_320.jpg,Testing,Training,notumor,notumor,0,0,True,False
Testing/notumor/Te-no_256.jpg,Training/notumor/Tr-no_330.jpg,Testing,Training,notumor,notumor,0,1,True,False
Testing/notumor/Te-no_256.jpg,Training/notumor/Tr-no_794.jpg,Testing,Training,notumor,notumor,0,0,True,False
Testing/notumor/Te-no_256.jpg,Training/notumor/Tr-no_797.jpg,Testing,Training,notumor,notumor,0,0,True,False
Testing/notumor/Te-no_256.jpg,Training/notumor/Tr-no_1151.jpg,Testing,Training,notumor,notumor,0,0,True,False
Testing/notumor/Te-no_256.jpg,Training/notumor/Tr-no_1385.jpg,Testing,Training,notumor,notumor,0,0,True,False
Testing/notumor/Te-no_256.jpg,Training/notumor/Tr-no_1158.jpg,Testing,Training,notumor,notumor,0,1,True,False
Testing/notumor/Te-no_256.jpg,Training/notumor/Tr-no_600.jpg,Testing,Training,notumor,notumor,0,0,True,False
Testing/notumor/Te-no_257.jpg,Training/notumor/Tr-no_568.jpg,Testing,Training,notumor,notumor,0,0,True,False
Testing/notumor/Te-no_257.jpg,Training/notumor/Tr-no_1369.jpg,Testing,Training,notumor,notumor,0,0,True,False
Testing/notumor/Te-no_257.jpg,Training/notumor/Tr-no_631.jpg,Testing,Training,notumor,notumor,0,0,True,False
Testing/notumor/Te-no_257.jpg,Training/notumor/Tr-no_926.jpg,Testing,Training,notumor,notumor,0,0,True,False
Testing/notumor/Te-no_257.jpg,Training/notumor/Tr-no_468.jpg,Testing,Training,notumor,notumor,0,0,True,False
Testing/notumor/Te-no_257.jpg,Training/notumor/Tr-no_1157.jpg,Testing,Training,notumor,notumor,0,0,True,False
Testing/notumor/Te-no_257.jpg,Training/notumor/Tr-no_992.jpg,Testing,Training,notumor,notumor,0,0,True,False
Testing/notumor/Te-no_258.jpg,Training/notumor/Tr-no_626.jpg,Testing,Training,notumor,notumor,0,0,True,False
Testing/notumor/Te-no_258.jpg,Training/notumor/Tr-no_400.jpg,Testing,Training,notumor,notumor,2,0,True,False
Testing/notumor/Te-no_258.jpg,Training/notumor/Tr-no_288.jpg,Testing,Training,notumor,notumor,0,0,True,False
Testing/notumor/Te-no_258.jpg,Training/notumor/Tr-no_175.jpg,Testing,Training,notumor,notumor,2,0,True,False
Testing/notumor/Te-no_258.jpg,Training/notumor/Tr-no_176.jpg,Testing,Training,notumor,notumor,0,0,True,False
Testing/notumor/Te-no_258.jpg,Training/notumor/Tr-no_876.jpg,Testing,Training,notumor,notumor,0,0,True,False
Testing/notumor/Te-no_258.jpg,Training/notumor/Tr-no_536.jpg,Testing,Training,notumor,notumor,0,0,True,False
Testing/notumor/Te-no_258.jpg,Training/notumor/Tr-no_657.jpg,Testing,Training,notumor,notumor,0,0,True,False
Testing/notumor/Te-no_258.jpg,Training/notumor/Tr-no_314.jpg,Testing,Training,notumor,notumor,0,0,True,False
Testing/notumor/Te-no_258.jpg,Training/notumor/Tr-no_665.jpg,Testing,Training,notumor,notumor,0,0,True,False
Testing/notumor/Te-no_258.jpg,Training/notumor/Tr-no_321.jpg,Testing,Training,notumor,notumor,0,0,True,False
Testing/notumor/Te-no_258.jpg,Training/notumor/Tr-no_56.jpg,Testing,Training,notumor,notumor,2,0,True,False
Testing/notumor/Te-no_258.jpg,Training/notumor/Tr-no_1247.jpg,Testing,Training,notumor,notumor,0,0,True,False
Testing/notumor/Te-no_258.jpg,Training/notumor/Tr-no_1364.jpg,Testing,Training,notumor,notumor,0,0,True,False
Testing/notumor/Te-no_258.jpg,Training/notumor/Tr-no_799.jpg,Testing,Training,notumor,notumor,0,0,True,False
Testing/notumor/Te-no_258.jpg,Training/notumor/Tr-no_1023.jpg,Testing,Training,notumor,notumor,2,0,True,False
Testing/notumor/Te-no_258.jpg,Training/notumor/Tr-no_139.jpg,Testing,Training,notumor,notumor,0,0,True,False
Testing/notumor/Te-no_258.jpg,Training/notumor/Tr-no_143.jpg,Testing,Training,notumor,notumor,0,0,True,False
Testing/notumor/Te-no_258.jpg,Training/notumor/Tr-no_1068.jpg,Testing,Training,notumor,notumor,0,0,True,False
Testing/notumor/Te-no_258.jpg,Training/notumor/Tr-no_612.jpg,Testing,Training,notumor,notumor,2,0,True,False
Testing/notumor/Te-no_258.jpg,Training/notumor/Tr-no_73.jpg,Testing,Training,notumor,notumor,2,0,True,False
Testing/notumor/Te-no_258.jpg,Training/notumor/Tr-no_50.jpg,Testing,Training,notumor,notumor,0,0,True,False
Testing/notumor/Te-no_259.jpg,Training/notumor/Tr-no_501.jpg,Testing,Training,notumor,notumor,0,4,True,False
Testing/notumor/Te-no_259.jpg,Training/notumor/Tr-no_1087.jpg,Testing,Training,notumor,notumor,0,0,True,False
Testing/notumor/Te-no_259.jpg,Training/notumor/Tr-no_753.jpg,Testing,Training,notumor,notumor,0,0,True,False
Testing/notumor/Te-no_259.jpg,Training/notumor/Tr-no_294.jpg,Testing,Training,notumor,notumor,0,0,True,False
Testing/notumor/Te-no_259.jpg,Training/notumor/Tr-no_540.jpg,Testing,Training,notumor,notumor,0,0,True,False
Testing/notumor/Te-no_259.jpg,Training/notumor/Tr-no_444.jpg,Testing,Training,notumor,notumor,0,0,True,False
Testing/notumor/Te-no_259.jpg,Training/notumor/Tr-no_1268.jpg,Testing,Training,notumor,notumor,0,0,True,False
Testing/notumor/Te-no_259.jpg,Training/notumor/Tr-no_714.jpg,Testing,Training,notumor,notumor,0,4,True,False
Testing/notumor/Te-no_259.jpg,Training/notumor/Tr-no_723.jpg,Testing,Training,notumor,notumor,0,4,True,False
Testing/notumor/Te-no_259.jpg,Training/notumor/Tr-no_96.jpg,Testing,Training,notumor,notumor,0,0,True,False
Testing/notumor/Te-no_26.jpg,Training/notumor/Tr-no_1250.jpg,Testing,Training,notumor,notumor,0,0,True,False
Testing/notumor/Te-no_26.jpg,Training/notumor/Tr-no_803.jpg,Testing,Training,notumor,notumor,0,0,True,False
Testing/notumor/Te-no_26.jpg,Training/notumor/Tr-no_345.jpg,Testing,Training,notumor,notumor,0,0,True,False
Testing/notumor/Te-no_26.jpg,Training/notumor/Tr-no_648.jpg,Testing,Training,notumor,notumor,0,0,True,False
Testing/notumor/Te-no_26.jpg,Training/notumor/Tr-no_995.jpg,Testing,Training,notumor,notumor,0,0,True,False
Testing/notumor/Te-no_26.jpg,Training/notumor/Tr-no_901.jpg,Testing,Training,notumor,notumor,0,0,True,False
Testing/notumor/Te-no_26.jpg,Training/notumor/Tr-no_673.jpg,Testing,Training,notumor,notumor,0,0,True,False
Testing/notumor/Te-no_260.jpg,Training/notumor/Tr-no_46.jpg,Testing,Training,notumor,notumor,0,0,True,False
Testing/notumor/Te-no_260.jpg,Training/notumor/Tr-no_5.jpg,Testing,Training,notumor,notumor,0,0,True,False
Testing/notumor/Te-no_260.jpg,Training/notumor/Tr-no_611.jpg,Testing,Training,notumor,notumor,0,0,True,False
Testing/notumor/Te-no_260.jpg,Training/notumor/Tr-no_1027.jpg,Testing,Training,notumor,notumor,0,0,True,False
Testing/notumor/Te-no_260.jpg,Training/notumor/Tr-no_693.jpg,Testing,Training,notumor,notumor,0,0,True,False
Testing/notumor/Te-no_260.jpg,Training/notumor/Tr-no_709.jpg,Testing,Training,notumor,notumor,0,0,True,False
Testing/notumor/Te-no_260.jpg,Training/notumor/Tr-no_1060.jpg,Testing,Training,notumor,notumor,0,0,True,False
Testing/notumor/Te-no_260.jpg,Training/notumor/Tr-no_1062.jpg,Testing,Training,notumor,notumor,0,0,True,False
Testing/notumor/Te-no_260.jpg,Training/notumor/Tr-no_1071.jpg,Testing,Training,notumor,notumor,0,0,True,False
Testing/notumor/Te-no_260.jpg,Training/notumor/Tr-no_109.jpg,Testing,Training,notumor,notumor,0,0,True,False
Testing/notumor/Te-no_260.jpg,Training/notumor/Tr-no_1102.jpg,Testing,Training,notumor,notumor,0,0,True,False
Testing/notumor/Te-no_260.jpg,Training/notumor/Tr-no_1124.jpg,Testing,Training,notumor,notumor,0,0,True,False
Testing/notumor/Te-no_260.jpg,Training/notumor/Tr-no_1138.jpg,Testing,Training,notumor,notumor,0,0,True,False
Testing/notumor/Te-no_260.jpg,Training/notumor/Tr-no_82.jpg,Testing,Training,notumor,notumor,0,0,True,False
Testing/notumor/Te-no_260.jpg,Training/notumor/Tr-no_1183.jpg,Testing,Training,notumor,notumor,0,0,True,False
Testing/notumor/Te-no_260.jpg,Training/notumor/Tr-no_1252.jpg,Testing,Training,notumor,notumor,2,0,True,False
Testing/notumor/Te-no_260.jpg,Training/notumor/Tr-no_1257.jpg,Testing,Training,notumor,notumor,0,0,True,False
Testing/notumor/Te-no_260.jpg,Training/notumor/Tr-no_169.jpg,Testing,Training,notumor,notumor,6,0,True,False
Testing/notumor/Te-no_260.jpg,Training/notumor/Tr-no_203.jpg,Testing,Training,notumor,notumor,0,0,True,False
Testing/notumor/Te-no_260.jpg,Training/notumor/Tr-no_21.jpg,Testing,Training,notumor,notumor,0,0,True,False
Testing/notumor/Te-no_260.jpg,Training/notumor/Tr-no_224.jpg,Testing,Training,notumor,notumor,0,0,True,False
Testing/notumor/Te-no_260.jpg,Training/notumor/Tr-no_232.jpg,Testing,Training,notumor,notumor,0,0,True,False
Testing/notumor/Te-no_260.jpg,Training/notumor/Tr-no_241.jpg,Testing,Training,notumor,notumor,0,0,True,False
Testing/notumor/Te-no_260.jpg,Training/notumor/Tr-no_249.jpg,Testing,Training,notumor,notumor,0,0,True,False
Testing/notumor/Te-no_260.jpg,Training/notumor/Tr-no_251.jpg,Testing,Training,notumor,notumor,0,0,True,False
Testing/notumor/Te-no_260.jpg,Training/notumor/Tr-no_267.jpg,Testing,Training,notumor,notumor,0,0,True,False
Testing/notumor/Te-no_260.jpg,Training/notumor/Tr-no_29.jpg,Testing,Training,notumor,notumor,0,0,True,False
Testing/notumor/Te-no_260.jpg,Training/notumor/Tr-no_322.jpg,Testing,Training,notumor,notumor,0,0,True,False
Testing/notumor/Te-no_260.jpg,Training/notumor/Tr-no_339.jpg,Testing,Training,notumor,notumor,0,0,True,False
Testing/notumor/Te-no_260.jpg,Training/notumor/Tr-no_351.jpg,Testing,Training,notumor,notumor,6,0,True,False
Testing/notumor/Te-no_260.jpg,Training/notumor/Tr-no_371.jpg,Testing,Training,notumor,notumor,0,0,True,False
Testing/notumor/Te-no_261.jpg,Training/notumor/Tr-no_271.jpg,Testing,Training,notumor,notumor,0,0,True,False
Testing/notumor/Te-no_261.jpg,Training/notumor/Tr-no_1313.jpg,Testing,Training,notumor,notumor,0,0,True,False
Testing/notumor/Te-no_261.jpg,Training/notumor/Tr-no_751.jpg,Testing,Training,notumor,notumor,0,0,True,False
Testing/notumor/Te-no_261.jpg,Training/notumor/Tr-no_81.jpg,Testing,Training,notumor,notumor,0,0,True,False
Testing/notumor/Te-no_261.jpg,Training/notumor/Tr-no_1150.jpg,Testing,Training,notumor,notumor,0,0,True,False
Testing/notumor/Te-no_261.jpg,Training/notumor/Tr-no_530.jpg,Testing,Training,notumor,notumor,0,0,True,False
Testing/notumor/Te-no_261.jpg,Training/notumor/Tr-no_1108.jpg,Testing,Training,notumor,notumor,0,0,True,False
Testing/notumor/Te-no_261.jpg,Training/notumor/Tr-no_721.jpg,Testing,Training,notumor,notumor,0,0,True,False
Testing/notumor/Te-no_262.jpg,Training/notumor/Tr-no_16.jpg,Testing,Training,notumor,notumor,0,0,True,False
Testing/notumor/Te-no_262.jpg,Training/notumor/Tr-no_1076.jpg,Testing,Training,notumor,notumor,0,0,True,False
Testing/notumor/Te-no_262.jpg,Training/notumor/Tr-no_1078.jpg,Testing,Training,notumor,notumor,0,0,True,False
Testing/notumor/Te-no_262.jpg,Training/notumor/Tr-no_624.jpg,Testing,Training,notumor,notumor,4,0,True,False
Testing/notumor/Te-no_262.jpg,Training/notumor/Tr-no_1202.jpg,Testing,Training,notumor,notumor,0,0,True,False
Testing/notumor/Te-no_262.jpg,Training/notumor/Tr-no_521.jpg,Testing,Training,notumor,notumor,0,0,True,False
Testing/notumor/Te-no_262.jpg,Training/notumor/Tr-no_529.jpg,Testing,Training,notumor,notumor,4,0,True,False
Testing/notumor/Te-no_262.jpg,Training/notumor/Tr-no_53.jpg,Testing,Training,notumor,notumor,0,0,True,False
Testing/notumor/Te-no_262.jpg,Training/notumor/Tr-no_883.jpg,Testing,Training,notumor,notumor,4,0,True,False
Testing/notumor/Te-no_262.jpg,Training/notumor/Tr-no_424.jpg,Testing,Training,notumor,notumor,0,0,True,False
Testing/notumor/Te-no_262.jpg,Training/notumor/Tr-no_773.jpg,Testing,Training,notumor,notumor,0,0,True,False
Testing/notumor/Te-no_262.jpg,Training/notumor/Tr-no_89.jpg,Testing,Training,notumor,notumor,4,0,True,False
Testing/notumor/Te-no_262.jpg,Training/notumor/Tr-no_66.jpg,Testing,Training,notumor,notumor,0,0,True,False
Testing/notumor/Te-no_262.jpg,Training/notumor/Tr-no_776.jpg,Testing,Training,notumor,notumor,4,0,True,False
Testing/notumor/Te-no_262.jpg,Training/notumor/Tr-no_780.jpg,Testing,Training,notumor,notumor,0,0,True,False
Testing/notumor/Te-no_262.jpg,Training/notumor/Tr-no_1241.jpg,Testing,Training,notumor,notumor,4,0,True,False
Testing/notumor/Te-no_262.jpg,Training/notumor/Tr-no_213.jpg,Testing,Training,notumor,notumor,0,0,True,False
Testing/notumor/Te-no_262.jpg,Training/notumor/Tr-no_1370.jpg,Testing,Training,notumor,notumor,0,0,True,False
Testing/notumor/Te-no_262.jpg,Training/notumor/Tr-no_35.jpg,Testing,Training,notumor,notumor,0,0,True,False
Testing/notumor/Te-no_262.jpg,Training/notumor/Tr-no_583.jpg,Testing,Training,notumor,notumor,0,0,True,False
Testing/notumor/Te-no_262.jpg,Training/notumor/Tr-no_1161.jpg,Testing,Training,notumor,notumor,4,0,True,False
Testing/notumor/Te-no_262.jpg,Training/notumor/Tr-no_1053.jpg,Testing,Training,notumor,notumor,0,0,True,False
Testing/notumor/Te-no_262.jpg,Training/notumor/Tr-no_254.jpg,Testing,Training,notumor,notumor,0,0,True,False
Testing/notumor/Te-no_262.jpg,Training/notumor/Tr-no_1174.jpg,Testing,Training,notumor,notumor,4,0,True,False
Testing/notumor/Te-no_262.jpg,Training/notumor/Tr-no_497.jpg,Testing,Training,notumor,notumor,0,0,True,False
Testing/notumor/Te-no_262.jpg,Training/notumor/Tr-no_1299.jpg,Testing,Training,notumor,notumor,0,0,True,False
Testing/notumor/Te-no_263.jpg,Training/notumor/Tr-no_1081.jpg,Testing,Training,notumor,notumor,0,0,True,False
Testing/notumor/Te-no_263.jpg,Training/notumor/Tr-no_528.jpg,Testing,Training,notumor,notumor,0,0,True,False
Testing/notumor/Te-no_263.jpg,Training/notumor/Tr-no_1328.jpg,Testing,Training,notumor,notumor,2,0,True,False
Testing/notumor/Te-no_263.jpg,Training/notumor/Tr-no_645.jpg,Testing,Training,notumor,notumor,2,0,True,False
Testing/notumor/Te-no_263.jpg,Training/notumor/Tr-no_1112.jpg,Testing,Training,notumor,notumor,2,0,True,False
Testing/notumor/Te-no_263.jpg,Training/notumor/Tr-no_1113.jpg,Testing,Training,notumor,notumor,0,0,True,False
Testing/notumor/Te-no_263.jpg,Training/notumor/Tr-no_200.jpg,Testing,Training,notumor,notumor,2,0,True,False
Testing/notumor/Te-no_263.jpg,Training/notumor/Tr-no_778.jpg,Testing,Training,notumor,notumor,2,0,True,False
Testing/notumor/Te-no_263.jpg,Training/notumor/Tr-no_437.jpg,Testing,Training,notumor,notumor,2,0,True,False
Testing/notumor/Te-no_263.jpg,Training/notumor/Tr-no_554.jpg,Testing,Training,notumor,notumor,2,0,True,False
Testing/notumor/Te-no_263.jpg,Training/notumor/Tr-no_791.jpg,Testing,Training,notumor,notumor,0,0,True,False
Testing/notumor/Te-no_263.jpg,Training/notumor/Tr-no_1246.jpg,Testing,Training,notumor,notumor,0,0,True,False
Testing/notumor/Te-no_263.jpg,Training/notumor/Tr-no_1259.jpg,Testing,Training,notumor,notumor,2,0,True,False
Testing/notumor/Te-no_263.jpg,Training/notumor/Tr-no_928.jpg,Testing,Training,notumor,notumor,2,0,True,False
Testing/notumor/Te-no_263.jpg,Training/notumor/Tr-no_473.jpg,Testing,Training,notumor,notumor,2,0,True,False
Testing/notumor/Te-no_263.jpg,Training/notumor/Tr-no_1287.jpg,Testing,Training,notumor,notumor,2,0,True,False
Testing/notumor/Te-no_264.jpg,Training/notumor/Tr-no_1191.jpg,Testing,Training,notumor,notumor,0,0,True,False
Testing/notumor/Te-no_264.jpg,Training/notumor/Tr-no_57.jpg,Testing,Training,notumor,notumor,0,0,True,False
Testing/notumor/Te-no_264.jpg,Training/notumor/Tr-no_126.jpg,Testing,Training,notumor,notumor,0,0,True,False
Testing/notumor/Te-no_264.jpg,Training/notumor/Tr-no_828.jpg,Testing,Training,notumor,notumor,0,0,True,False
Testing/notumor/Te-no_264.jpg,Training/notumor/Tr-no_1.jpg,Testing,Training,notumor,notumor,2,0,True,False
Testing/notumor/Te-no_265.jpg,Training/notumor/Tr-no_1132.jpg,Testing,Training,notumor,notumor,0,0,True,False
Testing/notumor/Te-no_265.jpg,Training/notumor/Tr-no_510.jpg,Testing,Training,notumor,notumor,0,0,True,False
Testing/notumor/Te-no_265.jpg,Training/notumor/Tr-no_1032.jpg,Testing,Training,notumor,notumor,0,0,True,False
Testing/notumor/Te-no_265.jpg,Training/notumor/Tr-no_87.jpg,Testing,Training,notumor,notumor,0,0,True,False
Testing/notumor/Te-no_265.jpg,Training/notumor/Tr-no_640.jpg,Testing,Training,notumor,notumor,0,0,True,False
Testing/notumor/Te-no_265.jpg,Training/notumor/Tr-no_1214.jpg,Testing,Training,notumor,notumor,0,0,True,False
Testing/notumor/Te-no_265.jpg,Training/notumor/Tr-no_498.jpg,Testing,Training,notumor,notumor,0,0,True,False
Testing/notumor/Te-no_265.jpg,Training/notumor/Tr-no_730.jpg,Testing,Training,notumor,notumor,0,0,True,False
Testing/notumor/Te-no_266.jpg,Training/notumor/Tr-no_626.jpg,Testing,Training,notumor,notumor,0,0,True,False
Testing/notumor/Te-no_266.jpg,Training/notumor/Tr-no_400.jpg,Testing,Training,notumor,notumor,0,0,True,False
Testing/notumor/Te-no_266.jpg,Training/notumor/Tr-no_288.jpg,Testing,Training,notumor,notumor,0,0,True,False
Testing/notumor/Te-no_266.jpg,Training/notumor/Tr-no_175.jpg,Testing,Training,notumor,notumor,0,0,True,False
Testing/notumor/Te-no_266.jpg,Training/notumor/Tr-no_176.jpg,Testing,Training,notumor,notumor,0,0,True,False
Testing/notumor/Te-no_266.jpg,Training/notumor/Tr-no_1211.jpg,Testing,Training,notumor,notumor,0,2,True,False
Testing/notumor/Te-no_266.jpg,Training/notumor/Tr-no_876.jpg,Testing,Training,notumor,notumor,0,0,True,False
Testing/notumor/Te-no_266.jpg,Training/notumor/Tr-no_536.jpg,Testing,Training,notumor,notumor,0,0,True,False
Testing/notumor/Te-no_266.jpg,Training/notumor/Tr-no_657.jpg,Testing,Training,notumor,notumor,0,0,True,False
Testing/notumor/Te-no_266.jpg,Training/notumor/Tr-no_314.jpg,Testing,Training,notumor,notumor,0,0,True,False
Testing/notumor/Te-no_266.jpg,Training/notumor/Tr-no_665.jpg,Testing,Training,notumor,notumor,0,0,True,False
Testing/notumor/Te-no_266.jpg,Training/notumor/Tr-no_321.jpg,Testing,Training,notumor,notumor,0,0,True,False
Testing/notumor/Te-no_266.jpg,Training/notumor/Tr-no_552.jpg,Testing,Training,notumor,notumor,0,2,True,False
Testing/notumor/Te-no_266.jpg,Training/notumor/Tr-no_56.jpg,Testing,Training,notumor,notumor,0,0,True,False
Testing/notumor/Te-no_266.jpg,Training/notumor/Tr-no_1247.jpg,Testing,Training,notumor,notumor,0,0,True,False
Testing/notumor/Te-no_266.jpg,Training/notumor/Tr-no_1364.jpg,Testing,Training,notumor,notumor,0,0,True,False
Testing/notumor/Te-no_266.jpg,Training/notumor/Tr-no_799.jpg,Testing,Training,notumor,notumor,0,0,True,False
Testing/notumor/Te-no_266.jpg,Training/notumor/Tr-no_1023.jpg,Testing,Training,notumor,notumor,0,0,True,False
Testing/notumor/Te-no_266.jpg,Training/notumor/Tr-no_139.jpg,Testing,Training,notumor,notumor,0,0,True,False
Testing/notumor/Te-no_266.jpg,Training/notumor/Tr-no_143.jpg,Testing,Training,notumor,notumor,0,0,True,False
Testing/notumor/Te-no_266.jpg,Training/notumor/Tr-no_1068.jpg,Testing,Training,notumor,notumor,0,0,True,False
Testing/notumor/Te-no_266.jpg,Training/notumor/Tr-no_612.jpg,Testing,Training,notumor,notumor,0,0,True,False
Testing/notumor/Te-no_266.jpg,Training/notumor/Tr-no_73.jpg,Testing,Training,notumor,notumor,0,0,True,False
Testing/notumor/Te-no_266.jpg,Training/notumor/Tr-no_50.jpg,Testing,Training,notumor,notumor,0,0,True,False
Testing/notumor/Te-no_267.jpg,Training/notumor/Tr-no_742.jpg,Testing,Training,notumor,notumor,0,0,True,False
Testing/notumor/Te-no_267.jpg,Training/notumor/Tr-no_517.jpg,Testing,Training,notumor,notumor,0,0,True,False
Testing/notumor/Te-no_267.jpg,Training/notumor/Tr-no_293.jpg,Testing,Training,notumor,notumor,0,2,True,False
Testing/notumor/Te-no_267.jpg,Training/notumor/Tr-no_762.jpg,Testing,Training,notumor,notumor,0,1,True,False
Testing/notumor/Te-no_267.jpg,Training/notumor/Tr-no_885.jpg,Testing,Training,notumor,notumor,0,2,True,False
Testing/notumor/Te-no_267.jpg,Training/notumor/Tr-no_311.jpg,Testing,Training,notumor,notumor,0,0,True,False
Testing/notumor/Te-no_267.jpg,Training/notumor/Tr-no_324.jpg,Testing,Training,notumor,notumor,0,0,True,False
Testing/notumor/Te-no_267.jpg,Training/notumor/Tr-no_1123.jpg,Testing,Training,notumor,notumor,0,0,True,False
Testing/notumor/Te-no_267.jpg,Training/notumor/Tr-no_903.jpg,Testing,Training,notumor,notumor,0,2,True,False
Testing/notumor/Te-no_267.jpg,Training/notumor/Tr-no_570.jpg,Testing,Training,notumor,notumor,0,0,True,False
Testing/notumor/Te-no_267.jpg,Training/notumor/Tr-no_1372.jpg,Testing,Training,notumor,notumor,0,2,True,False
Testing/notumor/Te-no_267.jpg,Training/notumor/Tr-no_703.jpg,Testing,Training,notumor,notumor,0,2,True,False
Testing/notumor/Te-no_267.jpg,Training/notumor/Tr-no_827.jpg,Testing,Training,notumor,notumor,0,2,True,False
Testing/notumor/Te-no_267.jpg,Training/notumor/Tr-no_60.jpg,Testing,Training,notumor,notumor,0,2,True,False
Testing/notumor/Te-no_267.jpg,Training/notumor/Tr-no_259.jpg,Testing,Training,notumor,notumor,0,0,True,False
Testing/notumor/Te-no_267.jpg,Training/notumor/Tr-no_149.jpg,Testing,Training,notumor,notumor,0,0,True,False
Testing/notumor/Te-no_267.jpg,Training/notumor/Tr-no_1064.jpg,Testing,Training,notumor,notumor,0,2,True,False
Testing/notumor/Te-no_268.jpg,Training/notumor/Tr-no_848.jpg,Testing,Training,notumor,notumor,0,0,True,False
Testing/notumor/Te-no_268.jpg,Training/notumor/Tr-no_119.jpg,Testing,Training,notumor,notumor,0,0,True,False
Testing/notumor/Te-no_268.jpg,Training/notumor/Tr-no_1134.jpg,Testing,Training,notumor,notumor,0,0,True,False
Testing/notumor/Te-no_268.jpg,Training/notumor/Tr-no_855.jpg,Testing,Training,notumor,notumor,0,0,True,False
Testing/notumor/Te-no_268.jpg,Training/notumor/Tr-no_972.jpg,Testing,Training,notumor,notumor,0,0,True,False
Testing/notumor/Te-no_268.jpg,Training/notumor/Tr-no_1082.jpg,Testing,Training,notumor,notumor,0,0,True,False
Testing/notumor/Te-no_268.jpg,Training/notumor/Tr-no_340.jpg,Testing,Training,notumor,notumor,0,0,True,False
Testing/notumor/Te-no_268.jpg,Training/notumor/Tr-no_1377.jpg,Testing,Training,notumor,notumor,0,0,True,False
Testing/notumor/Te-no_268.jpg,Training/notumor/Tr-no_181.jpg,Testing,Training,notumor,notumor,0,0,True,False
Testing/notumor/Te-no_268.jpg,Training/notumor/Tr-no_88.jpg,Testing,Training,notumor,notumor,0,0,True,False
Testing/notumor/Te-no_268.jpg,Training/notumor/Tr-no_769.jpg,Testing,Training,notumor,notumor,0,0,True,False
Testing/notumor/Te-no_268.jpg,Training/notumor/Tr-no_1225.jpg,Testing,Training,notumor,notumor,0,0,True,False
Testing/notumor/Te-no_268.jpg,Training/notumor/Tr-no_1061.jpg,Testing,Training,notumor,notumor,0,0,True,False
Testing/notumor/Te-no_269.jpg,Training/notumor/Tr-no_739.jpg,Testing,Training,notumor,notumor,0,0,True,False
Testing/notumor/Te-no_269.jpg,Training/notumor/Tr-no_396.jpg,Testing,Training,notumor,notumor,0,0,True,False
Testing/notumor/Te-no_269.jpg,Training/notumor/Tr-no_513.jpg,Testing,Training,notumor,notumor,0,1,True,False
Testing/notumor/Te-no_269.jpg,Training/notumor/Tr-no_748.jpg,Testing,Training,notumor,notumor,0,1,True,False
Testing/notumor/Te-no_269.jpg,Training/notumor/Tr-no_996.jpg,Testing,Training,notumor,notumor,0,0,True,False
Testing/notumor/Te-no_269.jpg,Training/notumor/Tr-no_197.jpg,Testing,Training,notumor,notumor,0,0,True,False
Testing/notumor/Te-no_269.jpg,Training/notumor/Tr-no_659.jpg,Testing,Training,notumor,notumor,0,1,True,False
Testing/notumor/Te-no_269.jpg,Training/notumor/Tr-no_889.jpg,Testing,Training,notumor,notumor,0,0,True,False
Testing/notumor/Te-no_269.jpg,Training/notumor/Tr-no_1346.jpg,Testing,Training,notumor,notumor,0,0,True,False
Testing/notumor/Te-no_269.jpg,Training/notumor/Tr-no_1347.jpg,Testing,Training,notumor,notumor,0,0,True,False
Testing/notumor/Te-no_269.jpg,Training/notumor/Tr-no_1121.jpg,Testing,Training,notumor,notumor,0,2,True,False
Testing/notumor/Te-no_269.jpg,Training/notumor/Tr-no_556.jpg,Testing,Training,notumor,notumor,0,1,True,False
Testing/notumor/Te-no_269.jpg,Training/notumor/Tr-no_1263.jpg,Testing,Training,notumor,notumor,0,0,True,False
Testing/notumor/Te-no_269.jpg,Training/notumor/Tr-no_1155.jpg,Testing,Training,notumor,notumor,0,1,True,False
Testing/notumor/Te-no_269.jpg,Training/notumor/Tr-no_1387.jpg,Testing,Training,notumor,notumor,0,0,True,False
Testing/notumor/Te-no_269.jpg,Training/notumor/Tr-no_1280.jpg,Testing,Training,notumor,notumor,0,0,True,False
Testing/notumor/Te-no_269.jpg,Training/notumor/Tr-no_264.jpg,Testing,Training,notumor,notumor,0,0,True,False
Testing/notumor/Te-no_269.jpg,Training/notumor/Tr-no_61.jpg,Testing,Training,notumor,notumor,0,0,True,False
Testing/notumor/Te-no_27.jpg,Training/notumor/Tr-no_793.jpg,Testing,Training,notumor,notumor,0,0,True,False
Testing/notumor/Te-no_27.jpg,Training/notumor/Tr-no_1034.jpg,Testing,Training,notumor,notumor,0,0,True,False
Testing/notumor/Te-no_27.jpg,Training/notumor/Tr-no_146.jpg,Testing,Training,notumor,notumor,0,0,True,False
Testing/notumor/Te-no_27.jpg,Training/notumor/Tr-no_896.jpg,Testing,Training,notumor,notumor,0,0,True,False
Testing/notumor/Te-no_27.jpg,Training/notumor/Tr-no_1233.jpg,Testing,Training,notumor,notumor,0,0,True,False
Testing/notumor/Te-no_270.jpg,Training/notumor/Tr-no_1382.jpg,Testing,Training,notumor,notumor,0,0,True,False
Testing/notumor/Te-no_270.jpg,Training/notumor/Tr-no_1164.jpg,Testing,Training,notumor,notumor,0,0,True,False
Testing/notumor/Te-no_271.jpg,Training/notumor/Tr-no_46.jpg,Testing,Training,notumor,notumor,0,0,True,False
Testing/notumor/Te-no_271.jpg,Training/notumor/Tr-no_5.jpg,Testing,Training,notumor,notumor,0,0,True,False
Testing/notumor/Te-no_271.jpg,Training/notumor/Tr-no_611.jpg,Testing,Training,notumor,notumor,0,0,True,False
Testing/notumor/Te-no_271.jpg,Training/notumor/Tr-no_1027.jpg,Testing,Training,notumor,notumor,0,0,True,False
Testing/notumor/Te-no_271.jpg,Training/notumor/Tr-no_693.jpg,Testing,Training,notumor,notumor,0,0,True,False
Testing/notumor/Te-no_271.jpg,Training/notumor/Tr-no_709.jpg,Testing,Training,notumor,notumor,0,0,True,False
Testing/notumor/Te-no_271.jpg,Training/notumor/Tr-no_1060.jpg,Testing,Training,notumor,notumor,0,0,True,False
Testing/notumor/Te-no_271.jpg,Training/notumor/Tr-no_1062.jpg,Testing,Training,notumor,notumor,0,0,True,False
Testing/notumor/Te-no_271.jpg,Training/notumor/Tr-no_1071.jpg,Testing,Training,notumor,notumor,0,0,True,False
Testing/notumor/Te-no_271.jpg,Training/notumor/Tr-no_109.jpg,Testing,Training,notumor,notumor,0,0,True,False
Testing/notumor/Te-no_271.jpg,Training/notumor/Tr-no_1102.jpg,Testing,Training,notumor,notumor,0,0,True,False
Testing/notumor/Te-no_271.jpg,Training/notumor/Tr-no_1124.jpg,Testing,Training,notumor,notumor,0,0,True,False
Testing/notumor/Te-no_271.jpg,Training/notumor/Tr-no_1138.jpg,Testing,Training,notumor,notumor,0,0,True,False
Testing/notumor/Te-no_271.jpg,Training/notumor/Tr-no_82.jpg,Testing,Training,notumor,notumor,0,0,True,False
Testing/notumor/Te-no_271.jpg,Training/notumor/Tr-no_1183.jpg,Testing,Training,notumor,notumor,0,0,True,False
Testing/notumor/Te-no_271.jpg,Training/notumor/Tr-no_1252.jpg,Testing,Training,notumor,notumor,2,0,True,False
Testing/notumor/Te-no_271.jpg,Training/notumor/Tr-no_1257.jpg,Testing,Training,notumor,notumor,0,0,True,False
Testing/notumor/Te-no_271.jpg,Training/notumor/Tr-no_169.jpg,Testing,Training,notumor,notumor,6,0,True,False
Testing/notumor/Te-no_271.jpg,Training/notumor/Tr-no_203.jpg,Testing,Training,notumor,notumor,0,0,True,False
Testing/notumor/Te-no_271.jpg,Training/notumor/Tr-no_21.jpg,Testing,Training,notumor,notumor,0,0,True,False
Testing/notumor/Te-no_271.jpg,Training/notumor/Tr-no_224.jpg,Testing,Training,notumor,notumor,0,0,True,False
Testing/notumor/Te-no_271.jpg,Training/notumor/Tr-no_232.jpg,Testing,Training,notumor,notumor,0,0,True,False
Testing/notumor/Te-no_271.jpg,Training/notumor/Tr-no_241.jpg,Testing,Training,notumor,notumor,0,0,True,False
Testing/notumor/Te-no_271.jpg,Training/notumor/Tr-no_249.jpg,Testing,Training,notumor,notumor,0,0,True,False
Testing/notumor/Te-no_271.jpg,Training/notumor/Tr-no_251.jpg,Testing,Training,notumor,notumor,0,0,True,False
Testing/notumor/Te-no_271.jpg,Training/notumor/Tr-no_267.jpg,Testing,Training,notumor,notumor,0,0,True,False
Testing/notumor/Te-no_271.jpg,Training/notumor/Tr-no_29.jpg,Testing,Training,notumor,notumor,0,0,True,False
Testing/notumor/Te-no_271.jpg,Training/notumor/Tr-no_322.jpg,Testing,Training,notumor,notumor,0,0,True,False
Testing/notumor/Te-no_271.jpg,Training/notumor/Tr-no_339.jpg,Testing,Training,notumor,notumor,0,0,True,False
Testing/notumor/Te-no_271.jpg,Training/notumor/Tr-no_351.jpg,Testing,Training,notumor,notumor,6,0,True,False
Testing/notumor/Te-no_271.jpg,Training/notumor/Tr-no_371.jpg,Testing,Training,notumor,notumor,0,0,True,False
Testing/notumor/Te-no_272.jpg,Training/notumor/Tr-no_390.jpg,Testing,Training,notumor,notumor,0,0,True,False
Testing/notumor/Te-no_272.jpg,Training/notumor/Tr-no_186.jpg,Testing,Training,notumor,notumor,0,0,True,False
Testing/notumor/Te-no_272.jpg,Training/notumor/Tr-no_549.jpg,Testing,Training,notumor,notumor,0,0,True,False
Testing/notumor/Te-no_272.jpg,Training/notumor/Tr-no_722.jpg,Testing,Training,notumor,notumor,0,0,True,False
Testing/notumor/Te-no_272.jpg,Training/notumor/Tr-no_838.jpg,Testing,Training,notumor,notumor,0,0,True,False
Testing/notumor/Te-no_272.jpg,Training/notumor/Tr-no_731.jpg,Testing,Training,notumor,notumor,0,0,True,False
Testing/notumor/Te-no_273.jpg,Training/notumor/Tr-no_618.jpg,Testing,Training,notumor,notumor,0,0,True,False
Testing/notumor/Te-no_273.jpg,Training/notumor/Tr-no_13.jpg,Testing,Training,notumor,notumor,0,0,True,False
Testing/notumor/Te-no_273.jpg,Training/notumor/Tr-no_974.jpg,Testing,Training,notumor,notumor,0,0,True,False
Testing/notumor/Te-no_273.jpg,Training/notumor/Tr-no_861.jpg,Testing,Training,notumor,notumor,0,0,True,False
Testing/notumor/Te-no_273.jpg,Training/notumor/Tr-no_465.jpg,Testing,Training,notumor,notumor,0,0,True,False
Testing/notumor/Te-no_273.jpg,Training/notumor/Tr-no_1099.jpg,Testing,Training,notumor,notumor,0,0,True,False
Testing/notumor/Te-no_273.jpg,Training/notumor/Tr-no_245.jpg,Testing,Training,notumor,notumor,0,0,True,False
Testing/notumor/Te-no_273.jpg,Training/notumor/Tr-no_937.jpg,Testing,Training,notumor,notumor,0,0,True,False
Testing/notumor/Te-no_273.jpg,Training/notumor/Tr-no_826.jpg,Testing,Training,notumor,notumor,0,0,True,False
Testing/notumor/Te-no_273.jpg,Training/notumor/Tr-no_1057.jpg,Testing,Training,notumor,notumor,0,0,True,False
Testing/notumor/Te-no_274.jpg,Training/notumor/Tr-no_621.jpg,Testing,Training,notumor,notumor,0,0,True,False
Testing/notumor/Te-no_274.jpg,Training/notumor/Tr-no_1136.jpg,Testing,Training,notumor,notumor,0,0,True,False
Testing/notumor/Te-no_274.jpg,Training/notumor/Tr-no_480.jpg,Testing,Training,notumor,notumor,0,0,True,False
Testing/notumor/Te-no_274.jpg,Training/notumor/Tr-no_835.jpg,Testing,Training,notumor,notumor,0,0,True,False
Testing/notumor/Te-no_274.jpg,Training/notumor/Tr-no_548.jpg,Testing,Training,notumor,notumor,4,0,True,False
Testing/notumor/Te-no_275.jpg,Training/notumor/Tr-no_46.jpg,Testing,Training,notumor,notumor,2,0,True,False
Testing/notumor/Te-no_275.jpg,Training/notumor/Tr-no_5.jpg,Testing,Training,notumor,notumor,0,0,True,False
Testing/notumor/Te-no_275.jpg,Training/notumor/Tr-no_611.jpg,Testing,Training,notumor,notumor,0,0,True,False
Testing/notumor/Te-no_275.jpg,Training/notumor/Tr-no_1027.jpg,Testing,Training,notumor,notumor,0,0,True,False
Testing/notumor/Te-no_275.jpg,Training/notumor/Tr-no_693.jpg,Testing,Training,notumor,notumor,0,0,True,False
Testing/notumor/Te-no_275.jpg,Training/notumor/Tr-no_709.jpg,Testing,Training,notumor,notumor,0,0,True,False
Testing/notumor/Te-no_275.jpg,Training/notumor/Tr-no_1060.jpg,Testing,Training,notumor,notumor,0,0,True,False
Testing/notumor/Te-no_275.jpg,Training/notumor/Tr-no_1062.jpg,Testing,Training,notumor,notumor,0,0,True,False
Testing/notumor/Te-no_275.jpg,Training/notumor/Tr-no_1071.jpg,Testing,Training,notumor,notumor,0,0,True,False
Testing/notumor/Te-no_275.jpg,Training/notumor/Tr-no_109.jpg,Testing,Training,notumor,notumor,0,0,True,False
Testing/notumor/Te-no_275.jpg,Training/notumor/Tr-no_1102.jpg,Testing,Training,notumor,notumor,0,0,True,False
Testing/notumor/Te-no_275.jpg,Training/notumor/Tr-no_1124.jpg,Testing,Training,notumor,notumor,0,0,True,False
Testing/notumor/Te-no_275.jpg,Training/notumor/Tr-no_1138.jpg,Testing,Training,notumor,notumor,0,0,True,False
Testing/notumor/Te-no_275.jpg,Training/notumor/Tr-no_82.jpg,Testing,Training,notumor,notumor,0,0,True,False
Testing/notumor/Te-no_275.jpg,Training/notumor/Tr-no_1183.jpg,Testing,Training,notumor,notumor,0,0,True,False
Testing/notumor/Te-no_275.jpg,Training/notumor/Tr-no_1252.jpg,Testing,Training,notumor,notumor,2,0,True,False
Testing/notumor/Te-no_275.jpg,Training/notumor/Tr-no_1257.jpg,Testing,Training,notumor,notumor,0,0,True,False
Testing/notumor/Te-no_275.jpg,Training/notumor/Tr-no_169.jpg,Testing,Training,notumor,notumor,6,0,True,False
Testing/notumor/Te-no_275.jpg,Training/notumor/Tr-no_203.jpg,Testing,Training,notumor,notumor,0,0,True,False
Testing/notumor/Te-no_275.jpg,Training/notumor/Tr-no_21.jpg,Testing,Training,notumor,notumor,0,0,True,False
Testing/notumor/Te-no_275.jpg,Training/notumor/Tr-no_224.jpg,Testing,Training,notumor,notumor,0,0,True,False
Testing/notumor/Te-no_275.jpg,Training/notumor/Tr-no_232.jpg,Testing,Training,notumor,notumor,0,0,True,False
Testing/notumor/Te-no_275.jpg,Training/notumor/Tr-no_241.jpg,Testing,Training,notumor,notumor,2,0,True,False
Testing/notumor/Te-no_275.jpg,Training/notumor/Tr-no_249.jpg,Testing,Training,notumor,notumor,0,0,True,False
Testing/notumor/Te-no_275.jpg,Training/notumor/Tr-no_251.jpg,Testing,Training,notumor,notumor,0,0,True,False
Testing/notumor/Te-no_275.jpg,Training/notumor/Tr-no_267.jpg,Testing,Training,notumor,notumor,0,0,True,False
Testing/notumor/Te-no_275.jpg,Training/notumor/Tr-no_29.jpg,Testing,Training,notumor,notumor,0,0,True,False
Testing/notumor/Te-no_275.jpg,Training/notumor/Tr-no_322.jpg,Testing,Training,notumor,notumor,0,0,True,False
Testing/notumor/Te-no_275.jpg,Training/notumor/Tr-no_339.jpg,Testing,Training,notumor,notumor,0,0,True,False
Testing/notumor/Te-no_275.jpg,Training/notumor/Tr-no_351.jpg,Testing,Training,notumor,notumor,6,0,True,False
Testing/notumor/Te-no_275.jpg,Training/notumor/Tr-no_371.jpg,Testing,Training,notumor,notumor,0,0,True,False
Testing/notumor/Te-no_276.jpg,Training/notumor/Tr-no_622.jpg,Testing,Training,notumor,notumor,2,0,True,False
Testing/notumor/Te-no_276.jpg,Training/notumor/Tr-no_184.jpg,Testing,Training,notumor,notumor,0,1,True,False
Testing/notumor/Te-no_276.jpg,Training/notumor/Tr-no_1222.jpg,Testing,Training,notumor,notumor,0,1,True,False
Testing/notumor/Te-no_276.jpg,Training/notumor/Tr-no_199.jpg,Testing,Training,notumor,notumor,0,1,True,False
Testing/notumor/Te-no_276.jpg,Training/notumor/Tr-no_211.jpg,Testing,Training,notumor,notumor,0,1,True,False
Testing/notumor/Te-no_276.jpg,Training/notumor/Tr-no_675.jpg,Testing,Training,notumor,notumor,0,0,True,False
Testing/notumor/Te-no_276.jpg,Training/notumor/Tr-no_1256.jpg,Testing,Training,notumor,notumor,0,0,True,False
Testing/notumor/Te-no_276.jpg,Training/notumor/Tr-no_1029.jpg,Testing,Training,notumor,notumor,0,0,True,False
Testing/notumor/Te-no_276.jpg,Training/notumor/Tr-no_1035.jpg,Testing,Training,notumor,notumor,0,0,True,False
Testing/notumor/Te-no_276.jpg,Training/notumor/Tr-no_1039.jpg,Testing,Training,notumor,notumor,0,0,True,False
Testing/notumor/Te-no_276.jpg,Training/notumor/Tr-no_936.jpg,Testing,Training,notumor,notumor,0,1,True,False
Testing/notumor/Te-no_276.jpg,Training/notumor/Tr-no_1050.jpg,Testing,Training,notumor,notumor,0,0,True,False
Testing/notumor/Te-no_276.jpg,Training/notumor/Tr-no_1051.jpg,Testing,Training,notumor,notumor,0,0,True,False
Testing/notumor/Te-no_276.jpg,Training/notumor/Tr-no_253.jpg,Testing,Training,notumor,notumor,0,0,True,False
Testing/notumor/Te-no_276.jpg,Training/notumor/Tr-no_715.jpg,Testing,Training,notumor,notumor,0,0,True,False
Testing/notumor/Te-no_276.jpg,Training/notumor/Tr-no_1066.jpg,Testing,Training,notumor,notumor,0,1,True,False
Testing/notumor/Te-no_276.jpg,Training/notumor/Tr-no_270.jpg,Testing,Training,notumor,notumor,0,0,True,False
Testing/notumor/Te-no_276.jpg,Training/notumor/Tr-no_272.jpg,Testing,Training,notumor,notumor,0,0,True,False
Testing/notumor/Te-no_276.jpg,Training/notumor/Tr-no_1315.jpg,Testing,Training,notumor,notumor,0,0,True,False
Testing/notumor/Te-no_276.jpg,Training/notumor/Tr-no_1086.jpg,Testing,Training,notumor,notumor,0,0,True,False
Testing/notumor/Te-no_276.jpg,Training/notumor/Tr-no_1091.jpg,Testing,Training,notumor,notumor,0,0,True,False
Testing/notumor/Te-no_276.jpg,Training/notumor/Tr-no_538.jpg,Testing,Training,notumor,notumor,0,0,True,False
Testing/notumor/Te-no_276.jpg,Training/notumor/Tr-no_320.jpg,Testing,Training,notumor,notumor,0,0,True,False
Testing/notumor/Te-no_276.jpg,Training/notumor/Tr-no_330.jpg,Testing,Training,notumor,notumor,0,0,True,False
Testing/notumor/Te-no_276.jpg,Training/notumor/Tr-no_794.jpg,Testing,Training,notumor,notumor,0,0,True,False
Testing/notumor/Te-no_276.jpg,Training/notumor/Tr-no_797.jpg,Testing,Training,notumor,notumor,0,0,True,False
Testing/notumor/Te-no_276.jpg,Training/notumor/Tr-no_1151.jpg,Testing,Training,notumor,notumor,0,1,True,False
Testing/notumor/Te-no_276.jpg,Training/notumor/Tr-no_1385.jpg,Testing,Training,notumor,notumor,0,0,True,False
Testing/notumor/Te-no_276.jpg,Training/notumor/Tr-no_1158.jpg,Testing,Training,notumor,notumor,0,0,True,False
Testing/notumor/Te-no_276.jpg,Training/notumor/Tr-no_600.jpg,Testing,Training,notumor,notumor,0,0,True,False
Testing/notumor/Te-no_277.jpg,Training/notumor/Tr-no_898.jpg,Testing,Training,notumor,notumor,0,0,True,False
Testing/notumor/Te-no_277.jpg,Training/notumor/Tr-no_1260.jpg,Testing,Training,notumor,notumor,0,0,True,False
Testing/notumor/Te-no_277.jpg,Training/notumor/Tr-no_1272.jpg,Testing,Training,notumor,notumor,0,0,True,False
Testing/notumor/Te-no_277.jpg,Training/notumor/Tr-no_960.jpg,Testing,Training,notumor,notumor,0,0,True,False
Testing/notumor/Te-no_277.jpg,Training/notumor/Tr-no_27.jpg,Testing,Training,notumor,notumor,0,0,True,False
Testing/notumor/Te-no_277.jpg,Training/notumor/Tr-no_1133.jpg,Testing,Training,notumor,notumor,0,0,True,False
Testing/notumor/Te-no_278.jpg,Training/notumor/Tr-no_620.jpg,Testing,Training,notumor,notumor,2,0,True,False
Testing/notumor/Te-no_278.jpg,Training/notumor/Tr-no_402.jpg,Testing,Training,notumor,notumor,4,0,True,False
Testing/notumor/Te-no_278.jpg,Training/notumor/Tr-no_403.jpg,Testing,Training,notumor,notumor,2,0,True,False
Testing/notumor/Te-no_278.jpg,Training/notumor/Tr-no_873.jpg,Testing,Training,notumor,notumor,2,0,True,False
Testing/notumor/Te-no_278.jpg,Training/notumor/Tr-no_643.jpg,Testing,Training,notumor,notumor,2,0,True,False
Testing/notumor/Te-no_278.jpg,Training/notumor/Tr-no_1220.jpg,Testing,Training,notumor,notumor,2,0,True,False
Testing/notumor/Te-no_278.jpg,Training/notumor/Tr-no_2.jpg,Testing,Training,notumor,notumor,2,0,True,False
Testing/notumor/Te-no_278.jpg,Training/notumor/Tr-no_1.jpg,Testing,Training,notumor,notumor,4,0,True,False
Testing/notumor/Te-no_278.jpg,Training/notumor/Tr-no_1244.jpg,Testing,Training,notumor,notumor,2,0,True,False
Testing/notumor/Te-no_278.jpg,Training/notumor/Tr-no_217.jpg,Testing,Training,notumor,notumor,0,0,True,False
Testing/notumor/Te-no_278.jpg,Training/notumor/Tr-no_227.jpg,Testing,Training,notumor,notumor,2,0,True,False
Testing/notumor/Te-no_278.jpg,Training/notumor/Tr-no_690.jpg,Testing,Training,notumor,notumor,2,0,True,False
Testing/notumor/Te-no_278.jpg,Training/notumor/Tr-no_23.jpg,Testing,Training,notumor,notumor,0,0,True,False
Testing/notumor/Te-no_278.jpg,Training/notumor/Tr-no_234.jpg,Testing,Training,notumor,notumor,2,0,True,False
Testing/notumor/Te-no_278.jpg,Training/notumor/Tr-no_488.jpg,Testing,Training,notumor,notumor,4,0,True,False
Testing/notumor/Te-no_278.jpg,Training/notumor/Tr-no_955.jpg,Testing,Training,notumor,notumor,2,0,True,False
Testing/notumor/Te-no_278.jpg,Training/notumor/Tr-no_735.jpg,Testing,Training,notumor,notumor,2,0,True,False
Testing/notumor/Te-no_278.jpg,Training/notumor/Tr-no_1304.jpg,Testing,Training,notumor,notumor,0,0,True,False
Testing/notumor/Te-no_278.jpg,Training/notumor/Tr-no_74.jpg,Testing,Training,notumor,notumor,4,0,True,False
Testing/notumor/Te-no_278.jpg,Training/notumor/Tr-no_1083.jpg,Testing,Training,notumor,notumor,0,0,True,False
Testing/notumor/Te-no_278.jpg,Training/notumor/Tr-no_514.jpg,Testing,Training,notumor,notumor,4,0,True,False
Testing/notumor/Te-no_278.jpg,Training/notumor/Tr-no_781.jpg,Testing,Training,notumor,notumor,2,0,True,False
Testing/notumor/Te-no_278.jpg,Training/notumor/Tr-no_559.jpg,Testing,Training,notumor,notumor,2,0,True,False
Testing/notumor/Te-no_278.jpg,Training/notumor/Tr-no_113.jpg,Testing,Training,notumor,notumor,0,0,True,False
Testing/notumor/Te-no_278.jpg,Training/notumor/Tr-no_331.jpg,Testing,Training,notumor,notumor,2,0,True,False
Testing/notumor/Te-no_278.jpg,Training/notumor/Tr-no_1371.jpg,Testing,Training,notumor,notumor,4,0,True,False
Testing/notumor/Te-no_278.jpg,Training/notumor/Tr-no_1375.jpg,Testing,Training,notumor,notumor,2,0,True,False
Testing/notumor/Te-no_278.jpg,Training/notumor/Tr-no_586.jpg,Testing,Training,notumor,notumor,2,0,True,False
Testing/notumor/Te-no_278.jpg,Training/notumor/Tr-no_1392.jpg,Testing,Training,notumor,notumor,2,0,True,False
Testing/notumor/Te-no_278.jpg,Training/notumor/Tr-no_1163.jpg,Testing,Training,notumor,notumor,2,0,True,False
Testing/notumor/Te-no_278.jpg,Training/notumor/Tr-no_595.jpg,Testing,Training,notumor,notumor,4,0,True,False
Testing/notumor/Te-no_278.jpg,Training/notumor/Tr-no_597.jpg,Testing,Training,notumor,notumor,4,0,True,False
Testing/notumor/Te-no_278.jpg,Training/notumor/Tr-no_37.jpg,Testing,Training,notumor,notumor,2,0,True,False
Testing/notumor/Te-no_278.jpg,Training/notumor/Tr-no_1170.jpg,Testing,Training,notumor,notumor,2,0,True,False
Testing/notumor/Te-no_278.jpg,Training/notumor/Tr-no_152.jpg,Testing,Training,notumor,notumor,0,0,True,False
Testing/notumor/Te-no_28.jpg,Training/notumor/Tr-no_515.jpg,Testing,Training,notumor,notumor,2,0,True,False
Testing/notumor/Te-no_28.jpg,Training/notumor/Tr-no_1321.jpg,Testing,Training,notumor,notumor,0,0,True,False
Testing/notumor/Te-no_28.jpg,Training/notumor/Tr-no_310.jpg,Testing,Training,notumor,notumor,0,0,True,False
Testing/notumor/Te-no_28.jpg,Training/notumor/Tr-no_663.jpg,Testing,Training,notumor,notumor,0,0,True,False
Testing/notumor/Te-no_28.jpg,Training/notumor/Tr-no_205.jpg,Testing,Training,notumor,notumor,0,0,True,False
Testing/notumor/Te-no_28.jpg,Training/notumor/Tr-no_206.jpg,Testing,Training,notumor,notumor,4,0,True,False
Testing/notumor/Te-no_28.jpg,Training/notumor/Tr-no_212.jpg,Testing,Training,notumor,notumor,4,0,True,False
Testing/notumor/Te-no_28.jpg,Training/notumor/Tr-no_1012.jpg,Testing,Training,notumor,notumor,0,0,True,False
Testing/notumor/Te-no_28.jpg,Training/notumor/Tr-no_335.jpg,Testing,Training,notumor,notumor,2,0,True,False
Testing/notumor/Te-no_28.jpg,Training/notumor/Tr-no_458.jpg,Testing,Training,notumor,notumor,4,0,True,False
Testing/notumor/Te-no_28.jpg,Training/notumor/Tr-no_829.jpg,Testing,Training,notumor,notumor,0,0,True,False
Testing/notumor/Te-no_28.jpg,Training/notumor/Tr-no_1284.jpg,Testing,Training,notumor,notumor,2,0,True,False
Testing/notumor/Te-no_280.jpg,Training/notumor/Tr-no_563.jpg,Testing,Training,notumor,notumor,0,1,True,False
Testing/notumor/Te-no_280.jpg,Training/notumor/Tr-no_593.jpg,Testing,Training,notumor,notumor,0,0,True,False
Testing/notumor/Te-no_280.jpg,Training/notumor/Tr-no_997.jpg,Testing,Training,notumor,notumor,0,0,True,False
Testing/notumor/Te-no_280.jpg,Training/notumor/Tr-no_1363.jpg,Testing,Training,notumor,notumor,0,0,True,False
Testing/notumor/Te-no_280.jpg,Training/notumor/Tr-no_140.jpg,Testing,Training,notumor,notumor,0,0,True,False
Testing/notumor/Te-no_281.jpg,Training/notumor/Tr-no_61.jpg,Testing,Training,notumor,notumor,0,0,True,False
Testing/notumor/Te-no_281.jpg,Training/notumor/Tr-no_739.jpg,Testing,Training,notumor,notumor,0,0,True,False
Testing/notumor/Te-no_281.jpg,Training/notumor/Tr-no_396.jpg,Testing,Training,notumor,notumor,0,1,True,False
Testing/notumor/Te-no_281.jpg,Training/notumor/Tr-no_513.jpg,Testing,Training,notumor,notumor,0,1,True,False
Testing/notumor/Te-no_281.jpg,Training/notumor/Tr-no_748.jpg,Testing,Training,notumor,notumor,0,0,True,False
Testing/notumor/Te-no_281.jpg,Training/notumor/Tr-no_996.jpg,Testing,Training,notumor,notumor,0,1,True,False
Testing/notumor/Te-no_281.jpg,Training/notumor/Tr-no_889.jpg,Testing,Training,notumor,notumor,0,0,True,False
Testing/notumor/Te-no_281.jpg,Training/notumor/Tr-no_197.jpg,Testing,Training,notumor,notumor,0,1,True,False
Testing/notumor/Te-no_281.jpg,Training/notumor/Tr-no_659.jpg,Testing,Training,notumor,notumor,0,1,True,False
Testing/notumor/Te-no_281.jpg,Training/notumor/Tr-no_1346.jpg,Testing,Training,notumor,notumor,0,0,True,False
Testing/notumor/Te-no_281.jpg,Training/notumor/Tr-no_1347.jpg,Testing,Training,notumor,notumor,0,0,True,False
Testing/notumor/Te-no_281.jpg,Training/notumor/Tr-no_1121.jpg,Testing,Training,notumor,notumor,0,2,True,False
Testing/notumor/Te-no_281.jpg,Training/notumor/Tr-no_556.jpg,Testing,Training,notumor,notumor,0,1,True,False
Testing/notumor/Te-no_281.jpg,Training/notumor/Tr-no_1263.jpg,Testing,Training,notumor,notumor,0,0,True,False
Testing/notumor/Te-no_281.jpg,Training/notumor/Tr-no_1155.jpg,Testing,Training,notumor,notumor,0,0,True,False
Testing/notumor/Te-no_281.jpg,Training/notumor/Tr-no_1387.jpg,Testing,Training,notumor,notumor,0,0,True,False
Testing/notumor/Te-no_281.jpg,Training/notumor/Tr-no_1280.jpg,Testing,Training,notumor,notumor,0,0,True,False
Testing/notumor/Te-no_281.jpg,Training/notumor/Tr-no_264.jpg,Testing,Training,notumor,notumor,0,0,True,False
Testing/notumor/Te-no_282.jpg,Training/notumor/Tr-no_1300.jpg,Testing,Training,notumor,notumor,0,0,True,False
Testing/notumor/Te-no_282.jpg,Training/notumor/Tr-no_1303.jpg,Testing,Training,notumor,notumor,0,0,True,False
Testing/notumor/Te-no_282.jpg,Training/notumor/Tr-no_761.jpg,Testing,Training,notumor,notumor,0,0,True,False
Testing/notumor/Te-no_282.jpg,Training/notumor/Tr-no_306.jpg,Testing,Training,notumor,notumor,0,0,True,False
Testing/notumor/Te-no_282.jpg,Training/notumor/Tr-no_1294.jpg,Testing,Training,notumor,notumor,0,0,True,False
Testing/notumor/Te-no_282.jpg,Training/notumor/Tr-no_142.jpg,Testing,Training,notumor,notumor,0,0,True,False
Testing/notumor/Te-no_282.jpg,Training/notumor/Tr-no_1236.jpg,Testing,Training,notumor,notumor,0,0,True,False
Testing/notumor/Te-no_282.jpg,Training/notumor/Tr-no_118.jpg,Testing,Training,notumor,notumor,0,0,True,False
Testing/notumor/Te-no_282.jpg,Training/notumor/Tr-no_382.jpg,Testing,Training,notumor,notumor,0,0,True,False
Testing/notumor/Te-no_283.jpg,Training/notumor/Tr-no_620.jpg,Testing,Training,notumor,notumor,2,0,True,False
Testing/notumor/Te-no_283.jpg,Training/notumor/Tr-no_402.jpg,Testing,Training,notumor,notumor,0,0,True,False
Testing/notumor/Te-no_283.jpg,Training/notumor/Tr-no_403.jpg,Testing,Training,notumor,notumor,0,0,True,False
Testing/notumor/Te-no_283.jpg,Training/notumor/Tr-no_873.jpg,Testing,Training,notumor,notumor,2,0,True,False
Testing/notumor/Te-no_283.jpg,Training/notumor/Tr-no_643.jpg,Testing,Training,notumor,notumor,2,0,True,False
Testing/notumor/Te-no_283.jpg,Training/notumor/Tr-no_1220.jpg,Testing,Training,notumor,notumor,2,0,True,False
Testing/notumor/Te-no_283.jpg,Training/notumor/Tr-no_1.jpg,Testing,Training,notumor,notumor,0,0,True,False
Testing/notumor/Te-no_283.jpg,Training/notumor/Tr-no_2.jpg,Testing,Training,notumor,notumor,2,0,True,False
Testing/notumor/Te-no_283.jpg,Training/notumor/Tr-no_1244.jpg,Testing,Training,notumor,notumor,2,0,True,False
Testing/notumor/Te-no_283.jpg,Training/notumor/Tr-no_217.jpg,Testing,Training,notumor,notumor,4,0,True,False
Testing/notumor/Te-no_283.jpg,Training/notumor/Tr-no_227.jpg,Testing,Training,notumor,notumor,2,0,True,False
Testing/notumor/Te-no_283.jpg,Training/notumor/Tr-no_690.jpg,Testing,Training,notumor,notumor,2,0,True,False
Testing/notumor/Te-no_283.jpg,Training/notumor/Tr-no_23.jpg,Testing,Training,notumor,notumor,4,0,True,False
Testing/notumor/Te-no_283.jpg,Training/notumor/Tr-no_234.jpg,Testing,Training,notumor,notumor,2,0,True,False
Testing/notumor/Te-no_283.jpg,Training/notumor/Tr-no_488.jpg,Testing,Training,notumor,notumor,0,0,True,False
Testing/notumor/Te-no_283.jpg,Training/notumor/Tr-no_955.jpg,Testing,Training,notumor,notumor,2,0,True,False
Testing/notumor/Te-no_283.jpg,Training/notumor/Tr-no_735.jpg,Testing,Training,notumor,notumor,0,0,True,False
Testing/notumor/Te-no_283.jpg,Training/notumor/Tr-no_1304.jpg,Testing,Training,notumor,notumor,4,0,True,False
Testing/notumor/Te-no_283.jpg,Training/notumor/Tr-no_74.jpg,Testing,Training,notumor,notumor,0,0,True,False
Testing/notumor/Te-no_283.jpg,Training/notumor/Tr-no_514.jpg,Testing,Training,notumor,notumor,0,0,True,False
Testing/notumor/Te-no_283.jpg,Training/notumor/Tr-no_1083.jpg,Testing,Training,notumor,notumor,4,0,True,False
Testing/notumor/Te-no_283.jpg,Training/notumor/Tr-no_781.jpg,Testing,Training,notumor,notumor,2,0,True,False
Testing/notumor/Te-no_283.jpg,Training/notumor/Tr-no_559.jpg,Testing,Training,notumor,notumor,2,0,True,False
Testing/notumor/Te-no_283.jpg,Training/notumor/Tr-no_113.jpg,Testing,Training,notumor,notumor,4,0,True,False
Testing/notumor/Te-no_283.jpg,Training/notumor/Tr-no_331.jpg,Testing,Training,notumor,notumor,2,0,True,False
Testing/notumor/Te-no_283.jpg,Training/notumor/Tr-no_1371.jpg,Testing,Training,notumor,notumor,0,0,True,False
Testing/notumor/Te-no_283.jpg,Training/notumor/Tr-no_1375.jpg,Testing,Training,notumor,notumor,0,0,True,False
Testing/notumor/Te-no_283.jpg,Training/notumor/Tr-no_586.jpg,Testing,Training,notumor,notumor,2,0,True,False
Testing/notumor/Te-no_283.jpg,Training/notumor/Tr-no_1392.jpg,Testing,Training,notumor,notumor,2,0,True,False
Testing/notumor/Te-no_283.jpg,Training/notumor/Tr-no_595.jpg,Testing,Training,notumor,notumor,0,0,True,False
Testing/notumor/Te-no_283.jpg,Training/notumor/Tr-no_1163.jpg,Testing,Training,notumor,notumor,2,0,True,False
Testing/notumor/Te-no_283.jpg,Training/notumor/Tr-no_597.jpg,Testing,Training,notumor,notumor,0,0,True,False
Testing/notumor/Te-no_283.jpg,Training/notumor/Tr-no_37.jpg,Testing,Training,notumor,notumor,2,0,True,False
Testing/notumor/Te-no_283.jpg,Training/notumor/Tr-no_1170.jpg,Testing,Training,notumor,notumor,2,0,True,False
Testing/notumor/Te-no_283.jpg,Training/notumor/Tr-no_152.jpg,Testing,Training,notumor,notumor,4,0,True,False
Testing/notumor/Te-no_284.jpg,Training/notumor/Tr-no_733.jpg,Testing,Training,notumor,notumor,0,0,True,False
Testing/notumor/Te-no_284.jpg,Training/notumor/Tr-no_449.jpg,Testing,Training,notumor,notumor,0,0,True,False
Testing/notumor/Te-no_284.jpg,Training/notumor/Tr-no_132.jpg,Testing,Training,notumor,notumor,0,0,True,False
Testing/notumor/Te-no_284.jpg,Training/notumor/Tr-no_9.jpg,Testing,Training,notumor,notumor,0,0,True,False
Testing/notumor/Te-no_284.jpg,Training/notumor/Tr-no_1127.jpg,Testing,Training,notumor,notumor,0,0,True,False
Testing/notumor/Te-no_285.jpg,Training/notumor/Tr-no_622.jpg,Testing,Training,notumor,notumor,0,0,True,False
Testing/notumor/Te-no_285.jpg,Training/notumor/Tr-no_184.jpg,Testing,Training,notumor,notumor,0,1,True,False
Testing/notumor/Te-no_285.jpg,Training/notumor/Tr-no_1222.jpg,Testing,Training,notumor,notumor,0,1,True,False
Testing/notumor/Te-no_285.jpg,Training/notumor/Tr-no_199.jpg,Testing,Training,notumor,notumor,0,0,True,False
Testing/notumor/Te-no_285.jpg,Training/notumor/Tr-no_211.jpg,Testing,Training,notumor,notumor,0,1,True,False
Testing/notumor/Te-no_285.jpg,Training/notumor/Tr-no_675.jpg,Testing,Training,notumor,notumor,0,1,True,False
Testing/notumor/Te-no_285.jpg,Training/notumor/Tr-no_1256.jpg,Testing,Training,notumor,notumor,0,0,True,False
Testing/notumor/Te-no_285.jpg,Training/notumor/Tr-no_1029.jpg,Testing,Training,notumor,notumor,0,0,True,False
Testing/notumor/Te-no_285.jpg,Training/notumor/Tr-no_1035.jpg,Testing,Training,notumor,notumor,0,0,True,False
Testing/notumor/Te-no_285.jpg,Training/notumor/Tr-no_1039.jpg,Testing,Training,notumor,notumor,0,0,True,False
Testing/notumor/Te-no_285.jpg,Training/notumor/Tr-no_936.jpg,Testing,Training,notumor,notumor,0,0,True,False
Testing/notumor/Te-no_285.jpg,Training/notumor/Tr-no_476.jpg,Testing,Training,notumor,notumor,0,2,True,False
Testing/notumor/Te-no_285.jpg,Training/notumor/Tr-no_1050.jpg,Testing,Training,notumor,notumor,0,1,True,False
Testing/notumor/Te-no_285.jpg,Training/notumor/Tr-no_1051.jpg,Testing,Training,notumor,notumor,0,0,True,False
Testing/notumor/Te-no_285.jpg,Training/notumor/Tr-no_253.jpg,Testing,Training,notumor,notumor,0,0,True,False
Testing/notumor/Te-no_285.jpg,Training/notumor/Tr-no_715.jpg,Testing,Training,notumor,notumor,0,0,True,False
Testing/notumor/Te-no_285.jpg,Training/notumor/Tr-no_1066.jpg,Testing,Training,notumor,notumor,0,1,True,False
Testing/notumor/Te-no_285.jpg,Training/notumor/Tr-no_270.jpg,Testing,Training,notumor,notumor,0,0,True,False
Testing/notumor/Te-no_285.jpg,Training/notumor/Tr-no_272.jpg,Testing,Training,notumor,notumor,0,1,True,False
Testing/notumor/Te-no_285.jpg,Training/notumor/Tr-no_1315.jpg,Testing,Training,notumor,notumor,0,1,True,False
Testing/notumor/Te-no_285.jpg,Training/notumor/Tr-no_1086.jpg,Testing,Training,notumor,notumor,0,1,True,False
Testing/notumor/Te-no_285.jpg,Training/notumor/Tr-no_1091.jpg,Testing,Training,notumor,notumor,0,0,True,False
Testing/notumor/Te-no_285.jpg,Training/notumor/Tr-no_538.jpg,Testing,Training,notumor,notumor,0,0,True,False
Testing/notumor/Te-no_285.jpg,Training/notumor/Tr-no_320.jpg,Testing,Training,notumor,notumor,0,0,True,False
Testing/notumor/Te-no_285.jpg,Training/notumor/Tr-no_330.jpg,Testing,Training,notumor,notumor,0,0,True,False
Testing/notumor/Te-no_285.jpg,Training/notumor/Tr-no_794.jpg,Testing,Training,notumor,notumor,0,0,True,False
Testing/notumor/Te-no_285.jpg,Training/notumor/Tr-no_797.jpg,Testing,Training,notumor,notumor,0,1,True,False
Testing/notumor/Te-no_285.jpg,Training/notumor/Tr-no_1151.jpg,Testing,Training,notumor,notumor,0,0,True,False
Testing/notumor/Te-no_285.jpg,Training/notumor/Tr-no_1385.jpg,Testing,Training,notumor,notumor,0,0,True,False
Testing/notumor/Te-no_285.jpg,Training/notumor/Tr-no_1158.jpg,Testing,Training,notumor,notumor,0,0,True,False
Testing/notumor/Te-no_285.jpg,Training/notumor/Tr-no_600.jpg,Testing,Training,notumor,notumor,0,0,True,False
Testing/notumor/Te-no_286.jpg,Training/notumor/Tr-no_501.jpg,Testing,Training,notumor,notumor,0,3,True,False
Testing/notumor/Te-no_286.jpg,Training/notumor/Tr-no_1087.jpg,Testing,Training,notumor,notumor,0,1,True,False
Testing/notumor/Te-no_286.jpg,Training/notumor/Tr-no_753.jpg,Testing,Training,notumor,notumor,0,0,True,False
Testing/notumor/Te-no_286.jpg,Training/notumor/Tr-no_294.jpg,Testing,Training,notumor,notumor,0,0,True,False
Testing/notumor/Te-no_286.jpg,Training/notumor/Tr-no_540.jpg,Testing,Training,notumor,notumor,0,0,True,False
Testing/notumor/Te-no_286.jpg,Training/notumor/Tr-no_444.jpg,Testing,Training,notumor,notumor,0,1,True,False
Testing/notumor/Te-no_286.jpg,Training/notumor/Tr-no_1268.jpg,Testing,Training,notumor,notumor,0,1,True,False
Testing/notumor/Te-no_286.jpg,Training/notumor/Tr-no_714.jpg,Testing,Training,notumor,notumor,0,3,True,False
Testing/notumor/Te-no_286.jpg,Training/notumor/Tr-no_723.jpg,Testing,Training,notumor,notumor,0,3,True,False
Testing/notumor/Te-no_286.jpg,Training/notumor/Tr-no_96.jpg,Testing,Training,notumor,notumor,0,0,True,False
Testing/notumor/Te-no_287.jpg,Training/notumor/Tr-no_1159.jpg,Testing,Training,notumor,notumor,0,0,True,False
Testing/notumor/Te-no_287.jpg,Training/notumor/Tr-no_367.jpg,Testing,Training,notumor,notumor,0,0,True,False
Testing/notumor/Te-no_287.jpg,Training/notumor/Tr-no_741.jpg,Testing,Training,notumor,notumor,0,0,True,False
Testing/notumor/Te-no_287.jpg,Training/notumor/Tr-no_976.jpg,Testing,Training,notumor,notumor,0,0,True,False
Testing/notumor/Te-no_287.jpg,Training/notumor/Tr-no_836.jpg,Testing,Training,notumor,notumor,0,0,True,False
Testing/notumor/Te-no_287.jpg,Training/notumor/Tr-no_1184.jpg,Testing,Training,notumor,notumor,0,0,True,False
Testing/notumor/Te-no_288.jpg,Training/notumor/Tr-no_1367.jpg,Testing,Training,notumor,notumor,0,0,True,False
Testing/notumor/Te-no_288.jpg,Training/notumor/Tr-no_164.jpg,Testing,Training,notumor,notumor,0,0,True,False
Testing/notumor/Te-no_288.jpg,Training/notumor/Tr-no_1196.jpg,Testing,Training,notumor,notumor,0,0,True,False
Testing/notumor/Te-no_288.jpg,Training/notumor/Tr-no_687.jpg,Testing,Training,notumor,notumor,0,0,True,False
Testing/notumor/Te-no_288.jpg,Training/notumor/Tr-no_170.jpg,Testing,Training,notumor,notumor,0,0,True,False
Testing/notumor/Te-no_288.jpg,Training/notumor/Tr-no_929.jpg,Testing,Training,notumor,notumor,0,0,True,False
Testing/notumor/Te-no_288.jpg,Training/notumor/Tr-no_830.jpg,Testing,Training,notumor,notumor,0,0,True,False
Testing/notumor/Te-no_288.jpg,Training/notumor/Tr-no_117.jpg,Testing,Training,notumor,notumor,0,0,True,False
Testing/notumor/Te-no_288.jpg,Training/notumor/Tr-no_891.jpg,Testing,Training,notumor,notumor,2,0,True,False
Testing/notumor/Te-no_288.jpg,Training/notumor/Tr-no_1350.jpg,Testing,Training,notumor,notumor,0,0,True,False
Testing/notumor/Te-no_289.jpg,Training/notumor/Tr-no_1189.jpg,Testing,Training,notumor,notumor,0,1,True,False
Testing/notumor/Te-no_289.jpg,Training/notumor/Tr-no_69.jpg,Testing,Training,notumor,notumor,0,0,True,False
Testing/notumor/Te-no_289.jpg,Training/notumor/Tr-no_1204.jpg,Testing,Training,notumor,notumor,0,0,True,False
Testing/notumor/Te-no_289.jpg,Training/notumor/Tr-no_466.jpg,Testing,Training,notumor,notumor,0,0,True,False
Testing/notumor/Te-no_289.jpg,Training/notumor/Tr-no_1095.jpg,Testing,Training,notumor,notumor,0,0,True,False
Testing/notumor/Te-no_289.jpg,Training/notumor/Tr-no_584.jpg,Testing,Training,notumor,notumor,0,1,True,False
Testing/notumor/Te-no_289.jpg,Training/notumor/Tr-no_882.jpg,Testing,Training,notumor,notumor,0,0,True,False
Testing/notumor/Te-no_289.jpg,Training/notumor/Tr-no_768.jpg,Testing,Training,notumor,notumor,2,0,True,False
Testing/notumor/Te-no_289.jpg,Training/notumor/Tr-no_775.jpg,Testing,Training,notumor,notumor,0,0,True,False
Testing/notumor/Te-no_289.jpg,Training/notumor/Tr-no_317.jpg,Testing,Training,notumor,notumor,0,0,True,False
Testing/notumor/Te-no_289.jpg,Training/notumor/Tr-no_1237.jpg,Testing,Training,notumor,notumor,0,0,True,False
Testing/notumor/Te-no_290.jpg,Training/notumor/Tr-no_461.jpg,Testing,Training,notumor,notumor,0,0,True,False
Testing/notumor/Te-no_290.jpg,Training/notumor/Tr-no_820.jpg,Testing,Training,notumor,notumor,0,0,True,False
Testing/notumor/Te-no_290.jpg,Training/notumor/Tr-no_1286.jpg,Testing,Training,notumor,notumor,0,0,True,False
Testing/notumor/Te-no_290.jpg,Training/notumor/Tr-no_72.jpg,Testing,Training,notumor,notumor,0,0,True,False
Testing/notumor/Te-no_290.jpg,Training/notumor/Tr-no_495.jpg,Testing,Training,notumor,notumor,0,0,True,False
Testing/notumor/Te-no_291.jpg,Training/notumor/Tr-no_390.jpg,Testing,Training,notumor,notumor,2,0,True,False
Testing/notumor/Te-no_291.jpg,Training/notumor/Tr-no_114.jpg,Testing,Training,notumor,notumor,0,0,True,False
Testing/notumor/Te-no_291.jpg,Training/notumor/Tr-no_991.jpg,Testing,Training,notumor,notumor,0,0,True,False
Testing/notumor/Te-no_291.jpg,Training/notumor/Tr-no_186.jpg,Testing,Training,notumor,notumor,2,0,True,False
Testing/notumor/Te-no_291.jpg,Training/notumor/Tr-no_731.jpg,Testing,Training,notumor,notumor,2,0,True,False
Testing/notumor/Te-no_291.jpg,Training/notumor/Tr-no_313.jpg,Testing,Training,notumor,notumor,0,0,True,False
Testing/notumor/Te-no_291.jpg,Training/notumor/Tr-no_491.jpg,Testing,Training,notumor,notumor,0,0,True,False
Testing/notumor/Te-no_291.jpg,Training/notumor/Tr-no_549.jpg,Testing,Training,notumor,notumor,2,0,True,False
Testing/notumor/Te-no_291.jpg,Training/notumor/Tr-no_722.jpg,Testing,Training,notumor,notumor,2,0,True,False
Testing/notumor/Te-no_291.jpg,Training/notumor/Tr-no_838.jpg,Testing,Training,notumor,notumor,2,0,True,False
Testing/notumor/Te-no_291.jpg,Training/notumor/Tr-no_615.jpg,Testing,Training,notumor,notumor,0,0,True,False
Testing/notumor/Te-no_291.jpg,Training/notumor/Tr-no_1185.jpg,Testing,Training,notumor,notumor,0,0,True,False
Testing/notumor/Te-no_292.jpg,Training/notumor/Tr-no_1192.jpg,Testing,Training,notumor,notumor,0,1,True,False
Testing/notumor/Te-no_292.jpg,Training/notumor/Tr-no_1206.jpg,Testing,Training,notumor,notumor,0,0,True,False
Testing/notumor/Te-no_292.jpg,Training/notumor/Tr-no_756.jpg,Testing,Training,notumor,notumor,0,1,True,False
Testing/notumor/Te-no_292.jpg,Training/notumor/Tr-no_1217.jpg,Testing,Training,notumor,notumor,0,0,True,False
Testing/notumor/Te-no_292.jpg,Training/notumor/Tr-no_430.jpg,Testing,Training,notumor,notumor,0,0,True,False
Testing/notumor/Te-no_292.jpg,Training/notumor/Tr-no_1234.jpg,Testing,Training,notumor,notumor,0,0,True,False
Testing/notumor/Te-no_292.jpg,Training/notumor/Tr-no_1122.jpg,Testing,Training,notumor,notumor,0,1,True,False
Testing/notumor/Te-no_292.jpg,Training/notumor/Tr-no_902.jpg,Testing,Training,notumor,notumor,0,1,True,False
Testing/notumor/Te-no_292.jpg,Training/notumor/Tr-no_329.jpg,Testing,Training,notumor,notumor,0,0,True,False
Testing/notumor/Te-no_292.jpg,Training/notumor/Tr-no_1361.jpg,Testing,Training,notumor,notumor,0,0,True,False
Testing/notumor/Te-no_292.jpg,Training/notumor/Tr-no_680.jpg,Testing,Training,notumor,notumor,0,0,True,False
Testing/notumor/Te-no_292.jpg,Training/notumor/Tr-no_914.jpg,Testing,Training,notumor,notumor,0,0,True,False
Testing/notumor/Te-no_292.jpg,Training/notumor/Tr-no_573.jpg,Testing,Training,notumor,notumor,0,0,True,False
Testing/notumor/Te-no_292.jpg,Training/notumor/Tr-no_1145.jpg,Testing,Training,notumor,notumor,0,0,True,False
Testing/notumor/Te-no_292.jpg,Training/notumor/Tr-no_36.jpg,Testing,Training,notumor,notumor,0,0,True,False
Testing/notumor/Te-no_292.jpg,Training/notumor/Tr-no_1044.jpg,Testing,Training,notumor,notumor,0,0,True,False
Testing/notumor/Te-no_292.jpg,Training/notumor/Tr-no_1293.jpg,Testing,Training,notumor,notumor,0,0,True,False
Testing/notumor/Te-no_292.jpg,Training/notumor/Tr-no_944.jpg,Testing,Training,notumor,notumor,0,1,True,False
Testing/notumor/Te-no_292.jpg,Training/notumor/Tr-no_374.jpg,Testing,Training,notumor,notumor,0,0,True,False
Testing/notumor/Te-no_292.jpg,Training/notumor/Tr-no_375.jpg,Testing,Training,notumor,notumor,0,0,True,False
Testing/notumor/Te-no_292.jpg,Training/notumor/Tr-no_378.jpg,Testing,Training,notumor,notumor,0,0,True,False
Testing/notumor/Te-no_292.jpg,Training/notumor/Tr-no_613.jpg,Testing,Training,notumor,notumor,0,0,True,False
Testing/notumor/Te-no_293.jpg,Training/notumor/Tr-no_968.jpg,Testing,Training,notumor,notumor,0,0,True,False
Testing/notumor/Te-no_293.jpg,Training/notumor/Tr-no_478.jpg,Testing,Training,notumor,notumor,0,0,True,False
Testing/notumor/Te-no_293.jpg,Training/notumor/Tr-no_162.jpg,Testing,Training,notumor,notumor,0,0,True,False
Testing/notumor/Te-no_293.jpg,Training/notumor/Tr-no_853.jpg,Testing,Training,notumor,notumor,0,0,True,False
Testing/notumor/Te-no_293.jpg,Training/notumor/Tr-no_512.jpg,Testing,Training,notumor,notumor,0,0,True,False
Testing/notumor/Te-no_293.jpg,Training/notumor/Tr-no_266.jpg,Testing,Training,notumor,notumor,0,0,True,False
Testing/notumor/Te-no_293.jpg,Training/notumor/Tr-no_1358.jpg,Testing,Training,notumor,notumor,0,0,True,False
Testing/notumor/Te-no_294.jpg,Training/notumor/Tr-no_1081.jpg,Testing,Training,notumor,notumor,0,0,True,False
Testing/notumor/Te-no_294.jpg,Training/notumor/Tr-no_528.jpg,Testing,Training,notumor,notumor,0,0,True,False
Testing/notumor/Te-no_294.jpg,Training/notumor/Tr-no_1328.jpg,Testing,Training,notumor,notumor,0,0,True,False
Testing/notumor/Te-no_294.jpg,Training/notumor/Tr-no_645.jpg,Testing,Training,notumor,notumor,0,0,True,False
Testing/notumor/Te-no_294.jpg,Training/notumor/Tr-no_1112.jpg,Testing,Training,notumor,notumor,0,0,True,False
Testing/notumor/Te-no_294.jpg,Training/notumor/Tr-no_1113.jpg,Testing,Training,notumor,notumor,0,0,True,False
Testing/notumor/Te-no_294.jpg,Training/notumor/Tr-no_200.jpg,Testing,Training,notumor,notumor,0,0,True,False
Testing/notumor/Te-no_294.jpg,Training/notumor/Tr-no_778.jpg,Testing,Training,notumor,notumor,0,0,True,False
Testing/notumor/Te-no_294.jpg,Training/notumor/Tr-no_437.jpg,Testing,Training,notumor,notumor,0,0,True,False
Testing/notumor/Te-no_294.jpg,Training/notumor/Tr-no_554.jpg,Testing,Training,notumor,notumor,0,0,True,False
Testing/notumor/Te-no_294.jpg,Training/notumor/Tr-no_791.jpg,Testing,Training,notumor,notumor,0,0,True,False
Testing/notumor/Te-no_294.jpg,Training/notumor/Tr-no_1246.jpg,Testing,Training,notumor,notumor,0,0,True,False
Testing/notumor/Te-no_294.jpg,Training/notumor/Tr-no_1259.jpg,Testing,Training,notumor,notumor,0,0,True,False
Testing/notumor/Te-no_294.jpg,Training/notumor/Tr-no_928.jpg,Testing,Training,notumor,notumor,0,0,True,False
Testing/notumor/Te-no_294.jpg,Training/notumor/Tr-no_473.jpg,Testing,Training,notumor,notumor,0,0,True,False
Testing/notumor/Te-no_295.jpg,Training/notumor/Tr-no_1316.jpg,Testing,Training,notumor,notumor,0,0,True,False
Testing/notumor/Te-no_295.jpg,Training/notumor/Tr-no_460.jpg,Testing,Training,notumor,notumor,0,0,True,False
Testing/notumor/Te-no_295.jpg,Training/notumor/Tr-no_867.jpg,Testing,Training,notumor,notumor,0,0,True,False
Testing/notumor/Te-no_295.jpg,Training/notumor/Tr-no_984.jpg,Testing,Training,notumor,notumor,0,0,True,False
Testing/notumor/Te-no_295.jpg,Training/notumor/Tr-no_701.jpg,Testing,Training,notumor,notumor,0,0,True,False
Testing/notumor/Te-no_295.jpg,Training/notumor/Tr-no_1389.jpg,Testing,Training,notumor,notumor,0,0,True,False
Testing/notumor/Te-no_295.jpg,Training/notumor/Tr-no_475.jpg,Testing,Training,notumor,notumor,0,0,True,False
Testing/notumor/Te-no_295.jpg,Training/notumor/Tr-no_364.jpg,Testing,Training,notumor,notumor,0,0,True,False
Testing/notumor/Te-no_295.jpg,Training/notumor/Tr-no_845.jpg,Testing,Training,notumor,notumor,0,0,True,False
Testing/notumor/Te-no_296.jpg,Training/notumor/Tr-no_16.jpg,Testing,Training,notumor,notumor,0,0,True,False
Testing/notumor/Te-no_296.jpg,Training/notumor/Tr-no_1076.jpg,Testing,Training,notumor,notumor,0,0,True,False
Testing/notumor/Te-no_296.jpg,Training/notumor/Tr-no_1078.jpg,Testing,Training,notumor,notumor,0,0,True,False
Testing/notumor/Te-no_296.jpg,Training/notumor/Tr-no_624.jpg,Testing,Training,notumor,notumor,4,0,True,False
Testing/notumor/Te-no_296.jpg,Training/notumor/Tr-no_1202.jpg,Testing,Training,notumor,notumor,0,0,True,False
Testing/notumor/Te-no_296.jpg,Training/notumor/Tr-no_521.jpg,Testing,Training,notumor,notumor,0,0,True,False
Testing/notumor/Te-no_296.jpg,Training/notumor/Tr-no_529.jpg,Testing,Training,notumor,notumor,4,0,True,False
Testing/notumor/Te-no_296.jpg,Training/notumor/Tr-no_53.jpg,Testing,Training,notumor,notumor,0,0,True,False
Testing/notumor/Te-no_296.jpg,Training/notumor/Tr-no_883.jpg,Testing,Training,notumor,notumor,4,0,True,False
Testing/notumor/Te-no_296.jpg,Training/notumor/Tr-no_424.jpg,Testing,Training,notumor,notumor,0,0,True,False
Testing/notumor/Te-no_296.jpg,Training/notumor/Tr-no_773.jpg,Testing,Training,notumor,notumor,0,0,True,False
Testing/notumor/Te-no_296.jpg,Training/notumor/Tr-no_89.jpg,Testing,Training,notumor,notumor,4,0,True,False
Testing/notumor/Te-no_296.jpg,Training/notumor/Tr-no_66.jpg,Testing,Training,notumor,notumor,0,0,True,False
Testing/notumor/Te-no_296.jpg,Training/notumor/Tr-no_776.jpg,Testing,Training,notumor,notumor,4,0,True,False
Testing/notumor/Te-no_296.jpg,Training/notumor/Tr-no_780.jpg,Testing,Training,notumor,notumor,0,0,True,False
Testing/notumor/Te-no_296.jpg,Training/notumor/Tr-no_1241.jpg,Testing,Training,notumor,notumor,4,0,True,False
Testing/notumor/Te-no_296.jpg,Training/notumor/Tr-no_213.jpg,Testing,Training,notumor,notumor,0,0,True,False
Testing/notumor/Te-no_296.jpg,Training/notumor/Tr-no_1370.jpg,Testing,Training,notumor,notumor,0,0,True,False
Testing/notumor/Te-no_296.jpg,Training/notumor/Tr-no_35.jpg,Testing,Training,notumor,notumor,0,0,True,False
Testing/notumor/Te-no_296.jpg,Training/notumor/Tr-no_583.jpg,Testing,Training,notumor,notumor,0,0,True,False
Testing/notumor/Te-no_296.jpg,Training/notumor/Tr-no_1161.jpg,Testing,Training,notumor,notumor,4,0,True,False
Testing/notumor/Te-no_296.jpg,Training/notumor/Tr-no_1053.jpg,Testing,Training,notumor,notumor,0,0,True,False
Testing/notumor/Te-no_296.jpg,Training/notumor/Tr-no_254.jpg,Testing,Training,notumor,notumor,0,0,True,False
Testing/notumor/Te-no_296.jpg,Training/notumor/Tr-no_1174.jpg,Testing,Training,notumor,notumor,4,0,True,False
Testing/notumor/Te-no_296.jpg,Training/notumor/Tr-no_497.jpg,Testing,Training,notumor,notumor,0,0,True,False
Testing/notumor/Te-no_296.jpg,Training/notumor/Tr-no_1299.jpg,Testing,Training,notumor,notumor,0,0,True,False
Testing/notumor/Te-no_298.jpg,Training/notumor/Tr-no_1017.jpg,Testing,Training,notumor,notumor,0,0,True,False
Testing/notumor/Te-no_298.jpg,Training/notumor/Tr-no_1296.jpg,Testing,Training,notumor,notumor,0,0,True,False
Testing/notumor/Te-no_299.jpg,Training/notumor/Tr-no_1316.jpg,Testing,Training,notumor,notumor,0,0,True,False
Testing/notumor/Te-no_299.jpg,Training/notumor/Tr-no_460.jpg,Testing,Training,notumor,notumor,0,0,True,False
Testing/notumor/Te-no_299.jpg,Training/notumor/Tr-no_867.jpg,Testing,Training,notumor,notumor,0,0,True,False
Testing/notumor/Te-no_299.jpg,Training/notumor/Tr-no_984.jpg,Testing,Training,notumor,notumor,0,0,True,False
Testing/notumor/Te-no_299.jpg,Training/notumor/Tr-no_701.jpg,Testing,Training,notumor,notumor,0,0,True,False
Testing/notumor/Te-no_299.jpg,Training/notumor/Tr-no_1389.jpg,Testing,Training,notumor,notumor,0,0,True,False
Testing/notumor/Te-no_299.jpg,Training/notumor/Tr-no_475.jpg,Testing,Training,notumor,notumor,0,0,True,False
Testing/notumor/Te-no_299.jpg,Training/notumor/Tr-no_364.jpg,Testing,Training,notumor,notumor,0,0,True,False
Testing/notumor/Te-no_299.jpg,Training/notumor/Tr-no_845.jpg,Testing,Training,notumor,notumor,0,0,True,False
Testing/notumor/Te-no_3.jpg,Training/notumor/Tr-no_618.jpg,Testing,Training,notumor,notumor,0,0,True,False
Testing/notumor/Te-no_3.jpg,Training/notumor/Tr-no_13.jpg,Testing,Training,notumor,notumor,0,0,True,False
Testing/notumor/Te-no_3.jpg,Training/notumor/Tr-no_974.jpg,Testing,Training,notumor,notumor,0,0,True,False
Testing/notumor/Te-no_3.jpg,Training/notumor/Tr-no_861.jpg,Testing,Training,notumor,notumor,0,0,True,False
Testing/notumor/Te-no_3.jpg,Training/notumor/Tr-no_465.jpg,Testing,Training,notumor,notumor,0,0,True,False
Testing/notumor/Te-no_3.jpg,Training/notumor/Tr-no_1099.jpg,Testing,Training,notumor,notumor,0,0,True,False
Testing/notumor/Te-no_3.jpg,Training/notumor/Tr-no_245.jpg,Testing,Training,notumor,notumor,0,0,True,False
Testing/notumor/Te-no_3.jpg,Training/notumor/Tr-no_937.jpg,Testing,Training,notumor,notumor,0,0,True,False
Testing/notumor/Te-no_3.jpg,Training/notumor/Tr-no_826.jpg,Testing,Training,notumor,notumor,0,0,True,False
Testing/notumor/Te-no_3.jpg,Training/notumor/Tr-no_1057.jpg,Testing,Training,notumor,notumor,0,0,True,False
Testing/notumor/Te-no_30.jpg,Training/notumor/Tr-no_148.jpg,Testing,Training,notumor,notumor,0,0,True,False
Testing/notumor/Te-no_30.jpg,Training/notumor/Tr-no_1279.jpg,Testing,Training,notumor,notumor,0,0,True,False
Testing/notumor/Te-no_30.jpg,Training/notumor/Tr-no_397.jpg,Testing,Training,notumor,notumor,0,0,True,False
Testing/notumor/Te-no_300.jpg,Training/notumor/Tr-no_742.jpg,Testing,Training,notumor,notumor,0,0,True,False
Testing/notumor/Te-no_300.jpg,Training/notumor/Tr-no_517.jpg,Testing,Training,notumor,notumor,0,0,True,False
Testing/notumor/Te-no_300.jpg,Training/notumor/Tr-no_293.jpg,Testing,Training,notumor,notumor,0,2,True,False
Testing/notumor/Te-no_300.jpg,Training/notumor/Tr-no_762.jpg,Testing,Training,notumor,notumor,0,1,True,False
Testing/notumor/Te-no_300.jpg,Training/notumor/Tr-no_885.jpg,Testing,Training,notumor,notumor,0,2,True,False
Testing/notumor/Te-no_300.jpg,Training/notumor/Tr-no_311.jpg,Testing,Training,notumor,notumor,0,0,True,False
Testing/notumor/Te-no_300.jpg,Training/notumor/Tr-no_1123.jpg,Testing,Training,notumor,notumor,0,0,True,False
Testing/notumor/Te-no_300.jpg,Training/notumor/Tr-no_324.jpg,Testing,Training,notumor,notumor,0,0,True,False
Testing/notumor/Te-no_300.jpg,Training/notumor/Tr-no_903.jpg,Testing,Training,notumor,notumor,0,2,True,False
Testing/notumor/Te-no_300.jpg,Training/notumor/Tr-no_570.jpg,Testing,Training,notumor,notumor,0,0,True,False
Testing/notumor/Te-no_300.jpg,Training/notumor/Tr-no_1372.jpg,Testing,Training,notumor,notumor,0,2,True,False
Testing/notumor/Te-no_300.jpg,Training/notumor/Tr-no_703.jpg,Testing,Training,notumor,notumor,0,2,True,False
Testing/notumor/Te-no_300.jpg,Training/notumor/Tr-no_827.jpg,Testing,Training,notumor,notumor,0,2,True,False
Testing/notumor/Te-no_300.jpg,Training/notumor/Tr-no_60.jpg,Testing,Training,notumor,notumor,0,2,True,False
Testing/notumor/Te-no_300.jpg,Training/notumor/Tr-no_259.jpg,Testing,Training,notumor,notumor,0,0,True,False
Testing/notumor/Te-no_300.jpg,Training/notumor/Tr-no_149.jpg,Testing,Training,notumor,notumor,0,0,True,False
Testing/notumor/Te-no_300.jpg,Training/notumor/Tr-no_1064.jpg,Testing,Training,notumor,notumor,0,2,True,False
Testing/notumor/Te-no_301.jpg,Training/notumor/Tr-no_618.jpg,Testing,Training,notumor,notumor,0,0,True,False
Testing/notumor/Te-no_301.jpg,Training/notumor/Tr-no_974.jpg,Testing,Training,notumor,notumor,0,0,True,False
Testing/notumor/Te-no_301.jpg,Training/notumor/Tr-no_861.jpg,Testing,Training,notumor,notumor,0,0,True,False
Testing/notumor/Te-no_301.jpg,Training/notumor/Tr-no_465.jpg,Testing,Training,notumor,notumor,0,0,True,False
Testing/notumor/Te-no_301.jpg,Training/notumor/Tr-no_1099.jpg,Testing,Training,notumor,notumor,0,0,True,False
Testing/notumor/Te-no_301.jpg,Training/notumor/Tr-no_937.jpg,Testing,Training,notumor,notumor,0,0,True,False
Testing/notumor/Te-no_301.jpg,Training/notumor/Tr-no_245.jpg,Testing,Training,notumor,notumor,0,0,True,False
Testing/notumor/Te-no_301.jpg,Training/notumor/Tr-no_826.jpg,Testing,Training,notumor,notumor,0,0,True,False
Testing/notumor/Te-no_301.jpg,Training/notumor/Tr-no_1057.jpg,Testing,Training,notumor,notumor,0,0,True,False
Testing/notumor/Te-no_301.jpg,Training/notumor/Tr-no_13.jpg,Testing,Training,notumor,notumor,0,0,True,False
Testing/notumor/Te-no_302.jpg,Training/notumor/Tr-no_742.jpg,Testing,Training,notumor,notumor,0,2,True,False
Testing/notumor/Te-no_302.jpg,Training/notumor/Tr-no_517.jpg,Testing,Training,notumor,notumor,0,2,True,False
Testing/notumor/Te-no_302.jpg,Training/notumor/Tr-no_293.jpg,Testing,Training,notumor,notumor,0,0,True,False
Testing/notumor/Te-no_302.jpg,Training/notumor/Tr-no_762.jpg,Testing,Training,notumor,notumor,0,0,True,False
Testing/notumor/Te-no_302.jpg,Training/notumor/Tr-no_885.jpg,Testing,Training,notumor,notumor,0,0,True,False
Testing/notumor/Te-no_302.jpg,Training/notumor/Tr-no_311.jpg,Testing,Training,notumor,notumor,0,2,True,False
Testing/notumor/Te-no_302.jpg,Training/notumor/Tr-no_324.jpg,Testing,Training,notumor,notumor,0,2,True,False
Testing/notumor/Te-no_302.jpg,Training/notumor/Tr-no_1123.jpg,Testing,Training,notumor,notumor,0,2,True,False
Testing/notumor/Te-no_302.jpg,Training/notumor/Tr-no_903.jpg,Testing,Training,notumor,notumor,0,0,True,False
Testing/notumor/Te-no_302.jpg,Training/notumor/Tr-no_570.jpg,Testing,Training,notumor,notumor,0,2,True,False
Testing/notumor/Te-no_302.jpg,Training/notumor/Tr-no_1372.jpg,Testing,Training,notumor,notumor,0,0,True,False
Testing/notumor/Te-no_302.jpg,Training/notumor/Tr-no_703.jpg,Testing,Training,notumor,notumor,0,0,True,False
Testing/notumor/Te-no_302.jpg,Training/notumor/Tr-no_827.jpg,Testing,Training,notumor,notumor,0,0,True,False
Testing/notumor/Te-no_302.jpg,Training/notumor/Tr-no_60.jpg,Testing,Training,notumor,notumor,0,0,True,False
Testing/notumor/Te-no_302.jpg,Training/notumor/Tr-no_259.jpg,Testing,Training,notumor,notumor,0,2,True,False
Testing/notumor/Te-no_302.jpg,Training/notumor/Tr-no_149.jpg,Testing,Training,notumor,notumor,0,1,True,False
Testing/notumor/Te-no_302.jpg,Training/notumor/Tr-no_1064.jpg,Testing,Training,notumor,notumor,0,0,True,False
Testing/notumor/Te-no_303.jpg,Training/notumor/Tr-no_852.jpg,Testing,Training,notumor,notumor,0,0,True,False
Testing/notumor/Te-no_303.jpg,Training/notumor/Tr-no_1195.jpg,Testing,Training,notumor,notumor,2,0,True,False
Testing/notumor/Te-no_303.jpg,Training/notumor/Tr-no_628.jpg,Testing,Training,notumor,notumor,2,0,True,False
Testing/notumor/Te-no_303.jpg,Training/notumor/Tr-no_182.jpg,Testing,Training,notumor,notumor,0,0,True,False
Testing/notumor/Te-no_303.jpg,Training/notumor/Tr-no_19.jpg,Testing,Training,notumor,notumor,0,0,True,False
Testing/notumor/Te-no_303.jpg,Training/notumor/Tr-no_651.jpg,Testing,Training,notumor,notumor,0,0,True,False
Testing/notumor/Te-no_303.jpg,Training/notumor/Tr-no_425.jpg,Testing,Training,notumor,notumor,2,0,True,False
Testing/notumor/Te-no_303.jpg,Training/notumor/Tr-no_892.jpg,Testing,Training,notumor,notumor,2,0,True,False
Testing/notumor/Te-no_303.jpg,Training/notumor/Tr-no_1230.jpg,Testing,Training,notumor,notumor,2,0,True,False
Testing/notumor/Te-no_303.jpg,Training/notumor/Tr-no_1232.jpg,Testing,Training,notumor,notumor,2,0,True,False
Testing/notumor/Te-no_303.jpg,Training/notumor/Tr-no_447.jpg,Testing,Training,notumor,notumor,0,0,True,False
Testing/notumor/Te-no_303.jpg,Training/notumor/Tr-no_469.jpg,Testing,Training,notumor,notumor,2,0,True,False
Testing/notumor/Te-no_303.jpg,Training/notumor/Tr-no_24.jpg,Testing,Training,notumor,notumor,2,0,True,False
Testing/notumor/Te-no_303.jpg,Training/notumor/Tr-no_470.jpg,Testing,Training,notumor,notumor,2,0,True,False
Testing/notumor/Te-no_303.jpg,Training/notumor/Tr-no_704.jpg,Testing,Training,notumor,notumor,0,0,True,False
Testing/notumor/Te-no_303.jpg,Training/notumor/Tr-no_1282.jpg,Testing,Training,notumor,notumor,2,0,True,False
Testing/notumor/Te-no_303.jpg,Training/notumor/Tr-no_716.jpg,Testing,Training,notumor,notumor,0,0,True,False
Testing/notumor/Te-no_303.jpg,Training/notumor/Tr-no_720.jpg,Testing,Training,notumor,notumor,0,0,True,False
Testing/notumor/Te-no_303.jpg,Training/notumor/Tr-no_499.jpg,Testing,Training,notumor,notumor,0,0,True,False
Testing/notumor/Te-no_303.jpg,Training/notumor/Tr-no_734.jpg,Testing,Training,notumor,notumor,0,0,True,False
Testing/notumor/Te-no_303.jpg,Training/notumor/Tr-no_740.jpg,Testing,Training,notumor,notumor,2,0,True,False
Testing/notumor/Te-no_303.jpg,Training/notumor/Tr-no_1084.jpg,Testing,Training,notumor,notumor,0,0,True,False
Testing/notumor/Te-no_303.jpg,Training/notumor/Tr-no_986.jpg,Testing,Training,notumor,notumor,0,0,True,False
Testing/notumor/Te-no_303.jpg,Training/notumor/Tr-no_11.jpg,Testing,Training,notumor,notumor,0,0,True,False
Testing/notumor/Te-no_303.jpg,Training/notumor/Tr-no_994.jpg,Testing,Training,notumor,notumor,0,0,True,False
Testing/notumor/Te-no_303.jpg,Training/notumor/Tr-no_1338.jpg,Testing,Training,notumor,notumor,2,0,True,False
Testing/notumor/Te-no_303.jpg,Training/notumor/Tr-no_771.jpg,Testing,Training,notumor,notumor,0,0,True,False
Testing/notumor/Te-no_303.jpg,Training/notumor/Tr-no_772.jpg,Testing,Training,notumor,notumor,2,0,True,False
Testing/notumor/Te-no_303.jpg,Training/notumor/Tr-no_1356.jpg,Testing,Training,notumor,notumor,0,0,True,False
Testing/notumor/Te-no_303.jpg,Training/notumor/Tr-no_1355.jpg,Testing,Training,notumor,notumor,2,0,True,False
Testing/notumor/Te-no_303.jpg,Training/notumor/Tr-no_558.jpg,Testing,Training,notumor,notumor,2,0,True,False
Testing/notumor/Te-no_303.jpg,Training/notumor/Tr-no_334.jpg,Testing,Training,notumor,notumor,0,0,True,False
Testing/notumor/Te-no_303.jpg,Training/notumor/Tr-no_145.jpg,Testing,Training,notumor,notumor,2,0,True,False
Testing/notumor/Te-no_303.jpg,Training/notumor/Tr-no_839.jpg,Testing,Training,notumor,notumor,0,0,True,False
Testing/notumor/Te-no_304.jpg,Training/notumor/Tr-no_742.jpg,Testing,Training,notumor,notumor,0,1,True,False
Testing/notumor/Te-no_304.jpg,Training/notumor/Tr-no_517.jpg,Testing,Training,notumor,notumor,0,1,True,False
Testing/notumor/Te-no_304.jpg,Training/notumor/Tr-no_293.jpg,Testing,Training,notumor,notumor,0,0,True,False
Testing/notumor/Te-no_304.jpg,Training/notumor/Tr-no_762.jpg,Testing,Training,notumor,notumor,0,0,True,False
Testing/notumor/Te-no_304.jpg,Training/notumor/Tr-no_885.jpg,Testing,Training,notumor,notumor,0,0,True,False
Testing/notumor/Te-no_304.jpg,Training/notumor/Tr-no_311.jpg,Testing,Training,notumor,notumor,0,1,True,False
Testing/notumor/Te-no_304.jpg,Training/notumor/Tr-no_1123.jpg,Testing,Training,notumor,notumor,0,1,True,False
Testing/notumor/Te-no_304.jpg,Training/notumor/Tr-no_324.jpg,Testing,Training,notumor,notumor,0,1,True,False
Testing/notumor/Te-no_304.jpg,Training/notumor/Tr-no_903.jpg,Testing,Training,notumor,notumor,0,0,True,False
Testing/notumor/Te-no_304.jpg,Training/notumor/Tr-no_570.jpg,Testing,Training,notumor,notumor,0,2,True,False
Testing/notumor/Te-no_304.jpg,Training/notumor/Tr-no_1372.jpg,Testing,Training,notumor,notumor,0,0,True,False
Testing/notumor/Te-no_304.jpg,Training/notumor/Tr-no_703.jpg,Testing,Training,notumor,notumor,0,0,True,False
Testing/notumor/Te-no_304.jpg,Training/notumor/Tr-no_827.jpg,Testing,Training,notumor,notumor,0,0,True,False
Testing/notumor/Te-no_304.jpg,Training/notumor/Tr-no_60.jpg,Testing,Training,notumor,notumor,0,0,True,False
Testing/notumor/Te-no_304.jpg,Training/notumor/Tr-no_259.jpg,Testing,Training,notumor,notumor,0,1,True,False
Testing/notumor/Te-no_304.jpg,Training/notumor/Tr-no_149.jpg,Testing,Training,notumor,notumor,0,1,True,False
Testing/notumor/Te-no_304.jpg,Training/notumor/Tr-no_1064.jpg,Testing,Training,notumor,notumor,0,0,True,False
Testing/notumor/Te-no_305.jpg,Training/notumor/Tr-no_220.jpg,Testing,Training,notumor,notumor,0,0,True,False
Testing/notumor/Te-no_305.jpg,Training/notumor/Tr-no_631.jpg,Testing,Training,notumor,notumor,0,3,True,False
Testing/notumor/Te-no_305.jpg,Training/notumor/Tr-no_401.jpg,Testing,Training,notumor,notumor,0,0,True,False
Testing/notumor/Te-no_305.jpg,Training/notumor/Tr-no_926.jpg,Testing,Training,notumor,notumor,0,2,True,False
Testing/notumor/Te-no_305.jpg,Training/notumor/Tr-no_309.jpg,Testing,Training,notumor,notumor,0,0,True,False
Testing/notumor/Te-no_305.jpg,Training/notumor/Tr-no_890.jpg,Testing,Training,notumor,notumor,0,0,True,False
Testing/notumor/Te-no_305.jpg,Training/notumor/Tr-no_666.jpg,Testing,Training,notumor,notumor,0,0,True,False
Testing/notumor/Te-no_305.jpg,Training/notumor/Tr-no_1010.jpg,Testing,Training,notumor,notumor,0,0,True,False
Testing/notumor/Te-no_306.jpg,Training/notumor/Tr-no_621.jpg,Testing,Training,notumor,notumor,0,0,True,False
Testing/notumor/Te-no_306.jpg,Training/notumor/Tr-no_1136.jpg,Testing,Training,notumor,notumor,0,0,True,False
Testing/notumor/Te-no_306.jpg,Training/notumor/Tr-no_480.jpg,Testing,Training,notumor,notumor,0,0,True,False
Testing/notumor/Te-no_306.jpg,Training/notumor/Tr-no_835.jpg,Testing,Training,notumor,notumor,0,0,True,False
Testing/notumor/Te-no_306.jpg,Training/notumor/Tr-no_548.jpg,Testing,Training,notumor,notumor,4,0,True,False
Testing/notumor/Te-no_307.jpg,Training/notumor/Tr-no_158.jpg,Testing,Training,notumor,notumor,0,0,True,False
Testing/notumor/Te-no_307.jpg,Training/notumor/Tr-no_39.jpg,Testing,Training,notumor,notumor,0,0,True,False
Testing/notumor/Te-no_307.jpg,Training/notumor/Tr-no_160.jpg,Testing,Training,notumor,notumor,0,0,True,False
Testing/notumor/Te-no_307.jpg,Training/notumor/Tr-no_278.jpg,Testing,Training,notumor,notumor,0,0,True,False
Testing/notumor/Te-no_307.jpg,Training/notumor/Tr-no_291.jpg,Testing,Training,notumor,notumor,0,0,True,False
Testing/notumor/Te-no_307.jpg,Training/notumor/Tr-no_755.jpg,Testing,Training,notumor,notumor,0,0,True,False
Testing/notumor/Te-no_307.jpg,Training/notumor/Tr-no_64.jpg,Testing,Training,notumor,notumor,0,0,True,False
Testing/notumor/Te-no_307.jpg,Training/notumor/Tr-no_655.jpg,Testing,Training,notumor,notumor,0,0,True,False
Testing/notumor/Te-no_307.jpg,Training/notumor/Tr-no_435.jpg,Testing,Training,notumor,notumor,0,0,True,False
Testing/notumor/Te-no_307.jpg,Training/notumor/Tr-no_788.jpg,Testing,Training,notumor,notumor,0,0,True,False
Testing/notumor/Te-no_307.jpg,Training/notumor/Tr-no_231.jpg,Testing,Training,notumor,notumor,0,1,True,False
Testing/notumor/Te-no_307.jpg,Training/notumor/Tr-no_359.jpg,Testing,Training,notumor,notumor,0,1,True,False
Testing/notumor/Te-no_307.jpg,Training/notumor/Tr-no_83.jpg,Testing,Training,notumor,notumor,0,0,True,False
Testing/notumor/Te-no_307.jpg,Training/notumor/Tr-no_370.jpg,Testing,Training,notumor,notumor,0,0,True,False
Testing/notumor/Te-no_307.jpg,Training/notumor/Tr-no_614.jpg,Testing,Training,notumor,notumor,0,0,True,False
Testing/notumor/Te-no_308.jpg,Training/notumor/Tr-no_618.jpg,Testing,Training,notumor,notumor,0,0,True,False
Testing/notumor/Te-no_308.jpg,Training/notumor/Tr-no_974.jpg,Testing,Training,notumor,notumor,0,0,True,False
Testing/notumor/Te-no_308.jpg,Training/notumor/Tr-no_861.jpg,Testing,Training,notumor,notumor,0,0,True,False
Testing/notumor/Te-no_308.jpg,Training/notumor/Tr-no_465.jpg,Testing,Training,notumor,notumor,0,0,True,False
Testing/notumor/Te-no_308.jpg,Training/notumor/Tr-no_1099.jpg,Testing,Training,notumor,notumor,0,0,True,False
Testing/notumor/Te-no_308.jpg,Training/notumor/Tr-no_937.jpg,Testing,Training,notumor,notumor,0,0,True,False
Testing/notumor/Te-no_308.jpg,Training/notumor/Tr-no_245.jpg,Testing,Training,notumor,notumor,0,0,True,False
Testing/notumor/Te-no_308.jpg,Training/notumor/Tr-no_826.jpg,Testing,Training,notumor,notumor,0,0,True,False
Testing/notumor/Te-no_308.jpg,Training/notumor/Tr-no_1057.jpg,Testing,Training,notumor,notumor,0,0,True,False
Testing/notumor/Te-no_308.jpg,Training/notumor/Tr-no_13.jpg,Testing,Training,notumor,notumor,0,0,True,False
Testing/notumor/Te-no_309.jpg,Training/notumor/Tr-no_1190.jpg,Testing,Training,notumor,notumor,0,0,True,False
Testing/notumor/Te-no_309.jpg,Training/notumor/Tr-no_511.jpg,Testing,Training,notumor,notumor,0,0,True,False
Testing/notumor/Te-no_309.jpg,Training/notumor/Tr-no_172.jpg,Testing,Training,notumor,notumor,0,0,True,False
Testing/notumor/Te-no_309.jpg,Training/notumor/Tr-no_765.jpg,Testing,Training,notumor,notumor,0,0,True,False
Testing/notumor/Te-no_309.jpg,Training/notumor/Tr-no_304.jpg,Testing,Training,notumor,notumor,0,0,True,False
Testing/notumor/Te-no_309.jpg,Training/notumor/Tr-no_547.jpg,Testing,Training,notumor,notumor,0,0,True,False
Testing/notumor/Te-no_309.jpg,Training/notumor/Tr-no_204.jpg,Testing,Training,notumor,notumor,0,0,True,False
Testing/notumor/Te-no_309.jpg,Training/notumor/Tr-no_668.jpg,Testing,Training,notumor,notumor,0,0,True,False
Testing/notumor/Te-no_309.jpg,Training/notumor/Tr-no_44.jpg,Testing,Training,notumor,notumor,0,0,True,False
Testing/notumor/Te-no_309.jpg,Training/notumor/Tr-no_326.jpg,Testing,Training,notumor,notumor,0,0,True,False
Testing/notumor/Te-no_309.jpg,Training/notumor/Tr-no_916.jpg,Testing,Training,notumor,notumor,0,0,True,False
Testing/notumor/Te-no_309.jpg,Training/notumor/Tr-no_689.jpg,Testing,Training,notumor,notumor,0,0,True,False
Testing/notumor/Te-no_309.jpg,Training/notumor/Tr-no_696.jpg,Testing,Training,notumor,notumor,0,0,True,False
Testing/notumor/Te-no_309.jpg,Training/notumor/Tr-no_587.jpg,Testing,Training,notumor,notumor,0,0,True,False
Testing/notumor/Te-no_309.jpg,Training/notumor/Tr-no_243.jpg,Testing,Training,notumor,notumor,0,0,True,False
Testing/notumor/Te-no_309.jpg,Training/notumor/Tr-no_718.jpg,Testing,Training,notumor,notumor,0,0,True,False
Testing/notumor/Te-no_309.jpg,Training/notumor/Tr-no_847.jpg,Testing,Training,notumor,notumor,0,0,True,False
Testing/notumor/Te-no_31.jpg,Training/notumor/Tr-no_1075.jpg,Testing,Training,notumor,notumor,0,0,True,False
Testing/notumor/Te-no_31.jpg,Training/notumor/Tr-no_338.jpg,Testing,Training,notumor,notumor,0,0,True,False
Testing/notumor/Te-no_31.jpg,Training/notumor/Tr-no_137.jpg,Testing,Training,notumor,notumor,0,0,True,False
Testing/notumor/Te-no_31.jpg,Training/notumor/Tr-no_1026.jpg,Testing,Training,notumor,notumor,0,0,True,False
Testing/notumor/Te-no_31.jpg,Training/notumor/Tr-no_1266.jpg,Testing,Training,notumor,notumor,0,1,True,False
Testing/notumor/Te-no_31.jpg,Training/notumor/Tr-no_875.jpg,Testing,Training,notumor,notumor,0,0,True,False
Testing/notumor/Te-no_31.jpg,Training/notumor/Tr-no_1330.jpg,Testing,Training,notumor,notumor,0,0,True,False
Testing/notumor/Te-no_31.jpg,Training/notumor/Tr-no_825.jpg,Testing,Training,notumor,notumor,0,0,True,False
Testing/notumor/Te-no_310.jpg,Training/notumor/Tr-no_1243.jpg,Testing,Training,notumor,notumor,0,0,True,False
Testing/notumor/Te-no_310.jpg,Training/notumor/Tr-no_85.jpg,Testing,Training,notumor,notumor,0,1,True,False
Testing/notumor/Te-no_310.jpg,Training/notumor/Tr-no_277.jpg,Testing,Training,notumor,notumor,0,0,True,False
Testing/notumor/Te-no_310.jpg,Training/notumor/Tr-no_1049.jpg,Testing,Training,notumor,notumor,0,0,True,False
Testing/notumor/Te-no_310.jpg,Training/notumor/Tr-no_51.jpg,Testing,Training,notumor,notumor,0,0,True,False
Testing/notumor/Te-no_310.jpg,Training/notumor/Tr-no_633.jpg,Testing,Training,notumor,notumor,0,0,True,False
Testing/notumor/Te-no_310.jpg,Training/notumor/Tr-no_641.jpg,Testing,Training,notumor,notumor,0,0,True,False
Testing/notumor/Te-no_311.jpg,Training/notumor/Tr-no_114.jpg,Testing,Training,notumor,notumor,0,0,True,False
Testing/notumor/Te-no_311.jpg,Training/notumor/Tr-no_313.jpg,Testing,Training,notumor,notumor,0,0,True,False
Testing/notumor/Te-no_311.jpg,Training/notumor/Tr-no_991.jpg,Testing,Training,notumor,notumor,0,0,True,False
Testing/notumor/Te-no_311.jpg,Training/notumor/Tr-no_491.jpg,Testing,Training,notumor,notumor,0,0,True,False
Testing/notumor/Te-no_311.jpg,Training/notumor/Tr-no_615.jpg,Testing,Training,notumor,notumor,0,0,True,False
Testing/notumor/Te-no_311.jpg,Training/notumor/Tr-no_1185.jpg,Testing,Training,notumor,notumor,0,0,True,False
Testing/notumor/Te-no_312.jpg,Training/notumor/Tr-no_1316.jpg,Testing,Training,notumor,notumor,0,0,True,False
Testing/notumor/Te-no_312.jpg,Training/notumor/Tr-no_460.jpg,Testing,Training,notumor,notumor,0,0,True,False
Testing/notumor/Te-no_312.jpg,Training/notumor/Tr-no_867.jpg,Testing,Training,notumor,notumor,0,0,True,False
Testing/notumor/Te-no_312.jpg,Training/notumor/Tr-no_984.jpg,Testing,Training,notumor,notumor,0,0,True,False
Testing/notumor/Te-no_312.jpg,Training/notumor/Tr-no_701.jpg,Testing,Training,notumor,notumor,0,0,True,False
Testing/notumor/Te-no_312.jpg,Training/notumor/Tr-no_1389.jpg,Testing,Training,notumor,notumor,0,0,True,False
Testing/notumor/Te-no_312.jpg,Training/notumor/Tr-no_475.jpg,Testing,Training,notumor,notumor,0,0,True,False
Testing/notumor/Te-no_312.jpg,Training/notumor/Tr-no_364.jpg,Testing,Training,notumor,notumor,0,0,True,False
Testing/notumor/Te-no_312.jpg,Training/notumor/Tr-no_845.jpg,Testing,Training,notumor,notumor,0,0,True,False
Testing/notumor/Te-no_313.jpg,Training/notumor/Tr-no_238.jpg,Testing,Training,notumor,notumor,2,0,True,False
Testing/notumor/Te-no_313.jpg,Training/notumor/Tr-no_532.jpg,Testing,Training,notumor,notumor,0,0,True,False
Testing/notumor/Te-no_313.jpg,Training/notumor/Tr-no_366.jpg,Testing,Training,notumor,notumor,0,0,True,False
Testing/notumor/Te-no_313.jpg,Training/notumor/Tr-no_489.jpg,Testing,Training,notumor,notumor,0,0,True,False
Testing/notumor/Te-no_314.jpg,Training/notumor/Tr-no_220.jpg,Testing,Training,notumor,notumor,0,0,True,False
Testing/notumor/Te-no_314.jpg,Training/notumor/Tr-no_631.jpg,Testing,Training,notumor,notumor,0,3,True,False
Testing/notumor/Te-no_314.jpg,Training/notumor/Tr-no_401.jpg,Testing,Training,notumor,notumor,0,0,True,False
Testing/notumor/Te-no_314.jpg,Training/notumor/Tr-no_926.jpg,Testing,Training,notumor,notumor,0,2,True,False
Testing/notumor/Te-no_314.jpg,Training/notumor/Tr-no_309.jpg,Testing,Training,notumor,notumor,0,0,True,False
Testing/notumor/Te-no_314.jpg,Training/notumor/Tr-no_890.jpg,Testing,Training,notumor,notumor,0,0,True,False
Testing/notumor/Te-no_314.jpg,Training/notumor/Tr-no_666.jpg,Testing,Training,notumor,notumor,0,0,True,False
Testing/notumor/Te-no_314.jpg,Training/notumor/Tr-no_1010.jpg,Testing,Training,notumor,notumor,0,0,True,False
Testing/notumor/Te-no_315.jpg,Training/notumor/Tr-no_760.jpg,Testing,Training,notumor,notumor,0,0,True,False
Testing/notumor/Te-no_316.jpg,Training/notumor/Tr-no_1013.jpg,Testing,Training,notumor,notumor,0,1,True,False
Testing/notumor/Te-no_316.jpg,Training/notumor/Tr-no_679.jpg,Testing,Training,notumor,notumor,0,0,True,False
Testing/notumor/Te-no_316.jpg,Training/notumor/Tr-no_226.jpg,Testing,Training,notumor,notumor,0,0,True,False
Testing/notumor/Te-no_316.jpg,Training/notumor/Tr-no_1314.jpg,Testing,Training,notumor,notumor,0,0,True,False
Testing/notumor/Te-no_316.jpg,Training/notumor/Tr-no_343.jpg,Testing,Training,notumor,notumor,0,0,True,False
Testing/notumor/Te-no_316.jpg,Training/notumor/Tr-no_572.jpg,Testing,Training,notumor,notumor,0,0,True,False
Testing/notumor/Te-no_316.jpg,Training/notumor/Tr-no_921.jpg,Testing,Training,notumor,notumor,0,0,True,False
Testing/notumor/Te-no_316.jpg,Training/notumor/Tr-no_414.jpg,Testing,Training,notumor,notumor,0,0,True,False
Testing/notumor/Te-no_316.jpg,Training/notumor/Tr-no_1168.jpg,Testing,Training,notumor,notumor,0,0,True,False
Testing/notumor/Te-no_316.jpg,Training/notumor/Tr-no_49.jpg,Testing,Training,notumor,notumor,0,0,True,False
Testing/notumor/Te-no_316.jpg,Training/notumor/Tr-no_318.jpg,Testing,Training,notumor,notumor,0,0,True,False
Testing/notumor/Te-no_316.jpg,Training/notumor/Tr-no_1120.jpg,Testing,Training,notumor,notumor,0,0,True,False
Testing/notumor/Te-no_317.jpg,Training/notumor/Tr-no_564.jpg,Testing,Training,notumor,notumor,0,0,True,False
Testing/notumor/Te-no_317.jpg,Training/notumor/Tr-no_68.jpg,Testing,Training,notumor,notumor,0,0,True,False
Testing/notumor/Te-no_317.jpg,Training/notumor/Tr-no_4.jpg,Testing,Training,notumor,notumor,2,0,True,False
Testing/notumor/Te-no_317.jpg,Training/notumor/Tr-no_807.jpg,Testing,Training,notumor,notumor,2,0,True,False
Testing/notumor/Te-no_317.jpg,Training/notumor/Tr-no_694.jpg,Testing,Training,notumor,notumor,0,0,True,False
Testing/notumor/Te-no_317.jpg,Training/notumor/Tr-no_878.jpg,Testing,Training,notumor,notumor,0,0,True,False
Testing/notumor/Te-no_317.jpg,Training/notumor/Tr-no_1167.jpg,Testing,Training,notumor,notumor,0,0,True,False
Testing/notumor/Te-no_317.jpg,Training/notumor/Tr-no_368.jpg,Testing,Training,notumor,notumor,0,0,True,False
Testing/notumor/Te-no_317.jpg,Training/notumor/Tr-no_252.jpg,Testing,Training,notumor,notumor,2,0,True,False
Testing/notumor/Te-no_317.jpg,Training/notumor/Tr-no_1182.jpg,Testing,Training,notumor,notumor,2,0,True,False
Testing/notumor/Te-no_317.jpg,Training/notumor/Tr-no_1126.jpg,Testing,Training,notumor,notumor,0,0,True,False
Testing/notumor/Te-no_318.jpg,Training/notumor/Tr-no_1081.jpg,Testing,Training,notumor,notumor,0,0,True,False
Testing/notumor/Te-no_318.jpg,Training/notumor/Tr-no_528.jpg,Testing,Training,notumor,notumor,0,0,True,False
Testing/notumor/Te-no_318.jpg,Training/notumor/Tr-no_1328.jpg,Testing,Training,notumor,notumor,0,0,True,False
Testing/notumor/Te-no_318.jpg,Training/notumor/Tr-no_645.jpg,Testing,Training,notumor,notumor,0,0,True,False
Testing/notumor/Te-no_318.jpg,Training/notumor/Tr-no_1112.jpg,Testing,Training,notumor,notumor,0,0,True,False
Testing/notumor/Te-no_318.jpg,Training/notumor/Tr-no_1113.jpg,Testing,Training,notumor,notumor,0,0,True,False
Testing/notumor/Te-no_318.jpg,Training/notumor/Tr-no_200.jpg,Testing,Training,notumor,notumor,0,0,True,False
Testing/notumor/Te-no_318.jpg,Training/notumor/Tr-no_778.jpg,Testing,Training,notumor,notumor,0,0,True,False
Testing/notumor/Te-no_318.jpg,Training/notumor/Tr-no_437.jpg,Testing,Training,notumor,notumor,0,0,True,False
Testing/notumor/Te-no_318.jpg,Training/notumor/Tr-no_554.jpg,Testing,Training,notumor,notumor,0,0,True,False
Testing/notumor/Te-no_318.jpg,Training/notumor/Tr-no_791.jpg,Testing,Training,notumor,notumor,0,0,True,False
Testing/notumor/Te-no_318.jpg,Training/notumor/Tr-no_1246.jpg,Testing,Training,notumor,notumor,0,0,True,False
Testing/notumor/Te-no_318.jpg,Training/notumor/Tr-no_1259.jpg,Testing,Training,notumor,notumor,0,0,True,False
Testing/notumor/Te-no_318.jpg,Training/notumor/Tr-no_928.jpg,Testing,Training,notumor,notumor,0,0,True,False
Testing/notumor/Te-no_318.jpg,Training/notumor/Tr-no_473.jpg,Testing,Training,notumor,notumor,0,0,True,False
Testing/notumor/Te-no_319.jpg,Training/notumor/Tr-no_1017.jpg,Testing,Training,notumor,notumor,0,0,True,False
Testing/notumor/Te-no_319.jpg,Training/notumor/Tr-no_1296.jpg,Testing,Training,notumor,notumor,0,0,True,False
Testing/notumor/Te-no_32.jpg,Training/notumor/Tr-no_390.jpg,Testing,Training,notumor,notumor,0,0,True,False
Testing/notumor/Te-no_32.jpg,Training/notumor/Tr-no_186.jpg,Testing,Training,notumor,notumor,0,0,True,False
Testing/notumor/Te-no_32.jpg,Training/notumor/Tr-no_549.jpg,Testing,Training,notumor,notumor,0,0,True,False
Testing/notumor/Te-no_32.jpg,Training/notumor/Tr-no_722.jpg,Testing,Training,notumor,notumor,0,0,True,False
Testing/notumor/Te-no_32.jpg,Training/notumor/Tr-no_838.jpg,Testing,Training,notumor,notumor,0,0,True,False
Testing/notumor/Te-no_32.jpg,Training/notumor/Tr-no_731.jpg,Testing,Training,notumor,notumor,0,0,True,False
Testing/notumor/Te-no_320.jpg,Training/notumor/Tr-no_1189.jpg,Testing,Training,notumor,notumor,0,1,True,False
Testing/notumor/Te-no_320.jpg,Training/notumor/Tr-no_69.jpg,Testing,Training,notumor,notumor,0,0,True,False
Testing/notumor/Te-no_320.jpg,Training/notumor/Tr-no_1204.jpg,Testing,Training,notumor,notumor,0,0,True,False
Testing/notumor/Te-no_320.jpg,Training/notumor/Tr-no_466.jpg,Testing,Training,notumor,notumor,0,0,True,False
Testing/notumor/Te-no_320.jpg,Training/notumor/Tr-no_584.jpg,Testing,Training,notumor,notumor,0,1,True,False
Testing/notumor/Te-no_320.jpg,Training/notumor/Tr-no_1095.jpg,Testing,Training,notumor,notumor,0,0,True,False
Testing/notumor/Te-no_320.jpg,Training/notumor/Tr-no_882.jpg,Testing,Training,notumor,notumor,0,0,True,False
Testing/notumor/Te-no_320.jpg,Training/notumor/Tr-no_768.jpg,Testing,Training,notumor,notumor,2,0,True,False
Testing/notumor/Te-no_320.jpg,Training/notumor/Tr-no_775.jpg,Testing,Training,notumor,notumor,0,0,True,False
Testing/notumor/Te-no_320.jpg,Training/notumor/Tr-no_317.jpg,Testing,Training,notumor,notumor,0,0,True,False
Testing/notumor/Te-no_320.jpg,Training/notumor/Tr-no_1237.jpg,Testing,Training,notumor,notumor,0,0,True,False
Testing/notumor/Te-no_321.jpg,Training/notumor/Tr-no_1301.jpg,Testing,Training,notumor,notumor,0,0,True,False
Testing/notumor/Te-no_321.jpg,Training/notumor/Tr-no_851.jpg,Testing,Training,notumor,notumor,0,0,True,False
Testing/notumor/Te-no_321.jpg,Training/notumor/Tr-no_1098.jpg,Testing,Training,notumor,notumor,0,0,True,False
Testing/notumor/Te-no_321.jpg,Training/notumor/Tr-no_1337.jpg,Testing,Training,notumor,notumor,0,0,True,False
Testing/notumor/Te-no_321.jpg,Training/notumor/Tr-no_151.jpg,Testing,Training,notumor,notumor,0,0,True,False
Testing/notumor/Te-no_322.jpg,Training/notumor/Tr-no_620.jpg,Testing,Training,notumor,notumor,0,0,True,False
Testing/notumor/Te-no_322.jpg,Training/notumor/Tr-no_402.jpg,Testing,Training,notumor,notumor,4,0,True,False
Testing/notumor/Te-no_322.jpg,Training/notumor/Tr-no_403.jpg,Testing,Training,notumor,notumor,2,0,True,False
Testing/notumor/Te-no_322.jpg,Training/notumor/Tr-no_873.jpg,Testing,Training,notumor,notumor,2,0,True,False
Testing/notumor/Te-no_322.jpg,Training/notumor/Tr-no_643.jpg,Testing,Training,notumor,notumor,2,0,True,False
Testing/notumor/Te-no_322.jpg,Training/notumor/Tr-no_1220.jpg,Testing,Training,notumor,notumor,2,0,True,False
Testing/notumor/Te-no_322.jpg,Training/notumor/Tr-no_1.jpg,Testing,Training,notumor,notumor,4,0,True,False
Testing/notumor/Te-no_322.jpg,Training/notumor/Tr-no_2.jpg,Testing,Training,notumor,notumor,2,0,True,False
Testing/notumor/Te-no_322.jpg,Training/notumor/Tr-no_1244.jpg,Testing,Training,notumor,notumor,0,0,True,False
Testing/notumor/Te-no_322.jpg,Training/notumor/Tr-no_217.jpg,Testing,Training,notumor,notumor,0,0,True,False
Testing/notumor/Te-no_322.jpg,Training/notumor/Tr-no_227.jpg,Testing,Training,notumor,notumor,2,0,True,False
Testing/notumor/Te-no_322.jpg,Training/notumor/Tr-no_690.jpg,Testing,Training,notumor,notumor,2,0,True,False
Testing/notumor/Te-no_322.jpg,Training/notumor/Tr-no_23.jpg,Testing,Training,notumor,notumor,0,0,True,False
Testing/notumor/Te-no_322.jpg,Training/notumor/Tr-no_234.jpg,Testing,Training,notumor,notumor,2,0,True,False
Testing/notumor/Te-no_322.jpg,Training/notumor/Tr-no_488.jpg,Testing,Training,notumor,notumor,4,0,True,False
Testing/notumor/Te-no_322.jpg,Training/notumor/Tr-no_955.jpg,Testing,Training,notumor,notumor,0,0,True,False
Testing/notumor/Te-no_322.jpg,Training/notumor/Tr-no_735.jpg,Testing,Training,notumor,notumor,2,0,True,False
Testing/notumor/Te-no_322.jpg,Training/notumor/Tr-no_1304.jpg,Testing,Training,notumor,notumor,0,0,True,False
Testing/notumor/Te-no_322.jpg,Training/notumor/Tr-no_74.jpg,Testing,Training,notumor,notumor,4,0,True,False
Testing/notumor/Te-no_322.jpg,Training/notumor/Tr-no_1083.jpg,Testing,Training,notumor,notumor,0,0,True,False
Testing/notumor/Te-no_322.jpg,Training/notumor/Tr-no_514.jpg,Testing,Training,notumor,notumor,4,0,True,False
Testing/notumor/Te-no_322.jpg,Training/notumor/Tr-no_781.jpg,Testing,Training,notumor,notumor,0,0,True,False
Testing/notumor/Te-no_322.jpg,Training/notumor/Tr-no_559.jpg,Testing,Training,notumor,notumor,0,0,True,False
Testing/notumor/Te-no_322.jpg,Training/notumor/Tr-no_113.jpg,Testing,Training,notumor,notumor,0,0,True,False
Testing/notumor/Te-no_322.jpg,Training/notumor/Tr-no_331.jpg,Testing,Training,notumor,notumor,0,0,True,False
Testing/notumor/Te-no_322.jpg,Training/notumor/Tr-no_1371.jpg,Testing,Training,notumor,notumor,4,0,True,False
Testing/notumor/Te-no_322.jpg,Training/notumor/Tr-no_1375.jpg,Testing,Training,notumor,notumor,2,0,True,False
Testing/notumor/Te-no_322.jpg,Training/notumor/Tr-no_586.jpg,Testing,Training,notumor,notumor,2,0,True,False
Testing/notumor/Te-no_322.jpg,Training/notumor/Tr-no_1392.jpg,Testing,Training,notumor,notumor,0,0,True,False
Testing/notumor/Te-no_322.jpg,Training/notumor/Tr-no_1163.jpg,Testing,Training,notumor,notumor,2,0,True,False
Testing/notumor/Te-no_322.jpg,Training/notumor/Tr-no_595.jpg,Testing,Training,notumor,notumor,4,0,True,False
Testing/notumor/Te-no_322.jpg,Training/notumor/Tr-no_597.jpg,Testing,Training,notumor,notumor,4,0,True,False
Testing/notumor/Te-no_322.jpg,Training/notumor/Tr-no_37.jpg,Testing,Training,notumor,notumor,2,0,True,False
Testing/notumor/Te-no_322.jpg,Training/notumor/Tr-no_1170.jpg,Testing,Training,notumor,notumor,0,0,True,False
Testing/notumor/Te-no_322.jpg,Training/notumor/Tr-no_152.jpg,Testing,Training,notumor,notumor,0,0,True,False
Testing/notumor/Te-no_323.jpg,Training/notumor/Tr-no_1191.jpg,Testing,Training,notumor,notumor,0,0,True,False
Testing/notumor/Te-no_323.jpg,Training/notumor/Tr-no_57.jpg,Testing,Training,notumor,notumor,0,0,True,False
Testing/notumor/Te-no_323.jpg,Training/notumor/Tr-no_126.jpg,Testing,Training,notumor,notumor,0,0,True,False
Testing/notumor/Te-no_323.jpg,Training/notumor/Tr-no_828.jpg,Testing,Training,notumor,notumor,0,0,True,False
Testing/notumor/Te-no_323.jpg,Training/notumor/Tr-no_1.jpg,Testing,Training,notumor,notumor,2,0,True,False
Testing/notumor/Te-no_324.jpg,Training/notumor/Tr-no_848.jpg,Testing,Training,notumor,notumor,0,0,True,False
Testing/notumor/Te-no_324.jpg,Training/notumor/Tr-no_119.jpg,Testing,Training,notumor,notumor,0,0,True,False
Testing/notumor/Te-no_324.jpg,Training/notumor/Tr-no_1134.jpg,Testing,Training,notumor,notumor,0,0,True,False
Testing/notumor/Te-no_324.jpg,Training/notumor/Tr-no_855.jpg,Testing,Training,notumor,notumor,0,0,True,False
Testing/notumor/Te-no_324.jpg,Training/notumor/Tr-no_972.jpg,Testing,Training,notumor,notumor,0,0,True,False
Testing/notumor/Te-no_324.jpg,Training/notumor/Tr-no_1082.jpg,Testing,Training,notumor,notumor,0,0,True,False
Testing/notumor/Te-no_324.jpg,Training/notumor/Tr-no_340.jpg,Testing,Training,notumor,notumor,0,0,True,False
Testing/notumor/Te-no_324.jpg,Training/notumor/Tr-no_1377.jpg,Testing,Training,notumor,notumor,0,0,True,False
Testing/notumor/Te-no_324.jpg,Training/notumor/Tr-no_181.jpg,Testing,Training,notumor,notumor,0,0,True,False
Testing/notumor/Te-no_324.jpg,Training/notumor/Tr-no_88.jpg,Testing,Training,notumor,notumor,0,0,True,False
Testing/notumor/Te-no_324.jpg,Training/notumor/Tr-no_769.jpg,Testing,Training,notumor,notumor,0,0,True,False
Testing/notumor/Te-no_324.jpg,Training/notumor/Tr-no_1225.jpg,Testing,Training,notumor,notumor,0,0,True,False
Testing/notumor/Te-no_324.jpg,Training/notumor/Tr-no_1061.jpg,Testing,Training,notumor,notumor,0,0,True,False
Testing/notumor/Te-no_325.jpg,Training/notumor/Tr-no_1316.jpg,Testing,Training,notumor,notumor,0,0,True,False
Testing/notumor/Te-no_325.jpg,Training/notumor/Tr-no_460.jpg,Testing,Training,notumor,notumor,0,0,True,False
Testing/notumor/Te-no_325.jpg,Training/notumor/Tr-no_867.jpg,Testing,Training,notumor,notumor,0,0,True,False
Testing/notumor/Te-no_325.jpg,Training/notumor/Tr-no_984.jpg,Testing,Training,notumor,notumor,0,0,True,False
Testing/notumor/Te-no_325.jpg,Training/notumor/Tr-no_701.jpg,Testing,Training,notumor,notumor,0,0,True,False
Testing/notumor/Te-no_325.jpg,Training/notumor/Tr-no_1389.jpg,Testing,Training,notumor,notumor,0,0,True,False
Testing/notumor/Te-no_325.jpg,Training/notumor/Tr-no_475.jpg,Testing,Training,notumor,notumor,0,0,True,False
Testing/notumor/Te-no_325.jpg,Training/notumor/Tr-no_845.jpg,Testing,Training,notumor,notumor,0,0,True,False
Testing/notumor/Te-no_325.jpg,Training/notumor/Tr-no_364.jpg,Testing,Training,notumor,notumor,0,0,True,False
Testing/notumor/Te-no_326.jpg,Training/notumor/Tr-no_1300.jpg,Testing,Training,notumor,notumor,0,0,True,False
Testing/notumor/Te-no_326.jpg,Training/notumor/Tr-no_1303.jpg,Testing,Training,notumor,notumor,0,0,True,False
Testing/notumor/Te-no_326.jpg,Training/notumor/Tr-no_761.jpg,Testing,Training,notumor,notumor,0,0,True,False
Testing/notumor/Te-no_326.jpg,Training/notumor/Tr-no_306.jpg,Testing,Training,notumor,notumor,0,0,True,False
Testing/notumor/Te-no_326.jpg,Training/notumor/Tr-no_1236.jpg,Testing,Training,notumor,notumor,0,0,True,False
Testing/notumor/Te-no_326.jpg,Training/notumor/Tr-no_142.jpg,Testing,Training,notumor,notumor,0,0,True,False
Testing/notumor/Te-no_326.jpg,Training/notumor/Tr-no_1294.jpg,Testing,Training,notumor,notumor,0,0,True,False
Testing/notumor/Te-no_326.jpg,Training/notumor/Tr-no_118.jpg,Testing,Training,notumor,notumor,0,0,True,False
Testing/notumor/Te-no_326.jpg,Training/notumor/Tr-no_382.jpg,Testing,Training,notumor,notumor,0,0,True,False
Testing/notumor/Te-no_327.jpg,Training/notumor/Tr-no_852.jpg,Testing,Training,notumor,notumor,0,0,True,False
Testing/notumor/Te-no_327.jpg,Training/notumor/Tr-no_1195.jpg,Testing,Training,notumor,notumor,0,0,True,False
Testing/notumor/Te-no_327.jpg,Training/notumor/Tr-no_628.jpg,Testing,Training,notumor,notumor,0,0,True,False
Testing/notumor/Te-no_327.jpg,Training/notumor/Tr-no_182.jpg,Testing,Training,notumor,notumor,0,0,True,False
Testing/notumor/Te-no_327.jpg,Training/notumor/Tr-no_19.jpg,Testing,Training,notumor,notumor,0,0,True,False
Testing/notumor/Te-no_327.jpg,Training/notumor/Tr-no_651.jpg,Testing,Training,notumor,notumor,0,0,True,False
Testing/notumor/Te-no_327.jpg,Training/notumor/Tr-no_425.jpg,Testing,Training,notumor,notumor,0,0,True,False
Testing/notumor/Te-no_327.jpg,Training/notumor/Tr-no_892.jpg,Testing,Training,notumor,notumor,0,0,True,False
Testing/notumor/Te-no_327.jpg,Training/notumor/Tr-no_1230.jpg,Testing,Training,notumor,notumor,0,0,True,False
Testing/notumor/Te-no_327.jpg,Training/notumor/Tr-no_1232.jpg,Testing,Training,notumor,notumor,0,0,True,False
Testing/notumor/Te-no_327.jpg,Training/notumor/Tr-no_447.jpg,Testing,Training,notumor,notumor,0,0,True,False
Testing/notumor/Te-no_327.jpg,Training/notumor/Tr-no_469.jpg,Testing,Training,notumor,notumor,0,0,True,False
Testing/notumor/Te-no_327.jpg,Training/notumor/Tr-no_24.jpg,Testing,Training,notumor,notumor,0,0,True,False
Testing/notumor/Te-no_327.jpg,Training/notumor/Tr-no_470.jpg,Testing,Training,notumor,notumor,0,0,True,False
Testing/notumor/Te-no_327.jpg,Training/notumor/Tr-no_704.jpg,Testing,Training,notumor,notumor,0,0,True,False
Testing/notumor/Te-no_327.jpg,Training/notumor/Tr-no_1282.jpg,Testing,Training,notumor,notumor,0,0,True,False
Testing/notumor/Te-no_327.jpg,Training/notumor/Tr-no_716.jpg,Testing,Training,notumor,notumor,0,0,True,False
Testing/notumor/Te-no_327.jpg,Training/notumor/Tr-no_720.jpg,Testing,Training,notumor,notumor,0,0,True,False
Testing/notumor/Te-no_327.jpg,Training/notumor/Tr-no_499.jpg,Testing,Training,notumor,notumor,0,0,True,False
Testing/notumor/Te-no_327.jpg,Training/notumor/Tr-no_734.jpg,Testing,Training,notumor,notumor,0,0,True,False
Testing/notumor/Te-no_327.jpg,Training/notumor/Tr-no_740.jpg,Testing,Training,notumor,notumor,0,0,True,False
Testing/notumor/Te-no_327.jpg,Training/notumor/Tr-no_1084.jpg,Testing,Training,notumor,notumor,0,0,True,False
Testing/notumor/Te-no_327.jpg,Training/notumor/Tr-no_986.jpg,Testing,Training,notumor,notumor,0,0,True,False
Testing/notumor/Te-no_327.jpg,Training/notumor/Tr-no_11.jpg,Testing,Training,notumor,notumor,0,0,True,False
Testing/notumor/Te-no_327.jpg,Training/notumor/Tr-no_994.jpg,Testing,Training,notumor,notumor,0,0,True,False
Testing/notumor/Te-no_327.jpg,Training/notumor/Tr-no_1338.jpg,Testing,Training,notumor,notumor,0,0,True,False
Testing/notumor/Te-no_327.jpg,Training/notumor/Tr-no_771.jpg,Testing,Training,notumor,notumor,0,0,True,False
Testing/notumor/Te-no_327.jpg,Training/notumor/Tr-no_772.jpg,Testing,Training,notumor,notumor,0,0,True,False
Testing/notumor/Te-no_327.jpg,Training/notumor/Tr-no_1356.jpg,Testing,Training,notumor,notumor,0,0,True,False
Testing/notumor/Te-no_327.jpg,Training/notumor/Tr-no_1355.jpg,Testing,Training,notumor,notumor,0,0,True,False
Testing/notumor/Te-no_327.jpg,Training/notumor/Tr-no_558.jpg,Testing,Training,notumor,notumor,0,0,True,False
Testing/notumor/Te-no_327.jpg,Training/notumor/Tr-no_334.jpg,Testing,Training,notumor,notumor,0,0,True,False
Testing/notumor/Te-no_327.jpg,Training/notumor/Tr-no_145.jpg,Testing,Training,notumor,notumor,0,0,True,False
Testing/notumor/Te-no_327.jpg,Training/notumor/Tr-no_839.jpg,Testing,Training,notumor,notumor,0,0,True,False
Testing/notumor/Te-no_328.jpg,Training/notumor/Tr-no_501.jpg,Testing,Training,notumor,notumor,0,0,True,False
Testing/notumor/Te-no_328.jpg,Training/notumor/Tr-no_1087.jpg,Testing,Training,notumor,notumor,0,4,True,False
Testing/notumor/Te-no_328.jpg,Training/notumor/Tr-no_753.jpg,Testing,Training,notumor,notumor,0,4,True,False
Testing/notumor/Te-no_328.jpg,Training/notumor/Tr-no_294.jpg,Testing,Training,notumor,notumor,0,4,True,False
Testing/notumor/Te-no_328.jpg,Training/notumor/Tr-no_540.jpg,Testing,Training,notumor,notumor,0,4,True,False
Testing/notumor/Te-no_328.jpg,Training/notumor/Tr-no_444.jpg,Testing,Training,notumor,notumor,0,4,True,False
Testing/notumor/Te-no_328.jpg,Training/notumor/Tr-no_1268.jpg,Testing,Training,notumor,notumor,0,4,True,False
Testing/notumor/Te-no_328.jpg,Training/notumor/Tr-no_714.jpg,Testing,Training,notumor,notumor,0,0,True,False
Testing/notumor/Te-no_328.jpg,Training/notumor/Tr-no_723.jpg,Testing,Training,notumor,notumor,0,0,True,False
Testing/notumor/Te-no_328.jpg,Training/notumor/Tr-no_96.jpg,Testing,Training,notumor,notumor,0,4,True,False
Testing/notumor/Te-no_329.jpg,Training/notumor/Tr-no_852.jpg,Testing,Training,notumor,notumor,2,0,True,False
Testing/notumor/Te-no_329.jpg,Training/notumor/Tr-no_1195.jpg,Testing,Training,notumor,notumor,0,0,True,False
Testing/notumor/Te-no_329.jpg,Training/notumor/Tr-no_628.jpg,Testing,Training,notumor,notumor,0,0,True,False
Testing/notumor/Te-no_329.jpg,Training/notumor/Tr-no_182.jpg,Testing,Training,notumor,notumor,0,0,True,False
Testing/notumor/Te-no_329.jpg,Training/notumor/Tr-no_19.jpg,Testing,Training,notumor,notumor,0,0,True,False
Testing/notumor/Te-no_329.jpg,Training/notumor/Tr-no_651.jpg,Testing,Training,notumor,notumor,0,0,True,False
Testing/notumor/Te-no_329.jpg,Training/notumor/Tr-no_425.jpg,Testing,Training,notumor,notumor,0,0,True,False
Testing/notumor/Te-no_329.jpg,Training/notumor/Tr-no_892.jpg,Testing,Training,notumor,notumor,0,0,True,False
Testing/notumor/Te-no_329.jpg,Training/notumor/Tr-no_1230.jpg,Testing,Training,notumor,notumor,0,0,True,False
Testing/notumor/Te-no_329.jpg,Training/notumor/Tr-no_1232.jpg,Testing,Training,notumor,notumor,0,0,True,False
Testing/notumor/Te-no_329.jpg,Training/notumor/Tr-no_447.jpg,Testing,Training,notumor,notumor,0,0,True,False
Testing/notumor/Te-no_329.jpg,Training/notumor/Tr-no_469.jpg,Testing,Training,notumor,notumor,0,0,True,False
Testing/notumor/Te-no_329.jpg,Training/notumor/Tr-no_470.jpg,Testing,Training,notumor,notumor,0,0,True,False
Testing/notumor/Te-no_329.jpg,Training/notumor/Tr-no_24.jpg,Testing,Training,notumor,notumor,0,0,True,False
Testing/notumor/Te-no_329.jpg,Training/notumor/Tr-no_704.jpg,Testing,Training,notumor,notumor,0,0,True,False
Testing/notumor/Te-no_329.jpg,Training/notumor/Tr-no_1282.jpg,Testing,Training,notumor,notumor,0,0,True,False
Testing/notumor/Te-no_329.jpg,Training/notumor/Tr-no_716.jpg,Testing,Training,notumor,notumor,0,0,True,False
Testing/notumor/Te-no_329.jpg,Training/notumor/Tr-no_720.jpg,Testing,Training,notumor,notumor,0,0,True,False
Testing/notumor/Te-no_329.jpg,Training/notumor/Tr-no_499.jpg,Testing,Training,notumor,notumor,0,0,True,False
Testing/notumor/Te-no_329.jpg,Training/notumor/Tr-no_734.jpg,Testing,Training,notumor,notumor,0,0,True,False
Testing/notumor/Te-no_329.jpg,Training/notumor/Tr-no_740.jpg,Testing,Training,notumor,notumor,0,0,True,False
Testing/notumor/Te-no_329.jpg,Training/notumor/Tr-no_1084.jpg,Testing,Training,notumor,notumor,0,0,True,False
Testing/notumor/Te-no_329.jpg,Training/notumor/Tr-no_986.jpg,Testing,Training,notumor,notumor,0,0,True,False
Testing/notumor/Te-no_329.jpg,Training/notumor/Tr-no_11.jpg,Testing,Training,notumor,notumor,0,0,True,False
Testing/notumor/Te-no_329.jpg,Training/notumor/Tr-no_994.jpg,Testing,Training,notumor,notumor,0,0,True,False
Testing/notumor/Te-no_329.jpg,Training/notumor/Tr-no_1338.jpg,Testing,Training,notumor,notumor,0,0,True,False
Testing/notumor/Te-no_329.jpg,Training/notumor/Tr-no_771.jpg,Testing,Training,notumor,notumor,0,0,True,False
Testing/notumor/Te-no_329.jpg,Training/notumor/Tr-no_772.jpg,Testing,Training,notumor,notumor,0,0,True,False
Testing/notumor/Te-no_329.jpg,Training/notumor/Tr-no_1355.jpg,Testing,Training,notumor,notumor,0,0,True,False
Testing/notumor/Te-no_329.jpg,Training/notumor/Tr-no_1356.jpg,Testing,Training,notumor,notumor,0,0,True,False
Testing/notumor/Te-no_329.jpg,Training/notumor/Tr-no_558.jpg,Testing,Training,notumor,notumor,0,0,True,False
Testing/notumor/Te-no_329.jpg,Training/notumor/Tr-no_334.jpg,Testing,Training,notumor,notumor,0,0,True,False
Testing/notumor/Te-no_329.jpg,Training/notumor/Tr-no_145.jpg,Testing,Training,notumor,notumor,0,0,True,False
Testing/notumor/Te-no_329.jpg,Training/notumor/Tr-no_839.jpg,Testing,Training,notumor,notumor,0,0,True,False
Testing/notumor/Te-no_33.jpg,Training/notumor/Tr-no_622.jpg,Testing,Training,notumor,notumor,0,1,True,False
Testing/notumor/Te-no_33.jpg,Training/notumor/Tr-no_184.jpg,Testing,Training,notumor,notumor,0,0,True,False
Testing/notumor/Te-no_33.jpg,Training/notumor/Tr-no_1222.jpg,Testing,Training,notumor,notumor,0,0,True,False
Testing/notumor/Te-no_33.jpg,Training/notumor/Tr-no_199.jpg,Testing,Training,notumor,notumor,0,0,True,False
Testing/notumor/Te-no_33.jpg,Training/notumor/Tr-no_211.jpg,Testing,Training,notumor,notumor,0,0,True,False
Testing/notumor/Te-no_33.jpg,Training/notumor/Tr-no_675.jpg,Testing,Training,notumor,notumor,0,0,True,False
Testing/notumor/Te-no_33.jpg,Training/notumor/Tr-no_1256.jpg,Testing,Training,notumor,notumor,0,0,True,False
Testing/notumor/Te-no_33.jpg,Training/notumor/Tr-no_1029.jpg,Testing,Training,notumor,notumor,0,0,True,False
Testing/notumor/Te-no_33.jpg,Training/notumor/Tr-no_1035.jpg,Testing,Training,notumor,notumor,0,1,True,False
Testing/notumor/Te-no_33.jpg,Training/notumor/Tr-no_1039.jpg,Testing,Training,notumor,notumor,0,1,True,False
Testing/notumor/Te-no_33.jpg,Training/notumor/Tr-no_936.jpg,Testing,Training,notumor,notumor,0,1,True,False
Testing/notumor/Te-no_33.jpg,Training/notumor/Tr-no_476.jpg,Testing,Training,notumor,notumor,0,3,True,False
Testing/notumor/Te-no_33.jpg,Training/notumor/Tr-no_1050.jpg,Testing,Training,notumor,notumor,0,0,True,False
Testing/notumor/Te-no_33.jpg,Training/notumor/Tr-no_1051.jpg,Testing,Training,notumor,notumor,0,0,True,False
Testing/notumor/Te-no_33.jpg,Training/notumor/Tr-no_253.jpg,Testing,Training,notumor,notumor,0,0,True,False
Testing/notumor/Te-no_33.jpg,Training/notumor/Tr-no_715.jpg,Testing,Training,notumor,notumor,0,1,True,False
Testing/notumor/Te-no_33.jpg,Training/notumor/Tr-no_1297.jpg,Testing,Training,notumor,notumor,0,1,True,False
Testing/notumor/Te-no_33.jpg,Training/notumor/Tr-no_1066.jpg,Testing,Training,notumor,notumor,0,0,True,False
Testing/notumor/Te-no_33.jpg,Training/notumor/Tr-no_270.jpg,Testing,Training,notumor,notumor,0,0,True,False
Testing/notumor/Te-no_33.jpg,Training/notumor/Tr-no_272.jpg,Testing,Training,notumor,notumor,0,0,True,False
Testing/notumor/Te-no_33.jpg,Training/notumor/Tr-no_1315.jpg,Testing,Training,notumor,notumor,0,0,True,False
Testing/notumor/Te-no_33.jpg,Training/notumor/Tr-no_1086.jpg,Testing,Training,notumor,notumor,0,0,True,False
Testing/notumor/Te-no_33.jpg,Training/notumor/Tr-no_1091.jpg,Testing,Training,notumor,notumor,0,1,True,False
Testing/notumor/Te-no_33.jpg,Training/notumor/Tr-no_538.jpg,Testing,Training,notumor,notumor,0,0,True,False
Testing/notumor/Te-no_33.jpg,Training/notumor/Tr-no_320.jpg,Testing,Training,notumor,notumor,0,1,True,False
Testing/notumor/Te-no_33.jpg,Training/notumor/Tr-no_330.jpg,Testing,Training,notumor,notumor,0,0,True,False
Testing/notumor/Te-no_33.jpg,Training/notumor/Tr-no_794.jpg,Testing,Training,notumor,notumor,0,0,True,False
Testing/notumor/Te-no_33.jpg,Training/notumor/Tr-no_797.jpg,Testing,Training,notumor,notumor,0,0,True,False
Testing/notumor/Te-no_33.jpg,Training/notumor/Tr-no_1151.jpg,Testing,Training,notumor,notumor,0,0,True,False
Testing/notumor/Te-no_33.jpg,Training/notumor/Tr-no_1385.jpg,Testing,Training,notumor,notumor,0,1,True,False
Testing/notumor/Te-no_33.jpg,Training/notumor/Tr-no_1158.jpg,Testing,Training,notumor,notumor,0,0,True,False
Testing/notumor/Te-no_33.jpg,Training/notumor/Tr-no_600.jpg,Testing,Training,notumor,notumor,0,1,True,False
Testing/notumor/Te-no_330.jpg,Training/notumor/Tr-no_1250.jpg,Testing,Training,notumor,notumor,0,0,True,False
Testing/notumor/Te-no_330.jpg,Training/notumor/Tr-no_803.jpg,Testing,Training,notumor,notumor,0,0,True,False
Testing/notumor/Te-no_330.jpg,Training/notumor/Tr-no_345.jpg,Testing,Training,notumor,notumor,0,0,True,False
Testing/notumor/Te-no_330.jpg,Training/notumor/Tr-no_648.jpg,Testing,Training,notumor,notumor,0,0,True,False
Testing/notumor/Te-no_330.jpg,Training/notumor/Tr-no_995.jpg,Testing,Training,notumor,notumor,0,0,True,False
Testing/notumor/Te-no_330.jpg,Training/notumor/Tr-no_901.jpg,Testing,Training,notumor,notumor,0,0,True,False
Testing/notumor/Te-no_330.jpg,Training/notumor/Tr-no_673.jpg,Testing,Training,notumor,notumor,0,0,True,False
Testing/notumor/Te-no_331.jpg,Training/notumor/Tr-no_399.jpg,Testing,Training,notumor,notumor,0,0,True,False
Testing/notumor/Te-no_331.jpg,Training/notumor/Tr-no_1116.jpg,Testing,Training,notumor,notumor,0,0,True,False
Testing/notumor/Te-no_331.jpg,Training/notumor/Tr-no_124.jpg,Testing,Training,notumor,notumor,6,0,True,False
Testing/notumor/Te-no_331.jpg,Training/notumor/Tr-no_342.jpg,Testing,Training,notumor,notumor,2,0,True,False
Testing/notumor/Te-no_331.jpg,Training/notumor/Tr-no_1376.jpg,Testing,Training,notumor,notumor,6,0,True,False
Testing/notumor/Te-no_331.jpg,Training/notumor/Tr-no_1054.jpg,Testing,Training,notumor,notumor,0,0,True,False
Testing/notumor/Te-no_332.jpg,Training/notumor/Tr-no_849.jpg,Testing,Training,notumor,notumor,2,0,True,False
Testing/notumor/Te-no_332.jpg,Training/notumor/Tr-no_1306.jpg,Testing,Training,notumor,notumor,0,0,True,False
Testing/notumor/Te-no_332.jpg,Training/notumor/Tr-no_644.jpg,Testing,Training,notumor,notumor,6,0,True,False
Testing/notumor/Te-no_332.jpg,Training/notumor/Tr-no_544.jpg,Testing,Training,notumor,notumor,0,0,True,False
Testing/notumor/Te-no_332.jpg,Training/notumor/Tr-no_661.jpg,Testing,Training,notumor,notumor,2,0,True,False
Testing/notumor/Te-no_332.jpg,Training/notumor/Tr-no_1002.jpg,Testing,Training,notumor,notumor,0,0,True,False
Testing/notumor/Te-no_332.jpg,Training/notumor/Tr-no_550.jpg,Testing,Training,notumor,notumor,0,0,True,False
Testing/notumor/Te-no_332.jpg,Training/notumor/Tr-no_571.jpg,Testing,Training,notumor,notumor,0,0,True,False
Testing/notumor/Te-no_332.jpg,Training/notumor/Tr-no_805.jpg,Testing,Training,notumor,notumor,2,0,True,False
Testing/notumor/Te-no_332.jpg,Training/notumor/Tr-no_808.jpg,Testing,Training,notumor,notumor,0,0,True,False
Testing/notumor/Te-no_332.jpg,Training/notumor/Tr-no_1147.jpg,Testing,Training,notumor,notumor,4,0,True,False
Testing/notumor/Te-no_332.jpg,Training/notumor/Tr-no_246.jpg,Testing,Training,notumor,notumor,2,0,True,False
Testing/notumor/Te-no_332.jpg,Training/notumor/Tr-no_1281.jpg,Testing,Training,notumor,notumor,0,0,True,False
Testing/notumor/Te-no_332.jpg,Training/notumor/Tr-no_500.jpg,Testing,Training,notumor,notumor,0,0,True,False
Testing/notumor/Te-no_333.jpg,Training/notumor/Tr-no_515.jpg,Testing,Training,notumor,notumor,2,0,True,False
Testing/notumor/Te-no_333.jpg,Training/notumor/Tr-no_1321.jpg,Testing,Training,notumor,notumor,0,0,True,False
Testing/notumor/Te-no_333.jpg,Training/notumor/Tr-no_310.jpg,Testing,Training,notumor,notumor,0,0,True,False
Testing/notumor/Te-no_333.jpg,Training/notumor/Tr-no_663.jpg,Testing,Training,notumor,notumor,0,0,True,False
Testing/notumor/Te-no_333.jpg,Training/notumor/Tr-no_205.jpg,Testing,Training,notumor,notumor,0,0,True,False
Testing/notumor/Te-no_333.jpg,Training/notumor/Tr-no_212.jpg,Testing,Training,notumor,notumor,4,0,True,False
Testing/notumor/Te-no_333.jpg,Training/notumor/Tr-no_1012.jpg,Testing,Training,notumor,notumor,0,0,True,False
Testing/notumor/Te-no_333.jpg,Training/notumor/Tr-no_335.jpg,Testing,Training,notumor,notumor,2,0,True,False
Testing/notumor/Te-no_333.jpg,Training/notumor/Tr-no_458.jpg,Testing,Training,notumor,notumor,4,0,True,False
Testing/notumor/Te-no_333.jpg,Training/notumor/Tr-no_829.jpg,Testing,Training,notumor,notumor,0,0,True,False
Testing/notumor/Te-no_333.jpg,Training/notumor/Tr-no_1284.jpg,Testing,Training,notumor,notumor,2,0,True,False
Testing/notumor/Te-no_334.jpg,Training/notumor/Tr-no_46.jpg,Testing,Training,notumor,notumor,0,0,True,False
Testing/notumor/Te-no_334.jpg,Training/notumor/Tr-no_5.jpg,Testing,Training,notumor,notumor,0,0,True,False
Testing/notumor/Te-no_334.jpg,Training/notumor/Tr-no_611.jpg,Testing,Training,notumor,notumor,0,0,True,False
Testing/notumor/Te-no_334.jpg,Training/notumor/Tr-no_1027.jpg,Testing,Training,notumor,notumor,0,0,True,False
Testing/notumor/Te-no_334.jpg,Training/notumor/Tr-no_693.jpg,Testing,Training,notumor,notumor,0,0,True,False
Testing/notumor/Te-no_334.jpg,Training/notumor/Tr-no_709.jpg,Testing,Training,notumor,notumor,0,0,True,False
Testing/notumor/Te-no_334.jpg,Training/notumor/Tr-no_1060.jpg,Testing,Training,notumor,notumor,0,0,True,False
Testing/notumor/Te-no_334.jpg,Training/notumor/Tr-no_1062.jpg,Testing,Training,notumor,notumor,0,0,True,False
Testing/notumor/Te-no_334.jpg,Training/notumor/Tr-no_1071.jpg,Testing,Training,notumor,notumor,0,0,True,False
Testing/notumor/Te-no_334.jpg,Training/notumor/Tr-no_109.jpg,Testing,Training,notumor,notumor,0,0,True,False
Testing/notumor/Te-no_334.jpg,Training/notumor/Tr-no_1102.jpg,Testing,Training,notumor,notumor,0,0,True,False
Testing/notumor/Te-no_334.jpg,Training/notumor/Tr-no_1124.jpg,Testing,Training,notumor,notumor,0,0,True,False
Testing/notumor/Te-no_334.jpg,Training/notumor/Tr-no_1138.jpg,Testing,Training,notumor,notumor,0,0,True,False
Testing/notumor/Te-no_334.jpg,Training/notumor/Tr-no_82.jpg,Testing,Training,notumor,notumor,0,0,True,False
Testing/notumor/Te-no_334.jpg,Training/notumor/Tr-no_1183.jpg,Testing,Training,notumor,notumor,0,0,True,False
Testing/notumor/Te-no_334.jpg,Training/notumor/Tr-no_1252.jpg,Testing,Training,notumor,notumor,0,0,True,False
Testing/notumor/Te-no_334.jpg,Training/notumor/Tr-no_1257.jpg,Testing,Training,notumor,notumor,0,0,True,False
Testing/notumor/Te-no_334.jpg,Training/notumor/Tr-no_169.jpg,Testing,Training,notumor,notumor,8,0,True,False
Testing/notumor/Te-no_334.jpg,Training/notumor/Tr-no_203.jpg,Testing,Training,notumor,notumor,0,0,True,False
Testing/notumor/Te-no_334.jpg,Training/notumor/Tr-no_21.jpg,Testing,Training,notumor,notumor,0,0,True,False
Testing/notumor/Te-no_334.jpg,Training/notumor/Tr-no_224.jpg,Testing,Training,notumor,notumor,0,0,True,False
Testing/notumor/Te-no_334.jpg,Training/notumor/Tr-no_232.jpg,Testing,Training,notumor,notumor,0,0,True,False
Testing/notumor/Te-no_334.jpg,Training/notumor/Tr-no_241.jpg,Testing,Training,notumor,notumor,0,0,True,False
Testing/notumor/Te-no_334.jpg,Training/notumor/Tr-no_249.jpg,Testing,Training,notumor,notumor,0,0,True,False
Testing/notumor/Te-no_334.jpg,Training/notumor/Tr-no_251.jpg,Testing,Training,notumor,notumor,0,0,True,False
Testing/notumor/Te-no_334.jpg,Training/notumor/Tr-no_267.jpg,Testing,Training,notumor,notumor,0,0,True,False
Testing/notumor/Te-no_334.jpg,Training/notumor/Tr-no_29.jpg,Testing,Training,notumor,notumor,0,0,True,False
Testing/notumor/Te-no_334.jpg,Training/notumor/Tr-no_322.jpg,Testing,Training,notumor,notumor,0,0,True,False
Testing/notumor/Te-no_334.jpg,Training/notumor/Tr-no_339.jpg,Testing,Training,notumor,notumor,0,0,True,False
Testing/notumor/Te-no_334.jpg,Training/notumor/Tr-no_351.jpg,Testing,Training,notumor,notumor,6,0,True,False
Testing/notumor/Te-no_334.jpg,Training/notumor/Tr-no_371.jpg,Testing,Training,notumor,notumor,0,0,True,False
Testing/notumor/Te-no_335.jpg,Training/notumor/Tr-no_707.jpg,Testing,Training,notumor,notumor,0,0,True,False
Testing/notumor/Te-no_335.jpg,Training/notumor/Tr-no_943.jpg,Testing,Training,notumor,notumor,0,0,True,False
Testing/notumor/Te-no_335.jpg,Training/notumor/Tr-no_1226.jpg,Testing,Training,notumor,notumor,0,0,True,False
Testing/notumor/Te-no_336.jpg,Training/notumor/Tr-no_852.jpg,Testing,Training,notumor,notumor,0,0,True,False
Testing/notumor/Te-no_336.jpg,Training/notumor/Tr-no_1195.jpg,Testing,Training,notumor,notumor,0,0,True,False
Testing/notumor/Te-no_336.jpg,Training/notumor/Tr-no_628.jpg,Testing,Training,notumor,notumor,0,0,True,False
Testing/notumor/Te-no_336.jpg,Training/notumor/Tr-no_182.jpg,Testing,Training,notumor,notumor,0,0,True,False
Testing/notumor/Te-no_336.jpg,Training/notumor/Tr-no_19.jpg,Testing,Training,notumor,notumor,0,0,True,False
Testing/notumor/Te-no_336.jpg,Training/notumor/Tr-no_651.jpg,Testing,Training,notumor,notumor,0,0,True,False
Testing/notumor/Te-no_336.jpg,Training/notumor/Tr-no_425.jpg,Testing,Training,notumor,notumor,0,0,True,False
Testing/notumor/Te-no_336.jpg,Training/notumor/Tr-no_892.jpg,Testing,Training,notumor,notumor,0,0,True,False
Testing/notumor/Te-no_336.jpg,Training/notumor/Tr-no_1230.jpg,Testing,Training,notumor,notumor,0,0,True,False
Testing/notumor/Te-no_336.jpg,Training/notumor/Tr-no_1232.jpg,Testing,Training,notumor,notumor,0,0,True,False
Testing/notumor/Te-no_336.jpg,Training/notumor/Tr-no_447.jpg,Testing,Training,notumor,notumor,0,0,True,False
Testing/notumor/Te-no_336.jpg,Training/notumor/Tr-no_469.jpg,Testing,Training,notumor,notumor,0,0,True,False
Testing/notumor/Te-no_336.jpg,Training/notumor/Tr-no_24.jpg,Testing,Training,notumor,notumor,0,0,True,False
Testing/notumor/Te-no_336.jpg,Training/notumor/Tr-no_470.jpg,Testing,Training,notumor,notumor,0,0,True,False
Testing/notumor/Te-no_336.jpg,Training/notumor/Tr-no_704.jpg,Testing,Training,notumor,notumor,0,0,True,False
Testing/notumor/Te-no_336.jpg,Training/notumor/Tr-no_1282.jpg,Testing,Training,notumor,notumor,0,0,True,False
Testing/notumor/Te-no_336.jpg,Training/notumor/Tr-no_716.jpg,Testing,Training,notumor,notumor,0,0,True,False
Testing/notumor/Te-no_336.jpg,Training/notumor/Tr-no_720.jpg,Testing,Training,notumor,notumor,0,0,True,False
Testing/notumor/Te-no_336.jpg,Training/notumor/Tr-no_499.jpg,Testing,Training,notumor,notumor,0,0,True,False
Testing/notumor/Te-no_336.jpg,Training/notumor/Tr-no_734.jpg,Testing,Training,notumor,notumor,0,0,True,False
Testing/notumor/Te-no_336.jpg,Training/notumor/Tr-no_740.jpg,Testing,Training,notumor,notumor,0,0,True,False
Testing/notumor/Te-no_336.jpg,Training/notumor/Tr-no_1084.jpg,Testing,Training,notumor,notumor,0,0,True,False
Testing/notumor/Te-no_336.jpg,Training/notumor/Tr-no_986.jpg,Testing,Training,notumor,notumor,0,0,True,False
Testing/notumor/Te-no_336.jpg,Training/notumor/Tr-no_11.jpg,Testing,Training,notumor,notumor,0,0,True,False
Testing/notumor/Te-no_336.jpg,Training/notumor/Tr-no_994.jpg,Testing,Training,notumor,notumor,0,0,True,False
Testing/notumor/Te-no_336.jpg,Training/notumor/Tr-no_1338.jpg,Testing,Training,notumor,notumor,0,0,True,False
Testing/notumor/Te-no_336.jpg,Training/notumor/Tr-no_771.jpg,Testing,Training,notumor,notumor,0,0,True,False
Testing/notumor/Te-no_336.jpg,Training/notumor/Tr-no_772.jpg,Testing,Training,notumor,notumor,0,0,True,False
Testing/notumor/Te-no_336.jpg,Training/notumor/Tr-no_1355.jpg,Testing,Training,notumor,notumor,0,0,True,False
Testing/notumor/Te-no_336.jpg,Training/notumor/Tr-no_1356.jpg,Testing,Training,notumor,notumor,0,0,True,False
Testing/notumor/Te-no_336.jpg,Training/notumor/Tr-no_558.jpg,Testing,Training,notumor,notumor,0,0,True,False
Testing/notumor/Te-no_336.jpg,Training/notumor/Tr-no_334.jpg,Testing,Training,notumor,notumor,0,0,True,False
Testing/notumor/Te-no_336.jpg,Training/notumor/Tr-no_145.jpg,Testing,Training,notumor,notumor,0,0,True,False
Testing/notumor/Te-no_336.jpg,Training/notumor/Tr-no_839.jpg,Testing,Training,notumor,notumor,0,0,True,False
Testing/notumor/Te-no_337.jpg,Training/notumor/Tr-no_732.jpg,Testing,Training,notumor,notumor,4,0,True,False
Testing/notumor/Te-no_337.jpg,Training/notumor/Tr-no_725.jpg,Testing,Training,notumor,notumor,0,0,True,False
Testing/notumor/Te-no_337.jpg,Training/notumor/Tr-no_1203.jpg,Testing,Training,notumor,notumor,0,0,True,False
Testing/notumor/Te-no_337.jpg,Training/notumor/Tr-no_1322.jpg,Testing,Training,notumor,notumor,4,0,True,False
Testing/notumor/Te-no_337.jpg,Training/notumor/Tr-no_429.jpg,Testing,Training,notumor,notumor,0,0,True,False
Testing/notumor/Te-no_337.jpg,Training/notumor/Tr-no_347.jpg,Testing,Training,notumor,notumor,0,0,True,False
Testing/notumor/Te-no_337.jpg,Training/notumor/Tr-no_365.jpg,Testing,Training,notumor,notumor,0,0,True,False
Testing/notumor/Te-no_337.jpg,Training/notumor/Tr-no_956.jpg,Testing,Training,notumor,notumor,4,0,True,False
Testing/notumor/Te-no_337.jpg,Training/notumor/Tr-no_154.jpg,Testing,Training,notumor,notumor,0,0,True,False
Testing/notumor/Te-no_337.jpg,Training/notumor/Tr-no_386.jpg,Testing,Training,notumor,notumor,0,0,True,False
Testing/notumor/Te-no_338.jpg,Training/notumor/Tr-no_620.jpg,Testing,Training,notumor,notumor,2,0,True,False
Testing/notumor/Te-no_338.jpg,Training/notumor/Tr-no_402.jpg,Testing,Training,notumor,notumor,2,0,True,False
Testing/notumor/Te-no_338.jpg,Training/notumor/Tr-no_403.jpg,Testing,Training,notumor,notumor,0,0,True,False
Testing/notumor/Te-no_338.jpg,Training/notumor/Tr-no_873.jpg,Testing,Training,notumor,notumor,0,0,True,False
Testing/notumor/Te-no_338.jpg,Training/notumor/Tr-no_643.jpg,Testing,Training,notumor,notumor,0,0,True,False
Testing/notumor/Te-no_338.jpg,Training/notumor/Tr-no_1220.jpg,Testing,Training,notumor,notumor,2,0,True,False
Testing/notumor/Te-no_338.jpg,Training/notumor/Tr-no_1.jpg,Testing,Training,notumor,notumor,0,0,True,False
Testing/notumor/Te-no_338.jpg,Training/notumor/Tr-no_2.jpg,Testing,Training,notumor,notumor,2,0,True,False
Testing/notumor/Te-no_338.jpg,Training/notumor/Tr-no_1244.jpg,Testing,Training,notumor,notumor,2,0,True,False
Testing/notumor/Te-no_338.jpg,Training/notumor/Tr-no_217.jpg,Testing,Training,notumor,notumor,2,0,True,False
Testing/notumor/Te-no_338.jpg,Training/notumor/Tr-no_227.jpg,Testing,Training,notumor,notumor,2,0,True,False
Testing/notumor/Te-no_338.jpg,Training/notumor/Tr-no_690.jpg,Testing,Training,notumor,notumor,0,0,True,False
Testing/notumor/Te-no_338.jpg,Training/notumor/Tr-no_23.jpg,Testing,Training,notumor,notumor,2,0,True,False
Testing/notumor/Te-no_338.jpg,Training/notumor/Tr-no_234.jpg,Testing,Training,notumor,notumor,0,0,True,False
Testing/notumor/Te-no_338.jpg,Training/notumor/Tr-no_488.jpg,Testing,Training,notumor,notumor,0,0,True,False
Testing/notumor/Te-no_338.jpg,Training/notumor/Tr-no_955.jpg,Testing,Training,notumor,notumor,2,0,True,False
Testing/notumor/Te-no_338.jpg,Training/notumor/Tr-no_735.jpg,Testing,Training,notumor,notumor,2,0,True,False
Testing/notumor/Te-no_338.jpg,Training/notumor/Tr-no_1304.jpg,Testing,Training,notumor,notumor,2,0,True,False
Testing/notumor/Te-no_338.jpg,Training/notumor/Tr-no_74.jpg,Testing,Training,notumor,notumor,0,0,True,False
Testing/notumor/Te-no_338.jpg,Training/notumor/Tr-no_514.jpg,Testing,Training,notumor,notumor,0,0,True,False
Testing/notumor/Te-no_338.jpg,Training/notumor/Tr-no_1083.jpg,Testing,Training,notumor,notumor,2,0,True,False
Testing/notumor/Te-no_338.jpg,Training/notumor/Tr-no_781.jpg,Testing,Training,notumor,notumor,2,0,True,False
Testing/notumor/Te-no_338.jpg,Training/notumor/Tr-no_559.jpg,Testing,Training,notumor,notumor,2,0,True,False
Testing/notumor/Te-no_338.jpg,Training/notumor/Tr-no_113.jpg,Testing,Training,notumor,notumor,2,0,True,False
Testing/notumor/Te-no_338.jpg,Training/notumor/Tr-no_331.jpg,Testing,Training,notumor,notumor,2,0,True,False
Testing/notumor/Te-no_338.jpg,Training/notumor/Tr-no_1371.jpg,Testing,Training,notumor,notumor,0,0,True,False
Testing/notumor/Te-no_338.jpg,Training/notumor/Tr-no_1375.jpg,Testing,Training,notumor,notumor,0,0,True,False
Testing/notumor/Te-no_338.jpg,Training/notumor/Tr-no_586.jpg,Testing,Training,notumor,notumor,2,0,True,False
Testing/notumor/Te-no_338.jpg,Training/notumor/Tr-no_1392.jpg,Testing,Training,notumor,notumor,2,0,True,False
Testing/notumor/Te-no_338.jpg,Training/notumor/Tr-no_595.jpg,Testing,Training,notumor,notumor,2,0,True,False
Testing/notumor/Te-no_338.jpg,Training/notumor/Tr-no_1163.jpg,Testing,Training,notumor,notumor,2,0,True,False
Testing/notumor/Te-no_338.jpg,Training/notumor/Tr-no_597.jpg,Testing,Training,notumor,notumor,0,0,True,False
Testing/notumor/Te-no_338.jpg,Training/notumor/Tr-no_37.jpg,Testing,Training,notumor,notumor,0,0,True,False
Testing/notumor/Te-no_338.jpg,Training/notumor/Tr-no_1170.jpg,Testing,Training,notumor,notumor,2,0,True,False
Testing/notumor/Te-no_338.jpg,Training/notumor/Tr-no_152.jpg,Testing,Training,notumor,notumor,2,0,True,False
Testing/notumor/Te-no_339.jpg,Training/notumor/Tr-no_508.jpg,Testing,Training,notumor,notumor,0,0,True,False
Testing/notumor/Te-no_339.jpg,Training/notumor/Tr-no_1135.jpg,Testing,Training,notumor,notumor,0,0,True,False
Testing/notumor/Te-no_339.jpg,Training/notumor/Tr-no_1255.jpg,Testing,Training,notumor,notumor,0,0,True,False
Testing/notumor/Te-no_339.jpg,Training/notumor/Tr-no_637.jpg,Testing,Training,notumor,notumor,0,0,True,False
Testing/notumor/Te-no_339.jpg,Training/notumor/Tr-no_1153.jpg,Testing,Training,notumor,notumor,0,0,True,False
Testing/notumor/Te-no_339.jpg,Training/notumor/Tr-no_1212.jpg,Testing,Training,notumor,notumor,0,0,True,False
Testing/notumor/Te-no_339.jpg,Training/notumor/Tr-no_818.jpg,Testing,Training,notumor,notumor,0,0,True,False
Testing/notumor/Te-no_339.jpg,Training/notumor/Tr-no_187.jpg,Testing,Training,notumor,notumor,0,0,True,False
Testing/notumor/Te-no_339.jpg,Training/notumor/Tr-no_303.jpg,Testing,Training,notumor,notumor,0,0,True,False
Testing/notumor/Te-no_339.jpg,Training/notumor/Tr-no_1008.jpg,Testing,Training,notumor,notumor,0,0,True,False
Testing/notumor/Te-no_34.jpg,Training/notumor/Tr-no_158.jpg,Testing,Training,notumor,notumor,0,0,True,False
Testing/notumor/Te-no_34.jpg,Training/notumor/Tr-no_39.jpg,Testing,Training,notumor,notumor,0,0,True,False
Testing/notumor/Te-no_34.jpg,Training/notumor/Tr-no_160.jpg,Testing,Training,notumor,notumor,0,0,True,False
Testing/notumor/Te-no_34.jpg,Training/notumor/Tr-no_278.jpg,Testing,Training,notumor,notumor,0,0,True,False
Testing/notumor/Te-no_34.jpg,Training/notumor/Tr-no_291.jpg,Testing,Training,notumor,notumor,0,0,True,False
Testing/notumor/Te-no_34.jpg,Training/notumor/Tr-no_755.jpg,Testing,Training,notumor,notumor,0,0,True,False
Testing/notumor/Te-no_34.jpg,Training/notumor/Tr-no_64.jpg,Testing,Training,notumor,notumor,0,0,True,False
Testing/notumor/Te-no_34.jpg,Training/notumor/Tr-no_655.jpg,Testing,Training,notumor,notumor,0,0,True,False
Testing/notumor/Te-no_34.jpg,Training/notumor/Tr-no_435.jpg,Testing,Training,notumor,notumor,0,0,True,False
Testing/notumor/Te-no_34.jpg,Training/notumor/Tr-no_788.jpg,Testing,Training,notumor,notumor,0,0,True,False
Testing/notumor/Te-no_34.jpg,Training/notumor/Tr-no_231.jpg,Testing,Training,notumor,notumor,0,1,True,False
Testing/notumor/Te-no_34.jpg,Training/notumor/Tr-no_359.jpg,Testing,Training,notumor,notumor,0,1,True,False
Testing/notumor/Te-no_34.jpg,Training/notumor/Tr-no_83.jpg,Testing,Training,notumor,notumor,0,0,True,False
Testing/notumor/Te-no_34.jpg,Training/notumor/Tr-no_370.jpg,Testing,Training,notumor,notumor,0,0,True,False
Testing/notumor/Te-no_34.jpg,Training/notumor/Tr-no_614.jpg,Testing,Training,notumor,notumor,0,0,True,False
Testing/notumor/Te-no_340.jpg,Training/notumor/Tr-no_1189.jpg,Testing,Training,notumor,notumor,0,1,True,False
Testing/notumor/Te-no_340.jpg,Training/notumor/Tr-no_69.jpg,Testing,Training,notumor,notumor,0,0,True,False
Testing/notumor/Te-no_340.jpg,Training/notumor/Tr-no_1204.jpg,Testing,Training,notumor,notumor,0,0,True,False
Testing/notumor/Te-no_340.jpg,Training/notumor/Tr-no_466.jpg,Testing,Training,notumor,notumor,0,1,True,False
Testing/notumor/Te-no_340.jpg,Training/notumor/Tr-no_584.jpg,Testing,Training,notumor,notumor,0,0,True,False
Testing/notumor/Te-no_340.jpg,Training/notumor/Tr-no_1095.jpg,Testing,Training,notumor,notumor,0,0,True,False
Testing/notumor/Te-no_340.jpg,Training/notumor/Tr-no_882.jpg,Testing,Training,notumor,notumor,0,0,True,False
Testing/notumor/Te-no_340.jpg,Training/notumor/Tr-no_768.jpg,Testing,Training,notumor,notumor,2,0,True,False
Testing/notumor/Te-no_340.jpg,Training/notumor/Tr-no_775.jpg,Testing,Training,notumor,notumor,0,0,True,False
Testing/notumor/Te-no_340.jpg,Training/notumor/Tr-no_317.jpg,Testing,Training,notumor,notumor,0,0,True,False
Testing/notumor/Te-no_340.jpg,Training/notumor/Tr-no_1237.jpg,Testing,Training,notumor,notumor,0,0,True,False
Testing/notumor/Te-no_341.jpg,Training/notumor/Tr-no_898.jpg,Testing,Training,notumor,notumor,0,0,True,False
Testing/notumor/Te-no_341.jpg,Training/notumor/Tr-no_1260.jpg,Testing,Training,notumor,notumor,0,0,True,False
Testing/notumor/Te-no_341.jpg,Training/notumor/Tr-no_1272.jpg,Testing,Training,notumor,notumor,0,0,True,False
Testing/notumor/Te-no_341.jpg,Training/notumor/Tr-no_960.jpg,Testing,Training,notumor,notumor,0,0,True,False
Testing/notumor/Te-no_341.jpg,Training/notumor/Tr-no_27.jpg,Testing,Training,notumor,notumor,0,0,True,False
Testing/notumor/Te-no_341.jpg,Training/notumor/Tr-no_1133.jpg,Testing,Training,notumor,notumor,0,0,True,False
Testing/notumor/Te-no_342.jpg,Training/notumor/Tr-no_621.jpg,Testing,Training,notumor,notumor,0,0,True,False
Testing/notumor/Te-no_342.jpg,Training/notumor/Tr-no_1136.jpg,Testing,Training,notumor,notumor,0,0,True,False
Testing/notumor/Te-no_342.jpg,Training/notumor/Tr-no_480.jpg,Testing,Training,notumor,notumor,0,0,True,False
Testing/notumor/Te-no_342.jpg,Training/notumor/Tr-no_835.jpg,Testing,Training,notumor,notumor,0,0,True,False
Testing/notumor/Te-no_342.jpg,Training/notumor/Tr-no_548.jpg,Testing,Training,notumor,notumor,4,0,True,False
Testing/notumor/Te-no_343.jpg,Training/notumor/Tr-no_563.jpg,Testing,Training,notumor,notumor,0,0,True,False
Testing/notumor/Te-no_343.jpg,Training/notumor/Tr-no_593.jpg,Testing,Training,notumor,notumor,0,0,True,False
Testing/notumor/Te-no_343.jpg,Training/notumor/Tr-no_997.jpg,Testing,Training,notumor,notumor,0,0,True,False
Testing/notumor/Te-no_343.jpg,Training/notumor/Tr-no_1363.jpg,Testing,Training,notumor,notumor,0,0,True,False
Testing/notumor/Te-no_343.jpg,Training/notumor/Tr-no_140.jpg,Testing,Training,notumor,notumor,0,0,True,False
Testing/notumor/Te-no_344.jpg,Training/notumor/Tr-no_622.jpg,Testing,Training,notumor,notumor,2,0,True,False
Testing/notumor/Te-no_344.jpg,Training/notumor/Tr-no_184.jpg,Testing,Training,notumor,notumor,0,0,True,False
Testing/notumor/Te-no_344.jpg,Training/notumor/Tr-no_1222.jpg,Testing,Training,notumor,notumor,0,0,True,False
Testing/notumor/Te-no_344.jpg,Training/notumor/Tr-no_199.jpg,Testing,Training,notumor,notumor,0,0,True,False
Testing/notumor/Te-no_344.jpg,Training/notumor/Tr-no_211.jpg,Testing,Training,notumor,notumor,0,0,True,False
Testing/notumor/Te-no_344.jpg,Training/notumor/Tr-no_675.jpg,Testing,Training,notumor,notumor,0,0,True,False
Testing/notumor/Te-no_344.jpg,Training/notumor/Tr-no_1256.jpg,Testing,Training,notumor,notumor,0,0,True,False
Testing/notumor/Te-no_344.jpg,Training/notumor/Tr-no_1029.jpg,Testing,Training,notumor,notumor,0,0,True,False
Testing/notumor/Te-no_344.jpg,Training/notumor/Tr-no_1035.jpg,Testing,Training,notumor,notumor,0,1,True,False
Testing/notumor/Te-no_344.jpg,Training/notumor/Tr-no_1039.jpg,Testing,Training,notumor,notumor,0,0,True,False
Testing/notumor/Te-no_344.jpg,Training/notumor/Tr-no_936.jpg,Testing,Training,notumor,notumor,0,1,True,False
Testing/notumor/Te-no_344.jpg,Training/notumor/Tr-no_1050.jpg,Testing,Training,notumor,notumor,0,0,True,False
Testing/notumor/Te-no_344.jpg,Training/notumor/Tr-no_1051.jpg,Testing,Training,notumor,notumor,0,1,True,False
Testing/notumor/Te-no_344.jpg,Training/notumor/Tr-no_253.jpg,Testing,Training,notumor,notumor,0,0,True,False
Testing/notumor/Te-no_344.jpg,Training/notumor/Tr-no_715.jpg,Testing,Training,notumor,notumor,0,0,True,False
Testing/notumor/Te-no_344.jpg,Training/notumor/Tr-no_1066.jpg,Testing,Training,notumor,notumor,0,0,True,False
Testing/notumor/Te-no_344.jpg,Training/notumor/Tr-no_270.jpg,Testing,Training,notumor,notumor,0,0,True,False
Testing/notumor/Te-no_344.jpg,Training/notumor/Tr-no_272.jpg,Testing,Training,notumor,notumor,0,0,True,False
Testing/notumor/Te-no_344.jpg,Training/notumor/Tr-no_1315.jpg,Testing,Training,notumor,notumor,0,0,True,False
Testing/notumor/Te-no_344.jpg,Training/notumor/Tr-no_1086.jpg,Testing,Training,notumor,notumor,0,0,True,False
Testing/notumor/Te-no_344.jpg,Training/notumor/Tr-no_1091.jpg,Testing,Training,notumor,notumor,0,0,True,False
Testing/notumor/Te-no_344.jpg,Training/notumor/Tr-no_538.jpg,Testing,Training,notumor,notumor,0,1,True,False
Testing/notumor/Te-no_344.jpg,Training/notumor/Tr-no_320.jpg,Testing,Training,notumor,notumor,0,0,True,False
Testing/notumor/Te-no_344.jpg,Training/notumor/Tr-no_330.jpg,Testing,Training,notumor,notumor,0,1,True,False
Testing/notumor/Te-no_344.jpg,Training/notumor/Tr-no_794.jpg,Testing,Training,notumor,notumor,0,0,True,False
Testing/notumor/Te-no_344.jpg,Training/notumor/Tr-no_797.jpg,Testing,Training,notumor,notumor,0,0,True,False
Testing/notumor/Te-no_344.jpg,Training/notumor/Tr-no_1151.jpg,Testing,Training,notumor,notumor,0,0,True,False
Testing/notumor/Te-no_344.jpg,Training/notumor/Tr-no_1385.jpg,Testing,Training,notumor,notumor,0,0,True,False
Testing/notumor/Te-no_344.jpg,Training/notumor/Tr-no_1158.jpg,Testing,Training,notumor,notumor,0,1,True,False
Testing/notumor/Te-no_344.jpg,Training/notumor/Tr-no_600.jpg,Testing,Training,notumor,notumor,0,0,True,False
Testing/notumor/Te-no_345.jpg,Training/notumor/Tr-no_1300.jpg,Testing,Training,notumor,notumor,0,0,True,False
Testing/notumor/Te-no_345.jpg,Training/notumor/Tr-no_1303.jpg,Testing,Training,notumor,notumor,0,0,True,False
Testing/notumor/Te-no_345.jpg,Training/notumor/Tr-no_761.jpg,Testing,Training,notumor,notumor,0,0,True,False
Testing/notumor/Te-no_345.jpg,Training/notumor/Tr-no_306.jpg,Testing,Training,notumor,notumor,0,0,True,False
Testing/notumor/Te-no_345.jpg,Training/notumor/Tr-no_1236.jpg,Testing,Training,notumor,notumor,0,0,True,False
Testing/notumor/Te-no_345.jpg,Training/notumor/Tr-no_142.jpg,Testing,Training,notumor,notumor,0,0,True,False
Testing/notumor/Te-no_345.jpg,Training/notumor/Tr-no_1294.jpg,Testing,Training,notumor,notumor,0,0,True,False
Testing/notumor/Te-no_345.jpg,Training/notumor/Tr-no_118.jpg,Testing,Training,notumor,notumor,0,0,True,False
Testing/notumor/Te-no_345.jpg,Training/notumor/Tr-no_382.jpg,Testing,Training,notumor,notumor,0,0,True,False
Testing/notumor/Te-no_346.jpg,Training/notumor/Tr-no_501.jpg,Testing,Training,notumor,notumor,0,3,True,False
Testing/notumor/Te-no_346.jpg,Training/notumor/Tr-no_1087.jpg,Testing,Training,notumor,notumor,0,0,True,False
Testing/notumor/Te-no_346.jpg,Training/notumor/Tr-no_753.jpg,Testing,Training,notumor,notumor,0,0,True,False
Testing/notumor/Te-no_346.jpg,Training/notumor/Tr-no_294.jpg,Testing,Training,notumor,notumor,0,0,True,False
Testing/notumor/Te-no_346.jpg,Training/notumor/Tr-no_540.jpg,Testing,Training,notumor,notumor,0,0,True,False
Testing/notumor/Te-no_346.jpg,Training/notumor/Tr-no_444.jpg,Testing,Training,notumor,notumor,0,0,True,False
Testing/notumor/Te-no_346.jpg,Training/notumor/Tr-no_1268.jpg,Testing,Training,notumor,notumor,0,0,True,False
Testing/notumor/Te-no_346.jpg,Training/notumor/Tr-no_714.jpg,Testing,Training,notumor,notumor,0,3,True,False
Testing/notumor/Te-no_346.jpg,Training/notumor/Tr-no_723.jpg,Testing,Training,notumor,notumor,0,3,True,False
Testing/notumor/Te-no_346.jpg,Training/notumor/Tr-no_96.jpg,Testing,Training,notumor,notumor,0,0,True,False
Testing/notumor/Te-no_347.jpg,Training/notumor/Tr-no_1132.jpg,Testing,Training,notumor,notumor,0,0,True,False
Testing/notumor/Te-no_347.jpg,Training/notumor/Tr-no_510.jpg,Testing,Training,notumor,notumor,0,0,True,False
Testing/notumor/Te-no_347.jpg,Training/notumor/Tr-no_1032.jpg,Testing,Training,notumor,notumor,0,0,True,False
Testing/notumor/Te-no_347.jpg,Training/notumor/Tr-no_87.jpg,Testing,Training,notumor,notumor,0,0,True,False
Testing/notumor/Te-no_347.jpg,Training/notumor/Tr-no_640.jpg,Testing,Training,notumor,notumor,0,0,True,False
Testing/notumor/Te-no_347.jpg,Training/notumor/Tr-no_1214.jpg,Testing,Training,notumor,notumor,0,0,True,False
Testing/notumor/Te-no_347.jpg,Training/notumor/Tr-no_498.jpg,Testing,Training,notumor,notumor,0,0,True,False
Testing/notumor/Te-no_347.jpg,Training/notumor/Tr-no_730.jpg,Testing,Training,notumor,notumor,0,0,True,False
Testing/notumor/Te-no_348.jpg,Training/notumor/Tr-no_793.jpg,Testing,Training,notumor,notumor,0,0,True,False
Testing/notumor/Te-no_348.jpg,Training/notumor/Tr-no_1034.jpg,Testing,Training,notumor,notumor,0,0,True,False
Testing/notumor/Te-no_348.jpg,Training/notumor/Tr-no_146.jpg,Testing,Training,notumor,notumor,0,0,True,False
Testing/notumor/Te-no_348.jpg,Training/notumor/Tr-no_1233.jpg,Testing,Training,notumor,notumor,0,0,True,False
Testing/notumor/Te-no_348.jpg,Training/notumor/Tr-no_896.jpg,Testing,Training,notumor,notumor,0,0,True,False
Testing/notumor/Te-no_349.jpg,Training/notumor/Tr-no_621.jpg,Testing,Training,notumor,notumor,0,0,True,False
Testing/notumor/Te-no_349.jpg,Training/notumor/Tr-no_1136.jpg,Testing,Training,notumor,notumor,0,0,True,False
Testing/notumor/Te-no_349.jpg,Training/notumor/Tr-no_480.jpg,Testing,Training,notumor,notumor,0,0,True,False
Testing/notumor/Te-no_349.jpg,Training/notumor/Tr-no_835.jpg,Testing,Training,notumor,notumor,0,0,True,False
Testing/notumor/Te-no_349.jpg,Training/notumor/Tr-no_548.jpg,Testing,Training,notumor,notumor,4,0,True,False
Testing/notumor/Te-no_35.jpg,Training/notumor/Tr-no_620.jpg,Testing,Training,notumor,notumor,2,0,True,False
Testing/notumor/Te-no_35.jpg,Training/notumor/Tr-no_402.jpg,Testing,Training,notumor,notumor,0,0,True,False
Testing/notumor/Te-no_35.jpg,Training/notumor/Tr-no_403.jpg,Testing,Training,notumor,notumor,0,0,True,False
Testing/notumor/Te-no_35.jpg,Training/notumor/Tr-no_873.jpg,Testing,Training,notumor,notumor,2,0,True,False
Testing/notumor/Te-no_35.jpg,Training/notumor/Tr-no_643.jpg,Testing,Training,notumor,notumor,2,0,True,False
Testing/notumor/Te-no_35.jpg,Training/notumor/Tr-no_1220.jpg,Testing,Training,notumor,notumor,2,0,True,False
Testing/notumor/Te-no_35.jpg,Training/notumor/Tr-no_1.jpg,Testing,Training,notumor,notumor,0,0,True,False
Testing/notumor/Te-no_35.jpg,Training/notumor/Tr-no_2.jpg,Testing,Training,notumor,notumor,2,0,True,False
Testing/notumor/Te-no_35.jpg,Training/notumor/Tr-no_1244.jpg,Testing,Training,notumor,notumor,2,0,True,False
Testing/notumor/Te-no_35.jpg,Training/notumor/Tr-no_217.jpg,Testing,Training,notumor,notumor,4,0,True,False
Testing/notumor/Te-no_35.jpg,Training/notumor/Tr-no_227.jpg,Testing,Training,notumor,notumor,2,0,True,False
Testing/notumor/Te-no_35.jpg,Training/notumor/Tr-no_690.jpg,Testing,Training,notumor,notumor,2,0,True,False
Testing/notumor/Te-no_35.jpg,Training/notumor/Tr-no_23.jpg,Testing,Training,notumor,notumor,4,0,True,False
Testing/notumor/Te-no_35.jpg,Training/notumor/Tr-no_234.jpg,Testing,Training,notumor,notumor,2,0,True,False
Testing/notumor/Te-no_35.jpg,Training/notumor/Tr-no_488.jpg,Testing,Training,notumor,notumor,0,0,True,False
Testing/notumor/Te-no_35.jpg,Training/notumor/Tr-no_955.jpg,Testing,Training,notumor,notumor,2,0,True,False
Testing/notumor/Te-no_35.jpg,Training/notumor/Tr-no_735.jpg,Testing,Training,notumor,notumor,0,0,True,False
Testing/notumor/Te-no_35.jpg,Training/notumor/Tr-no_1304.jpg,Testing,Training,notumor,notumor,4,0,True,False
Testing/notumor/Te-no_35.jpg,Training/notumor/Tr-no_74.jpg,Testing,Training,notumor,notumor,0,0,True,False
Testing/notumor/Te-no_35.jpg,Training/notumor/Tr-no_514.jpg,Testing,Training,notumor,notumor,0,0,True,False
Testing/notumor/Te-no_35.jpg,Training/notumor/Tr-no_1083.jpg,Testing,Training,notumor,notumor,4,0,True,False
Testing/notumor/Te-no_35.jpg,Training/notumor/Tr-no_781.jpg,Testing,Training,notumor,notumor,2,0,True,False
Testing/notumor/Te-no_35.jpg,Training/notumor/Tr-no_559.jpg,Testing,Training,notumor,notumor,2,0,True,False
Testing/notumor/Te-no_35.jpg,Training/notumor/Tr-no_113.jpg,Testing,Training,notumor,notumor,4,0,True,False
Testing/notumor/Te-no_35.jpg,Training/notumor/Tr-no_331.jpg,Testing,Training,notumor,notumor,2,0,True,False
Testing/notumor/Te-no_35.jpg,Training/notumor/Tr-no_1371.jpg,Testing,Training,notumor,notumor,0,0,True,False
Testing/notumor/Te-no_35.jpg,Training/notumor/Tr-no_1375.jpg,Testing,Training,notumor,notumor,0,0,True,False
Testing/notumor/Te-no_35.jpg,Training/notumor/Tr-no_586.jpg,Testing,Training,notumor,notumor,2,0,True,False
Testing/notumor/Te-no_35.jpg,Training/notumor/Tr-no_1392.jpg,Testing,Training,notumor,notumor,2,0,True,False
Testing/notumor/Te-no_35.jpg,Training/notumor/Tr-no_595.jpg,Testing,Training,notumor,notumor,0,0,True,False
Testing/notumor/Te-no_35.jpg,Training/notumor/Tr-no_1163.jpg,Testing,Training,notumor,notumor,2,0,True,False
Testing/notumor/Te-no_35.jpg,Training/notumor/Tr-no_597.jpg,Testing,Training,notumor,notumor,0,0,True,False
Testing/notumor/Te-no_35.jpg,Training/notumor/Tr-no_37.jpg,Testing,Training,notumor,notumor,2,0,True,False
Testing/notumor/Te-no_35.jpg,Training/notumor/Tr-no_1170.jpg,Testing,Training,notumor,notumor,2,0,True,False
Testing/notumor/Te-no_35.jpg,Training/notumor/Tr-no_152.jpg,Testing,Training,notumor,notumor,4,0,True,False
Testing/notumor/Te-no_350.jpg,Training/notumor/Tr-no_1189.jpg,Testing,Training,notumor,notumor,0,1,True,False
Testing/notumor/Te-no_350.jpg,Training/notumor/Tr-no_69.jpg,Testing,Training,notumor,notumor,0,0,True,False
Testing/notumor/Te-no_350.jpg,Training/notumor/Tr-no_1204.jpg,Testing,Training,notumor,notumor,0,0,True,False
Testing/notumor/Te-no_350.jpg,Training/notumor/Tr-no_466.jpg,Testing,Training,notumor,notumor,0,1,True,False
Testing/notumor/Te-no_350.jpg,Training/notumor/Tr-no_1095.jpg,Testing,Training,notumor,notumor,0,0,True,False
Testing/notumor/Te-no_350.jpg,Training/notumor/Tr-no_584.jpg,Testing,Training,notumor,notumor,0,0,True,False
Testing/notumor/Te-no_350.jpg,Training/notumor/Tr-no_882.jpg,Testing,Training,notumor,notumor,0,0,True,False
Testing/notumor/Te-no_350.jpg,Training/notumor/Tr-no_768.jpg,Testing,Training,notumor,notumor,2,0,True,False
Testing/notumor/Te-no_350.jpg,Training/notumor/Tr-no_775.jpg,Testing,Training,notumor,notumor,0,0,True,False
Testing/notumor/Te-no_350.jpg,Training/notumor/Tr-no_317.jpg,Testing,Training,notumor,notumor,0,0,True,False
Testing/notumor/Te-no_350.jpg,Training/notumor/Tr-no_1237.jpg,Testing,Training,notumor,notumor,0,0,True,False
Testing/notumor/Te-no_351.jpg,Training/notumor/Tr-no_46.jpg,Testing,Training,notumor,notumor,2,0,True,False
Testing/notumor/Te-no_351.jpg,Training/notumor/Tr-no_5.jpg,Testing,Training,notumor,notumor,0,0,True,False
Testing/notumor/Te-no_351.jpg,Training/notumor/Tr-no_611.jpg,Testing,Training,notumor,notumor,0,0,True,False
Testing/notumor/Te-no_351.jpg,Training/notumor/Tr-no_1027.jpg,Testing,Training,notumor,notumor,2,0,True,False
Testing/notumor/Te-no_351.jpg,Training/notumor/Tr-no_693.jpg,Testing,Training,notumor,notumor,0,0,True,False
Testing/notumor/Te-no_351.jpg,Training/notumor/Tr-no_709.jpg,Testing,Training,notumor,notumor,0,0,True,False
Testing/notumor/Te-no_351.jpg,Training/notumor/Tr-no_1060.jpg,Testing,Training,notumor,notumor,0,0,True,False
Testing/notumor/Te-no_351.jpg,Training/notumor/Tr-no_1062.jpg,Testing,Training,notumor,notumor,0,0,True,False
Testing/notumor/Te-no_351.jpg,Training/notumor/Tr-no_1071.jpg,Testing,Training,notumor,notumor,0,0,True,False
Testing/notumor/Te-no_351.jpg,Training/notumor/Tr-no_109.jpg,Testing,Training,notumor,notumor,0,0,True,False
Testing/notumor/Te-no_351.jpg,Training/notumor/Tr-no_1102.jpg,Testing,Training,notumor,notumor,0,0,True,False
Testing/notumor/Te-no_351.jpg,Training/notumor/Tr-no_1124.jpg,Testing,Training,notumor,notumor,0,0,True,False
Testing/notumor/Te-no_351.jpg,Training/notumor/Tr-no_1138.jpg,Testing,Training,notumor,notumor,0,0,True,False
Testing/notumor/Te-no_351.jpg,Training/notumor/Tr-no_82.jpg,Testing,Training,notumor,notumor,0,0,True,False
Testing/notumor/Te-no_351.jpg,Training/notumor/Tr-no_1183.jpg,Testing,Training,notumor,notumor,0,0,True,False
Testing/notumor/Te-no_351.jpg,Training/notumor/Tr-no_1252.jpg,Testing,Training,notumor,notumor,2,0,True,False
Testing/notumor/Te-no_351.jpg,Training/notumor/Tr-no_1257.jpg,Testing,Training,notumor,notumor,0,0,True,False
Testing/notumor/Te-no_351.jpg,Training/notumor/Tr-no_169.jpg,Testing,Training,notumor,notumor,6,0,True,False
Testing/notumor/Te-no_351.jpg,Training/notumor/Tr-no_203.jpg,Testing,Training,notumor,notumor,0,0,True,False
Testing/notumor/Te-no_351.jpg,Training/notumor/Tr-no_21.jpg,Testing,Training,notumor,notumor,0,0,True,False
Testing/notumor/Te-no_351.jpg,Training/notumor/Tr-no_224.jpg,Testing,Training,notumor,notumor,0,0,True,False
Testing/notumor/Te-no_351.jpg,Training/notumor/Tr-no_232.jpg,Testing,Training,notumor,notumor,0,0,True,False
Testing/notumor/Te-no_351.jpg,Training/notumor/Tr-no_241.jpg,Testing,Training,notumor,notumor,2,0,True,False
Testing/notumor/Te-no_351.jpg,Training/notumor/Tr-no_249.jpg,Testing,Training,notumor,notumor,0,0,True,False
Testing/notumor/Te-no_351.jpg,Training/notumor/Tr-no_251.jpg,Testing,Training,notumor,notumor,0,0,True,False
Testing/notumor/Te-no_351.jpg,Training/notumor/Tr-no_267.jpg,Testing,Training,notumor,notumor,0,0,True,False
Testing/notumor/Te-no_351.jpg,Training/notumor/Tr-no_29.jpg,Testing,Training,notumor,notumor,0,0,True,False
Testing/notumor/Te-no_351.jpg,Training/notumor/Tr-no_322.jpg,Testing,Training,notumor,notumor,0,0,True,False
Testing/notumor/Te-no_351.jpg,Training/notumor/Tr-no_339.jpg,Testing,Training,notumor,notumor,0,0,True,False
Testing/notumor/Te-no_351.jpg,Training/notumor/Tr-no_351.jpg,Testing,Training,notumor,notumor,6,0,True,False
Testing/notumor/Te-no_351.jpg,Training/notumor/Tr-no_371.jpg,Testing,Training,notumor,notumor,0,0,True,False
Testing/notumor/Te-no_353.jpg,Training/notumor/Tr-no_393.jpg,Testing,Training,notumor,notumor,0,0,True,False
Testing/notumor/Te-no_353.jpg,Training/notumor/Tr-no_627.jpg,Testing,Training,notumor,notumor,0,0,True,False
Testing/notumor/Te-no_353.jpg,Training/notumor/Tr-no_981.jpg,Testing,Training,notumor,notumor,0,0,True,False
Testing/notumor/Te-no_353.jpg,Training/notumor/Tr-no_877.jpg,Testing,Training,notumor,notumor,0,0,True,False
Testing/notumor/Te-no_353.jpg,Training/notumor/Tr-no_646.jpg,Testing,Training,notumor,notumor,0,0,True,False
Testing/notumor/Te-no_353.jpg,Training/notumor/Tr-no_999.jpg,Testing,Training,notumor,notumor,0,0,True,False
Testing/notumor/Te-no_353.jpg,Training/notumor/Tr-no_1119.jpg,Testing,Training,notumor,notumor,0,0,True,False
Testing/notumor/Te-no_353.jpg,Training/notumor/Tr-no_785.jpg,Testing,Training,notumor,notumor,0,0,True,False
Testing/notumor/Te-no_353.jpg,Training/notumor/Tr-no_441.jpg,Testing,Training,notumor,notumor,0,0,True,False
Testing/notumor/Te-no_353.jpg,Training/notumor/Tr-no_561.jpg,Testing,Training,notumor,notumor,0,0,True,False
Testing/notumor/Te-no_353.jpg,Training/notumor/Tr-no_678.jpg,Testing,Training,notumor,notumor,0,0,True,False
Testing/notumor/Te-no_353.jpg,Training/notumor/Tr-no_1362.jpg,Testing,Training,notumor,notumor,0,0,True,False
Testing/notumor/Te-no_353.jpg,Training/notumor/Tr-no_1022.jpg,Testing,Training,notumor,notumor,0,0,True,False
Testing/notumor/Te-no_354.jpg,Training/notumor/Tr-no_388.jpg,Testing,Training,notumor,notumor,0,0,True,False
Testing/notumor/Te-no_354.jpg,Training/notumor/Tr-no_636.jpg,Testing,Training,notumor,notumor,0,0,True,False
Testing/notumor/Te-no_354.jpg,Training/notumor/Tr-no_932.jpg,Testing,Training,notumor,notumor,0,0,True,False
Testing/notumor/Te-no_354.jpg,Training/notumor/Tr-no_1218.jpg,Testing,Training,notumor,notumor,0,0,True,False
Testing/notumor/Te-no_354.jpg,Training/notumor/Tr-no_1391.jpg,Testing,Training,notumor,notumor,2,0,True,False
Testing/notumor/Te-no_354.jpg,Training/notumor/Tr-no_202.jpg,Testing,Training,notumor,notumor,0,0,True,False
Testing/notumor/Te-no_354.jpg,Training/notumor/Tr-no_837.jpg,Testing,Training,notumor,notumor,0,0,True,False
Testing/notumor/Te-no_354.jpg,Training/notumor/Tr-no_439.jpg,Testing,Training,notumor,notumor,0,0,True,False
Testing/notumor/Te-no_354.jpg,Training/notumor/Tr-no_557.jpg,Testing,Training,notumor,notumor,0,0,True,False
Testing/notumor/Te-no_355.jpg,Training/notumor/Tr-no_110.jpg,Testing,Training,notumor,notumor,0,0,True,False
Testing/notumor/Te-no_355.jpg,Training/notumor/Tr-no_70.jpg,Testing,Training,notumor,notumor,0,0,True,False
Testing/notumor/Te-no_355.jpg,Training/notumor/Tr-no_107.jpg,Testing,Training,notumor,notumor,0,0,True,False
Testing/notumor/Te-no_356.jpg,Training/notumor/Tr-no_563.jpg,Testing,Training,notumor,notumor,0,0,True,False
Testing/notumor/Te-no_356.jpg,Training/notumor/Tr-no_593.jpg,Testing,Training,notumor,notumor,0,0,True,False
Testing/notumor/Te-no_356.jpg,Training/notumor/Tr-no_997.jpg,Testing,Training,notumor,notumor,0,1,True,False
Testing/notumor/Te-no_356.jpg,Training/notumor/Tr-no_1363.jpg,Testing,Training,notumor,notumor,0,1,True,False
Testing/notumor/Te-no_356.jpg,Training/notumor/Tr-no_140.jpg,Testing,Training,notumor,notumor,0,0,True,False
Testing/notumor/Te-no_357.jpg,Training/notumor/Tr-no_504.jpg,Testing,Training,notumor,notumor,0,0,True,False
Testing/notumor/Te-no_357.jpg,Training/notumor/Tr-no_223.jpg,Testing,Training,notumor,notumor,0,0,True,False
Testing/notumor/Te-no_357.jpg,Training/notumor/Tr-no_811.jpg,Testing,Training,notumor,notumor,0,0,True,False
Testing/notumor/Te-no_357.jpg,Training/notumor/Tr-no_585.jpg,Testing,Training,notumor,notumor,0,0,True,False
Testing/notumor/Te-no_357.jpg,Training/notumor/Tr-no_1276.jpg,Testing,Training,notumor,notumor,0,0,True,False
Testing/notumor/Te-no_357.jpg,Training/notumor/Tr-no_1103.jpg,Testing,Training,notumor,notumor,0,0,True,False
Testing/notumor/Te-no_357.jpg,Training/notumor/Tr-no_1052.jpg,Testing,Training,notumor,notumor,0,0,True,False
Testing/notumor/Te-no_357.jpg,Training/notumor/Tr-no_948.jpg,Testing,Training,notumor,notumor,0,0,True,False
Testing/notumor/Te-no_358.jpg,Training/notumor/Tr-no_620.jpg,Testing,Training,notumor,notumor,0,0,True,False
Testing/notumor/Te-no_358.jpg,Training/notumor/Tr-no_402.jpg,Testing,Training,notumor,notumor,2,0,True,False
Testing/notumor/Te-no_358.jpg,Training/notumor/Tr-no_403.jpg,Testing,Training,notumor,notumor,2,0,True,False
Testing/notumor/Te-no_358.jpg,Training/notumor/Tr-no_873.jpg,Testing,Training,notumor,notumor,2,0,True,False
Testing/notumor/Te-no_358.jpg,Training/notumor/Tr-no_643.jpg,Testing,Training,notumor,notumor,2,0,True,False
Testing/notumor/Te-no_358.jpg,Training/notumor/Tr-no_1220.jpg,Testing,Training,notumor,notumor,0,0,True,False
Testing/notumor/Te-no_358.jpg,Training/notumor/Tr-no_2.jpg,Testing,Training,notumor,notumor,0,0,True,False
Testing/notumor/Te-no_358.jpg,Training/notumor/Tr-no_1.jpg,Testing,Training,notumor,notumor,2,0,True,False
Testing/notumor/Te-no_358.jpg,Training/notumor/Tr-no_1244.jpg,Testing,Training,notumor,notumor,0,0,True,False
Testing/notumor/Te-no_358.jpg,Training/notumor/Tr-no_217.jpg,Testing,Training,notumor,notumor,2,0,True,False
Testing/notumor/Te-no_358.jpg,Training/notumor/Tr-no_227.jpg,Testing,Training,notumor,notumor,0,0,True,False
Testing/notumor/Te-no_358.jpg,Training/notumor/Tr-no_690.jpg,Testing,Training,notumor,notumor,2,0,True,False
Testing/notumor/Te-no_358.jpg,Training/notumor/Tr-no_23.jpg,Testing,Training,notumor,notumor,2,0,True,False
Testing/notumor/Te-no_358.jpg,Training/notumor/Tr-no_234.jpg,Testing,Training,notumor,notumor,2,0,True,False
Testing/notumor/Te-no_358.jpg,Training/notumor/Tr-no_488.jpg,Testing,Training,notumor,notumor,2,0,True,False
Testing/notumor/Te-no_358.jpg,Training/notumor/Tr-no_955.jpg,Testing,Training,notumor,notumor,0,0,True,False
Testing/notumor/Te-no_358.jpg,Training/notumor/Tr-no_735.jpg,Testing,Training,notumor,notumor,2,0,True,False
Testing/notumor/Te-no_358.jpg,Training/notumor/Tr-no_1304.jpg,Testing,Training,notumor,notumor,2,0,True,False
Testing/notumor/Te-no_358.jpg,Training/notumor/Tr-no_74.jpg,Testing,Training,notumor,notumor,2,0,True,False
Testing/notumor/Te-no_358.jpg,Training/notumor/Tr-no_1083.jpg,Testing,Training,notumor,notumor,2,0,True,False
Testing/notumor/Te-no_358.jpg,Training/notumor/Tr-no_514.jpg,Testing,Training,notumor,notumor,2,0,True,False
Testing/notumor/Te-no_358.jpg,Training/notumor/Tr-no_781.jpg,Testing,Training,notumor,notumor,0,0,True,False
Testing/notumor/Te-no_358.jpg,Training/notumor/Tr-no_559.jpg,Testing,Training,notumor,notumor,0,0,True,False
Testing/notumor/Te-no_358.jpg,Training/notumor/Tr-no_113.jpg,Testing,Training,notumor,notumor,2,0,True,False
Testing/notumor/Te-no_358.jpg,Training/notumor/Tr-no_331.jpg,Testing,Training,notumor,notumor,0,0,True,False
Testing/notumor/Te-no_358.jpg,Training/notumor/Tr-no_1371.jpg,Testing,Training,notumor,notumor,2,0,True,False
Testing/notumor/Te-no_358.jpg,Training/notumor/Tr-no_1375.jpg,Testing,Training,notumor,notumor,2,0,True,False
Testing/notumor/Te-no_358.jpg,Training/notumor/Tr-no_586.jpg,Testing,Training,notumor,notumor,0,0,True,False
Testing/notumor/Te-no_358.jpg,Training/notumor/Tr-no_1392.jpg,Testing,Training,notumor,notumor,0,0,True,False
Testing/notumor/Te-no_358.jpg,Training/notumor/Tr-no_1163.jpg,Testing,Training,notumor,notumor,0,0,True,False
Testing/notumor/Te-no_358.jpg,Training/notumor/Tr-no_595.jpg,Testing,Training,notumor,notumor,2,0,True,False
Testing/notumor/Te-no_358.jpg,Training/notumor/Tr-no_597.jpg,Testing,Training,notumor,notumor,2,0,True,False
Testing/notumor/Te-no_358.jpg,Training/notumor/Tr-no_37.jpg,Testing,Training,notumor,notumor,2,0,True,False
Testing/notumor/Te-no_358.jpg,Training/notumor/Tr-no_1170.jpg,Testing,Training,notumor,notumor,0,0,True,False
Testing/notumor/Te-no_358.jpg,Training/notumor/Tr-no_833.jpg,Testing,Training,notumor,notumor,0,1,True,False
Testing/notumor/Te-no_358.jpg,Training/notumor/Tr-no_841.jpg,Testing,Training,notumor,notumor,0,1,True,False
Testing/notumor/Te-no_358.jpg,Training/notumor/Tr-no_152.jpg,Testing,Training,notumor,notumor,2,0,True,False
Testing/notumor/Te-no_359.jpg,Training/notumor/Tr-no_1189.jpg,Testing,Training,notumor,notumor,0,0,True,False
Testing/notumor/Te-no_359.jpg,Training/notumor/Tr-no_1204.jpg,Testing,Training,notumor,notumor,0,0,True,False
Testing/notumor/Te-no_359.jpg,Training/notumor/Tr-no_1095.jpg,Testing,Training,notumor,notumor,0,0,True,False
Testing/notumor/Te-no_359.jpg,Training/notumor/Tr-no_882.jpg,Testing,Training,notumor,notumor,0,0,True,False
Testing/notumor/Te-no_359.jpg,Training/notumor/Tr-no_768.jpg,Testing,Training,notumor,notumor,0,0,True,False
Testing/notumor/Te-no_359.jpg,Training/notumor/Tr-no_775.jpg,Testing,Training,notumor,notumor,0,0,True,False
Testing/notumor/Te-no_359.jpg,Training/notumor/Tr-no_317.jpg,Testing,Training,notumor,notumor,0,0,True,False
Testing/notumor/Te-no_359.jpg,Training/notumor/Tr-no_1237.jpg,Testing,Training,notumor,notumor,0,0,True,False
Testing/notumor/Te-no_359.jpg,Training/notumor/Tr-no_69.jpg,Testing,Training,notumor,notumor,0,0,True,False
Testing/notumor/Te-no_359.jpg,Training/notumor/Tr-no_466.jpg,Testing,Training,notumor,notumor,0,0,True,False
Testing/notumor/Te-no_359.jpg,Training/notumor/Tr-no_584.jpg,Testing,Training,notumor,notumor,0,1,True,False
Testing/notumor/Te-no_36.jpg,Training/notumor/Tr-no_1081.jpg,Testing,Training,notumor,notumor,0,0,True,False
Testing/notumor/Te-no_36.jpg,Training/notumor/Tr-no_528.jpg,Testing,Training,notumor,notumor,0,0,True,False
Testing/notumor/Te-no_36.jpg,Training/notumor/Tr-no_1328.jpg,Testing,Training,notumor,notumor,0,0,True,False
Testing/notumor/Te-no_36.jpg,Training/notumor/Tr-no_645.jpg,Testing,Training,notumor,notumor,0,0,True,False
Testing/notumor/Te-no_36.jpg,Training/notumor/Tr-no_1112.jpg,Testing,Training,notumor,notumor,0,0,True,False
Testing/notumor/Te-no_36.jpg,Training/notumor/Tr-no_1113.jpg,Testing,Training,notumor,notumor,0,0,True,False
Testing/notumor/Te-no_36.jpg,Training/notumor/Tr-no_778.jpg,Testing,Training,notumor,notumor,0,0,True,False
Testing/notumor/Te-no_36.jpg,Training/notumor/Tr-no_200.jpg,Testing,Training,notumor,notumor,0,0,True,False
Testing/notumor/Te-no_36.jpg,Training/notumor/Tr-no_437.jpg,Testing,Training,notumor,notumor,0,0,True,False
Testing/notumor/Te-no_36.jpg,Training/notumor/Tr-no_554.jpg,Testing,Training,notumor,notumor,0,0,True,False
Testing/notumor/Te-no_36.jpg,Training/notumor/Tr-no_791.jpg,Testing,Training,notumor,notumor,0,0,True,False
Testing/notumor/Te-no_36.jpg,Training/notumor/Tr-no_1246.jpg,Testing,Training,notumor,notumor,0,0,True,False
Testing/notumor/Te-no_36.jpg,Training/notumor/Tr-no_1259.jpg,Testing,Training,notumor,notumor,0,0,True,False
Testing/notumor/Te-no_36.jpg,Training/notumor/Tr-no_928.jpg,Testing,Training,notumor,notumor,0,0,True,False
Testing/notumor/Te-no_36.jpg,Training/notumor/Tr-no_473.jpg,Testing,Training,notumor,notumor,0,0,True,False
Testing/notumor/Te-no_360.jpg,Training/notumor/Tr-no_16.jpg,Testing,Training,notumor,notumor,0,0,True,False
Testing/notumor/Te-no_360.jpg,Training/notumor/Tr-no_1076.jpg,Testing,Training,notumor,notumor,0,0,True,False
Testing/notumor/Te-no_360.jpg,Training/notumor/Tr-no_1078.jpg,Testing,Training,notumor,notumor,0,0,True,False
Testing/notumor/Te-no_360.jpg,Training/notumor/Tr-no_624.jpg,Testing,Training,notumor,notumor,4,0,True,False
Testing/notumor/Te-no_360.jpg,Training/notumor/Tr-no_1202.jpg,Testing,Training,notumor,notumor,0,0,True,False
Testing/notumor/Te-no_360.jpg,Training/notumor/Tr-no_521.jpg,Testing,Training,notumor,notumor,0,0,True,False
Testing/notumor/Te-no_360.jpg,Training/notumor/Tr-no_529.jpg,Testing,Training,notumor,notumor,4,0,True,False
Testing/notumor/Te-no_360.jpg,Training/notumor/Tr-no_53.jpg,Testing,Training,notumor,notumor,0,0,True,False
Testing/notumor/Te-no_360.jpg,Training/notumor/Tr-no_883.jpg,Testing,Training,notumor,notumor,4,0,True,False
Testing/notumor/Te-no_360.jpg,Training/notumor/Tr-no_424.jpg,Testing,Training,notumor,notumor,0,0,True,False
Testing/notumor/Te-no_360.jpg,Training/notumor/Tr-no_773.jpg,Testing,Training,notumor,notumor,0,0,True,False
Testing/notumor/Te-no_360.jpg,Training/notumor/Tr-no_89.jpg,Testing,Training,notumor,notumor,4,0,True,False
Testing/notumor/Te-no_360.jpg,Training/notumor/Tr-no_66.jpg,Testing,Training,notumor,notumor,0,0,True,False
Testing/notumor/Te-no_360.jpg,Training/notumor/Tr-no_776.jpg,Testing,Training,notumor,notumor,4,0,True,False
Testing/notumor/Te-no_360.jpg,Training/notumor/Tr-no_780.jpg,Testing,Training,notumor,notumor,0,0,True,False
Testing/notumor/Te-no_360.jpg,Training/notumor/Tr-no_1241.jpg,Testing,Training,notumor,notumor,4,0,True,False
Testing/notumor/Te-no_360.jpg,Training/notumor/Tr-no_213.jpg,Testing,Training,notumor,notumor,0,0,True,False
Testing/notumor/Te-no_360.jpg,Training/notumor/Tr-no_1370.jpg,Testing,Training,notumor,notumor,0,0,True,False
Testing/notumor/Te-no_360.jpg,Training/notumor/Tr-no_35.jpg,Testing,Training,notumor,notumor,0,0,True,False
Testing/notumor/Te-no_360.jpg,Training/notumor/Tr-no_583.jpg,Testing,Training,notumor,notumor,0,0,True,False
Testing/notumor/Te-no_360.jpg,Training/notumor/Tr-no_1161.jpg,Testing,Training,notumor,notumor,4,0,True,False
Testing/notumor/Te-no_360.jpg,Training/notumor/Tr-no_1053.jpg,Testing,Training,notumor,notumor,0,0,True,False
Testing/notumor/Te-no_360.jpg,Training/notumor/Tr-no_254.jpg,Testing,Training,notumor,notumor,0,0,True,False
Testing/notumor/Te-no_360.jpg,Training/notumor/Tr-no_1174.jpg,Testing,Training,notumor,notumor,4,0,True,False
Testing/notumor/Te-no_360.jpg,Training/notumor/Tr-no_497.jpg,Testing,Training,notumor,notumor,0,0,True,False
Testing/notumor/Te-no_360.jpg,Training/notumor/Tr-no_1299.jpg,Testing,Training,notumor,notumor,0,0,True,False
Testing/notumor/Te-no_361.jpg,Training/notumor/Tr-no_392.jpg,Testing,Training,notumor,notumor,0,0,True,False
Testing/notumor/Te-no_361.jpg,Training/notumor/Tr-no_177.jpg,Testing,Training,notumor,notumor,0,0,True,False
Testing/notumor/Te-no_361.jpg,Training/notumor/Tr-no_652.jpg,Testing,Training,notumor,notumor,0,0,True,False
Testing/notumor/Te-no_361.jpg,Training/notumor/Tr-no_194.jpg,Testing,Training,notumor,notumor,0,0,True,False
Testing/notumor/Te-no_361.jpg,Training/notumor/Tr-no_888.jpg,Testing,Training,notumor,notumor,0,0,True,False
Testing/notumor/Te-no_361.jpg,Training/notumor/Tr-no_904.jpg,Testing,Training,notumor,notumor,2,0,True,False
Testing/notumor/Te-no_361.jpg,Training/notumor/Tr-no_219.jpg,Testing,Training,notumor,notumor,0,0,True,False
Testing/notumor/Te-no_361.jpg,Training/notumor/Tr-no_566.jpg,Testing,Training,notumor,notumor,2,0,True,False
Testing/notumor/Te-no_361.jpg,Training/notumor/Tr-no_1142.jpg,Testing,Training,notumor,notumor,0,0,True,False
Testing/notumor/Te-no_361.jpg,Training/notumor/Tr-no_1277.jpg,Testing,Training,notumor,notumor,0,0,True,False
Testing/notumor/Te-no_361.jpg,Training/notumor/Tr-no_385.jpg,Testing,Training,notumor,notumor,0,0,True,False
Testing/notumor/Te-no_362.jpg,Training/notumor/Tr-no_848.jpg,Testing,Training,notumor,notumor,0,0,True,False
Testing/notumor/Te-no_362.jpg,Training/notumor/Tr-no_119.jpg,Testing,Training,notumor,notumor,0,0,True,False
Testing/notumor/Te-no_362.jpg,Training/notumor/Tr-no_1134.jpg,Testing,Training,notumor,notumor,0,0,True,False
Testing/notumor/Te-no_362.jpg,Training/notumor/Tr-no_855.jpg,Testing,Training,notumor,notumor,0,0,True,False
Testing/notumor/Te-no_362.jpg,Training/notumor/Tr-no_972.jpg,Testing,Training,notumor,notumor,0,0,True,False
Testing/notumor/Te-no_362.jpg,Training/notumor/Tr-no_1082.jpg,Testing,Training,notumor,notumor,0,0,True,False
Testing/notumor/Te-no_362.jpg,Training/notumor/Tr-no_340.jpg,Testing,Training,notumor,notumor,0,0,True,False
Testing/notumor/Te-no_362.jpg,Training/notumor/Tr-no_1377.jpg,Testing,Training,notumor,notumor,0,0,True,False
Testing/notumor/Te-no_362.jpg,Training/notumor/Tr-no_181.jpg,Testing,Training,notumor,notumor,0,0,True,False
Testing/notumor/Te-no_362.jpg,Training/notumor/Tr-no_88.jpg,Testing,Training,notumor,notumor,0,0,True,False
Testing/notumor/Te-no_362.jpg,Training/notumor/Tr-no_769.jpg,Testing,Training,notumor,notumor,0,0,True,False
Testing/notumor/Te-no_362.jpg,Training/notumor/Tr-no_1225.jpg,Testing,Training,notumor,notumor,0,0,True,False
Testing/notumor/Te-no_362.jpg,Training/notumor/Tr-no_1061.jpg,Testing,Training,notumor,notumor,0,0,True,False
Testing/notumor/Te-no_363.jpg,Training/notumor/Tr-no_515.jpg,Testing,Training,notumor,notumor,2,0,True,False
Testing/notumor/Te-no_363.jpg,Training/notumor/Tr-no_1321.jpg,Testing,Training,notumor,notumor,0,0,True,False
Testing/notumor/Te-no_363.jpg,Training/notumor/Tr-no_310.jpg,Testing,Training,notumor,notumor,0,0,True,False
Testing/notumor/Te-no_363.jpg,Training/notumor/Tr-no_663.jpg,Testing,Training,notumor,notumor,2,0,True,False
Testing/notumor/Te-no_363.jpg,Training/notumor/Tr-no_205.jpg,Testing,Training,notumor,notumor,0,0,True,False
Testing/notumor/Te-no_363.jpg,Training/notumor/Tr-no_212.jpg,Testing,Training,notumor,notumor,4,0,True,False
Testing/notumor/Te-no_363.jpg,Training/notumor/Tr-no_1012.jpg,Testing,Training,notumor,notumor,2,0,True,False
Testing/notumor/Te-no_363.jpg,Training/notumor/Tr-no_335.jpg,Testing,Training,notumor,notumor,2,0,True,False
Testing/notumor/Te-no_363.jpg,Training/notumor/Tr-no_458.jpg,Testing,Training,notumor,notumor,4,0,True,False
Testing/notumor/Te-no_363.jpg,Training/notumor/Tr-no_829.jpg,Testing,Training,notumor,notumor,2,0,True,False
Testing/notumor/Te-no_363.jpg,Training/notumor/Tr-no_1284.jpg,Testing,Training,notumor,notumor,0,0,True,False
Testing/notumor/Te-no_364.jpg,Training/notumor/Tr-no_1316.jpg,Testing,Training,notumor,notumor,0,0,True,False
Testing/notumor/Te-no_364.jpg,Training/notumor/Tr-no_460.jpg,Testing,Training,notumor,notumor,0,0,True,False
Testing/notumor/Te-no_364.jpg,Training/notumor/Tr-no_867.jpg,Testing,Training,notumor,notumor,0,0,True,False
Testing/notumor/Te-no_364.jpg,Training/notumor/Tr-no_984.jpg,Testing,Training,notumor,notumor,0,0,True,False
Testing/notumor/Te-no_364.jpg,Training/notumor/Tr-no_701.jpg,Testing,Training,notumor,notumor,0,0,True,False
Testing/notumor/Te-no_364.jpg,Training/notumor/Tr-no_1389.jpg,Testing,Training,notumor,notumor,0,0,True,False
Testing/notumor/Te-no_364.jpg,Training/notumor/Tr-no_475.jpg,Testing,Training,notumor,notumor,0,0,True,False
Testing/notumor/Te-no_364.jpg,Training/notumor/Tr-no_845.jpg,Testing,Training,notumor,notumor,0,0,True,False
Testing/notumor/Te-no_364.jpg,Training/notumor/Tr-no_364.jpg,Testing,Training,notumor,notumor,0,0,True,False
Testing/notumor/Te-no_365.jpg,Training/notumor/Tr-no_362.jpg,Testing,Training,notumor,notumor,0,0,True,False
Testing/notumor/Te-no_366.jpg,Training/notumor/Tr-no_1128.jpg,Testing,Training,notumor,notumor,0,0,True,False
Testing/notumor/Te-no_366.jpg,Training/notumor/Tr-no_1074.jpg,Testing,Training,notumor,notumor,0,0,True,False
Testing/notumor/Te-no_366.jpg,Training/notumor/Tr-no_578.jpg,Testing,Training,notumor,notumor,0,0,True,False
Testing/notumor/Te-no_366.jpg,Training/notumor/Tr-no_1399.jpg,Testing,Training,notumor,notumor,0,0,True,False
Testing/notumor/Te-no_366.jpg,Training/notumor/Tr-no_1231.jpg,Testing,Training,notumor,notumor,0,0,True,False
Testing/notumor/Te-no_366.jpg,Training/notumor/Tr-no_55.jpg,Testing,Training,notumor,notumor,0,0,True,False
Testing/notumor/Te-no_367.jpg,Training/notumor/Tr-no_1005.jpg,Testing,Training,notumor,notumor,0,0,True,False
Testing/notumor/Te-no_367.jpg,Training/notumor/Tr-no_1384.jpg,Testing,Training,notumor,notumor,0,0,True,False
Testing/notumor/Te-no_368.jpg,Training/notumor/Tr-no_276.jpg,Testing,Training,notumor,notumor,2,0,True,False
Testing/notumor/Te-no_368.jpg,Training/notumor/Tr-no_395.jpg,Testing,Training,notumor,notumor,2,0,True,False
Testing/notumor/Te-no_368.jpg,Training/notumor/Tr-no_108.jpg,Testing,Training,notumor,notumor,0,0,True,False
Testing/notumor/Te-no_368.jpg,Training/notumor/Tr-no_296.jpg,Testing,Training,notumor,notumor,0,0,True,False
Testing/notumor/Te-no_368.jpg,Training/notumor/Tr-no_989.jpg,Testing,Training,notumor,notumor,0,0,True,False
Testing/notumor/Te-no_368.jpg,Training/notumor/Tr-no_111.jpg,Testing,Training,notumor,notumor,4,0,True,False
Testing/notumor/Te-no_368.jpg,Training/notumor/Tr-no_1227.jpg,Testing,Training,notumor,notumor,0,0,True,False
Testing/notumor/Te-no_368.jpg,Training/notumor/Tr-no_795.jpg,Testing,Training,notumor,notumor,0,0,True,False
Testing/notumor/Te-no_368.jpg,Training/notumor/Tr-no_1251.jpg,Testing,Training,notumor,notumor,0,0,True,False
Testing/notumor/Te-no_368.jpg,Training/notumor/Tr-no_453.jpg,Testing,Training,notumor,notumor,0,0,True,False
Testing/notumor/Te-no_368.jpg,Training/notumor/Tr-no_588.jpg,Testing,Training,notumor,notumor,0,0,True,False
Testing/notumor/Te-no_368.jpg,Training/notumor/Tr-no_1047.jpg,Testing,Training,notumor,notumor,0,0,True,False
Testing/notumor/Te-no_368.jpg,Training/notumor/Tr-no_25.jpg,Testing,Training,notumor,notumor,2,0,True,False
Testing/notumor/Te-no_368.jpg,Training/notumor/Tr-no_1396.jpg,Testing,Training,notumor,notumor,0,0,True,False
Testing/notumor/Te-no_368.jpg,Training/notumor/Tr-no_947.jpg,Testing,Training,notumor,notumor,0,0,True,False
Testing/notumor/Te-no_368.jpg,Training/notumor/Tr-no_1055.jpg,Testing,Training,notumor,notumor,0,0,True,False
Testing/notumor/Te-no_368.jpg,Training/notumor/Tr-no_260.jpg,Testing,Training,notumor,notumor,0,0,True,False
Testing/notumor/Te-no_369.jpg,Training/notumor/Tr-no_620.jpg,Testing,Training,notumor,notumor,2,0,True,False
Testing/notumor/Te-no_369.jpg,Training/notumor/Tr-no_402.jpg,Testing,Training,notumor,notumor,2,0,True,False
Testing/notumor/Te-no_369.jpg,Training/notumor/Tr-no_403.jpg,Testing,Training,notumor,notumor,0,0,True,False
Testing/notumor/Te-no_369.jpg,Training/notumor/Tr-no_873.jpg,Testing,Training,notumor,notumor,0,0,True,False
Testing/notumor/Te-no_369.jpg,Training/notumor/Tr-no_643.jpg,Testing,Training,notumor,notumor,0,0,True,False
Testing/notumor/Te-no_369.jpg,Training/notumor/Tr-no_1220.jpg,Testing,Training,notumor,notumor,2,0,True,False
Testing/notumor/Te-no_369.jpg,Training/notumor/Tr-no_1.jpg,Testing,Training,notumor,notumor,0,0,True,False
Testing/notumor/Te-no_369.jpg,Training/notumor/Tr-no_2.jpg,Testing,Training,notumor,notumor,2,0,True,False
Testing/notumor/Te-no_369.jpg,Training/notumor/Tr-no_1244.jpg,Testing,Training,notumor,notumor,2,0,True,False
Testing/notumor/Te-no_369.jpg,Training/notumor/Tr-no_217.jpg,Testing,Training,notumor,notumor,2,0,True,False
Testing/notumor/Te-no_369.jpg,Training/notumor/Tr-no_227.jpg,Testing,Training,notumor,notumor,2,0,True,False
Testing/notumor/Te-no_369.jpg,Training/notumor/Tr-no_690.jpg,Testing,Training,notumor,notumor,0,0,True,False
Testing/notumor/Te-no_369.jpg,Training/notumor/Tr-no_23.jpg,Testing,Training,notumor,notumor,2,0,True,False
Testing/notumor/Te-no_369.jpg,Training/notumor/Tr-no_234.jpg,Testing,Training,notumor,notumor,0,0,True,False
Testing/notumor/Te-no_369.jpg,Training/notumor/Tr-no_488.jpg,Testing,Training,notumor,notumor,0,0,True,False
Testing/notumor/Te-no_369.jpg,Training/notumor/Tr-no_955.jpg,Testing,Training,notumor,notumor,2,0,True,False
Testing/notumor/Te-no_369.jpg,Training/notumor/Tr-no_735.jpg,Testing,Training,notumor,notumor,2,0,True,False
Testing/notumor/Te-no_369.jpg,Training/notumor/Tr-no_1304.jpg,Testing,Training,notumor,notumor,2,0,True,False
Testing/notumor/Te-no_369.jpg,Training/notumor/Tr-no_74.jpg,Testing,Training,notumor,notumor,0,0,True,False
Testing/notumor/Te-no_369.jpg,Training/notumor/Tr-no_514.jpg,Testing,Training,notumor,notumor,0,0,True,False
Testing/notumor/Te-no_369.jpg,Training/notumor/Tr-no_1083.jpg,Testing,Training,notumor,notumor,2,0,True,False
Testing/notumor/Te-no_369.jpg,Training/notumor/Tr-no_781.jpg,Testing,Training,notumor,notumor,2,0,True,False
Testing/notumor/Te-no_369.jpg,Training/notumor/Tr-no_559.jpg,Testing,Training,notumor,notumor,2,0,True,False
Testing/notumor/Te-no_369.jpg,Training/notumor/Tr-no_113.jpg,Testing,Training,notumor,notumor,2,0,True,False
Testing/notumor/Te-no_369.jpg,Training/notumor/Tr-no_331.jpg,Testing,Training,notumor,notumor,2,0,True,False
Testing/notumor/Te-no_369.jpg,Training/notumor/Tr-no_1371.jpg,Testing,Training,notumor,notumor,0,0,True,False
Testing/notumor/Te-no_369.jpg,Training/notumor/Tr-no_1375.jpg,Testing,Training,notumor,notumor,0,0,True,False
Testing/notumor/Te-no_369.jpg,Training/notumor/Tr-no_586.jpg,Testing,Training,notumor,notumor,2,0,True,False
Testing/notumor/Te-no_369.jpg,Training/notumor/Tr-no_1392.jpg,Testing,Training,notumor,notumor,2,0,True,False
Testing/notumor/Te-no_369.jpg,Training/notumor/Tr-no_1163.jpg,Testing,Training,notumor,notumor,2,0,True,False
Testing/notumor/Te-no_369.jpg,Training/notumor/Tr-no_595.jpg,Testing,Training,notumor,notumor,2,0,True,False
Testing/notumor/Te-no_369.jpg,Training/notumor/Tr-no_597.jpg,Testing,Training,notumor,notumor,0,0,True,False
Testing/notumor/Te-no_369.jpg,Training/notumor/Tr-no_37.jpg,Testing,Training,notumor,notumor,0,0,True,False
Testing/notumor/Te-no_369.jpg,Training/notumor/Tr-no_1170.jpg,Testing,Training,notumor,notumor,2,0,True,False
Testing/notumor/Te-no_369.jpg,Training/notumor/Tr-no_152.jpg,Testing,Training,notumor,notumor,2,0,True,False
Testing/notumor/Te-no_37.jpg,Training/notumor/Tr-no_742.jpg,Testing,Training,notumor,notumor,0,0,True,False
Testing/notumor/Te-no_37.jpg,Training/notumor/Tr-no_517.jpg,Testing,Training,notumor,notumor,0,0,True,False
Testing/notumor/Te-no_37.jpg,Training/notumor/Tr-no_293.jpg,Testing,Training,notumor,notumor,0,2,True,False
Testing/notumor/Te-no_37.jpg,Training/notumor/Tr-no_762.jpg,Testing,Training,notumor,notumor,0,1,True,False
Testing/notumor/Te-no_37.jpg,Training/notumor/Tr-no_885.jpg,Testing,Training,notumor,notumor,0,2,True,False
Testing/notumor/Te-no_37.jpg,Training/notumor/Tr-no_311.jpg,Testing,Training,notumor,notumor,0,0,True,False
Testing/notumor/Te-no_37.jpg,Training/notumor/Tr-no_1123.jpg,Testing,Training,notumor,notumor,0,0,True,False
Testing/notumor/Te-no_37.jpg,Training/notumor/Tr-no_324.jpg,Testing,Training,notumor,notumor,0,0,True,False
Testing/notumor/Te-no_37.jpg,Training/notumor/Tr-no_903.jpg,Testing,Training,notumor,notumor,0,2,True,False
Testing/notumor/Te-no_37.jpg,Training/notumor/Tr-no_570.jpg,Testing,Training,notumor,notumor,0,0,True,False
Testing/notumor/Te-no_37.jpg,Training/notumor/Tr-no_1372.jpg,Testing,Training,notumor,notumor,0,2,True,False
Testing/notumor/Te-no_37.jpg,Training/notumor/Tr-no_703.jpg,Testing,Training,notumor,notumor,0,2,True,False
Testing/notumor/Te-no_37.jpg,Training/notumor/Tr-no_827.jpg,Testing,Training,notumor,notumor,0,2,True,False
Testing/notumor/Te-no_37.jpg,Training/notumor/Tr-no_60.jpg,Testing,Training,notumor,notumor,0,2,True,False
Testing/notumor/Te-no_37.jpg,Training/notumor/Tr-no_259.jpg,Testing,Training,notumor,notumor,0,0,True,False
Testing/notumor/Te-no_37.jpg,Training/notumor/Tr-no_149.jpg,Testing,Training,notumor,notumor,0,0,True,False
Testing/notumor/Te-no_37.jpg,Training/notumor/Tr-no_1064.jpg,Testing,Training,notumor,notumor,0,2,True,False
Testing/notumor/Te-no_370.jpg,Training/notumor/Tr-no_1128.jpg,Testing,Training,notumor,notumor,0,0,True,False
Testing/notumor/Te-no_370.jpg,Training/notumor/Tr-no_1074.jpg,Testing,Training,notumor,notumor,0,0,True,False
Testing/notumor/Te-no_370.jpg,Training/notumor/Tr-no_578.jpg,Testing,Training,notumor,notumor,0,0,True,False
Testing/notumor/Te-no_370.jpg,Training/notumor/Tr-no_1399.jpg,Testing,Training,notumor,notumor,0,0,True,False
Testing/notumor/Te-no_370.jpg,Training/notumor/Tr-no_1231.jpg,Testing,Training,notumor,notumor,0,0,True,False
Testing/notumor/Te-no_370.jpg,Training/notumor/Tr-no_55.jpg,Testing,Training,notumor,notumor,0,0,True,False
Testing/notumor/Te-no_371.jpg,Training/notumor/Tr-no_409.jpg,Testing,Training,notumor,notumor,0,0,True,False
Testing/notumor/Te-no_371.jpg,Training/notumor/Tr-no_122.jpg,Testing,Training,notumor,notumor,0,0,True,False
Testing/notumor/Te-no_371.jpg,Training/notumor/Tr-no_422.jpg,Testing,Training,notumor,notumor,0,0,True,False
Testing/notumor/Te-no_371.jpg,Training/notumor/Tr-no_1224.jpg,Testing,Training,notumor,notumor,0,0,True,False
Testing/notumor/Te-no_371.jpg,Training/notumor/Tr-no_1341.jpg,Testing,Training,notumor,notumor,0,0,True,False
Testing/notumor/Te-no_371.jpg,Training/notumor/Tr-no_1118.jpg,Testing,Training,notumor,notumor,0,0,True,False
Testing/notumor/Te-no_371.jpg,Training/notumor/Tr-no_1349.jpg,Testing,Training,notumor,notumor,0,0,True,False
Testing/notumor/Te-no_371.jpg,Training/notumor/Tr-no_443.jpg,Testing,Training,notumor,notumor,0,0,True,False
Testing/notumor/Te-no_371.jpg,Training/notumor/Tr-no_1368.jpg,Testing,Training,notumor,notumor,0,0,True,False
Testing/notumor/Te-no_371.jpg,Training/notumor/Tr-no_80.jpg,Testing,Training,notumor,notumor,0,0,True,False
Testing/notumor/Te-no_371.jpg,Training/notumor/Tr-no_1146.jpg,Testing,Training,notumor,notumor,0,0,True,False
Testing/notumor/Te-no_371.jpg,Training/notumor/Tr-no_236.jpg,Testing,Training,notumor,notumor,0,0,True,False
Testing/notumor/Te-no_371.jpg,Training/notumor/Tr-no_352.jpg,Testing,Training,notumor,notumor,0,0,True,False
Testing/notumor/Te-no_371.jpg,Training/notumor/Tr-no_1038.jpg,Testing,Training,notumor,notumor,0,0,True,False
Testing/notumor/Te-no_371.jpg,Training/notumor/Tr-no_127.jpg,Testing,Training,notumor,notumor,0,0,True,False
Testing/notumor/Te-no_371.jpg,Training/notumor/Tr-no_369.jpg,Testing,Training,notumor,notumor,0,1,True,False
Testing/notumor/Te-no_371.jpg,Training/notumor/Tr-no_603.jpg,Testing,Training,notumor,notumor,0,1,True,False
Testing/notumor/Te-no_372.jpg,Training/notumor/Tr-no_622.jpg,Testing,Training,notumor,notumor,0,1,True,False
Testing/notumor/Te-no_372.jpg,Training/notumor/Tr-no_184.jpg,Testing,Training,notumor,notumor,0,0,True,False
Testing/notumor/Te-no_372.jpg,Training/notumor/Tr-no_1222.jpg,Testing,Training,notumor,notumor,0,0,True,False
Testing/notumor/Te-no_372.jpg,Training/notumor/Tr-no_199.jpg,Testing,Training,notumor,notumor,0,0,True,False
Testing/notumor/Te-no_372.jpg,Training/notumor/Tr-no_211.jpg,Testing,Training,notumor,notumor,0,0,True,False
Testing/notumor/Te-no_372.jpg,Training/notumor/Tr-no_675.jpg,Testing,Training,notumor,notumor,0,0,True,False
Testing/notumor/Te-no_372.jpg,Training/notumor/Tr-no_1256.jpg,Testing,Training,notumor,notumor,0,1,True,False
Testing/notumor/Te-no_372.jpg,Training/notumor/Tr-no_1029.jpg,Testing,Training,notumor,notumor,0,0,True,False
Testing/notumor/Te-no_372.jpg,Training/notumor/Tr-no_1035.jpg,Testing,Training,notumor,notumor,0,1,True,False
Testing/notumor/Te-no_372.jpg,Training/notumor/Tr-no_1039.jpg,Testing,Training,notumor,notumor,0,0,True,False
Testing/notumor/Te-no_372.jpg,Training/notumor/Tr-no_936.jpg,Testing,Training,notumor,notumor,0,1,True,False
Testing/notumor/Te-no_372.jpg,Training/notumor/Tr-no_476.jpg,Testing,Training,notumor,notumor,0,2,True,False
Testing/notumor/Te-no_372.jpg,Training/notumor/Tr-no_1050.jpg,Testing,Training,notumor,notumor,0,0,True,False
Testing/notumor/Te-no_372.jpg,Training/notumor/Tr-no_1051.jpg,Testing,Training,notumor,notumor,0,0,True,False
Testing/notumor/Te-no_372.jpg,Training/notumor/Tr-no_253.jpg,Testing,Training,notumor,notumor,0,0,True,False
Testing/notumor/Te-no_372.jpg,Training/notumor/Tr-no_715.jpg,Testing,Training,notumor,notumor,0,0,True,False
Testing/notumor/Te-no_372.jpg,Training/notumor/Tr-no_1066.jpg,Testing,Training,notumor,notumor,0,0,True,False
Testing/notumor/Te-no_372.jpg,Training/notumor/Tr-no_270.jpg,Testing,Training,notumor,notumor,0,0,True,False
Testing/notumor/Te-no_372.jpg,Training/notumor/Tr-no_272.jpg,Testing,Training,notumor,notumor,0,0,True,False
Testing/notumor/Te-no_372.jpg,Training/notumor/Tr-no_1315.jpg,Testing,Training,notumor,notumor,0,0,True,False
Testing/notumor/Te-no_372.jpg,Training/notumor/Tr-no_1086.jpg,Testing,Training,notumor,notumor,0,0,True,False
Testing/notumor/Te-no_372.jpg,Training/notumor/Tr-no_1091.jpg,Testing,Training,notumor,notumor,0,0,True,False
Testing/notumor/Te-no_372.jpg,Training/notumor/Tr-no_538.jpg,Testing,Training,notumor,notumor,0,0,True,False
Testing/notumor/Te-no_372.jpg,Training/notumor/Tr-no_320.jpg,Testing,Training,notumor,notumor,0,0,True,False
Testing/notumor/Te-no_372.jpg,Training/notumor/Tr-no_330.jpg,Testing,Training,notumor,notumor,0,0,True,False
Testing/notumor/Te-no_372.jpg,Training/notumor/Tr-no_794.jpg,Testing,Training,notumor,notumor,0,0,True,False
Testing/notumor/Te-no_372.jpg,Training/notumor/Tr-no_797.jpg,Testing,Training,notumor,notumor,0,0,True,False
Testing/notumor/Te-no_372.jpg,Training/notumor/Tr-no_1151.jpg,Testing,Training,notumor,notumor,0,0,True,False
Testing/notumor/Te-no_372.jpg,Training/notumor/Tr-no_1385.jpg,Testing,Training,notumor,notumor,0,0,True,False
Testing/notumor/Te-no_372.jpg,Training/notumor/Tr-no_1158.jpg,Testing,Training,notumor,notumor,0,0,True,False
Testing/notumor/Te-no_372.jpg,Training/notumor/Tr-no_600.jpg,Testing,Training,notumor,notumor,0,0,True,False
Testing/notumor/Te-no_373.jpg,Training/notumor/Tr-no_1028.jpg,Testing,Training,notumor,notumor,6,0,True,False
Testing/notumor/Te-no_373.jpg,Training/notumor/Tr-no_1088.jpg,Testing,Training,notumor,notumor,0,0,True,False
Testing/notumor/Te-no_373.jpg,Training/notumor/Tr-no_1030.jpg,Testing,Training,notumor,notumor,6,0,True,False
Testing/notumor/Te-no_373.jpg,Training/notumor/Tr-no_195.jpg,Testing,Training,notumor,notumor,0,0,True,False
Testing/notumor/Te-no_374.jpg,Training/notumor/Tr-no_1203.jpg,Testing,Training,notumor,notumor,0,0,True,False
Testing/notumor/Te-no_374.jpg,Training/notumor/Tr-no_347.jpg,Testing,Training,notumor,notumor,0,0,True,False
Testing/notumor/Te-no_374.jpg,Training/notumor/Tr-no_365.jpg,Testing,Training,notumor,notumor,0,0,True,False
Testing/notumor/Te-no_374.jpg,Training/notumor/Tr-no_429.jpg,Testing,Training,notumor,notumor,0,0,True,False
Testing/notumor/Te-no_374.jpg,Training/notumor/Tr-no_725.jpg,Testing,Training,notumor,notumor,0,0,True,False
Testing/notumor/Te-no_374.jpg,Training/notumor/Tr-no_154.jpg,Testing,Training,notumor,notumor,0,0,True,False
Testing/notumor/Te-no_374.jpg,Training/notumor/Tr-no_386.jpg,Testing,Training,notumor,notumor,0,0,True,False
Testing/notumor/Te-no_375.jpg,Training/notumor/Tr-no_963.jpg,Testing,Training,notumor,notumor,0,0,True,False
Testing/notumor/Te-no_375.jpg,Training/notumor/Tr-no_856.jpg,Testing,Training,notumor,notumor,0,0,True,False
Testing/notumor/Te-no_375.jpg,Training/notumor/Tr-no_917.jpg,Testing,Training,notumor,notumor,0,0,True,False
Testing/notumor/Te-no_375.jpg,Training/notumor/Tr-no_575.jpg,Testing,Training,notumor,notumor,0,0,True,False
Testing/notumor/Te-no_375.jpg,Training/notumor/Tr-no_467.jpg,Testing,Training,notumor,notumor,0,0,True,False
Testing/notumor/Te-no_375.jpg,Training/notumor/Tr-no_1325.jpg,Testing,Training,notumor,notumor,0,0,True,False
Testing/notumor/Te-no_375.jpg,Training/notumor/Tr-no_1152.jpg,Testing,Training,notumor,notumor,0,0,True,False
Testing/notumor/Te-no_375.jpg,Training/notumor/Tr-no_708.jpg,Testing,Training,notumor,notumor,0,0,True,False
Testing/notumor/Te-no_375.jpg,Training/notumor/Tr-no_1162.jpg,Testing,Training,notumor,notumor,0,0,True,False
Testing/notumor/Te-no_375.jpg,Training/notumor/Tr-no_541.jpg,Testing,Training,notumor,notumor,0,0,True,False
Testing/notumor/Te-no_375.jpg,Training/notumor/Tr-no_312.jpg,Testing,Training,notumor,notumor,0,0,True,False
Testing/notumor/Te-no_375.jpg,Training/notumor/Tr-no_43.jpg,Testing,Training,notumor,notumor,0,0,True,False
Testing/notumor/Te-no_375.jpg,Training/notumor/Tr-no_727.jpg,Testing,Training,notumor,notumor,0,0,True,False
Testing/notumor/Te-no_376.jpg,Training/notumor/Tr-no_448.jpg,Testing,Training,notumor,notumor,0,0,True,False
Testing/notumor/Te-no_376.jpg,Training/notumor/Tr-no_910.jpg,Testing,Training,notumor,notumor,0,0,True,False
Testing/notumor/Te-no_376.jpg,Training/notumor/Tr-no_280.jpg,Testing,Training,notumor,notumor,0,0,True,False
Testing/notumor/Te-no_376.jpg,Training/notumor/Tr-no_281.jpg,Testing,Training,notumor,notumor,0,0,True,False
Testing/notumor/Te-no_376.jpg,Training/notumor/Tr-no_1100.jpg,Testing,Training,notumor,notumor,0,0,True,False
Testing/notumor/Te-no_376.jpg,Training/notumor/Tr-no_360.jpg,Testing,Training,notumor,notumor,0,0,True,False
Testing/notumor/Te-no_376.jpg,Training/notumor/Tr-no_42.jpg,Testing,Training,notumor,notumor,0,0,True,False
Testing/notumor/Te-no_376.jpg,Training/notumor/Tr-no_1165.jpg,Testing,Training,notumor,notumor,0,0,True,False
Testing/notumor/Te-no_376.jpg,Training/notumor/Tr-no_774.jpg,Testing,Training,notumor,notumor,0,0,True,False
Testing/notumor/Te-no_376.jpg,Training/notumor/Tr-no_1290.jpg,Testing,Training,notumor,notumor,0,0,True,False
Testing/notumor/Te-no_376.jpg,Training/notumor/Tr-no_207.jpg,Testing,Training,notumor,notumor,0,0,True,False
Testing/notumor/Te-no_376.jpg,Training/notumor/Tr-no_440.jpg,Testing,Training,notumor,notumor,4,0,True,False
Testing/notumor/Te-no_376.jpg,Training/notumor/Tr-no_962.jpg,Testing,Training,notumor,notumor,0,0,True,False
Testing/notumor/Te-no_377.jpg,Training/notumor/Tr-no_1013.jpg,Testing,Training,notumor,notumor,0,1,True,False
Testing/notumor/Te-no_377.jpg,Training/notumor/Tr-no_679.jpg,Testing,Training,notumor,notumor,0,0,True,False
Testing/notumor/Te-no_377.jpg,Training/notumor/Tr-no_226.jpg,Testing,Training,notumor,notumor,0,0,True,False
Testing/notumor/Te-no_377.jpg,Training/notumor/Tr-no_1314.jpg,Testing,Training,notumor,notumor,0,0,True,False
Testing/notumor/Te-no_377.jpg,Training/notumor/Tr-no_343.jpg,Testing,Training,notumor,notumor,0,0,True,False
Testing/notumor/Te-no_377.jpg,Training/notumor/Tr-no_921.jpg,Testing,Training,notumor,notumor,0,0,True,False
Testing/notumor/Te-no_377.jpg,Training/notumor/Tr-no_572.jpg,Testing,Training,notumor,notumor,0,0,True,False
Testing/notumor/Te-no_377.jpg,Training/notumor/Tr-no_414.jpg,Testing,Training,notumor,notumor,0,0,True,False
Testing/notumor/Te-no_377.jpg,Training/notumor/Tr-no_1168.jpg,Testing,Training,notumor,notumor,0,0,True,False
Testing/notumor/Te-no_377.jpg,Training/notumor/Tr-no_49.jpg,Testing,Training,notumor,notumor,0,0,True,False
Testing/notumor/Te-no_377.jpg,Training/notumor/Tr-no_318.jpg,Testing,Training,notumor,notumor,0,0,True,False
Testing/notumor/Te-no_377.jpg,Training/notumor/Tr-no_1120.jpg,Testing,Training,notumor,notumor,0,0,True,False
Testing/notumor/Te-no_378.jpg,Training/notumor/Tr-no_1367.jpg,Testing,Training,notumor,notumor,0,0,True,False
Testing/notumor/Te-no_378.jpg,Training/notumor/Tr-no_164.jpg,Testing,Training,notumor,notumor,0,0,True,False
Testing/notumor/Te-no_378.jpg,Training/notumor/Tr-no_1196.jpg,Testing,Training,notumor,notumor,0,0,True,False
Testing/notumor/Te-no_378.jpg,Training/notumor/Tr-no_687.jpg,Testing,Training,notumor,notumor,0,0,True,False
Testing/notumor/Te-no_378.jpg,Training/notumor/Tr-no_170.jpg,Testing,Training,notumor,notumor,0,0,True,False
Testing/notumor/Te-no_378.jpg,Training/notumor/Tr-no_929.jpg,Testing,Training,notumor,notumor,0,0,True,False
Testing/notumor/Te-no_378.jpg,Training/notumor/Tr-no_830.jpg,Testing,Training,notumor,notumor,0,0,True,False
Testing/notumor/Te-no_378.jpg,Training/notumor/Tr-no_117.jpg,Testing,Training,notumor,notumor,0,0,True,False
Testing/notumor/Te-no_378.jpg,Training/notumor/Tr-no_891.jpg,Testing,Training,notumor,notumor,2,0,True,False
Testing/notumor/Te-no_378.jpg,Training/notumor/Tr-no_1350.jpg,Testing,Training,notumor,notumor,0,0,True,False
Testing/notumor/Te-no_379.jpg,Training/notumor/Tr-no_622.jpg,Testing,Training,notumor,notumor,0,0,True,False
Testing/notumor/Te-no_379.jpg,Training/notumor/Tr-no_184.jpg,Testing,Training,notumor,notumor,0,1,True,False
Testing/notumor/Te-no_379.jpg,Training/notumor/Tr-no_1222.jpg,Testing,Training,notumor,notumor,0,0,True,False
Testing/notumor/Te-no_379.jpg,Training/notumor/Tr-no_199.jpg,Testing,Training,notumor,notumor,0,0,True,False
Testing/notumor/Te-no_379.jpg,Training/notumor/Tr-no_211.jpg,Testing,Training,notumor,notumor,0,1,True,False
Testing/notumor/Te-no_379.jpg,Training/notumor/Tr-no_675.jpg,Testing,Training,notumor,notumor,0,0,True,False
Testing/notumor/Te-no_379.jpg,Training/notumor/Tr-no_1256.jpg,Testing,Training,notumor,notumor,0,0,True,False
Testing/notumor/Te-no_379.jpg,Training/notumor/Tr-no_1029.jpg,Testing,Training,notumor,notumor,0,0,True,False
Testing/notumor/Te-no_379.jpg,Training/notumor/Tr-no_1035.jpg,Testing,Training,notumor,notumor,0,0,True,False
Testing/notumor/Te-no_379.jpg,Training/notumor/Tr-no_1039.jpg,Testing,Training,notumor,notumor,0,0,True,False
Testing/notumor/Te-no_379.jpg,Training/notumor/Tr-no_936.jpg,Testing,Training,notumor,notumor,0,1,True,False
Testing/notumor/Te-no_379.jpg,Training/notumor/Tr-no_476.jpg,Testing,Training,notumor,notumor,0,2,True,False
Testing/notumor/Te-no_379.jpg,Training/notumor/Tr-no_1050.jpg,Testing,Training,notumor,notumor,0,0,True,False
Testing/notumor/Te-no_379.jpg,Training/notumor/Tr-no_1051.jpg,Testing,Training,notumor,notumor,0,0,True,False
Testing/notumor/Te-no_379.jpg,Training/notumor/Tr-no_253.jpg,Testing,Training,notumor,notumor,0,0,True,False
Testing/notumor/Te-no_379.jpg,Training/notumor/Tr-no_715.jpg,Testing,Training,notumor,notumor,0,0,True,False
Testing/notumor/Te-no_379.jpg,Training/notumor/Tr-no_1066.jpg,Testing,Training,notumor,notumor,0,1,True,False
Testing/notumor/Te-no_379.jpg,Training/notumor/Tr-no_270.jpg,Testing,Training,notumor,notumor,0,0,True,False
Testing/notumor/Te-no_379.jpg,Training/notumor/Tr-no_272.jpg,Testing,Training,notumor,notumor,0,1,True,False
Testing/notumor/Te-no_379.jpg,Training/notumor/Tr-no_1315.jpg,Testing,Training,notumor,notumor,0,1,True,False
Testing/notumor/Te-no_379.jpg,Training/notumor/Tr-no_1086.jpg,Testing,Training,notumor,notumor,0,0,True,False
Testing/notumor/Te-no_379.jpg,Training/notumor/Tr-no_1091.jpg,Testing,Training,notumor,notumor,0,0,True,False
Testing/notumor/Te-no_379.jpg,Training/notumor/Tr-no_538.jpg,Testing,Training,notumor,notumor,0,0,True,False
Testing/notumor/Te-no_379.jpg,Training/notumor/Tr-no_320.jpg,Testing,Training,notumor,notumor,0,0,True,False
Testing/notumor/Te-no_379.jpg,Training/notumor/Tr-no_330.jpg,Testing,Training,notumor,notumor,0,0,True,False
Testing/notumor/Te-no_379.jpg,Training/notumor/Tr-no_794.jpg,Testing,Training,notumor,notumor,0,0,True,False
Testing/notumor/Te-no_379.jpg,Training/notumor/Tr-no_797.jpg,Testing,Training,notumor,notumor,0,1,True,False
Testing/notumor/Te-no_379.jpg,Training/notumor/Tr-no_1151.jpg,Testing,Training,notumor,notumor,0,1,True,False
Testing/notumor/Te-no_379.jpg,Training/notumor/Tr-no_1385.jpg,Testing,Training,notumor,notumor,0,0,True,False
Testing/notumor/Te-no_379.jpg,Training/notumor/Tr-no_1158.jpg,Testing,Training,notumor,notumor,0,0,True,False
Testing/notumor/Te-no_379.jpg,Training/notumor/Tr-no_600.jpg,Testing,Training,notumor,notumor,0,0,True,False
Testing/notumor/Te-no_380.jpg,Training/notumor/Tr-no_1382.jpg,Testing,Training,notumor,notumor,0,0,True,False
Testing/notumor/Te-no_380.jpg,Training/notumor/Tr-no_1164.jpg,Testing,Training,notumor,notumor,0,0,True,False
Testing/notumor/Te-no_381.jpg,Training/notumor/Tr-no_618.jpg,Testing,Training,notumor,notumor,0,0,True,False
Testing/notumor/Te-no_381.jpg,Training/notumor/Tr-no_13.jpg,Testing,Training,notumor,notumor,0,0,True,False
Testing/notumor/Te-no_381.jpg,Training/notumor/Tr-no_974.jpg,Testing,Training,notumor,notumor,0,0,True,False
Testing/notumor/Te-no_381.jpg,Training/notumor/Tr-no_861.jpg,Testing,Training,notumor,notumor,0,0,True,False
Testing/notumor/Te-no_381.jpg,Training/notumor/Tr-no_465.jpg,Testing,Training,notumor,notumor,0,0,True,False
Testing/notumor/Te-no_381.jpg,Training/notumor/Tr-no_1099.jpg,Testing,Training,notumor,notumor,0,0,True,False
Testing/notumor/Te-no_381.jpg,Training/notumor/Tr-no_245.jpg,Testing,Training,notumor,notumor,0,0,True,False
Testing/notumor/Te-no_381.jpg,Training/notumor/Tr-no_937.jpg,Testing,Training,notumor,notumor,0,0,True,False
Testing/notumor/Te-no_381.jpg,Training/notumor/Tr-no_826.jpg,Testing,Training,notumor,notumor,0,0,True,False
Testing/notumor/Te-no_381.jpg,Training/notumor/Tr-no_1057.jpg,Testing,Training,notumor,notumor,0,0,True,False
Testing/notumor/Te-no_382.jpg,Training/notumor/Tr-no_461.jpg,Testing,Training,notumor,notumor,0,0,True,False
Testing/notumor/Te-no_382.jpg,Training/notumor/Tr-no_820.jpg,Testing,Training,notumor,notumor,0,0,True,False
Testing/notumor/Te-no_382.jpg,Training/notumor/Tr-no_1286.jpg,Testing,Training,notumor,notumor,0,0,True,False
Testing/notumor/Te-no_382.jpg,Training/notumor/Tr-no_72.jpg,Testing,Training,notumor,notumor,0,0,True,False
Testing/notumor/Te-no_382.jpg,Training/notumor/Tr-no_495.jpg,Testing,Training,notumor,notumor,0,0,True,False
Testing/notumor/Te-no_383.jpg,Training/notumor/Tr-no_620.jpg,Testing,Training,notumor,notumor,2,0,True,False
Testing/notumor/Te-no_383.jpg,Training/notumor/Tr-no_402.jpg,Testing,Training,notumor,notumor,0,0,True,False
Testing/notumor/Te-no_383.jpg,Training/notumor/Tr-no_403.jpg,Testing,Training,notumor,notumor,0,0,True,False
Testing/notumor/Te-no_383.jpg,Training/notumor/Tr-no_873.jpg,Testing,Training,notumor,notumor,0,0,True,False
Testing/notumor/Te-no_383.jpg,Training/notumor/Tr-no_643.jpg,Testing,Training,notumor,notumor,0,0,True,False
Testing/notumor/Te-no_383.jpg,Training/notumor/Tr-no_1220.jpg,Testing,Training,notumor,notumor,2,0,True,False
Testing/notumor/Te-no_383.jpg,Training/notumor/Tr-no_1.jpg,Testing,Training,notumor,notumor,0,0,True,False
Testing/notumor/Te-no_383.jpg,Training/notumor/Tr-no_2.jpg,Testing,Training,notumor,notumor,2,0,True,False
Testing/notumor/Te-no_383.jpg,Training/notumor/Tr-no_1244.jpg,Testing,Training,notumor,notumor,2,0,True,False
Testing/notumor/Te-no_383.jpg,Training/notumor/Tr-no_217.jpg,Testing,Training,notumor,notumor,4,0,True,False
Testing/notumor/Te-no_383.jpg,Training/notumor/Tr-no_227.jpg,Testing,Training,notumor,notumor,2,0,True,False
Testing/notumor/Te-no_383.jpg,Training/notumor/Tr-no_690.jpg,Testing,Training,notumor,notumor,0,0,True,False
Testing/notumor/Te-no_383.jpg,Training/notumor/Tr-no_23.jpg,Testing,Training,notumor,notumor,4,0,True,False
Testing/notumor/Te-no_383.jpg,Training/notumor/Tr-no_234.jpg,Testing,Training,notumor,notumor,0,0,True,False
Testing/notumor/Te-no_383.jpg,Training/notumor/Tr-no_488.jpg,Testing,Training,notumor,notumor,0,0,True,False
Testing/notumor/Te-no_383.jpg,Training/notumor/Tr-no_955.jpg,Testing,Training,notumor,notumor,2,0,True,False
Testing/notumor/Te-no_383.jpg,Training/notumor/Tr-no_735.jpg,Testing,Training,notumor,notumor,0,0,True,False
Testing/notumor/Te-no_383.jpg,Training/notumor/Tr-no_1304.jpg,Testing,Training,notumor,notumor,4,0,True,False
Testing/notumor/Te-no_383.jpg,Training/notumor/Tr-no_74.jpg,Testing,Training,notumor,notumor,0,0,True,False
Testing/notumor/Te-no_383.jpg,Training/notumor/Tr-no_514.jpg,Testing,Training,notumor,notumor,0,0,True,False
Testing/notumor/Te-no_383.jpg,Training/notumor/Tr-no_1083.jpg,Testing,Training,notumor,notumor,4,0,True,False
Testing/notumor/Te-no_383.jpg,Training/notumor/Tr-no_781.jpg,Testing,Training,notumor,notumor,2,0,True,False
Testing/notumor/Te-no_383.jpg,Training/notumor/Tr-no_559.jpg,Testing,Training,notumor,notumor,2,0,True,False
Testing/notumor/Te-no_383.jpg,Training/notumor/Tr-no_113.jpg,Testing,Training,notumor,notumor,4,0,True,False
Testing/notumor/Te-no_383.jpg,Training/notumor/Tr-no_331.jpg,Testing,Training,notumor,notumor,2,0,True,False
Testing/notumor/Te-no_383.jpg,Training/notumor/Tr-no_1371.jpg,Testing,Training,notumor,notumor,0,0,True,False
Testing/notumor/Te-no_383.jpg,Training/notumor/Tr-no_1375.jpg,Testing,Training,notumor,notumor,0,0,True,False
Testing/notumor/Te-no_383.jpg,Training/notumor/Tr-no_586.jpg,Testing,Training,notumor,notumor,2,0,True,False
Testing/notumor/Te-no_383.jpg,Training/notumor/Tr-no_1392.jpg,Testing,Training,notumor,notumor,2,0,True,False
Testing/notumor/Te-no_383.jpg,Training/notumor/Tr-no_595.jpg,Testing,Training,notumor,notumor,0,0,True,False
Testing/notumor/Te-no_383.jpg,Training/notumor/Tr-no_1163.jpg,Testing,Training,notumor,notumor,2,0,True,False
Testing/notumor/Te-no_383.jpg,Training/notumor/Tr-no_597.jpg,Testing,Training,notumor,notumor,0,0,True,False
Testing/notumor/Te-no_383.jpg,Training/notumor/Tr-no_37.jpg,Testing,Training,notumor,notumor,0,0,True,False
Testing/notumor/Te-no_383.jpg,Training/notumor/Tr-no_1170.jpg,Testing,Training,notumor,notumor,2,0,True,False
Testing/notumor/Te-no_383.jpg,Training/notumor/Tr-no_152.jpg,Testing,Training,notumor,notumor,4,0,True,False
Testing/notumor/Te-no_384.jpg,Training/notumor/Tr-no_392.jpg,Testing,Training,notumor,notumor,0,0,True,False
Testing/notumor/Te-no_384.jpg,Training/notumor/Tr-no_177.jpg,Testing,Training,notumor,notumor,0,0,True,False
Testing/notumor/Te-no_384.jpg,Training/notumor/Tr-no_652.jpg,Testing,Training,notumor,notumor,0,0,True,False
Testing/notumor/Te-no_384.jpg,Training/notumor/Tr-no_194.jpg,Testing,Training,notumor,notumor,0,0,True,False
Testing/notumor/Te-no_384.jpg,Training/notumor/Tr-no_888.jpg,Testing,Training,notumor,notumor,0,0,True,False
Testing/notumor/Te-no_384.jpg,Training/notumor/Tr-no_904.jpg,Testing,Training,notumor,notumor,0,0,True,False
Testing/notumor/Te-no_384.jpg,Training/notumor/Tr-no_219.jpg,Testing,Training,notumor,notumor,0,0,True,False
Testing/notumor/Te-no_384.jpg,Training/notumor/Tr-no_566.jpg,Testing,Training,notumor,notumor,2,0,True,False
Testing/notumor/Te-no_384.jpg,Training/notumor/Tr-no_1142.jpg,Testing,Training,notumor,notumor,0,0,True,False
Testing/notumor/Te-no_384.jpg,Training/notumor/Tr-no_1277.jpg,Testing,Training,notumor,notumor,0,0,True,False
Testing/notumor/Te-no_384.jpg,Training/notumor/Tr-no_385.jpg,Testing,Training,notumor,notumor,0,0,True,False
Testing/notumor/Te-no_385.jpg,Training/notumor/Tr-no_849.jpg,Testing,Training,notumor,notumor,2,0,True,False
Testing/notumor/Te-no_385.jpg,Training/notumor/Tr-no_1306.jpg,Testing,Training,notumor,notumor,0,0,True,False
Testing/notumor/Te-no_385.jpg,Training/notumor/Tr-no_571.jpg,Testing,Training,notumor,notumor,0,0,True,False
Testing/notumor/Te-no_385.jpg,Training/notumor/Tr-no_805.jpg,Testing,Training,notumor,notumor,2,0,True,False
Testing/notumor/Te-no_385.jpg,Training/notumor/Tr-no_808.jpg,Testing,Training,notumor,notumor,0,0,True,False
Testing/notumor/Te-no_385.jpg,Training/notumor/Tr-no_1147.jpg,Testing,Training,notumor,notumor,4,0,True,False
Testing/notumor/Te-no_385.jpg,Training/notumor/Tr-no_246.jpg,Testing,Training,notumor,notumor,2,0,True,False
Testing/notumor/Te-no_385.jpg,Training/notumor/Tr-no_1281.jpg,Testing,Training,notumor,notumor,0,0,True,False
Testing/notumor/Te-no_385.jpg,Training/notumor/Tr-no_544.jpg,Testing,Training,notumor,notumor,0,0,True,False
Testing/notumor/Te-no_385.jpg,Training/notumor/Tr-no_661.jpg,Testing,Training,notumor,notumor,2,0,True,False
Testing/notumor/Te-no_385.jpg,Training/notumor/Tr-no_1002.jpg,Testing,Training,notumor,notumor,0,0,True,False
Testing/notumor/Te-no_385.jpg,Training/notumor/Tr-no_550.jpg,Testing,Training,notumor,notumor,0,0,True,False
Testing/notumor/Te-no_385.jpg,Training/notumor/Tr-no_500.jpg,Testing,Training,notumor,notumor,0,0,True,False
Testing/notumor/Te-no_386.jpg,Training/notumor/Tr-no_301.jpg,Testing,Training,notumor,notumor,0,0,True,False
Testing/notumor/Te-no_386.jpg,Training/notumor/Tr-no_391.jpg,Testing,Training,notumor,notumor,0,1,True,False
Testing/notumor/Te-no_386.jpg,Training/notumor/Tr-no_681.jpg,Testing,Training,notumor,notumor,0,0,True,False
Testing/notumor/Te-no_386.jpg,Training/notumor/Tr-no_102.jpg,Testing,Training,notumor,notumor,0,0,True,False
Testing/notumor/Te-no_386.jpg,Training/notumor/Tr-no_134.jpg,Testing,Training,notumor,notumor,0,1,True,False
Testing/notumor/Te-no_386.jpg,Training/notumor/Tr-no_255.jpg,Testing,Training,notumor,notumor,0,1,True,False
Testing/notumor/Te-no_386.jpg,Training/notumor/Tr-no_464.jpg,Testing,Training,notumor,notumor,0,1,True,False
Testing/notumor/Te-no_387.jpg,Training/notumor/Tr-no_276.jpg,Testing,Training,notumor,notumor,2,0,True,False
Testing/notumor/Te-no_387.jpg,Training/notumor/Tr-no_395.jpg,Testing,Training,notumor,notumor,2,0,True,False
Testing/notumor/Te-no_387.jpg,Training/notumor/Tr-no_108.jpg,Testing,Training,notumor,notumor,0,0,True,False
Testing/notumor/Te-no_387.jpg,Training/notumor/Tr-no_296.jpg,Testing,Training,notumor,notumor,0,0,True,False
Testing/notumor/Te-no_387.jpg,Training/notumor/Tr-no_989.jpg,Testing,Training,notumor,notumor,0,0,True,False
Testing/notumor/Te-no_387.jpg,Training/notumor/Tr-no_111.jpg,Testing,Training,notumor,notumor,4,0,True,False
Testing/notumor/Te-no_387.jpg,Training/notumor/Tr-no_1227.jpg,Testing,Training,notumor,notumor,0,0,True,False
Testing/notumor/Te-no_387.jpg,Training/notumor/Tr-no_795.jpg,Testing,Training,notumor,notumor,0,0,True,False
Testing/notumor/Te-no_387.jpg,Training/notumor/Tr-no_1251.jpg,Testing,Training,notumor,notumor,2,0,True,False
Testing/notumor/Te-no_387.jpg,Training/notumor/Tr-no_453.jpg,Testing,Training,notumor,notumor,0,0,True,False
Testing/notumor/Te-no_387.jpg,Training/notumor/Tr-no_588.jpg,Testing,Training,notumor,notumor,0,0,True,False
Testing/notumor/Te-no_387.jpg,Training/notumor/Tr-no_1047.jpg,Testing,Training,notumor,notumor,0,0,True,False
Testing/notumor/Te-no_387.jpg,Training/notumor/Tr-no_25.jpg,Testing,Training,notumor,notumor,2,0,True,False
Testing/notumor/Te-no_387.jpg,Training/notumor/Tr-no_1396.jpg,Testing,Training,notumor,notumor,0,0,True,False
Testing/notumor/Te-no_387.jpg,Training/notumor/Tr-no_947.jpg,Testing,Training,notumor,notumor,0,0,True,False
Testing/notumor/Te-no_387.jpg,Training/notumor/Tr-no_1055.jpg,Testing,Training,notumor,notumor,0,0,True,False
Testing/notumor/Te-no_387.jpg,Training/notumor/Tr-no_260.jpg,Testing,Training,notumor,notumor,0,0,True,False
Testing/notumor/Te-no_388.jpg,Training/notumor/Tr-no_46.jpg,Testing,Training,notumor,notumor,0,0,True,False
Testing/notumor/Te-no_388.jpg,Training/notumor/Tr-no_5.jpg,Testing,Training,notumor,notumor,0,0,True,False
Testing/notumor/Te-no_388.jpg,Training/notumor/Tr-no_611.jpg,Testing,Training,notumor,notumor,0,0,True,False
Testing/notumor/Te-no_388.jpg,Training/notumor/Tr-no_1027.jpg,Testing,Training,notumor,notumor,0,0,True,False
Testing/notumor/Te-no_388.jpg,Training/notumor/Tr-no_693.jpg,Testing,Training,notumor,notumor,0,0,True,False
Testing/notumor/Te-no_388.jpg,Training/notumor/Tr-no_709.jpg,Testing,Training,notumor,notumor,0,0,True,False
Testing/notumor/Te-no_388.jpg,Training/notumor/Tr-no_1060.jpg,Testing,Training,notumor,notumor,0,0,True,False
Testing/notumor/Te-no_388.jpg,Training/notumor/Tr-no_1062.jpg,Testing,Training,notumor,notumor,0,0,True,False
Testing/notumor/Te-no_388.jpg,Training/notumor/Tr-no_1071.jpg,Testing,Training,notumor,notumor,0,0,True,False
Testing/notumor/Te-no_388.jpg,Training/notumor/Tr-no_109.jpg,Testing,Training,notumor,notumor,0,0,True,False
Testing/notumor/Te-no_388.jpg,Training/notumor/Tr-no_1102.jpg,Testing,Training,notumor,notumor,0,0,True,False
Testing/notumor/Te-no_388.jpg,Training/notumor/Tr-no_1124.jpg,Testing,Training,notumor,notumor,0,0,True,False
Testing/notumor/Te-no_388.jpg,Training/notumor/Tr-no_1138.jpg,Testing,Training,notumor,notumor,0,0,True,False
Testing/notumor/Te-no_388.jpg,Training/notumor/Tr-no_82.jpg,Testing,Training,notumor,notumor,0,0,True,False
Testing/notumor/Te-no_388.jpg,Training/notumor/Tr-no_1183.jpg,Testing,Training,notumor,notumor,0,0,True,False
Testing/notumor/Te-no_388.jpg,Training/notumor/Tr-no_1252.jpg,Testing,Training,notumor,notumor,2,0,True,False
Testing/notumor/Te-no_388.jpg,Training/notumor/Tr-no_1257.jpg,Testing,Training,notumor,notumor,0,0,True,False
Testing/notumor/Te-no_388.jpg,Training/notumor/Tr-no_169.jpg,Testing,Training,notumor,notumor,6,0,True,False
Testing/notumor/Te-no_388.jpg,Training/notumor/Tr-no_203.jpg,Testing,Training,notumor,notumor,0,0,True,False
Testing/notumor/Te-no_388.jpg,Training/notumor/Tr-no_21.jpg,Testing,Training,notumor,notumor,0,0,True,False
Testing/notumor/Te-no_388.jpg,Training/notumor/Tr-no_224.jpg,Testing,Training,notumor,notumor,0,0,True,False
Testing/notumor/Te-no_388.jpg,Training/notumor/Tr-no_232.jpg,Testing,Training,notumor,notumor,0,0,True,False
Testing/notumor/Te-no_388.jpg,Training/notumor/Tr-no_241.jpg,Testing,Training,notumor,notumor,0,0,True,False
Testing/notumor/Te-no_388.jpg,Training/notumor/Tr-no_249.jpg,Testing,Training,notumor,notumor,0,0,True,False
Testing/notumor/Te-no_388.jpg,Training/notumor/Tr-no_251.jpg,Testing,Training,notumor,notumor,0,0,True,False
Testing/notumor/Te-no_388.jpg,Training/notumor/Tr-no_267.jpg,Testing,Training,notumor,notumor,0,0,True,False
Testing/notumor/Te-no_388.jpg,Training/notumor/Tr-no_29.jpg,Testing,Training,notumor,notumor,0,0,True,False
Testing/notumor/Te-no_388.jpg,Training/notumor/Tr-no_322.jpg,Testing,Training,notumor,notumor,0,0,True,False
Testing/notumor/Te-no_388.jpg,Training/notumor/Tr-no_339.jpg,Testing,Training,notumor,notumor,0,0,True,False
Testing/notumor/Te-no_388.jpg,Training/notumor/Tr-no_351.jpg,Testing,Training,notumor,notumor,6,0,True,False
Testing/notumor/Te-no_388.jpg,Training/notumor/Tr-no_371.jpg,Testing,Training,notumor,notumor,0,0,True,False
Testing/notumor/Te-no_389.jpg,Training/notumor/Tr-no_507.jpg,Testing,Training,notumor,notumor,0,0,True,False
Testing/notumor/Te-no_389.jpg,Training/notumor/Tr-no_450.jpg,Testing,Training,notumor,notumor,0,0,True,False
Testing/notumor/Te-no_389.jpg,Training/notumor/Tr-no_758.jpg,Testing,Training,notumor,notumor,0,0,True,False
Testing/notumor/Te-no_389.jpg,Training/notumor/Tr-no_104.jpg,Testing,Training,notumor,notumor,0,0,True,False
Testing/notumor/Te-no_389.jpg,Training/notumor/Tr-no_1043.jpg,Testing,Training,notumor,notumor,0,0,True,False
Testing/notumor/Te-no_389.jpg,Training/notumor/Tr-no_545.jpg,Testing,Training,notumor,notumor,0,0,True,False
Testing/notumor/Te-no_389.jpg,Training/notumor/Tr-no_135.jpg,Testing,Training,notumor,notumor,0,0,True,False
Testing/notumor/Te-no_389.jpg,Training/notumor/Tr-no_38.jpg,Testing,Training,notumor,notumor,2,0,True,False
Testing/notumor/Te-no_389.jpg,Training/notumor/Tr-no_728.jpg,Testing,Training,notumor,notumor,0,0,True,False
Testing/notumor/Te-no_390.jpg,Training/notumor/Tr-no_220.jpg,Testing,Training,notumor,notumor,0,0,True,False
Testing/notumor/Te-no_390.jpg,Training/notumor/Tr-no_631.jpg,Testing,Training,notumor,notumor,0,3,True,False
Testing/notumor/Te-no_390.jpg,Training/notumor/Tr-no_401.jpg,Testing,Training,notumor,notumor,0,0,True,False
Testing/notumor/Te-no_390.jpg,Training/notumor/Tr-no_926.jpg,Testing,Training,notumor,notumor,0,2,True,False
Testing/notumor/Te-no_390.jpg,Training/notumor/Tr-no_309.jpg,Testing,Training,notumor,notumor,0,0,True,False
Testing/notumor/Te-no_390.jpg,Training/notumor/Tr-no_890.jpg,Testing,Training,notumor,notumor,0,0,True,False
Testing/notumor/Te-no_390.jpg,Training/notumor/Tr-no_666.jpg,Testing,Training,notumor,notumor,0,0,True,False
Testing/notumor/Te-no_390.jpg,Training/notumor/Tr-no_1010.jpg,Testing,Training,notumor,notumor,0,0,True,False
Testing/notumor/Te-no_391.jpg,Training/notumor/Tr-no_184.jpg,Testing,Training,notumor,notumor,0,0,True,False
Testing/notumor/Te-no_391.jpg,Training/notumor/Tr-no_1222.jpg,Testing,Training,notumor,notumor,0,0,True,False
Testing/notumor/Te-no_391.jpg,Training/notumor/Tr-no_199.jpg,Testing,Training,notumor,notumor,0,1,True,False
Testing/notumor/Te-no_391.jpg,Training/notumor/Tr-no_211.jpg,Testing,Training,notumor,notumor,0,1,True,False
Testing/notumor/Te-no_391.jpg,Training/notumor/Tr-no_675.jpg,Testing,Training,notumor,notumor,0,0,True,False
Testing/notumor/Te-no_391.jpg,Training/notumor/Tr-no_1256.jpg,Testing,Training,notumor,notumor,0,1,True,False
Testing/notumor/Te-no_391.jpg,Training/notumor/Tr-no_1029.jpg,Testing,Training,notumor,notumor,0,1,True,False
Testing/notumor/Te-no_391.jpg,Training/notumor/Tr-no_1035.jpg,Testing,Training,notumor,notumor,0,0,True,False
Testing/notumor/Te-no_391.jpg,Training/notumor/Tr-no_1039.jpg,Testing,Training,notumor,notumor,0,0,True,False
Testing/notumor/Te-no_391.jpg,Training/notumor/Tr-no_936.jpg,Testing,Training,notumor,notumor,0,2,True,False
Testing/notumor/Te-no_391.jpg,Training/notumor/Tr-no_1050.jpg,Testing,Training,notumor,notumor,0,0,True,False
Testing/notumor/Te-no_391.jpg,Training/notumor/Tr-no_1051.jpg,Testing,Training,notumor,notumor,0,0,True,False
Testing/notumor/Te-no_391.jpg,Training/notumor/Tr-no_253.jpg,Testing,Training,notumor,notumor,0,1,True,False
Testing/notumor/Te-no_391.jpg,Training/notumor/Tr-no_715.jpg,Testing,Training,notumor,notumor,0,0,True,False
Testing/notumor/Te-no_391.jpg,Training/notumor/Tr-no_1066.jpg,Testing,Training,notumor,notumor,0,1,True,False
Testing/notumor/Te-no_391.jpg,Training/notumor/Tr-no_1297.jpg,Testing,Training,notumor,notumor,0,2,True,False
Testing/notumor/Te-no_391.jpg,Training/notumor/Tr-no_270.jpg,Testing,Training,notumor,notumor,0,1,True,False
Testing/notumor/Te-no_391.jpg,Training/notumor/Tr-no_272.jpg,Testing,Training,notumor,notumor,0,0,True,False
Testing/notumor/Te-no_391.jpg,Training/notumor/Tr-no_1315.jpg,Testing,Training,notumor,notumor,0,0,True,False
Testing/notumor/Te-no_391.jpg,Training/notumor/Tr-no_1086.jpg,Testing,Training,notumor,notumor,0,0,True,False
Testing/notumor/Te-no_391.jpg,Training/notumor/Tr-no_1091.jpg,Testing,Training,notumor,notumor,0,1,True,False
Testing/notumor/Te-no_391.jpg,Training/notumor/Tr-no_538.jpg,Testing,Training,notumor,notumor,0,0,True,False
Testing/notumor/Te-no_391.jpg,Training/notumor/Tr-no_320.jpg,Testing,Training,notumor,notumor,0,1,True,False
Testing/notumor/Te-no_391.jpg,Training/notumor/Tr-no_330.jpg,Testing,Training,notumor,notumor,0,0,True,False
Testing/notumor/Te-no_391.jpg,Training/notumor/Tr-no_794.jpg,Testing,Training,notumor,notumor,0,1,True,False
Testing/notumor/Te-no_391.jpg,Training/notumor/Tr-no_797.jpg,Testing,Training,notumor,notumor,0,0,True,False
Testing/notumor/Te-no_391.jpg,Training/notumor/Tr-no_1151.jpg,Testing,Training,notumor,notumor,0,0,True,False
Testing/notumor/Te-no_391.jpg,Training/notumor/Tr-no_1385.jpg,Testing,Training,notumor,notumor,0,0,True,False
Testing/notumor/Te-no_391.jpg,Training/notumor/Tr-no_1158.jpg,Testing,Training,notumor,notumor,0,0,True,False
Testing/notumor/Te-no_391.jpg,Training/notumor/Tr-no_600.jpg,Testing,Training,notumor,notumor,0,0,True,False
Testing/notumor/Te-no_392.jpg,Training/notumor/Tr-no_620.jpg,Testing,Training,notumor,notumor,2,0,True,False
Testing/notumor/Te-no_392.jpg,Training/notumor/Tr-no_402.jpg,Testing,Training,notumor,notumor,0,0,True,False
Testing/notumor/Te-no_392.jpg,Training/notumor/Tr-no_403.jpg,Testing,Training,notumor,notumor,0,0,True,False
Testing/notumor/Te-no_392.jpg,Training/notumor/Tr-no_873.jpg,Testing,Training,notumor,notumor,0,0,True,False
Testing/notumor/Te-no_392.jpg,Training/notumor/Tr-no_643.jpg,Testing,Training,notumor,notumor,0,0,True,False
Testing/notumor/Te-no_392.jpg,Training/notumor/Tr-no_1220.jpg,Testing,Training,notumor,notumor,2,0,True,False
Testing/notumor/Te-no_392.jpg,Training/notumor/Tr-no_1.jpg,Testing,Training,notumor,notumor,0,0,True,False
Testing/notumor/Te-no_392.jpg,Training/notumor/Tr-no_2.jpg,Testing,Training,notumor,notumor,2,0,True,False
Testing/notumor/Te-no_392.jpg,Training/notumor/Tr-no_1244.jpg,Testing,Training,notumor,notumor,2,0,True,False
Testing/notumor/Te-no_392.jpg,Training/notumor/Tr-no_217.jpg,Testing,Training,notumor,notumor,4,0,True,False
Testing/notumor/Te-no_392.jpg,Training/notumor/Tr-no_227.jpg,Testing,Training,notumor,notumor,2,0,True,False
Testing/notumor/Te-no_392.jpg,Training/notumor/Tr-no_690.jpg,Testing,Training,notumor,notumor,0,0,True,False
Testing/notumor/Te-no_392.jpg,Training/notumor/Tr-no_23.jpg,Testing,Training,notumor,notumor,4,0,True,False
Testing/notumor/Te-no_392.jpg,Training/notumor/Tr-no_234.jpg,Testing,Training,notumor,notumor,0,0,True,False
Testing/notumor/Te-no_392.jpg,Training/notumor/Tr-no_488.jpg,Testing,Training,notumor,notumor,0,0,True,False
Testing/notumor/Te-no_392.jpg,Training/notumor/Tr-no_955.jpg,Testing,Training,notumor,notumor,2,0,True,False
Testing/notumor/Te-no_392.jpg,Training/notumor/Tr-no_735.jpg,Testing,Training,notumor,notumor,0,0,True,False
Testing/notumor/Te-no_392.jpg,Training/notumor/Tr-no_1304.jpg,Testing,Training,notumor,notumor,4,0,True,False
Testing/notumor/Te-no_392.jpg,Training/notumor/Tr-no_74.jpg,Testing,Training,notumor,notumor,0,0,True,False
Testing/notumor/Te-no_392.jpg,Training/notumor/Tr-no_514.jpg,Testing,Training,notumor,notumor,0,0,True,False
Testing/notumor/Te-no_392.jpg,Training/notumor/Tr-no_1083.jpg,Testing,Training,notumor,notumor,4,0,True,False
Testing/notumor/Te-no_392.jpg,Training/notumor/Tr-no_781.jpg,Testing,Training,notumor,notumor,2,0,True,False
Testing/notumor/Te-no_392.jpg,Training/notumor/Tr-no_559.jpg,Testing,Training,notumor,notumor,2,0,True,False
Testing/notumor/Te-no_392.jpg,Training/notumor/Tr-no_113.jpg,Testing,Training,notumor,notumor,4,0,True,False
Testing/notumor/Te-no_392.jpg,Training/notumor/Tr-no_331.jpg,Testing,Training,notumor,notumor,2,0,True,False
Testing/notumor/Te-no_392.jpg,Training/notumor/Tr-no_1371.jpg,Testing,Training,notumor,notumor,0,0,True,False
Testing/notumor/Te-no_392.jpg,Training/notumor/Tr-no_1375.jpg,Testing,Training,notumor,notumor,0,0,True,False
Testing/notumor/Te-no_392.jpg,Training/notumor/Tr-no_586.jpg,Testing,Training,notumor,notumor,2,0,True,False
Testing/notumor/Te-no_392.jpg,Training/notumor/Tr-no_1392.jpg,Testing,Training,notumor,notumor,2,0,True,False
Testing/notumor/Te-no_392.jpg,Training/notumor/Tr-no_595.jpg,Testing,Training,notumor,notumor,0,0,True,False
Testing/notumor/Te-no_392.jpg,Training/notumor/Tr-no_1163.jpg,Testing,Training,notumor,notumor,2,0,True,False
Testing/notumor/Te-no_392.jpg,Training/notumor/Tr-no_597.jpg,Testing,Training,notumor,notumor,0,0,True,False
Testing/notumor/Te-no_392.jpg,Training/notumor/Tr-no_37.jpg,Testing,Training,notumor,notumor,0,0,True,False
Testing/notumor/Te-no_392.jpg,Training/notumor/Tr-no_1170.jpg,Testing,Training,notumor,notumor,2,0,True,False
Testing/notumor/Te-no_392.jpg,Training/notumor/Tr-no_152.jpg,Testing,Training,notumor,notumor,4,0,True,False
Testing/notumor/Te-no_393.jpg,Training/notumor/Tr-no_793.jpg,Testing,Training,notumor,notumor,0,0,True,False
Testing/notumor/Te-no_393.jpg,Training/notumor/Tr-no_1034.jpg,Testing,Training,notumor,notumor,0,0,True,False
Testing/notumor/Te-no_393.jpg,Training/notumor/Tr-no_146.jpg,Testing,Training,notumor,notumor,0,0,True,False
Testing/notumor/Te-no_393.jpg,Training/notumor/Tr-no_1233.jpg,Testing,Training,notumor,notumor,0,0,True,False
Testing/notumor/Te-no_393.jpg,Training/notumor/Tr-no_896.jpg,Testing,Training,notumor,notumor,0,0,True,False
Testing/notumor/Te-no_394.jpg,Training/notumor/Tr-no_276.jpg,Testing,Training,notumor,notumor,2,0,True,False
Testing/notumor/Te-no_394.jpg,Training/notumor/Tr-no_395.jpg,Testing,Training,notumor,notumor,2,0,True,False
Testing/notumor/Te-no_394.jpg,Training/notumor/Tr-no_108.jpg,Testing,Training,notumor,notumor,0,0,True,False
Testing/notumor/Te-no_394.jpg,Training/notumor/Tr-no_296.jpg,Testing,Training,notumor,notumor,0,0,True,False
Testing/notumor/Te-no_394.jpg,Training/notumor/Tr-no_989.jpg,Testing,Training,notumor,notumor,0,0,True,False
Testing/notumor/Te-no_394.jpg,Training/notumor/Tr-no_111.jpg,Testing,Training,notumor,notumor,4,0,True,False
Testing/notumor/Te-no_394.jpg,Training/notumor/Tr-no_1227.jpg,Testing,Training,notumor,notumor,0,0,True,False
Testing/notumor/Te-no_394.jpg,Training/notumor/Tr-no_795.jpg,Testing,Training,notumor,notumor,0,0,True,False
Testing/notumor/Te-no_394.jpg,Training/notumor/Tr-no_1251.jpg,Testing,Training,notumor,notumor,2,0,True,False
Testing/notumor/Te-no_394.jpg,Training/notumor/Tr-no_453.jpg,Testing,Training,notumor,notumor,0,0,True,False
Testing/notumor/Te-no_394.jpg,Training/notumor/Tr-no_588.jpg,Testing,Training,notumor,notumor,0,0,True,False
Testing/notumor/Te-no_394.jpg,Training/notumor/Tr-no_1047.jpg,Testing,Training,notumor,notumor,0,0,True,False
Testing/notumor/Te-no_394.jpg,Training/notumor/Tr-no_25.jpg,Testing,Training,notumor,notumor,2,0,True,False
Testing/notumor/Te-no_394.jpg,Training/notumor/Tr-no_1396.jpg,Testing,Training,notumor,notumor,0,0,True,False
Testing/notumor/Te-no_394.jpg,Training/notumor/Tr-no_947.jpg,Testing,Training,notumor,notumor,0,0,True,False
Testing/notumor/Te-no_394.jpg,Training/notumor/Tr-no_1055.jpg,Testing,Training,notumor,notumor,0,0,True,False
Testing/notumor/Te-no_394.jpg,Training/notumor/Tr-no_260.jpg,Testing,Training,notumor,notumor,0,0,True,False
Testing/notumor/Te-no_395.jpg,Training/notumor/Tr-no_852.jpg,Testing,Training,notumor,notumor,2,0,True,False
Testing/notumor/Te-no_395.jpg,Training/notumor/Tr-no_1195.jpg,Testing,Training,notumor,notumor,0,0,True,False
Testing/notumor/Te-no_395.jpg,Training/notumor/Tr-no_628.jpg,Testing,Training,notumor,notumor,0,0,True,False
Testing/notumor/Te-no_395.jpg,Training/notumor/Tr-no_182.jpg,Testing,Training,notumor,notumor,0,0,True,False
Testing/notumor/Te-no_395.jpg,Training/notumor/Tr-no_19.jpg,Testing,Training,notumor,notumor,0,0,True,False
Testing/notumor/Te-no_395.jpg,Training/notumor/Tr-no_651.jpg,Testing,Training,notumor,notumor,0,0,True,False
Testing/notumor/Te-no_395.jpg,Training/notumor/Tr-no_425.jpg,Testing,Training,notumor,notumor,0,0,True,False
Testing/notumor/Te-no_395.jpg,Training/notumor/Tr-no_892.jpg,Testing,Training,notumor,notumor,0,0,True,False
Testing/notumor/Te-no_395.jpg,Training/notumor/Tr-no_1230.jpg,Testing,Training,notumor,notumor,0,0,True,False
Testing/notumor/Te-no_395.jpg,Training/notumor/Tr-no_1232.jpg,Testing,Training,notumor,notumor,0,0,True,False
Testing/notumor/Te-no_395.jpg,Training/notumor/Tr-no_447.jpg,Testing,Training,notumor,notumor,0,0,True,False
Testing/notumor/Te-no_395.jpg,Training/notumor/Tr-no_469.jpg,Testing,Training,notumor,notumor,0,0,True,False
Testing/notumor/Te-no_395.jpg,Training/notumor/Tr-no_24.jpg,Testing,Training,notumor,notumor,0,0,True,False
Testing/notumor/Te-no_395.jpg,Training/notumor/Tr-no_470.jpg,Testing,Training,notumor,notumor,0,0,True,False
Testing/notumor/Te-no_395.jpg,Training/notumor/Tr-no_704.jpg,Testing,Training,notumor,notumor,0,0,True,False
Testing/notumor/Te-no_395.jpg,Training/notumor/Tr-no_1282.jpg,Testing,Training,notumor,notumor,0,0,True,False
Testing/notumor/Te-no_395.jpg,Training/notumor/Tr-no_716.jpg,Testing,Training,notumor,notumor,0,0,True,False
Testing/notumor/Te-no_395.jpg,Training/notumor/Tr-no_720.jpg,Testing,Training,notumor,notumor,0,0,True,False
Testing/notumor/Te-no_395.jpg,Training/notumor/Tr-no_499.jpg,Testing,Training,notumor,notumor,0,0,True,False
Testing/notumor/Te-no_395.jpg,Training/notumor/Tr-no_734.jpg,Testing,Training,notumor,notumor,0,0,True,False
Testing/notumor/Te-no_395.jpg,Training/notumor/Tr-no_740.jpg,Testing,Training,notumor,notumor,0,0,True,False
Testing/notumor/Te-no_395.jpg,Training/notumor/Tr-no_1084.jpg,Testing,Training,notumor,notumor,0,0,True,False
Testing/notumor/Te-no_395.jpg,Training/notumor/Tr-no_986.jpg,Testing,Training,notumor,notumor,0,0,True,False
Testing/notumor/Te-no_395.jpg,Training/notumor/Tr-no_11.jpg,Testing,Training,notumor,notumor,0,0,True,False
Testing/notumor/Te-no_395.jpg,Training/notumor/Tr-no_994.jpg,Testing,Training,notumor,notumor,0,0,True,False
Testing/notumor/Te-no_395.jpg,Training/notumor/Tr-no_1338.jpg,Testing,Training,notumor,notumor,0,0,True,False
Testing/notumor/Te-no_395.jpg,Training/notumor/Tr-no_771.jpg,Testing,Training,notumor,notumor,0,0,True,False
Testing/notumor/Te-no_395.jpg,Training/notumor/Tr-no_772.jpg,Testing,Training,notumor,notumor,0,0,True,False
Testing/notumor/Te-no_395.jpg,Training/notumor/Tr-no_1355.jpg,Testing,Training,notumor,notumor,0,0,True,False
Testing/notumor/Te-no_395.jpg,Training/notumor/Tr-no_1356.jpg,Testing,Training,notumor,notumor,0,0,True,False
Testing/notumor/Te-no_395.jpg,Training/notumor/Tr-no_558.jpg,Testing,Training,notumor,notumor,0,0,True,False
Testing/notumor/Te-no_395.jpg,Training/notumor/Tr-no_334.jpg,Testing,Training,notumor,notumor,0,0,True,False
Testing/notumor/Te-no_395.jpg,Training/notumor/Tr-no_145.jpg,Testing,Training,notumor,notumor,0,0,True,False
Testing/notumor/Te-no_395.jpg,Training/notumor/Tr-no_839.jpg,Testing,Training,notumor,notumor,0,0,True,False
Testing/notumor/Te-no_396.jpg,Training/notumor/Tr-no_852.jpg,Testing,Training,notumor,notumor,0,0,True,False
Testing/notumor/Te-no_396.jpg,Training/notumor/Tr-no_1195.jpg,Testing,Training,notumor,notumor,0,0,True,False
Testing/notumor/Te-no_396.jpg,Training/notumor/Tr-no_628.jpg,Testing,Training,notumor,notumor,0,0,True,False
Testing/notumor/Te-no_396.jpg,Training/notumor/Tr-no_182.jpg,Testing,Training,notumor,notumor,0,0,True,False
Testing/notumor/Te-no_396.jpg,Training/notumor/Tr-no_19.jpg,Testing,Training,notumor,notumor,0,0,True,False
Testing/notumor/Te-no_396.jpg,Training/notumor/Tr-no_651.jpg,Testing,Training,notumor,notumor,0,0,True,False
Testing/notumor/Te-no_396.jpg,Training/notumor/Tr-no_425.jpg,Testing,Training,notumor,notumor,0,0,True,False
Testing/notumor/Te-no_396.jpg,Training/notumor/Tr-no_892.jpg,Testing,Training,notumor,notumor,0,0,True,False
Testing/notumor/Te-no_396.jpg,Training/notumor/Tr-no_1230.jpg,Testing,Training,notumor,notumor,0,0,True,False
Testing/notumor/Te-no_396.jpg,Training/notumor/Tr-no_1232.jpg,Testing,Training,notumor,notumor,0,0,True,False
Testing/notumor/Te-no_396.jpg,Training/notumor/Tr-no_447.jpg,Testing,Training,notumor,notumor,0,0,True,False
Testing/notumor/Te-no_396.jpg,Training/notumor/Tr-no_469.jpg,Testing,Training,notumor,notumor,0,0,True,False
Testing/notumor/Te-no_396.jpg,Training/notumor/Tr-no_24.jpg,Testing,Training,notumor,notumor,0,0,True,False
Testing/notumor/Te-no_396.jpg,Training/notumor/Tr-no_470.jpg,Testing,Training,notumor,notumor,0,0,True,False
Testing/notumor/Te-no_396.jpg,Training/notumor/Tr-no_704.jpg,Testing,Training,notumor,notumor,0,0,True,False
Testing/notumor/Te-no_396.jpg,Training/notumor/Tr-no_1282.jpg,Testing,Training,notumor,notumor,0,0,True,False
Testing/notumor/Te-no_396.jpg,Training/notumor/Tr-no_716.jpg,Testing,Training,notumor,notumor,0,0,True,False
Testing/notumor/Te-no_396.jpg,Training/notumor/Tr-no_720.jpg,Testing,Training,notumor,notumor,0,0,True,False
Testing/notumor/Te-no_396.jpg,Training/notumor/Tr-no_499.jpg,Testing,Training,notumor,notumor,0,0,True,False
Testing/notumor/Te-no_396.jpg,Training/notumor/Tr-no_734.jpg,Testing,Training,notumor,notumor,0,0,True,False
Testing/notumor/Te-no_396.jpg,Training/notumor/Tr-no_740.jpg,Testing,Training,notumor,notumor,0,0,True,False
Testing/notumor/Te-no_396.jpg,Training/notumor/Tr-no_1084.jpg,Testing,Training,notumor,notumor,0,0,True,False
Testing/notumor/Te-no_396.jpg,Training/notumor/Tr-no_986.jpg,Testing,Training,notumor,notumor,0,0,True,False
Testing/notumor/Te-no_396.jpg,Training/notumor/Tr-no_11.jpg,Testing,Training,notumor,notumor,0,0,True,False
Testing/notumor/Te-no_396.jpg,Training/notumor/Tr-no_994.jpg,Testing,Training,notumor,notumor,0,0,True,False
Testing/notumor/Te-no_396.jpg,Training/notumor/Tr-no_1338.jpg,Testing,Training,notumor,notumor,0,0,True,False
Testing/notumor/Te-no_396.jpg,Training/notumor/Tr-no_771.jpg,Testing,Training,notumor,notumor,0,0,True,False
Testing/notumor/Te-no_396.jpg,Training/notumor/Tr-no_772.jpg,Testing,Training,notumor,notumor,0,0,True,False
Testing/notumor/Te-no_396.jpg,Training/notumor/Tr-no_1356.jpg,Testing,Training,notumor,notumor,0,0,True,False
Testing/notumor/Te-no_396.jpg,Training/notumor/Tr-no_1355.jpg,Testing,Training,notumor,notumor,0,0,True,False
Testing/notumor/Te-no_396.jpg,Training/notumor/Tr-no_558.jpg,Testing,Training,notumor,notumor,0,0,True,False
Testing/notumor/Te-no_396.jpg,Training/notumor/Tr-no_334.jpg,Testing,Training,notumor,notumor,0,0,True,False
Testing/notumor/Te-no_396.jpg,Training/notumor/Tr-no_145.jpg,Testing,Training,notumor,notumor,0,0,True,False
Testing/notumor/Te-no_396.jpg,Training/notumor/Tr-no_839.jpg,Testing,Training,notumor,notumor,0,0,True,False
Testing/notumor/Te-no_397.jpg,Training/notumor/Tr-no_16.jpg,Testing,Training,notumor,notumor,0,0,True,False
Testing/notumor/Te-no_397.jpg,Training/notumor/Tr-no_1076.jpg,Testing,Training,notumor,notumor,0,0,True,False
Testing/notumor/Te-no_397.jpg,Training/notumor/Tr-no_1078.jpg,Testing,Training,notumor,notumor,0,0,True,False
Testing/notumor/Te-no_397.jpg,Training/notumor/Tr-no_624.jpg,Testing,Training,notumor,notumor,4,0,True,False
Testing/notumor/Te-no_397.jpg,Training/notumor/Tr-no_1202.jpg,Testing,Training,notumor,notumor,0,0,True,False
Testing/notumor/Te-no_397.jpg,Training/notumor/Tr-no_521.jpg,Testing,Training,notumor,notumor,0,0,True,False
Testing/notumor/Te-no_397.jpg,Training/notumor/Tr-no_529.jpg,Testing,Training,notumor,notumor,4,0,True,False
Testing/notumor/Te-no_397.jpg,Training/notumor/Tr-no_53.jpg,Testing,Training,notumor,notumor,0,0,True,False
Testing/notumor/Te-no_397.jpg,Training/notumor/Tr-no_883.jpg,Testing,Training,notumor,notumor,4,0,True,False
Testing/notumor/Te-no_397.jpg,Training/notumor/Tr-no_424.jpg,Testing,Training,notumor,notumor,0,0,True,False
Testing/notumor/Te-no_397.jpg,Training/notumor/Tr-no_773.jpg,Testing,Training,notumor,notumor,0,0,True,False
Testing/notumor/Te-no_397.jpg,Training/notumor/Tr-no_89.jpg,Testing,Training,notumor,notumor,4,0,True,False
Testing/notumor/Te-no_397.jpg,Training/notumor/Tr-no_66.jpg,Testing,Training,notumor,notumor,0,0,True,False
Testing/notumor/Te-no_397.jpg,Training/notumor/Tr-no_776.jpg,Testing,Training,notumor,notumor,4,0,True,False
Testing/notumor/Te-no_397.jpg,Training/notumor/Tr-no_780.jpg,Testing,Training,notumor,notumor,0,0,True,False
Testing/notumor/Te-no_397.jpg,Training/notumor/Tr-no_1241.jpg,Testing,Training,notumor,notumor,4,0,True,False
Testing/notumor/Te-no_397.jpg,Training/notumor/Tr-no_213.jpg,Testing,Training,notumor,notumor,0,0,True,False
Testing/notumor/Te-no_397.jpg,Training/notumor/Tr-no_1370.jpg,Testing,Training,notumor,notumor,0,0,True,False
Testing/notumor/Te-no_397.jpg,Training/notumor/Tr-no_35.jpg,Testing,Training,notumor,notumor,0,0,True,False
Testing/notumor/Te-no_397.jpg,Training/notumor/Tr-no_583.jpg,Testing,Training,notumor,notumor,0,0,True,False
Testing/notumor/Te-no_397.jpg,Training/notumor/Tr-no_1161.jpg,Testing,Training,notumor,notumor,4,0,True,False
Testing/notumor/Te-no_397.jpg,Training/notumor/Tr-no_1053.jpg,Testing,Training,notumor,notumor,0,0,True,False
Testing/notumor/Te-no_397.jpg,Training/notumor/Tr-no_254.jpg,Testing,Training,notumor,notumor,0,0,True,False
Testing/notumor/Te-no_397.jpg,Training/notumor/Tr-no_1174.jpg,Testing,Training,notumor,notumor,4,0,True,False
Testing/notumor/Te-no_397.jpg,Training/notumor/Tr-no_497.jpg,Testing,Training,notumor,notumor,0,0,True,False
Testing/notumor/Te-no_397.jpg,Training/notumor/Tr-no_1299.jpg,Testing,Training,notumor,notumor,0,0,True,False
Testing/notumor/Te-no_398.jpg,Training/notumor/Tr-no_1013.jpg,Testing,Training,notumor,notumor,0,1,True,False
Testing/notumor/Te-no_398.jpg,Training/notumor/Tr-no_679.jpg,Testing,Training,notumor,notumor,0,0,True,False
Testing/notumor/Te-no_398.jpg,Training/notumor/Tr-no_572.jpg,Testing,Training,notumor,notumor,0,0,True,False
Testing/notumor/Te-no_398.jpg,Training/notumor/Tr-no_226.jpg,Testing,Training,notumor,notumor,0,0,True,False
Testing/notumor/Te-no_398.jpg,Training/notumor/Tr-no_1314.jpg,Testing,Training,notumor,notumor,0,0,True,False
Testing/notumor/Te-no_398.jpg,Training/notumor/Tr-no_343.jpg,Testing,Training,notumor,notumor,0,0,True,False
Testing/notumor/Te-no_398.jpg,Training/notumor/Tr-no_921.jpg,Testing,Training,notumor,notumor,0,0,True,False
Testing/notumor/Te-no_398.jpg,Training/notumor/Tr-no_414.jpg,Testing,Training,notumor,notumor,0,0,True,False
Testing/notumor/Te-no_398.jpg,Training/notumor/Tr-no_54.jpg,Testing,Training,notumor,notumor,2,0,True,False
Testing/notumor/Te-no_398.jpg,Training/notumor/Tr-no_1168.jpg,Testing,Training,notumor,notumor,0,0,True,False
Testing/notumor/Te-no_398.jpg,Training/notumor/Tr-no_49.jpg,Testing,Training,notumor,notumor,0,1,True,False
Testing/notumor/Te-no_398.jpg,Training/notumor/Tr-no_318.jpg,Testing,Training,notumor,notumor,0,0,True,False
Testing/notumor/Te-no_398.jpg,Training/notumor/Tr-no_1120.jpg,Testing,Training,notumor,notumor,0,0,True,False
Testing/notumor/Te-no_399.jpg,Training/notumor/Tr-no_1081.jpg,Testing,Training,notumor,notumor,0,0,True,False
Testing/notumor/Te-no_399.jpg,Training/notumor/Tr-no_528.jpg,Testing,Training,notumor,notumor,0,0,True,False
Testing/notumor/Te-no_399.jpg,Training/notumor/Tr-no_1328.jpg,Testing,Training,notumor,notumor,2,0,True,False
Testing/notumor/Te-no_399.jpg,Training/notumor/Tr-no_645.jpg,Testing,Training,notumor,notumor,2,0,True,False
Testing/notumor/Te-no_399.jpg,Training/notumor/Tr-no_1112.jpg,Testing,Training,notumor,notumor,0,0,True,False
Testing/notumor/Te-no_399.jpg,Training/notumor/Tr-no_1113.jpg,Testing,Training,notumor,notumor,0,0,True,False
Testing/notumor/Te-no_399.jpg,Training/notumor/Tr-no_200.jpg,Testing,Training,notumor,notumor,0,0,True,False
Testing/notumor/Te-no_399.jpg,Training/notumor/Tr-no_778.jpg,Testing,Training,notumor,notumor,2,0,True,False
Testing/notumor/Te-no_399.jpg,Training/notumor/Tr-no_437.jpg,Testing,Training,notumor,notumor,0,0,True,False
Testing/notumor/Te-no_399.jpg,Training/notumor/Tr-no_554.jpg,Testing,Training,notumor,notumor,2,0,True,False
Testing/notumor/Te-no_399.jpg,Training/notumor/Tr-no_791.jpg,Testing,Training,notumor,notumor,0,0,True,False
Testing/notumor/Te-no_399.jpg,Training/notumor/Tr-no_1246.jpg,Testing,Training,notumor,notumor,0,0,True,False
Testing/notumor/Te-no_399.jpg,Training/notumor/Tr-no_1259.jpg,Testing,Training,notumor,notumor,2,0,True,False
Testing/notumor/Te-no_399.jpg,Training/notumor/Tr-no_928.jpg,Testing,Training,notumor,notumor,2,0,True,False
Testing/notumor/Te-no_399.jpg,Training/notumor/Tr-no_473.jpg,Testing,Training,notumor,notumor,2,0,True,False
Testing/notumor/Te-no_4.jpg,Training/notumor/Tr-no_620.jpg,Testing,Training,notumor,notumor,2,0,True,False
Testing/notumor/Te-no_4.jpg,Training/notumor/Tr-no_402.jpg,Testing,Training,notumor,notumor,4,0,True,False
Testing/notumor/Te-no_4.jpg,Training/notumor/Tr-no_403.jpg,Testing,Training,notumor,notumor,2,0,True,False
Testing/notumor/Te-no_4.jpg,Training/notumor/Tr-no_873.jpg,Testing,Training,notumor,notumor,2,0,True,False
Testing/notumor/Te-no_4.jpg,Training/notumor/Tr-no_643.jpg,Testing,Training,notumor,notumor,2,0,True,False
Testing/notumor/Te-no_4.jpg,Training/notumor/Tr-no_1220.jpg,Testing,Training,notumor,notumor,2,0,True,False
Testing/notumor/Te-no_4.jpg,Training/notumor/Tr-no_2.jpg,Testing,Training,notumor,notumor,2,0,True,False
Testing/notumor/Te-no_4.jpg,Training/notumor/Tr-no_1.jpg,Testing,Training,notumor,notumor,4,0,True,False
Testing/notumor/Te-no_4.jpg,Training/notumor/Tr-no_1244.jpg,Testing,Training,notumor,notumor,2,0,True,False
Testing/notumor/Te-no_4.jpg,Training/notumor/Tr-no_217.jpg,Testing,Training,notumor,notumor,0,0,True,False
Testing/notumor/Te-no_4.jpg,Training/notumor/Tr-no_227.jpg,Testing,Training,notumor,notumor,2,0,True,False
Testing/notumor/Te-no_4.jpg,Training/notumor/Tr-no_690.jpg,Testing,Training,notumor,notumor,2,0,True,False
Testing/notumor/Te-no_4.jpg,Training/notumor/Tr-no_23.jpg,Testing,Training,notumor,notumor,0,0,True,False
Testing/notumor/Te-no_4.jpg,Training/notumor/Tr-no_234.jpg,Testing,Training,notumor,notumor,2,0,True,False
Testing/notumor/Te-no_4.jpg,Training/notumor/Tr-no_488.jpg,Testing,Training,notumor,notumor,4,0,True,False
Testing/notumor/Te-no_4.jpg,Training/notumor/Tr-no_955.jpg,Testing,Training,notumor,notumor,2,0,True,False
Testing/notumor/Te-no_4.jpg,Training/notumor/Tr-no_735.jpg,Testing,Training,notumor,notumor,2,0,True,False
Testing/notumor/Te-no_4.jpg,Training/notumor/Tr-no_1304.jpg,Testing,Training,notumor,notumor,0,0,True,False
Testing/notumor/Te-no_4.jpg,Training/notumor/Tr-no_74.jpg,Testing,Training,notumor,notumor,4,0,True,False
Testing/notumor/Te-no_4.jpg,Training/notumor/Tr-no_1083.jpg,Testing,Training,notumor,notumor,0,0,True,False
Testing/notumor/Te-no_4.jpg,Training/notumor/Tr-no_514.jpg,Testing,Training,notumor,notumor,4,0,True,False
Testing/notumor/Te-no_4.jpg,Training/notumor/Tr-no_781.jpg,Testing,Training,notumor,notumor,2,0,True,False
Testing/notumor/Te-no_4.jpg,Training/notumor/Tr-no_559.jpg,Testing,Training,notumor,notumor,2,0,True,False
Testing/notumor/Te-no_4.jpg,Training/notumor/Tr-no_113.jpg,Testing,Training,notumor,notumor,0,0,True,False
Testing/notumor/Te-no_4.jpg,Training/notumor/Tr-no_331.jpg,Testing,Training,notumor,notumor,2,0,True,False
Testing/notumor/Te-no_4.jpg,Training/notumor/Tr-no_1371.jpg,Testing,Training,notumor,notumor,4,0,True,False
Testing/notumor/Te-no_4.jpg,Training/notumor/Tr-no_1375.jpg,Testing,Training,notumor,notumor,2,0,True,False
Testing/notumor/Te-no_4.jpg,Training/notumor/Tr-no_586.jpg,Testing,Training,notumor,notumor,2,0,True,False
Testing/notumor/Te-no_4.jpg,Training/notumor/Tr-no_1392.jpg,Testing,Training,notumor,notumor,2,0,True,False
Testing/notumor/Te-no_4.jpg,Training/notumor/Tr-no_1163.jpg,Testing,Training,notumor,notumor,2,0,True,False
Testing/notumor/Te-no_4.jpg,Training/notumor/Tr-no_595.jpg,Testing,Training,notumor,notumor,4,0,True,False
Testing/notumor/Te-no_4.jpg,Training/notumor/Tr-no_597.jpg,Testing,Training,notumor,notumor,4,0,True,False
Testing/notumor/Te-no_4.jpg,Training/notumor/Tr-no_37.jpg,Testing,Training,notumor,notumor,2,0,True,False
Testing/notumor/Te-no_4.jpg,Training/notumor/Tr-no_1170.jpg,Testing,Training,notumor,notumor,2,0,True,False
Testing/notumor/Te-no_4.jpg,Training/notumor/Tr-no_152.jpg,Testing,Training,notumor,notumor,0,0,True,False
Testing/notumor/Te-no_40.jpg,Training/notumor/Tr-no_746.jpg,Testing,Training,notumor,notumor,0,0,True,False
Testing/notumor/Te-no_40.jpg,Training/notumor/Tr-no_576.jpg,Testing,Training,notumor,notumor,0,0,True,False
Testing/notumor/Te-no_40.jpg,Training/notumor/Tr-no_153.jpg,Testing,Training,notumor,notumor,0,0,True,False
Testing/notumor/Te-no_400.jpg,Training/notumor/Tr-no_1072.jpg,Testing,Training,notumor,notumor,0,0,True,False
Testing/notumor/Te-no_400.jpg,Training/notumor/Tr-no_477.jpg,Testing,Training,notumor,notumor,0,0,True,False
Testing/notumor/Te-no_400.jpg,Training/notumor/Tr-no_209.jpg,Testing,Training,notumor,notumor,0,0,True,False
Testing/notumor/Te-no_41.jpg,Training/notumor/Tr-no_849.jpg,Testing,Training,notumor,notumor,0,0,True,False
Testing/notumor/Te-no_41.jpg,Training/notumor/Tr-no_1306.jpg,Testing,Training,notumor,notumor,2,0,True,False
Testing/notumor/Te-no_41.jpg,Training/notumor/Tr-no_973.jpg,Testing,Training,notumor,notumor,0,0,True,False
Testing/notumor/Te-no_41.jpg,Training/notumor/Tr-no_644.jpg,Testing,Training,notumor,notumor,2,0,True,False
Testing/notumor/Te-no_41.jpg,Training/notumor/Tr-no_661.jpg,Testing,Training,notumor,notumor,0,0,True,False
Testing/notumor/Te-no_41.jpg,Training/notumor/Tr-no_1002.jpg,Testing,Training,notumor,notumor,2,0,True,False
Testing/notumor/Te-no_41.jpg,Training/notumor/Tr-no_550.jpg,Testing,Training,notumor,notumor,2,0,True,False
Testing/notumor/Te-no_41.jpg,Training/notumor/Tr-no_571.jpg,Testing,Training,notumor,notumor,2,0,True,False
Testing/notumor/Te-no_41.jpg,Training/notumor/Tr-no_805.jpg,Testing,Training,notumor,notumor,0,0,True,False
Testing/notumor/Te-no_41.jpg,Training/notumor/Tr-no_808.jpg,Testing,Training,notumor,notumor,2,0,True,False
Testing/notumor/Te-no_41.jpg,Training/notumor/Tr-no_1147.jpg,Testing,Training,notumor,notumor,2,0,True,False
Testing/notumor/Te-no_41.jpg,Training/notumor/Tr-no_246.jpg,Testing,Training,notumor,notumor,0,0,True,False
Testing/notumor/Te-no_41.jpg,Training/notumor/Tr-no_1281.jpg,Testing,Training,notumor,notumor,2,0,True,False
Testing/notumor/Te-no_41.jpg,Training/notumor/Tr-no_500.jpg,Testing,Training,notumor,notumor,2,0,True,False
Testing/notumor/Te-no_42.jpg,Training/notumor/Tr-no_1190.jpg,Testing,Training,notumor,notumor,0,0,True,False
Testing/notumor/Te-no_42.jpg,Training/notumor/Tr-no_511.jpg,Testing,Training,notumor,notumor,0,0,True,False
Testing/notumor/Te-no_42.jpg,Training/notumor/Tr-no_172.jpg,Testing,Training,notumor,notumor,0,0,True,False
Testing/notumor/Te-no_42.jpg,Training/notumor/Tr-no_765.jpg,Testing,Training,notumor,notumor,0,0,True,False
Testing/notumor/Te-no_42.jpg,Training/notumor/Tr-no_304.jpg,Testing,Training,notumor,notumor,0,0,True,False
Testing/notumor/Te-no_42.jpg,Training/notumor/Tr-no_547.jpg,Testing,Training,notumor,notumor,0,0,True,False
Testing/notumor/Te-no_42.jpg,Training/notumor/Tr-no_204.jpg,Testing,Training,notumor,notumor,0,0,True,False
Testing/notumor/Te-no_42.jpg,Training/notumor/Tr-no_668.jpg,Testing,Training,notumor,notumor,0,0,True,False
Testing/notumor/Te-no_42.jpg,Training/notumor/Tr-no_44.jpg,Testing,Training,notumor,notumor,0,0,True,False
Testing/notumor/Te-no_42.jpg,Training/notumor/Tr-no_326.jpg,Testing,Training,notumor,notumor,0,0,True,False
Testing/notumor/Te-no_42.jpg,Training/notumor/Tr-no_916.jpg,Testing,Training,notumor,notumor,0,0,True,False
Testing/notumor/Te-no_42.jpg,Training/notumor/Tr-no_689.jpg,Testing,Training,notumor,notumor,0,0,True,False
Testing/notumor/Te-no_42.jpg,Training/notumor/Tr-no_696.jpg,Testing,Training,notumor,notumor,0,0,True,False
Testing/notumor/Te-no_42.jpg,Training/notumor/Tr-no_587.jpg,Testing,Training,notumor,notumor,0,0,True,False
Testing/notumor/Te-no_42.jpg,Training/notumor/Tr-no_243.jpg,Testing,Training,notumor,notumor,0,0,True,False
Testing/notumor/Te-no_42.jpg,Training/notumor/Tr-no_718.jpg,Testing,Training,notumor,notumor,0,0,True,False
Testing/notumor/Te-no_42.jpg,Training/notumor/Tr-no_847.jpg,Testing,Training,notumor,notumor,0,0,True,False
Testing/notumor/Te-no_43.jpg,Training/notumor/Tr-no_849.jpg,Testing,Training,notumor,notumor,2,0,True,False
Testing/notumor/Te-no_43.jpg,Training/notumor/Tr-no_1306.jpg,Testing,Training,notumor,notumor,0,0,True,False
Testing/notumor/Te-no_43.jpg,Training/notumor/Tr-no_571.jpg,Testing,Training,notumor,notumor,0,0,True,False
Testing/notumor/Te-no_43.jpg,Training/notumor/Tr-no_805.jpg,Testing,Training,notumor,notumor,2,0,True,False
Testing/notumor/Te-no_43.jpg,Training/notumor/Tr-no_808.jpg,Testing,Training,notumor,notumor,0,0,True,False
Testing/notumor/Te-no_43.jpg,Training/notumor/Tr-no_1147.jpg,Testing,Training,notumor,notumor,4,0,True,False
Testing/notumor/Te-no_43.jpg,Training/notumor/Tr-no_246.jpg,Testing,Training,notumor,notumor,2,0,True,False
Testing/notumor/Te-no_43.jpg,Training/notumor/Tr-no_1281.jpg,Testing,Training,notumor,notumor,0,0,True,False
Testing/notumor/Te-no_43.jpg,Training/notumor/Tr-no_544.jpg,Testing,Training,notumor,notumor,0,0,True,False
Testing/notumor/Te-no_43.jpg,Training/notumor/Tr-no_661.jpg,Testing,Training,notumor,notumor,2,0,True,False
Testing/notumor/Te-no_43.jpg,Training/notumor/Tr-no_1002.jpg,Testing,Training,notumor,notumor,0,0,True,False
Testing/notumor/Te-no_43.jpg,Training/notumor/Tr-no_550.jpg,Testing,Training,notumor,notumor,0,0,True,False
Testing/notumor/Te-no_43.jpg,Training/notumor/Tr-no_500.jpg,Testing,Training,notumor,notumor,0,0,True,False
Testing/notumor/Te-no_44.jpg,Training/notumor/Tr-no_16.jpg,Testing,Training,notumor,notumor,0,0,True,False
Testing/notumor/Te-no_44.jpg,Training/notumor/Tr-no_1076.jpg,Testing,Training,notumor,notumor,0,0,True,False
Testing/notumor/Te-no_44.jpg,Training/notumor/Tr-no_497.jpg,Testing,Training,notumor,notumor,0,0,True,False
Testing/notumor/Te-no_44.jpg,Training/notumor/Tr-no_1078.jpg,Testing,Training,notumor,notumor,0,0,True,False
Testing/notumor/Te-no_44.jpg,Training/notumor/Tr-no_624.jpg,Testing,Training,notumor,notumor,4,0,True,False
Testing/notumor/Te-no_44.jpg,Training/notumor/Tr-no_1202.jpg,Testing,Training,notumor,notumor,0,0,True,False
Testing/notumor/Te-no_44.jpg,Training/notumor/Tr-no_521.jpg,Testing,Training,notumor,notumor,0,0,True,False
Testing/notumor/Te-no_44.jpg,Training/notumor/Tr-no_529.jpg,Testing,Training,notumor,notumor,4,0,True,False
Testing/notumor/Te-no_44.jpg,Training/notumor/Tr-no_53.jpg,Testing,Training,notumor,notumor,0,0,True,False
Testing/notumor/Te-no_44.jpg,Training/notumor/Tr-no_883.jpg,Testing,Training,notumor,notumor,4,0,True,False
Testing/notumor/Te-no_44.jpg,Training/notumor/Tr-no_424.jpg,Testing,Training,notumor,notumor,0,0,True,False
Testing/notumor/Te-no_44.jpg,Training/notumor/Tr-no_773.jpg,Testing,Training,notumor,notumor,0,0,True,False
Testing/notumor/Te-no_44.jpg,Training/notumor/Tr-no_89.jpg,Testing,Training,notumor,notumor,4,0,True,False
Testing/notumor/Te-no_44.jpg,Training/notumor/Tr-no_66.jpg,Testing,Training,notumor,notumor,0,0,True,False
Testing/notumor/Te-no_44.jpg,Training/notumor/Tr-no_776.jpg,Testing,Training,notumor,notumor,4,0,True,False
Testing/notumor/Te-no_44.jpg,Training/notumor/Tr-no_780.jpg,Testing,Training,notumor,notumor,0,0,True,False
Testing/notumor/Te-no_44.jpg,Training/notumor/Tr-no_1241.jpg,Testing,Training,notumor,notumor,4,0,True,False
Testing/notumor/Te-no_44.jpg,Training/notumor/Tr-no_213.jpg,Testing,Training,notumor,notumor,0,0,True,False
Testing/notumor/Te-no_44.jpg,Training/notumor/Tr-no_1370.jpg,Testing,Training,notumor,notumor,0,0,True,False
Testing/notumor/Te-no_44.jpg,Training/notumor/Tr-no_35.jpg,Testing,Training,notumor,notumor,0,0,True,False
Testing/notumor/Te-no_44.jpg,Training/notumor/Tr-no_583.jpg,Testing,Training,notumor,notumor,0,0,True,False
Testing/notumor/Te-no_44.jpg,Training/notumor/Tr-no_1161.jpg,Testing,Training,notumor,notumor,4,0,True,False
Testing/notumor/Te-no_44.jpg,Training/notumor/Tr-no_1053.jpg,Testing,Training,notumor,notumor,0,0,True,False
Testing/notumor/Te-no_44.jpg,Training/notumor/Tr-no_254.jpg,Testing,Training,notumor,notumor,0,0,True,False
Testing/notumor/Te-no_44.jpg,Training/notumor/Tr-no_1174.jpg,Testing,Training,notumor,notumor,4,0,True,False
Testing/notumor/Te-no_44.jpg,Training/notumor/Tr-no_1299.jpg,Testing,Training,notumor,notumor,0,0,True,False
Testing/notumor/Te-no_45.jpg,Training/notumor/Tr-no_964.jpg,Testing,Training,notumor,notumor,4,0,True,False
Testing/notumor/Te-no_45.jpg,Training/notumor/Tr-no_739.jpg,Testing,Training,notumor,notumor,0,0,True,False
Testing/notumor/Te-no_45.jpg,Training/notumor/Tr-no_396.jpg,Testing,Training,notumor,notumor,0,0,True,False
Testing/notumor/Te-no_45.jpg,Training/notumor/Tr-no_513.jpg,Testing,Training,notumor,notumor,0,0,True,False
Testing/notumor/Te-no_45.jpg,Training/notumor/Tr-no_748.jpg,Testing,Training,notumor,notumor,0,1,True,False
Testing/notumor/Te-no_45.jpg,Training/notumor/Tr-no_996.jpg,Testing,Training,notumor,notumor,0,0,True,False
Testing/notumor/Te-no_45.jpg,Training/notumor/Tr-no_197.jpg,Testing,Training,notumor,notumor,0,0,True,False
Testing/notumor/Te-no_45.jpg,Training/notumor/Tr-no_659.jpg,Testing,Training,notumor,notumor,0,0,True,False
Testing/notumor/Te-no_45.jpg,Training/notumor/Tr-no_889.jpg,Testing,Training,notumor,notumor,0,0,True,False
Testing/notumor/Te-no_45.jpg,Training/notumor/Tr-no_1346.jpg,Testing,Training,notumor,notumor,0,0,True,False
Testing/notumor/Te-no_45.jpg,Training/notumor/Tr-no_1347.jpg,Testing,Training,notumor,notumor,0,0,True,False
Testing/notumor/Te-no_45.jpg,Training/notumor/Tr-no_1121.jpg,Testing,Training,notumor,notumor,0,2,True,False
Testing/notumor/Te-no_45.jpg,Training/notumor/Tr-no_556.jpg,Testing,Training,notumor,notumor,0,0,True,False
Testing/notumor/Te-no_45.jpg,Training/notumor/Tr-no_1263.jpg,Testing,Training,notumor,notumor,0,0,True,False
Testing/notumor/Te-no_45.jpg,Training/notumor/Tr-no_1155.jpg,Testing,Training,notumor,notumor,0,1,True,False
Testing/notumor/Te-no_45.jpg,Training/notumor/Tr-no_1387.jpg,Testing,Training,notumor,notumor,0,0,True,False
Testing/notumor/Te-no_45.jpg,Training/notumor/Tr-no_1280.jpg,Testing,Training,notumor,notumor,0,0,True,False
Testing/notumor/Te-no_45.jpg,Training/notumor/Tr-no_264.jpg,Testing,Training,notumor,notumor,0,0,True,False
Testing/notumor/Te-no_45.jpg,Training/notumor/Tr-no_61.jpg,Testing,Training,notumor,notumor,0,0,True,False
Testing/notumor/Te-no_46.jpg,Training/notumor/Tr-no_184.jpg,Testing,Training,notumor,notumor,0,0,True,False
Testing/notumor/Te-no_46.jpg,Training/notumor/Tr-no_1222.jpg,Testing,Training,notumor,notumor,0,1,True,False
Testing/notumor/Te-no_46.jpg,Training/notumor/Tr-no_199.jpg,Testing,Training,notumor,notumor,0,0,True,False
Testing/notumor/Te-no_46.jpg,Training/notumor/Tr-no_211.jpg,Testing,Training,notumor,notumor,0,1,True,False
Testing/notumor/Te-no_46.jpg,Training/notumor/Tr-no_675.jpg,Testing,Training,notumor,notumor,0,1,True,False
Testing/notumor/Te-no_46.jpg,Training/notumor/Tr-no_1256.jpg,Testing,Training,notumor,notumor,0,0,True,False
Testing/notumor/Te-no_46.jpg,Training/notumor/Tr-no_1029.jpg,Testing,Training,notumor,notumor,0,1,True,False
Testing/notumor/Te-no_46.jpg,Training/notumor/Tr-no_1035.jpg,Testing,Training,notumor,notumor,0,0,True,False
Testing/notumor/Te-no_46.jpg,Training/notumor/Tr-no_1039.jpg,Testing,Training,notumor,notumor,0,1,True,False
Testing/notumor/Te-no_46.jpg,Training/notumor/Tr-no_936.jpg,Testing,Training,notumor,notumor,0,0,True,False
Testing/notumor/Te-no_46.jpg,Training/notumor/Tr-no_1050.jpg,Testing,Training,notumor,notumor,0,1,True,False
Testing/notumor/Te-no_46.jpg,Training/notumor/Tr-no_1051.jpg,Testing,Training,notumor,notumor,0,0,True,False
Testing/notumor/Te-no_46.jpg,Training/notumor/Tr-no_253.jpg,Testing,Training,notumor,notumor,0,1,True,False
Testing/notumor/Te-no_46.jpg,Training/notumor/Tr-no_715.jpg,Testing,Training,notumor,notumor,0,1,True,False
Testing/notumor/Te-no_46.jpg,Training/notumor/Tr-no_1066.jpg,Testing,Training,notumor,notumor,0,0,True,False
Testing/notumor/Te-no_46.jpg,Training/notumor/Tr-no_270.jpg,Testing,Training,notumor,notumor,0,1,True,False
Testing/notumor/Te-no_46.jpg,Training/notumor/Tr-no_272.jpg,Testing,Training,notumor,notumor,0,1,True,False
Testing/notumor/Te-no_46.jpg,Training/notumor/Tr-no_1315.jpg,Testing,Training,notumor,notumor,0,1,True,False
Testing/notumor/Te-no_46.jpg,Training/notumor/Tr-no_1086.jpg,Testing,Training,notumor,notumor,0,1,True,False
Testing/notumor/Te-no_46.jpg,Training/notumor/Tr-no_1091.jpg,Testing,Training,notumor,notumor,0,0,True,False
Testing/notumor/Te-no_46.jpg,Training/notumor/Tr-no_538.jpg,Testing,Training,notumor,notumor,0,0,True,False
Testing/notumor/Te-no_46.jpg,Training/notumor/Tr-no_320.jpg,Testing,Training,notumor,notumor,0,1,True,False
Testing/notumor/Te-no_46.jpg,Training/notumor/Tr-no_330.jpg,Testing,Training,notumor,notumor,0,0,True,False
Testing/notumor/Te-no_46.jpg,Training/notumor/Tr-no_794.jpg,Testing,Training,notumor,notumor,0,1,True,False
Testing/notumor/Te-no_46.jpg,Training/notumor/Tr-no_797.jpg,Testing,Training,notumor,notumor,0,0,True,False
Testing/notumor/Te-no_46.jpg,Training/notumor/Tr-no_1151.jpg,Testing,Training,notumor,notumor,0,1,True,False
Testing/notumor/Te-no_46.jpg,Training/notumor/Tr-no_1385.jpg,Testing,Training,notumor,notumor,0,1,True,False
Testing/notumor/Te-no_46.jpg,Training/notumor/Tr-no_1158.jpg,Testing,Training,notumor,notumor,0,0,True,False
Testing/notumor/Te-no_46.jpg,Training/notumor/Tr-no_600.jpg,Testing,Training,notumor,notumor,0,1,True,False
Testing/notumor/Te-no_47.jpg,Training/notumor/Tr-no_448.jpg,Testing,Training,notumor,notumor,0,0,True,False
Testing/notumor/Te-no_47.jpg,Training/notumor/Tr-no_910.jpg,Testing,Training,notumor,notumor,0,0,True,False
Testing/notumor/Te-no_47.jpg,Training/notumor/Tr-no_280.jpg,Testing,Training,notumor,notumor,0,0,True,False
Testing/notumor/Te-no_47.jpg,Training/notumor/Tr-no_281.jpg,Testing,Training,notumor,notumor,0,0,True,False
Testing/notumor/Te-no_47.jpg,Training/notumor/Tr-no_1100.jpg,Testing,Training,notumor,notumor,0,0,True,False
Testing/notumor/Te-no_47.jpg,Training/notumor/Tr-no_360.jpg,Testing,Training,notumor,notumor,0,0,True,False
Testing/notumor/Te-no_47.jpg,Training/notumor/Tr-no_42.jpg,Testing,Training,notumor,notumor,0,0,True,False
Testing/notumor/Te-no_47.jpg,Training/notumor/Tr-no_1165.jpg,Testing,Training,notumor,notumor,0,0,True,False
Testing/notumor/Te-no_47.jpg,Training/notumor/Tr-no_774.jpg,Testing,Training,notumor,notumor,0,0,True,False
Testing/notumor/Te-no_47.jpg,Training/notumor/Tr-no_1290.jpg,Testing,Training,notumor,notumor,0,0,True,False
Testing/notumor/Te-no_47.jpg,Training/notumor/Tr-no_207.jpg,Testing,Training,notumor,notumor,0,0,True,False
Testing/notumor/Te-no_47.jpg,Training/notumor/Tr-no_440.jpg,Testing,Training,notumor,notumor,4,0,True,False
Testing/notumor/Te-no_47.jpg,Training/notumor/Tr-no_962.jpg,Testing,Training,notumor,notumor,0,0,True,False
Testing/notumor/Te-no_48.jpg,Training/notumor/Tr-no_409.jpg,Testing,Training,notumor,notumor,0,0,True,False
Testing/notumor/Te-no_48.jpg,Training/notumor/Tr-no_122.jpg,Testing,Training,notumor,notumor,0,0,True,False
Testing/notumor/Te-no_48.jpg,Training/notumor/Tr-no_422.jpg,Testing,Training,notumor,notumor,0,0,True,False
Testing/notumor/Te-no_48.jpg,Training/notumor/Tr-no_1224.jpg,Testing,Training,notumor,notumor,0,0,True,False
Testing/notumor/Te-no_48.jpg,Training/notumor/Tr-no_1341.jpg,Testing,Training,notumor,notumor,0,0,True,False
Testing/notumor/Te-no_48.jpg,Training/notumor/Tr-no_1118.jpg,Testing,Training,notumor,notumor,0,0,True,False
Testing/notumor/Te-no_48.jpg,Training/notumor/Tr-no_1349.jpg,Testing,Training,notumor,notumor,0,0,True,False
Testing/notumor/Te-no_48.jpg,Training/notumor/Tr-no_443.jpg,Testing,Training,notumor,notumor,0,0,True,False
Testing/notumor/Te-no_48.jpg,Training/notumor/Tr-no_1368.jpg,Testing,Training,notumor,notumor,0,0,True,False
Testing/notumor/Te-no_48.jpg,Training/notumor/Tr-no_80.jpg,Testing,Training,notumor,notumor,0,0,True,False
Testing/notumor/Te-no_48.jpg,Training/notumor/Tr-no_1146.jpg,Testing,Training,notumor,notumor,0,0,True,False
Testing/notumor/Te-no_48.jpg,Training/notumor/Tr-no_236.jpg,Testing,Training,notumor,notumor,0,0,True,False
Testing/notumor/Te-no_48.jpg,Training/notumor/Tr-no_352.jpg,Testing,Training,notumor,notumor,0,0,True,False
Testing/notumor/Te-no_48.jpg,Training/notumor/Tr-no_1038.jpg,Testing,Training,notumor,notumor,0,0,True,False
Testing/notumor/Te-no_48.jpg,Training/notumor/Tr-no_127.jpg,Testing,Training,notumor,notumor,0,0,True,False
Testing/notumor/Te-no_48.jpg,Training/notumor/Tr-no_369.jpg,Testing,Training,notumor,notumor,0,1,True,False
Testing/notumor/Te-no_48.jpg,Training/notumor/Tr-no_603.jpg,Testing,Training,notumor,notumor,0,1,True,False
Testing/notumor/Te-no_49.jpg,Training/notumor/Tr-no_411.jpg,Testing,Training,notumor,notumor,0,0,True,False
Testing/notumor/Te-no_49.jpg,Training/notumor/Tr-no_12.jpg,Testing,Training,notumor,notumor,4,0,True,False
Testing/notumor/Te-no_49.jpg,Training/notumor/Tr-no_1323.jpg,Testing,Training,notumor,notumor,0,0,True,False
Testing/notumor/Te-no_49.jpg,Training/notumor/Tr-no_1262.jpg,Testing,Training,notumor,notumor,0,0,True,False
Testing/notumor/Te-no_49.jpg,Training/notumor/Tr-no_1381.jpg,Testing,Training,notumor,notumor,4,0,True,False
Testing/notumor/Te-no_49.jpg,Training/notumor/Tr-no_1326.jpg,Testing,Training,notumor,notumor,0,0,True,False
Testing/notumor/Te-no_5.jpg,Training/notumor/Tr-no_560.jpg,Testing,Training,notumor,notumor,0,0,True,False
Testing/notumor/Te-no_5.jpg,Training/notumor/Tr-no_332.jpg,Testing,Training,notumor,notumor,0,0,True,False
Testing/notumor/Te-no_5.jpg,Training/notumor/Tr-no_290.jpg,Testing,Training,notumor,notumor,0,0,True,False
Testing/notumor/Te-no_5.jpg,Training/notumor/Tr-no_302.jpg,Testing,Training,notumor,notumor,0,0,True,False
Testing/notumor/Te-no_5.jpg,Training/notumor/Tr-no_191.jpg,Testing,Training,notumor,notumor,0,0,True,False
Testing/notumor/Te-no_5.jpg,Training/notumor/Tr-no_958.jpg,Testing,Training,notumor,notumor,0,0,True,False
Testing/notumor/Te-no_5.jpg,Training/notumor/Tr-no_672.jpg,Testing,Training,notumor,notumor,0,0,True,False
Testing/notumor/Te-no_50.jpg,Training/notumor/Tr-no_560.jpg,Testing,Training,notumor,notumor,0,0,True,False
Testing/notumor/Te-no_50.jpg,Training/notumor/Tr-no_332.jpg,Testing,Training,notumor,notumor,0,0,True,False
Testing/notumor/Te-no_50.jpg,Training/notumor/Tr-no_290.jpg,Testing,Training,notumor,notumor,0,0,True,False
Testing/notumor/Te-no_50.jpg,Training/notumor/Tr-no_958.jpg,Testing,Training,notumor,notumor,0,0,True,False
Testing/notumor/Te-no_50.jpg,Training/notumor/Tr-no_302.jpg,Testing,Training,notumor,notumor,0,0,True,False
Testing/notumor/Te-no_50.jpg,Training/notumor/Tr-no_191.jpg,Testing,Training,notumor,notumor,0,0,True,False
Testing/notumor/Te-no_50.jpg,Training/notumor/Tr-no_672.jpg,Testing,Training,notumor,notumor,0,0,True,False
Testing/notumor/Te-no_51.jpg,Training/notumor/Tr-no_1367.jpg,Testing,Training,notumor,notumor,0,0,True,False
Testing/notumor/Te-no_51.jpg,Training/notumor/Tr-no_164.jpg,Testing,Training,notumor,notumor,0,0,True,False
Testing/notumor/Te-no_51.jpg,Training/notumor/Tr-no_1196.jpg,Testing,Training,notumor,notumor,0,0,True,False
Testing/notumor/Te-no_51.jpg,Training/notumor/Tr-no_687.jpg,Testing,Training,notumor,notumor,0,0,True,False
Testing/notumor/Te-no_51.jpg,Training/notumor/Tr-no_170.jpg,Testing,Training,notumor,notumor,0,0,True,False
Testing/notumor/Te-no_51.jpg,Training/notumor/Tr-no_929.jpg,Testing,Training,notumor,notumor,0,0,True,False
Testing/notumor/Te-no_51.jpg,Training/notumor/Tr-no_830.jpg,Testing,Training,notumor,notumor,0,0,True,False
Testing/notumor/Te-no_51.jpg,Training/notumor/Tr-no_117.jpg,Testing,Training,notumor,notumor,0,0,True,False
Testing/notumor/Te-no_51.jpg,Training/notumor/Tr-no_891.jpg,Testing,Training,notumor,notumor,2,0,True,False
Testing/notumor/Te-no_51.jpg,Training/notumor/Tr-no_1350.jpg,Testing,Training,notumor,notumor,0,0,True,False
Testing/notumor/Te-no_52.jpg,Training/notumor/Tr-no_966.jpg,Testing,Training,notumor,notumor,0,0,True,False
Testing/notumor/Te-no_52.jpg,Training/notumor/Tr-no_860.jpg,Testing,Training,notumor,notumor,0,0,True,False
Testing/notumor/Te-no_52.jpg,Training/notumor/Tr-no_405.jpg,Testing,Training,notumor,notumor,0,0,True,False
Testing/notumor/Te-no_52.jpg,Training/notumor/Tr-no_1094.jpg,Testing,Training,notumor,notumor,0,0,True,False
Testing/notumor/Te-no_52.jpg,Training/notumor/Tr-no_357.jpg,Testing,Training,notumor,notumor,0,0,True,False
Testing/notumor/Te-no_52.jpg,Training/notumor/Tr-no_993.jpg,Testing,Training,notumor,notumor,0,0,True,False
Testing/notumor/Te-no_52.jpg,Training/notumor/Tr-no_824.jpg,Testing,Training,notumor,notumor,0,0,True,False
Testing/notumor/Te-no_52.jpg,Training/notumor/Tr-no_1166.jpg,Testing,Training,notumor,notumor,0,0,True,False
Testing/notumor/Te-no_52.jpg,Training/notumor/Tr-no_141.jpg,Testing,Training,notumor,notumor,0,0,True,False
Testing/notumor/Te-no_52.jpg,Training/notumor/Tr-no_372.jpg,Testing,Training,notumor,notumor,0,0,True,False
Testing/notumor/Te-no_52.jpg,Training/notumor/Tr-no_1125.jpg,Testing,Training,notumor,notumor,0,0,True,False
Testing/notumor/Te-no_53.jpg,Training/notumor/Tr-no_964.jpg,Testing,Training,notumor,notumor,4,0,True,False
Testing/notumor/Te-no_53.jpg,Training/notumor/Tr-no_739.jpg,Testing,Training,notumor,notumor,0,0,True,False
Testing/notumor/Te-no_53.jpg,Training/notumor/Tr-no_396.jpg,Testing,Training,notumor,notumor,0,0,True,False
Testing/notumor/Te-no_53.jpg,Training/notumor/Tr-no_513.jpg,Testing,Training,notumor,notumor,0,0,True,False
Testing/notumor/Te-no_53.jpg,Training/notumor/Tr-no_748.jpg,Testing,Training,notumor,notumor,0,1,True,False
Testing/notumor/Te-no_53.jpg,Training/notumor/Tr-no_996.jpg,Testing,Training,notumor,notumor,0,0,True,False
Testing/notumor/Te-no_53.jpg,Training/notumor/Tr-no_197.jpg,Testing,Training,notumor,notumor,0,0,True,False
Testing/notumor/Te-no_53.jpg,Training/notumor/Tr-no_659.jpg,Testing,Training,notumor,notumor,0,0,True,False
Testing/notumor/Te-no_53.jpg,Training/notumor/Tr-no_889.jpg,Testing,Training,notumor,notumor,0,0,True,False
Testing/notumor/Te-no_53.jpg,Training/notumor/Tr-no_1346.jpg,Testing,Training,notumor,notumor,0,0,True,False
Testing/notumor/Te-no_53.jpg,Training/notumor/Tr-no_1347.jpg,Testing,Training,notumor,notumor,0,0,True,False
Testing/notumor/Te-no_53.jpg,Training/notumor/Tr-no_1121.jpg,Testing,Training,notumor,notumor,0,2,True,False
Testing/notumor/Te-no_53.jpg,Training/notumor/Tr-no_556.jpg,Testing,Training,notumor,notumor,0,0,True,False
Testing/notumor/Te-no_53.jpg,Training/notumor/Tr-no_1263.jpg,Testing,Training,notumor,notumor,0,0,True,False
Testing/notumor/Te-no_53.jpg,Training/notumor/Tr-no_1155.jpg,Testing,Training,notumor,notumor,0,1,True,False
Testing/notumor/Te-no_53.jpg,Training/notumor/Tr-no_1387.jpg,Testing,Training,notumor,notumor,0,0,True,False
Testing/notumor/Te-no_53.jpg,Training/notumor/Tr-no_1280.jpg,Testing,Training,notumor,notumor,0,0,True,False
Testing/notumor/Te-no_53.jpg,Training/notumor/Tr-no_264.jpg,Testing,Training,notumor,notumor,0,0,True,False
Testing/notumor/Te-no_53.jpg,Training/notumor/Tr-no_61.jpg,Testing,Training,notumor,notumor,0,0,True,False
Testing/notumor/Te-no_54.jpg,Training/notumor/Tr-no_953.jpg,Testing,Training,notumor,notumor,0,0,True,False
Testing/notumor/Te-no_54.jpg,Training/notumor/Tr-no_285.jpg,Testing,Training,notumor,notumor,0,0,True,False
Testing/notumor/Te-no_54.jpg,Training/notumor/Tr-no_553.jpg,Testing,Training,notumor,notumor,0,0,True,False
Testing/notumor/Te-no_54.jpg,Training/notumor/Tr-no_809.jpg,Testing,Training,notumor,notumor,0,0,True,False
Testing/notumor/Te-no_54.jpg,Training/notumor/Tr-no_590.jpg,Testing,Training,notumor,notumor,0,0,True,False
Testing/notumor/Te-no_55.jpg,Training/notumor/Tr-no_1081.jpg,Testing,Training,notumor,notumor,0,0,True,False
Testing/notumor/Te-no_55.jpg,Training/notumor/Tr-no_528.jpg,Testing,Training,notumor,notumor,0,0,True,False
Testing/notumor/Te-no_55.jpg,Training/notumor/Tr-no_1328.jpg,Testing,Training,notumor,notumor,0,0,True,False
Testing/notumor/Te-no_55.jpg,Training/notumor/Tr-no_645.jpg,Testing,Training,notumor,notumor,0,0,True,False
Testing/notumor/Te-no_55.jpg,Training/notumor/Tr-no_1112.jpg,Testing,Training,notumor,notumor,0,0,True,False
Testing/notumor/Te-no_55.jpg,Training/notumor/Tr-no_1113.jpg,Testing,Training,notumor,notumor,0,0,True,False
Testing/notumor/Te-no_55.jpg,Training/notumor/Tr-no_200.jpg,Testing,Training,notumor,notumor,0,0,True,False
Testing/notumor/Te-no_55.jpg,Training/notumor/Tr-no_778.jpg,Testing,Training,notumor,notumor,0,0,True,False
Testing/notumor/Te-no_55.jpg,Training/notumor/Tr-no_437.jpg,Testing,Training,notumor,notumor,0,0,True,False
Testing/notumor/Te-no_55.jpg,Training/notumor/Tr-no_554.jpg,Testing,Training,notumor,notumor,0,0,True,False
Testing/notumor/Te-no_55.jpg,Training/notumor/Tr-no_791.jpg,Testing,Training,notumor,notumor,2,0,True,False
Testing/notumor/Te-no_55.jpg,Training/notumor/Tr-no_1246.jpg,Testing,Training,notumor,notumor,0,0,True,False
Testing/notumor/Te-no_55.jpg,Training/notumor/Tr-no_1259.jpg,Testing,Training,notumor,notumor,0,0,True,False
Testing/notumor/Te-no_55.jpg,Training/notumor/Tr-no_928.jpg,Testing,Training,notumor,notumor,0,0,True,False
Testing/notumor/Te-no_55.jpg,Training/notumor/Tr-no_473.jpg,Testing,Training,notumor,notumor,0,0,True,False
Testing/notumor/Te-no_56.jpg,Training/notumor/Tr-no_619.jpg,Testing,Training,notumor,notumor,2,0,True,False
Testing/notumor/Te-no_56.jpg,Training/notumor/Tr-no_297.jpg,Testing,Training,notumor,notumor,0,0,True,False
Testing/notumor/Te-no_56.jpg,Training/notumor/Tr-no_354.jpg,Testing,Training,notumor,notumor,2,0,True,False
Testing/notumor/Te-no_56.jpg,Training/notumor/Tr-no_366.jpg,Testing,Training,notumor,notumor,6,0,True,False
Testing/notumor/Te-no_56.jpg,Training/notumor/Tr-no_489.jpg,Testing,Training,notumor,notumor,6,0,True,False
Testing/notumor/Te-no_56.jpg,Training/notumor/Tr-no_130.jpg,Testing,Training,notumor,notumor,0,0,True,False
Testing/notumor/Te-no_57.jpg,Training/notumor/Tr-no_1300.jpg,Testing,Training,notumor,notumor,0,0,True,False
Testing/notumor/Te-no_57.jpg,Training/notumor/Tr-no_1303.jpg,Testing,Training,notumor,notumor,0,0,True,False
Testing/notumor/Te-no_57.jpg,Training/notumor/Tr-no_761.jpg,Testing,Training,notumor,notumor,0,0,True,False
Testing/notumor/Te-no_57.jpg,Training/notumor/Tr-no_306.jpg,Testing,Training,notumor,notumor,0,0,True,False
Testing/notumor/Te-no_57.jpg,Training/notumor/Tr-no_1236.jpg,Testing,Training,notumor,notumor,0,0,True,False
Testing/notumor/Te-no_57.jpg,Training/notumor/Tr-no_142.jpg,Testing,Training,notumor,notumor,0,0,True,False
Testing/notumor/Te-no_57.jpg,Training/notumor/Tr-no_1294.jpg,Testing,Training,notumor,notumor,0,0,True,False
Testing/notumor/Te-no_57.jpg,Training/notumor/Tr-no_118.jpg,Testing,Training,notumor,notumor,0,0,True,False
Testing/notumor/Te-no_57.jpg,Training/notumor/Tr-no_382.jpg,Testing,Training,notumor,notumor,0,0,True,False
Testing/notumor/Te-no_58.jpg,Training/notumor/Tr-no_1203.jpg,Testing,Training,notumor,notumor,0,0,True,False
Testing/notumor/Te-no_58.jpg,Training/notumor/Tr-no_347.jpg,Testing,Training,notumor,notumor,0,0,True,False
Testing/notumor/Te-no_58.jpg,Training/notumor/Tr-no_365.jpg,Testing,Training,notumor,notumor,0,0,True,False
Testing/notumor/Te-no_58.jpg,Training/notumor/Tr-no_429.jpg,Testing,Training,notumor,notumor,0,0,True,False
Testing/notumor/Te-no_58.jpg,Training/notumor/Tr-no_725.jpg,Testing,Training,notumor,notumor,0,0,True,False
Testing/notumor/Te-no_58.jpg,Training/notumor/Tr-no_154.jpg,Testing,Training,notumor,notumor,0,0,True,False
Testing/notumor/Te-no_58.jpg,Training/notumor/Tr-no_386.jpg,Testing,Training,notumor,notumor,0,0,True,False
Testing/notumor/Te-no_59.jpg,Training/notumor/Tr-no_159.jpg,Testing,Training,notumor,notumor,0,0,True,False
Testing/notumor/Te-no_59.jpg,Training/notumor/Tr-no_1137.jpg,Testing,Training,notumor,notumor,0,0,True,False
Testing/notumor/Te-no_59.jpg,Training/notumor/Tr-no_287.jpg,Testing,Training,notumor,notumor,0,0,True,False
Testing/notumor/Te-no_59.jpg,Training/notumor/Tr-no_1144.jpg,Testing,Training,notumor,notumor,0,0,True,False
Testing/notumor/Te-no_59.jpg,Training/notumor/Tr-no_925.jpg,Testing,Training,notumor,notumor,0,0,True,False
Testing/notumor/Te-no_59.jpg,Training/notumor/Tr-no_41.jpg,Testing,Training,notumor,notumor,0,0,True,False
Testing/notumor/Te-no_59.jpg,Training/notumor/Tr-no_18.jpg,Testing,Training,notumor,notumor,0,0,True,False
Testing/notumor/Te-no_59.jpg,Training/notumor/Tr-no_647.jpg,Testing,Training,notumor,notumor,0,0,True,False
Testing/notumor/Te-no_59.jpg,Training/notumor/Tr-no_189.jpg,Testing,Training,notumor,notumor,0,0,True,False
Testing/notumor/Te-no_59.jpg,Training/notumor/Tr-no_1283.jpg,Testing,Training,notumor,notumor,0,0,True,False
Testing/notumor/Te-no_6.jpg,Training/notumor/Tr-no_392.jpg,Testing,Training,notumor,notumor,0,0,True,False
Testing/notumor/Te-no_6.jpg,Training/notumor/Tr-no_177.jpg,Testing,Training,notumor,notumor,0,0,True,False
Testing/notumor/Te-no_6.jpg,Training/notumor/Tr-no_652.jpg,Testing,Training,notumor,notumor,0,0,True,False
Testing/notumor/Te-no_6.jpg,Training/notumor/Tr-no_194.jpg,Testing,Training,notumor,notumor,0,0,True,False
Testing/notumor/Te-no_6.jpg,Training/notumor/Tr-no_888.jpg,Testing,Training,notumor,notumor,0,0,True,False
Testing/notumor/Te-no_6.jpg,Training/notumor/Tr-no_904.jpg,Testing,Training,notumor,notumor,0,0,True,False
Testing/notumor/Te-no_6.jpg,Training/notumor/Tr-no_219.jpg,Testing,Training,notumor,notumor,0,0,True,False
Testing/notumor/Te-no_6.jpg,Training/notumor/Tr-no_566.jpg,Testing,Training,notumor,notumor,2,0,True,False
Testing/notumor/Te-no_6.jpg,Training/notumor/Tr-no_1142.jpg,Testing,Training,notumor,notumor,0,0,True,False
Testing/notumor/Te-no_6.jpg,Training/notumor/Tr-no_1277.jpg,Testing,Training,notumor,notumor,0,0,True,False
Testing/notumor/Te-no_6.jpg,Training/notumor/Tr-no_385.jpg,Testing,Training,notumor,notumor,0,0,True,False
Testing/notumor/Te-no_60.jpg,Training/notumor/Tr-no_390.jpg,Testing,Training,notumor,notumor,0,0,True,False
Testing/notumor/Te-no_60.jpg,Training/notumor/Tr-no_186.jpg,Testing,Training,notumor,notumor,0,0,True,False
Testing/notumor/Te-no_60.jpg,Training/notumor/Tr-no_549.jpg,Testing,Training,notumor,notumor,0,0,True,False
Testing/notumor/Te-no_60.jpg,Training/notumor/Tr-no_722.jpg,Testing,Training,notumor,notumor,0,0,True,False
Testing/notumor/Te-no_60.jpg,Training/notumor/Tr-no_838.jpg,Testing,Training,notumor,notumor,0,0,True,False
Testing/notumor/Te-no_60.jpg,Training/notumor/Tr-no_731.jpg,Testing,Training,notumor,notumor,0,0,True,False
Testing/notumor/Te-no_61.jpg,Training/notumor/Tr-no_620.jpg,Testing,Training,notumor,notumor,0,0,True,False
Testing/notumor/Te-no_61.jpg,Training/notumor/Tr-no_402.jpg,Testing,Training,notumor,notumor,2,0,True,False
Testing/notumor/Te-no_61.jpg,Training/notumor/Tr-no_403.jpg,Testing,Training,notumor,notumor,2,0,True,False
Testing/notumor/Te-no_61.jpg,Training/notumor/Tr-no_873.jpg,Testing,Training,notumor,notumor,2,0,True,False
Testing/notumor/Te-no_61.jpg,Training/notumor/Tr-no_643.jpg,Testing,Training,notumor,notumor,2,0,True,False
Testing/notumor/Te-no_61.jpg,Training/notumor/Tr-no_1220.jpg,Testing,Training,notumor,notumor,0,0,True,False
Testing/notumor/Te-no_61.jpg,Training/notumor/Tr-no_2.jpg,Testing,Training,notumor,notumor,0,0,True,False
Testing/notumor/Te-no_61.jpg,Training/notumor/Tr-no_1.jpg,Testing,Training,notumor,notumor,2,0,True,False
Testing/notumor/Te-no_61.jpg,Training/notumor/Tr-no_1244.jpg,Testing,Training,notumor,notumor,0,0,True,False
Testing/notumor/Te-no_61.jpg,Training/notumor/Tr-no_217.jpg,Testing,Training,notumor,notumor,2,0,True,False
Testing/notumor/Te-no_61.jpg,Training/notumor/Tr-no_227.jpg,Testing,Training,notumor,notumor,0,0,True,False
Testing/notumor/Te-no_61.jpg,Training/notumor/Tr-no_690.jpg,Testing,Training,notumor,notumor,2,0,True,False
Testing/notumor/Te-no_61.jpg,Training/notumor/Tr-no_23.jpg,Testing,Training,notumor,notumor,2,0,True,False
Testing/notumor/Te-no_61.jpg,Training/notumor/Tr-no_234.jpg,Testing,Training,notumor,notumor,2,0,True,False
Testing/notumor/Te-no_61.jpg,Training/notumor/Tr-no_488.jpg,Testing,Training,notumor,notumor,2,0,True,False
Testing/notumor/Te-no_61.jpg,Training/notumor/Tr-no_955.jpg,Testing,Training,notumor,notumor,0,0,True,False
Testing/notumor/Te-no_61.jpg,Training/notumor/Tr-no_735.jpg,Testing,Training,notumor,notumor,2,0,True,False
Testing/notumor/Te-no_61.jpg,Training/notumor/Tr-no_1304.jpg,Testing,Training,notumor,notumor,2,0,True,False
Testing/notumor/Te-no_61.jpg,Training/notumor/Tr-no_74.jpg,Testing,Training,notumor,notumor,2,0,True,False
Testing/notumor/Te-no_61.jpg,Training/notumor/Tr-no_1083.jpg,Testing,Training,notumor,notumor,2,0,True,False
Testing/notumor/Te-no_61.jpg,Training/notumor/Tr-no_514.jpg,Testing,Training,notumor,notumor,2,0,True,False
Testing/notumor/Te-no_61.jpg,Training/notumor/Tr-no_781.jpg,Testing,Training,notumor,notumor,0,0,True,False
Testing/notumor/Te-no_61.jpg,Training/notumor/Tr-no_559.jpg,Testing,Training,notumor,notumor,0,0,True,False
Testing/notumor/Te-no_61.jpg,Training/notumor/Tr-no_113.jpg,Testing,Training,notumor,notumor,2,0,True,False
Testing/notumor/Te-no_61.jpg,Training/notumor/Tr-no_331.jpg,Testing,Training,notumor,notumor,0,0,True,False
Testing/notumor/Te-no_61.jpg,Training/notumor/Tr-no_1371.jpg,Testing,Training,notumor,notumor,2,0,True,False
Testing/notumor/Te-no_61.jpg,Training/notumor/Tr-no_1375.jpg,Testing,Training,notumor,notumor,2,0,True,False
Testing/notumor/Te-no_61.jpg,Training/notumor/Tr-no_586.jpg,Testing,Training,notumor,notumor,0,0,True,False
Testing/notumor/Te-no_61.jpg,Training/notumor/Tr-no_1392.jpg,Testing,Training,notumor,notumor,0,0,True,False
Testing/notumor/Te-no_61.jpg,Training/notumor/Tr-no_1163.jpg,Testing,Training,notumor,notumor,0,0,True,False
Testing/notumor/Te-no_61.jpg,Training/notumor/Tr-no_595.jpg,Testing,Training,notumor,notumor,2,0,True,False
Testing/notumor/Te-no_61.jpg,Training/notumor/Tr-no_597.jpg,Testing,Training,notumor,notumor,2,0,True,False
Testing/notumor/Te-no_61.jpg,Training/notumor/Tr-no_37.jpg,Testing,Training,notumor,notumor,2,0,True,False
Testing/notumor/Te-no_61.jpg,Training/notumor/Tr-no_1170.jpg,Testing,Training,notumor,notumor,0,0,True,False
Testing/notumor/Te-no_61.jpg,Training/notumor/Tr-no_833.jpg,Testing,Training,notumor,notumor,0,1,True,False
Testing/notumor/Te-no_61.jpg,Training/notumor/Tr-no_841.jpg,Testing,Training,notumor,notumor,0,1,True,False
Testing/notumor/Te-no_61.jpg,Training/notumor/Tr-no_152.jpg,Testing,Training,notumor,notumor,2,0,True,False
Testing/notumor/Te-no_62.jpg,Training/notumor/Tr-no_620.jpg,Testing,Training,notumor,notumor,0,0,True,False
Testing/notumor/Te-no_62.jpg,Training/notumor/Tr-no_402.jpg,Testing,Training,notumor,notumor,2,0,True,False
Testing/notumor/Te-no_62.jpg,Training/notumor/Tr-no_403.jpg,Testing,Training,notumor,notumor,2,0,True,False
Testing/notumor/Te-no_62.jpg,Training/notumor/Tr-no_873.jpg,Testing,Training,notumor,notumor,2,0,True,False
Testing/notumor/Te-no_62.jpg,Training/notumor/Tr-no_643.jpg,Testing,Training,notumor,notumor,2,0,True,False
Testing/notumor/Te-no_62.jpg,Training/notumor/Tr-no_1220.jpg,Testing,Training,notumor,notumor,0,0,True,False
Testing/notumor/Te-no_62.jpg,Training/notumor/Tr-no_2.jpg,Testing,Training,notumor,notumor,0,0,True,False
Testing/notumor/Te-no_62.jpg,Training/notumor/Tr-no_1.jpg,Testing,Training,notumor,notumor,2,0,True,False
Testing/notumor/Te-no_62.jpg,Training/notumor/Tr-no_1244.jpg,Testing,Training,notumor,notumor,0,0,True,False
Testing/notumor/Te-no_62.jpg,Training/notumor/Tr-no_217.jpg,Testing,Training,notumor,notumor,2,0,True,False
Testing/notumor/Te-no_62.jpg,Training/notumor/Tr-no_227.jpg,Testing,Training,notumor,notumor,0,0,True,False
Testing/notumor/Te-no_62.jpg,Training/notumor/Tr-no_690.jpg,Testing,Training,notumor,notumor,2,0,True,False
Testing/notumor/Te-no_62.jpg,Training/notumor/Tr-no_23.jpg,Testing,Training,notumor,notumor,2,0,True,False
Testing/notumor/Te-no_62.jpg,Training/notumor/Tr-no_234.jpg,Testing,Training,notumor,notumor,2,0,True,False
Testing/notumor/Te-no_62.jpg,Training/notumor/Tr-no_488.jpg,Testing,Training,notumor,notumor,2,0,True,False
Testing/notumor/Te-no_62.jpg,Training/notumor/Tr-no_955.jpg,Testing,Training,notumor,notumor,0,0,True,False
Testing/notumor/Te-no_62.jpg,Training/notumor/Tr-no_735.jpg,Testing,Training,notumor,notumor,2,0,True,False
Testing/notumor/Te-no_62.jpg,Training/notumor/Tr-no_1304.jpg,Testing,Training,notumor,notumor,2,0,True,False
Testing/notumor/Te-no_62.jpg,Training/notumor/Tr-no_74.jpg,Testing,Training,notumor,notumor,2,0,True,False
Testing/notumor/Te-no_62.jpg,Training/notumor/Tr-no_1083.jpg,Testing,Training,notumor,notumor,2,0,True,False
Testing/notumor/Te-no_62.jpg,Training/notumor/Tr-no_514.jpg,Testing,Training,notumor,notumor,2,0,True,False
Testing/notumor/Te-no_62.jpg,Training/notumor/Tr-no_781.jpg,Testing,Training,notumor,notumor,0,0,True,False
Testing/notumor/Te-no_62.jpg,Training/notumor/Tr-no_559.jpg,Testing,Training,notumor,notumor,0,0,True,False
Testing/notumor/Te-no_62.jpg,Training/notumor/Tr-no_113.jpg,Testing,Training,notumor,notumor,2,0,True,False
Testing/notumor/Te-no_62.jpg,Training/notumor/Tr-no_331.jpg,Testing,Training,notumor,notumor,0,0,True,False
Testing/notumor/Te-no_62.jpg,Training/notumor/Tr-no_1371.jpg,Testing,Training,notumor,notumor,2,0,True,False
Testing/notumor/Te-no_62.jpg,Training/notumor/Tr-no_1375.jpg,Testing,Training,notumor,notumor,2,0,True,False
Testing/notumor/Te-no_62.jpg,Training/notumor/Tr-no_586.jpg,Testing,Training,notumor,notumor,0,0,True,False
Testing/notumor/Te-no_62.jpg,Training/notumor/Tr-no_1392.jpg,Testing,Training,notumor,notumor,0,0,True,False
Testing/notumor/Te-no_62.jpg,Training/notumor/Tr-no_1163.jpg,Testing,Training,notumor,notumor,0,0,True,False
Testing/notumor/Te-no_62.jpg,Training/notumor/Tr-no_595.jpg,Testing,Training,notumor,notumor,2,0,True,False
Testing/notumor/Te-no_62.jpg,Training/notumor/Tr-no_597.jpg,Testing,Training,notumor,notumor,2,0,True,False
Testing/notumor/Te-no_62.jpg,Training/notumor/Tr-no_37.jpg,Testing,Training,notumor,notumor,2,0,True,False
Testing/notumor/Te-no_62.jpg,Training/notumor/Tr-no_1170.jpg,Testing,Training,notumor,notumor,0,0,True,False
Testing/notumor/Te-no_62.jpg,Training/notumor/Tr-no_833.jpg,Testing,Training,notumor,notumor,0,0,True,False
Testing/notumor/Te-no_62.jpg,Training/notumor/Tr-no_841.jpg,Testing,Training,notumor,notumor,0,0,True,False
Testing/notumor/Te-no_62.jpg,Training/notumor/Tr-no_152.jpg,Testing,Training,notumor,notumor,2,0,True,False
Testing/notumor/Te-no_63.jpg,Training/notumor/Tr-no_1301.jpg,Testing,Training,notumor,notumor,0,0,True,False
Testing/notumor/Te-no_63.jpg,Training/notumor/Tr-no_851.jpg,Testing,Training,notumor,notumor,0,0,True,False
Testing/notumor/Te-no_63.jpg,Training/notumor/Tr-no_1098.jpg,Testing,Training,notumor,notumor,0,0,True,False
Testing/notumor/Te-no_63.jpg,Training/notumor/Tr-no_1337.jpg,Testing,Training,notumor,notumor,0,0,True,False
Testing/notumor/Te-no_63.jpg,Training/notumor/Tr-no_151.jpg,Testing,Training,notumor,notumor,0,0,True,False
Testing/notumor/Te-no_64.jpg,Training/notumor/Tr-no_793.jpg,Testing,Training,notumor,notumor,0,0,True,False
Testing/notumor/Te-no_64.jpg,Training/notumor/Tr-no_1034.jpg,Testing,Training,notumor,notumor,0,0,True,False
Testing/notumor/Te-no_64.jpg,Training/notumor/Tr-no_1233.jpg,Testing,Training,notumor,notumor,0,0,True,False
Testing/notumor/Te-no_64.jpg,Training/notumor/Tr-no_146.jpg,Testing,Training,notumor,notumor,0,0,True,False
Testing/notumor/Te-no_64.jpg,Training/notumor/Tr-no_896.jpg,Testing,Training,notumor,notumor,0,0,True,False
Testing/notumor/Te-no_65.jpg,Training/notumor/Tr-no_358.jpg,Testing,Training,notumor,notumor,0,0,True,False
Testing/notumor/Te-no_65.jpg,Training/notumor/Tr-no_97.jpg,Testing,Training,notumor,notumor,0,0,True,False
Testing/notumor/Te-no_65.jpg,Training/notumor/Tr-no_509.jpg,Testing,Training,notumor,notumor,0,0,True,False
Testing/notumor/Te-no_65.jpg,Training/notumor/Tr-no_884.jpg,Testing,Training,notumor,notumor,0,0,True,False
Testing/notumor/Te-no_66.jpg,Training/notumor/Tr-no_621.jpg,Testing,Training,notumor,notumor,0,0,True,False
Testing/notumor/Te-no_66.jpg,Training/notumor/Tr-no_1136.jpg,Testing,Training,notumor,notumor,0,0,True,False
Testing/notumor/Te-no_66.jpg,Training/notumor/Tr-no_480.jpg,Testing,Training,notumor,notumor,0,0,True,False
Testing/notumor/Te-no_66.jpg,Training/notumor/Tr-no_835.jpg,Testing,Training,notumor,notumor,0,0,True,False
Testing/notumor/Te-no_66.jpg,Training/notumor/Tr-no_548.jpg,Testing,Training,notumor,notumor,4,0,True,False
Testing/notumor/Te-no_67.jpg,Training/notumor/Tr-no_1302.jpg,Testing,Training,notumor,notumor,2,0,True,False
Testing/notumor/Te-no_67.jpg,Training/notumor/Tr-no_909.jpg,Testing,Training,notumor,notumor,2,0,True,False
Testing/notumor/Te-no_67.jpg,Training/notumor/Tr-no_683.jpg,Testing,Training,notumor,notumor,2,0,True,False
Testing/notumor/Te-no_67.jpg,Training/notumor/Tr-no_975.jpg,Testing,Training,notumor,notumor,2,0,True,False
Testing/notumor/Te-no_67.jpg,Training/notumor/Tr-no_341.jpg,Testing,Training,notumor,notumor,2,0,True,False
Testing/notumor/Te-no_67.jpg,Training/notumor/Tr-no_821.jpg,Testing,Training,notumor,notumor,2,0,True,False
Testing/notumor/Te-no_67.jpg,Training/notumor/Tr-no_6.jpg,Testing,Training,notumor,notumor,0,0,True,False
Testing/notumor/Te-no_67.jpg,Training/notumor/Tr-no_373.jpg,Testing,Training,notumor,notumor,0,0,True,False
Testing/notumor/Te-no_67.jpg,Training/notumor/Tr-no_893.jpg,Testing,Training,notumor,notumor,0,0,True,False
Testing/notumor/Te-no_67.jpg,Training/notumor/Tr-no_1175.jpg,Testing,Training,notumor,notumor,0,0,True,False
Testing/notumor/Te-no_67.jpg,Training/notumor/Tr-no_895.jpg,Testing,Training,notumor,notumor,2,0,True,False
Testing/notumor/Te-no_67.jpg,Training/notumor/Tr-no_79.jpg,Testing,Training,notumor,notumor,2,0,True,False
Testing/notumor/Te-no_68.jpg,Training/notumor/Tr-no_1191.jpg,Testing,Training,notumor,notumor,0,1,True,False
Testing/notumor/Te-no_68.jpg,Training/notumor/Tr-no_828.jpg,Testing,Training,notumor,notumor,0,1,True,False
Testing/notumor/Te-no_68.jpg,Training/notumor/Tr-no_57.jpg,Testing,Training,notumor,notumor,0,0,True,False
Testing/notumor/Te-no_68.jpg,Training/notumor/Tr-no_126.jpg,Testing,Training,notumor,notumor,0,1,True,False
Testing/notumor/Te-no_69.jpg,Training/notumor/Tr-no_409.jpg,Testing,Training,notumor,notumor,0,0,True,False
Testing/notumor/Te-no_69.jpg,Training/notumor/Tr-no_122.jpg,Testing,Training,notumor,notumor,0,0,True,False
Testing/notumor/Te-no_69.jpg,Training/notumor/Tr-no_422.jpg,Testing,Training,notumor,notumor,0,0,True,False
Testing/notumor/Te-no_69.jpg,Training/notumor/Tr-no_1224.jpg,Testing,Training,notumor,notumor,0,0,True,False
Testing/notumor/Te-no_69.jpg,Training/notumor/Tr-no_1341.jpg,Testing,Training,notumor,notumor,0,0,True,False
Testing/notumor/Te-no_69.jpg,Training/notumor/Tr-no_1118.jpg,Testing,Training,notumor,notumor,0,0,True,False
Testing/notumor/Te-no_69.jpg,Training/notumor/Tr-no_1349.jpg,Testing,Training,notumor,notumor,0,0,True,False
Testing/notumor/Te-no_69.jpg,Training/notumor/Tr-no_443.jpg,Testing,Training,notumor,notumor,0,0,True,False
Testing/notumor/Te-no_69.jpg,Training/notumor/Tr-no_1368.jpg,Testing,Training,notumor,notumor,0,0,True,False
Testing/notumor/Te-no_69.jpg,Training/notumor/Tr-no_80.jpg,Testing,Training,notumor,notumor,0,0,True,False
Testing/notumor/Te-no_69.jpg,Training/notumor/Tr-no_1146.jpg,Testing,Training,notumor,notumor,0,0,True,False
Testing/notumor/Te-no_69.jpg,Training/notumor/Tr-no_236.jpg,Testing,Training,notumor,notumor,0,0,True,False
Testing/notumor/Te-no_69.jpg,Training/notumor/Tr-no_352.jpg,Testing,Training,notumor,notumor,0,0,True,False
Testing/notumor/Te-no_69.jpg,Training/notumor/Tr-no_1038.jpg,Testing,Training,notumor,notumor,0,0,True,False
Testing/notumor/Te-no_69.jpg,Training/notumor/Tr-no_127.jpg,Testing,Training,notumor,notumor,0,0,True,False
Testing/notumor/Te-no_69.jpg,Training/notumor/Tr-no_369.jpg,Testing,Training,notumor,notumor,0,1,True,False
Testing/notumor/Te-no_69.jpg,Training/notumor/Tr-no_603.jpg,Testing,Training,notumor,notumor,0,1,True,False
Testing/notumor/Te-no_7.jpg,Training/notumor/Tr-no_276.jpg,Testing,Training,notumor,notumor,2,0,True,False
Testing/notumor/Te-no_7.jpg,Training/notumor/Tr-no_395.jpg,Testing,Training,notumor,notumor,2,0,True,False
Testing/notumor/Te-no_7.jpg,Training/notumor/Tr-no_108.jpg,Testing,Training,notumor,notumor,0,0,True,False
Testing/notumor/Te-no_7.jpg,Training/notumor/Tr-no_296.jpg,Testing,Training,notumor,notumor,0,0,True,False
Testing/notumor/Te-no_7.jpg,Training/notumor/Tr-no_989.jpg,Testing,Training,notumor,notumor,0,0,True,False
Testing/notumor/Te-no_7.jpg,Training/notumor/Tr-no_111.jpg,Testing,Training,notumor,notumor,4,0,True,False
Testing/notumor/Te-no_7.jpg,Training/notumor/Tr-no_1227.jpg,Testing,Training,notumor,notumor,0,0,True,False
Testing/notumor/Te-no_7.jpg,Training/notumor/Tr-no_795.jpg,Testing,Training,notumor,notumor,0,0,True,False
Testing/notumor/Te-no_7.jpg,Training/notumor/Tr-no_1251.jpg,Testing,Training,notumor,notumor,2,0,True,False
Testing/notumor/Te-no_7.jpg,Training/notumor/Tr-no_453.jpg,Testing,Training,notumor,notumor,0,0,True,False
Testing/notumor/Te-no_7.jpg,Training/notumor/Tr-no_588.jpg,Testing,Training,notumor,notumor,0,0,True,False
Testing/notumor/Te-no_7.jpg,Training/notumor/Tr-no_1047.jpg,Testing,Training,notumor,notumor,0,0,True,False
Testing/notumor/Te-no_7.jpg,Training/notumor/Tr-no_25.jpg,Testing,Training,notumor,notumor,2,0,True,False
Testing/notumor/Te-no_7.jpg,Training/notumor/Tr-no_1396.jpg,Testing,Training,notumor,notumor,0,0,True,False
Testing/notumor/Te-no_7.jpg,Training/notumor/Tr-no_947.jpg,Testing,Training,notumor,notumor,0,0,True,False
Testing/notumor/Te-no_7.jpg,Training/notumor/Tr-no_1055.jpg,Testing,Training,notumor,notumor,0,0,True,False
Testing/notumor/Te-no_7.jpg,Training/notumor/Tr-no_260.jpg,Testing,Training,notumor,notumor,0,0,True,False
Testing/notumor/Te-no_70.jpg,Training/notumor/Tr-no_271.jpg,Testing,Training,notumor,notumor,0,0,True,False
Testing/notumor/Te-no_70.jpg,Training/notumor/Tr-no_1313.jpg,Testing,Training,notumor,notumor,0,0,True,False
Testing/notumor/Te-no_70.jpg,Training/notumor/Tr-no_751.jpg,Testing,Training,notumor,notumor,0,0,True,False
Testing/notumor/Te-no_70.jpg,Training/notumor/Tr-no_81.jpg,Testing,Training,notumor,notumor,0,0,True,False
Testing/notumor/Te-no_70.jpg,Training/notumor/Tr-no_1150.jpg,Testing,Training,notumor,notumor,0,0,True,False
Testing/notumor/Te-no_70.jpg,Training/notumor/Tr-no_530.jpg,Testing,Training,notumor,notumor,0,0,True,False
Testing/notumor/Te-no_70.jpg,Training/notumor/Tr-no_1108.jpg,Testing,Training,notumor,notumor,0,0,True,False
Testing/notumor/Te-no_70.jpg,Training/notumor/Tr-no_721.jpg,Testing,Training,notumor,notumor,0,0,True,False
Testing/notumor/Te-no_71.jpg,Training/notumor/Tr-no_852.jpg,Testing,Training,notumor,notumor,2,0,True,False
Testing/notumor/Te-no_71.jpg,Training/notumor/Tr-no_1195.jpg,Testing,Training,notumor,notumor,0,0,True,False
Testing/notumor/Te-no_71.jpg,Training/notumor/Tr-no_628.jpg,Testing,Training,notumor,notumor,0,0,True,False
Testing/notumor/Te-no_71.jpg,Training/notumor/Tr-no_182.jpg,Testing,Training,notumor,notumor,0,0,True,False
Testing/notumor/Te-no_71.jpg,Training/notumor/Tr-no_19.jpg,Testing,Training,notumor,notumor,0,0,True,False
Testing/notumor/Te-no_71.jpg,Training/notumor/Tr-no_651.jpg,Testing,Training,notumor,notumor,0,0,True,False
Testing/notumor/Te-no_71.jpg,Training/notumor/Tr-no_425.jpg,Testing,Training,notumor,notumor,0,0,True,False
Testing/notumor/Te-no_71.jpg,Training/notumor/Tr-no_892.jpg,Testing,Training,notumor,notumor,0,0,True,False
Testing/notumor/Te-no_71.jpg,Training/notumor/Tr-no_1230.jpg,Testing,Training,notumor,notumor,0,0,True,False
Testing/notumor/Te-no_71.jpg,Training/notumor/Tr-no_1232.jpg,Testing,Training,notumor,notumor,0,0,True,False
Testing/notumor/Te-no_71.jpg,Training/notumor/Tr-no_447.jpg,Testing,Training,notumor,notumor,0,0,True,False
Testing/notumor/Te-no_71.jpg,Training/notumor/Tr-no_469.jpg,Testing,Training,notumor,notumor,0,0,True,False
Testing/notumor/Te-no_71.jpg,Training/notumor/Tr-no_470.jpg,Testing,Training,notumor,notumor,0,0,True,False
Testing/notumor/Te-no_71.jpg,Training/notumor/Tr-no_24.jpg,Testing,Training,notumor,notumor,0,0,True,False
Testing/notumor/Te-no_71.jpg,Training/notumor/Tr-no_704.jpg,Testing,Training,notumor,notumor,0,0,True,False
Testing/notumor/Te-no_71.jpg,Training/notumor/Tr-no_1282.jpg,Testing,Training,notumor,notumor,0,0,True,False
Testing/notumor/Te-no_71.jpg,Training/notumor/Tr-no_716.jpg,Testing,Training,notumor,notumor,0,0,True,False
Testing/notumor/Te-no_71.jpg,Training/notumor/Tr-no_720.jpg,Testing,Training,notumor,notumor,0,0,True,False
Testing/notumor/Te-no_71.jpg,Training/notumor/Tr-no_499.jpg,Testing,Training,notumor,notumor,0,0,True,False
Testing/notumor/Te-no_71.jpg,Training/notumor/Tr-no_734.jpg,Testing,Training,notumor,notumor,0,0,True,False
Testing/notumor/Te-no_71.jpg,Training/notumor/Tr-no_740.jpg,Testing,Training,notumor,notumor,0,0,True,False
Testing/notumor/Te-no_71.jpg,Training/notumor/Tr-no_1084.jpg,Testing,Training,notumor,notumor,0,0,True,False
Testing/notumor/Te-no_71.jpg,Training/notumor/Tr-no_986.jpg,Testing,Training,notumor,notumor,0,0,True,False
Testing/notumor/Te-no_71.jpg,Training/notumor/Tr-no_11.jpg,Testing,Training,notumor,notumor,0,0,True,False
Testing/notumor/Te-no_71.jpg,Training/notumor/Tr-no_994.jpg,Testing,Training,notumor,notumor,0,0,True,False
Testing/notumor/Te-no_71.jpg,Training/notumor/Tr-no_1338.jpg,Testing,Training,notumor,notumor,0,0,True,False
Testing/notumor/Te-no_71.jpg,Training/notumor/Tr-no_771.jpg,Testing,Training,notumor,notumor,0,0,True,False
Testing/notumor/Te-no_71.jpg,Training/notumor/Tr-no_772.jpg,Testing,Training,notumor,notumor,0,0,True,False
Testing/notumor/Te-no_71.jpg,Training/notumor/Tr-no_1355.jpg,Testing,Training,notumor,notumor,0,0,True,False
Testing/notumor/Te-no_71.jpg,Training/notumor/Tr-no_1356.jpg,Testing,Training,notumor,notumor,0,0,True,False
Testing/notumor/Te-no_71.jpg,Training/notumor/Tr-no_558.jpg,Testing,Training,notumor,notumor,0,0,True,False
Testing/notumor/Te-no_71.jpg,Training/notumor/Tr-no_334.jpg,Testing,Training,notumor,notumor,0,0,True,False
Testing/notumor/Te-no_71.jpg,Training/notumor/Tr-no_145.jpg,Testing,Training,notumor,notumor,0,0,True,False
Testing/notumor/Te-no_71.jpg,Training/notumor/Tr-no_839.jpg,Testing,Training,notumor,notumor,0,0,True,False
Testing/notumor/Te-no_72.jpg,Training/notumor/Tr-no_622.jpg,Testing,Training,notumor,notumor,2,0,True,False
Testing/notumor/Te-no_72.jpg,Training/notumor/Tr-no_184.jpg,Testing,Training,notumor,notumor,0,1,True,False
Testing/notumor/Te-no_72.jpg,Training/notumor/Tr-no_1222.jpg,Testing,Training,notumor,notumor,0,1,True,False
Testing/notumor/Te-no_72.jpg,Training/notumor/Tr-no_199.jpg,Testing,Training,notumor,notumor,0,1,True,False
Testing/notumor/Te-no_72.jpg,Training/notumor/Tr-no_211.jpg,Testing,Training,notumor,notumor,0,1,True,False
Testing/notumor/Te-no_72.jpg,Training/notumor/Tr-no_675.jpg,Testing,Training,notumor,notumor,0,0,True,False
Testing/notumor/Te-no_72.jpg,Training/notumor/Tr-no_1256.jpg,Testing,Training,notumor,notumor,0,0,True,False
Testing/notumor/Te-no_72.jpg,Training/notumor/Tr-no_1029.jpg,Testing,Training,notumor,notumor,0,0,True,False
Testing/notumor/Te-no_72.jpg,Training/notumor/Tr-no_1035.jpg,Testing,Training,notumor,notumor,0,1,True,False
Testing/notumor/Te-no_72.jpg,Training/notumor/Tr-no_1039.jpg,Testing,Training,notumor,notumor,0,0,True,False
Testing/notumor/Te-no_72.jpg,Training/notumor/Tr-no_936.jpg,Testing,Training,notumor,notumor,0,0,True,False
Testing/notumor/Te-no_72.jpg,Training/notumor/Tr-no_1050.jpg,Testing,Training,notumor,notumor,0,0,True,False
Testing/notumor/Te-no_72.jpg,Training/notumor/Tr-no_1051.jpg,Testing,Training,notumor,notumor,0,1,True,False
Testing/notumor/Te-no_72.jpg,Training/notumor/Tr-no_253.jpg,Testing,Training,notumor,notumor,0,0,True,False
Testing/notumor/Te-no_72.jpg,Training/notumor/Tr-no_715.jpg,Testing,Training,notumor,notumor,0,0,True,False
Testing/notumor/Te-no_72.jpg,Training/notumor/Tr-no_1066.jpg,Testing,Training,notumor,notumor,0,1,True,False
Testing/notumor/Te-no_72.jpg,Training/notumor/Tr-no_270.jpg,Testing,Training,notumor,notumor,0,0,True,False
Testing/notumor/Te-no_72.jpg,Training/notumor/Tr-no_272.jpg,Testing,Training,notumor,notumor,0,0,True,False
Testing/notumor/Te-no_72.jpg,Training/notumor/Tr-no_1315.jpg,Testing,Training,notumor,notumor,0,0,True,False
Testing/notumor/Te-no_72.jpg,Training/notumor/Tr-no_1086.jpg,Testing,Training,notumor,notumor,0,0,True,False
Testing/notumor/Te-no_72.jpg,Training/notumor/Tr-no_1091.jpg,Testing,Training,notumor,notumor,0,0,True,False
Testing/notumor/Te-no_72.jpg,Training/notumor/Tr-no_538.jpg,Testing,Training,notumor,notumor,0,1,True,False
Testing/notumor/Te-no_72.jpg,Training/notumor/Tr-no_320.jpg,Testing,Training,notumor,notumor,0,0,True,False
Testing/notumor/Te-no_72.jpg,Training/notumor/Tr-no_330.jpg,Testing,Training,notumor,notumor,0,1,True,False
Testing/notumor/Te-no_72.jpg,Training/notumor/Tr-no_794.jpg,Testing,Training,notumor,notumor,0,0,True,False
Testing/notumor/Te-no_72.jpg,Training/notumor/Tr-no_797.jpg,Testing,Training,notumor,notumor,0,0,True,False
Testing/notumor/Te-no_72.jpg,Training/notumor/Tr-no_1151.jpg,Testing,Training,notumor,notumor,0,1,True,False
Testing/notumor/Te-no_72.jpg,Training/notumor/Tr-no_1385.jpg,Testing,Training,notumor,notumor,0,0,True,False
Testing/notumor/Te-no_72.jpg,Training/notumor/Tr-no_1158.jpg,Testing,Training,notumor,notumor,0,1,True,False
Testing/notumor/Te-no_72.jpg,Training/notumor/Tr-no_600.jpg,Testing,Training,notumor,notumor,0,0,True,False
Testing/notumor/Te-no_73.jpg,Training/notumor/Tr-no_742.jpg,Testing,Training,notumor,notumor,0,0,True,False
Testing/notumor/Te-no_73.jpg,Training/notumor/Tr-no_517.jpg,Testing,Training,notumor,notumor,0,0,True,False
Testing/notumor/Te-no_73.jpg,Training/notumor/Tr-no_293.jpg,Testing,Training,notumor,notumor,0,2,True,False
Testing/notumor/Te-no_73.jpg,Training/notumor/Tr-no_762.jpg,Testing,Training,notumor,notumor,0,2,True,False
Testing/notumor/Te-no_73.jpg,Training/notumor/Tr-no_885.jpg,Testing,Training,notumor,notumor,0,2,True,False
Testing/notumor/Te-no_73.jpg,Training/notumor/Tr-no_311.jpg,Testing,Training,notumor,notumor,0,0,True,False
Testing/notumor/Te-no_73.jpg,Training/notumor/Tr-no_1123.jpg,Testing,Training,notumor,notumor,0,0,True,False
Testing/notumor/Te-no_73.jpg,Training/notumor/Tr-no_324.jpg,Testing,Training,notumor,notumor,0,0,True,False
Testing/notumor/Te-no_73.jpg,Training/notumor/Tr-no_903.jpg,Testing,Training,notumor,notumor,0,2,True,False
Testing/notumor/Te-no_73.jpg,Training/notumor/Tr-no_570.jpg,Testing,Training,notumor,notumor,0,0,True,False
Testing/notumor/Te-no_73.jpg,Training/notumor/Tr-no_1372.jpg,Testing,Training,notumor,notumor,0,2,True,False
Testing/notumor/Te-no_73.jpg,Training/notumor/Tr-no_703.jpg,Testing,Training,notumor,notumor,0,2,True,False
Testing/notumor/Te-no_73.jpg,Training/notumor/Tr-no_827.jpg,Testing,Training,notumor,notumor,0,2,True,False
Testing/notumor/Te-no_73.jpg,Training/notumor/Tr-no_60.jpg,Testing,Training,notumor,notumor,0,2,True,False
Testing/notumor/Te-no_73.jpg,Training/notumor/Tr-no_259.jpg,Testing,Training,notumor,notumor,0,0,True,False
Testing/notumor/Te-no_73.jpg,Training/notumor/Tr-no_149.jpg,Testing,Training,notumor,notumor,0,0,True,False
Testing/notumor/Te-no_73.jpg,Training/notumor/Tr-no_1064.jpg,Testing,Training,notumor,notumor,0,2,True,False
Testing/notumor/Te-no_74.jpg,Training/notumor/Tr-no_626.jpg,Testing,Training,notumor,notumor,0,0,True,False
Testing/notumor/Te-no_74.jpg,Training/notumor/Tr-no_400.jpg,Testing,Training,notumor,notumor,0,0,True,False
Testing/notumor/Te-no_74.jpg,Training/notumor/Tr-no_288.jpg,Testing,Training,notumor,notumor,0,0,True,False
Testing/notumor/Te-no_74.jpg,Training/notumor/Tr-no_175.jpg,Testing,Training,notumor,notumor,0,0,True,False
Testing/notumor/Te-no_74.jpg,Training/notumor/Tr-no_176.jpg,Testing,Training,notumor,notumor,0,0,True,False
Testing/notumor/Te-no_74.jpg,Training/notumor/Tr-no_1211.jpg,Testing,Training,notumor,notumor,2,0,True,False
Testing/notumor/Te-no_74.jpg,Training/notumor/Tr-no_876.jpg,Testing,Training,notumor,notumor,0,0,True,False
Testing/notumor/Te-no_74.jpg,Training/notumor/Tr-no_536.jpg,Testing,Training,notumor,notumor,0,0,True,False
Testing/notumor/Te-no_74.jpg,Training/notumor/Tr-no_657.jpg,Testing,Training,notumor,notumor,0,0,True,False
Testing/notumor/Te-no_74.jpg,Training/notumor/Tr-no_314.jpg,Testing,Training,notumor,notumor,0,0,True,False
Testing/notumor/Te-no_74.jpg,Training/notumor/Tr-no_665.jpg,Testing,Training,notumor,notumor,0,0,True,False
Testing/notumor/Te-no_74.jpg,Training/notumor/Tr-no_321.jpg,Testing,Training,notumor,notumor,0,0,True,False
Testing/notumor/Te-no_74.jpg,Training/notumor/Tr-no_552.jpg,Testing,Training,notumor,notumor,2,0,True,False
Testing/notumor/Te-no_74.jpg,Training/notumor/Tr-no_56.jpg,Testing,Training,notumor,notumor,0,0,True,False
Testing/notumor/Te-no_74.jpg,Training/notumor/Tr-no_1247.jpg,Testing,Training,notumor,notumor,0,0,True,False
Testing/notumor/Te-no_74.jpg,Training/notumor/Tr-no_1364.jpg,Testing,Training,notumor,notumor,0,0,True,False
Testing/notumor/Te-no_74.jpg,Training/notumor/Tr-no_799.jpg,Testing,Training,notumor,notumor,0,0,True,False
Testing/notumor/Te-no_74.jpg,Training/notumor/Tr-no_1023.jpg,Testing,Training,notumor,notumor,0,0,True,False
Testing/notumor/Te-no_74.jpg,Training/notumor/Tr-no_139.jpg,Testing,Training,notumor,notumor,0,0,True,False
Testing/notumor/Te-no_74.jpg,Training/notumor/Tr-no_143.jpg,Testing,Training,notumor,notumor,0,0,True,False
Testing/notumor/Te-no_74.jpg,Training/notumor/Tr-no_1068.jpg,Testing,Training,notumor,notumor,0,0,True,False
Testing/notumor/Te-no_74.jpg,Training/notumor/Tr-no_612.jpg,Testing,Training,notumor,notumor,0,0,True,False
Testing/notumor/Te-no_74.jpg,Training/notumor/Tr-no_73.jpg,Testing,Training,notumor,notumor,0,0,True,False
Testing/notumor/Te-no_74.jpg,Training/notumor/Tr-no_50.jpg,Testing,Training,notumor,notumor,2,0,True,False
Testing/notumor/Te-no_75.jpg,Training/notumor/Tr-no_271.jpg,Testing,Training,notumor,notumor,0,0,True,False
Testing/notumor/Te-no_75.jpg,Training/notumor/Tr-no_1313.jpg,Testing,Training,notumor,notumor,0,0,True,False
Testing/notumor/Te-no_75.jpg,Training/notumor/Tr-no_81.jpg,Testing,Training,notumor,notumor,0,0,True,False
Testing/notumor/Te-no_75.jpg,Training/notumor/Tr-no_751.jpg,Testing,Training,notumor,notumor,0,0,True,False
Testing/notumor/Te-no_75.jpg,Training/notumor/Tr-no_1150.jpg,Testing,Training,notumor,notumor,0,0,True,False
Testing/notumor/Te-no_75.jpg,Training/notumor/Tr-no_530.jpg,Testing,Training,notumor,notumor,0,0,True,False
Testing/notumor/Te-no_75.jpg,Training/notumor/Tr-no_1108.jpg,Testing,Training,notumor,notumor,0,0,True,False
Testing/notumor/Te-no_75.jpg,Training/notumor/Tr-no_721.jpg,Testing,Training,notumor,notumor,0,0,True,False
Testing/notumor/Te-no_76.jpg,Training/notumor/Tr-no_515.jpg,Testing,Training,notumor,notumor,2,0,True,False
Testing/notumor/Te-no_76.jpg,Training/notumor/Tr-no_1321.jpg,Testing,Training,notumor,notumor,0,0,True,False
Testing/notumor/Te-no_76.jpg,Training/notumor/Tr-no_310.jpg,Testing,Training,notumor,notumor,0,0,True,False
Testing/notumor/Te-no_76.jpg,Training/notumor/Tr-no_663.jpg,Testing,Training,notumor,notumor,0,0,True,False
Testing/notumor/Te-no_76.jpg,Training/notumor/Tr-no_205.jpg,Testing,Training,notumor,notumor,0,0,True,False
Testing/notumor/Te-no_76.jpg,Training/notumor/Tr-no_212.jpg,Testing,Training,notumor,notumor,4,0,True,False
Testing/notumor/Te-no_76.jpg,Training/notumor/Tr-no_1012.jpg,Testing,Training,notumor,notumor,0,0,True,False
Testing/notumor/Te-no_76.jpg,Training/notumor/Tr-no_335.jpg,Testing,Training,notumor,notumor,2,0,True,False
Testing/notumor/Te-no_76.jpg,Training/notumor/Tr-no_458.jpg,Testing,Training,notumor,notumor,4,0,True,False
Testing/notumor/Te-no_76.jpg,Training/notumor/Tr-no_829.jpg,Testing,Training,notumor,notumor,0,0,True,False
Testing/notumor/Te-no_76.jpg,Training/notumor/Tr-no_1284.jpg,Testing,Training,notumor,notumor,0,0,True,False
Testing/notumor/Te-no_77.jpg,Training/notumor/Tr-no_1096.jpg,Testing,Training,notumor,notumor,0,0,True,False
Testing/notumor/Te-no_78.jpg,Training/notumor/Tr-no_1015.jpg,Testing,Training,notumor,notumor,0,0,True,False
Testing/notumor/Te-no_78.jpg,Training/notumor/Tr-no_858.jpg,Testing,Training,notumor,notumor,0,0,True,False
Testing/notumor/Te-no_78.jpg,Training/notumor/Tr-no_1200.jpg,Testing,Training,notumor,notumor,0,0,True,False
Testing/notumor/Te-no_78.jpg,Training/notumor/Tr-no_985.jpg,Testing,Training,notumor,notumor,0,0,True,False
Testing/notumor/Te-no_78.jpg,Training/notumor/Tr-no_987.jpg,Testing,Training,notumor,notumor,0,0,True,False
Testing/notumor/Te-no_78.jpg,Training/notumor/Tr-no_1209.jpg,Testing,Training,notumor,notumor,0,0,True,False
Testing/notumor/Te-no_78.jpg,Training/notumor/Tr-no_1339.jpg,Testing,Training,notumor,notumor,0,0,True,False
Testing/notumor/Te-no_78.jpg,Training/notumor/Tr-no_1006.jpg,Testing,Training,notumor,notumor,0,0,True,False
Testing/notumor/Te-no_78.jpg,Training/notumor/Tr-no_124.jpg,Testing,Training,notumor,notumor,0,1,True,False
Testing/notumor/Te-no_79.jpg,Training/notumor/Tr-no_390.jpg,Testing,Training,notumor,notumor,0,0,True,False
Testing/notumor/Te-no_79.jpg,Training/notumor/Tr-no_186.jpg,Testing,Training,notumor,notumor,0,0,True,False
Testing/notumor/Te-no_79.jpg,Training/notumor/Tr-no_549.jpg,Testing,Training,notumor,notumor,0,0,True,False
Testing/notumor/Te-no_79.jpg,Training/notumor/Tr-no_722.jpg,Testing,Training,notumor,notumor,0,0,True,False
Testing/notumor/Te-no_79.jpg,Training/notumor/Tr-no_838.jpg,Testing,Training,notumor,notumor,0,0,True,False
Testing/notumor/Te-no_79.jpg,Training/notumor/Tr-no_731.jpg,Testing,Training,notumor,notumor,0,0,True,False
Testing/notumor/Te-no_8.jpg,Training/notumor/Tr-no_392.jpg,Testing,Training,notumor,notumor,0,0,True,False
Testing/notumor/Te-no_8.jpg,Training/notumor/Tr-no_177.jpg,Testing,Training,notumor,notumor,0,0,True,False
Testing/notumor/Te-no_8.jpg,Training/notumor/Tr-no_652.jpg,Testing,Training,notumor,notumor,0,0,True,False
Testing/notumor/Te-no_8.jpg,Training/notumor/Tr-no_194.jpg,Testing,Training,notumor,notumor,0,0,True,False
Testing/notumor/Te-no_8.jpg,Training/notumor/Tr-no_888.jpg,Testing,Training,notumor,notumor,0,0,True,False
Testing/notumor/Te-no_8.jpg,Training/notumor/Tr-no_904.jpg,Testing,Training,notumor,notumor,0,0,True,False
Testing/notumor/Te-no_8.jpg,Training/notumor/Tr-no_219.jpg,Testing,Training,notumor,notumor,0,0,True,False
Testing/notumor/Te-no_8.jpg,Training/notumor/Tr-no_566.jpg,Testing,Training,notumor,notumor,0,0,True,False
Testing/notumor/Te-no_8.jpg,Training/notumor/Tr-no_1142.jpg,Testing,Training,notumor,notumor,0,0,True,False
Testing/notumor/Te-no_8.jpg,Training/notumor/Tr-no_1277.jpg,Testing,Training,notumor,notumor,0,0,True,False
Testing/notumor/Te-no_8.jpg,Training/notumor/Tr-no_385.jpg,Testing,Training,notumor,notumor,0,0,True,False
Testing/notumor/Te-no_80.jpg,Training/notumor/Tr-no_392.jpg,Testing,Training,notumor,notumor,0,0,True,False
Testing/notumor/Te-no_80.jpg,Training/notumor/Tr-no_177.jpg,Testing,Training,notumor,notumor,0,0,True,False
Testing/notumor/Te-no_80.jpg,Training/notumor/Tr-no_652.jpg,Testing,Training,notumor,notumor,0,0,True,False
Testing/notumor/Te-no_80.jpg,Training/notumor/Tr-no_194.jpg,Testing,Training,notumor,notumor,0,0,True,False
Testing/notumor/Te-no_80.jpg,Training/notumor/Tr-no_888.jpg,Testing,Training,notumor,notumor,0,0,True,False
Testing/notumor/Te-no_80.jpg,Training/notumor/Tr-no_904.jpg,Testing,Training,notumor,notumor,2,0,True,False
Testing/notumor/Te-no_80.jpg,Training/notumor/Tr-no_219.jpg,Testing,Training,notumor,notumor,0,0,True,False
Testing/notumor/Te-no_80.jpg,Training/notumor/Tr-no_566.jpg,Testing,Training,notumor,notumor,2,0,True,False
Testing/notumor/Te-no_80.jpg,Training/notumor/Tr-no_1142.jpg,Testing,Training,notumor,notumor,0,0,True,False
Testing/notumor/Te-no_80.jpg,Training/notumor/Tr-no_1277.jpg,Testing,Training,notumor,notumor,0,0,True,False
Testing/notumor/Te-no_80.jpg,Training/notumor/Tr-no_385.jpg,Testing,Training,notumor,notumor,0,0,True,False
Testing/notumor/Te-no_81.jpg,Training/notumor/Tr-no_158.jpg,Testing,Training,notumor,notumor,0,0,True,False
Testing/notumor/Te-no_81.jpg,Training/notumor/Tr-no_39.jpg,Testing,Training,notumor,notumor,0,0,True,False
Testing/notumor/Te-no_81.jpg,Training/notumor/Tr-no_160.jpg,Testing,Training,notumor,notumor,0,0,True,False
Testing/notumor/Te-no_81.jpg,Training/notumor/Tr-no_278.jpg,Testing,Training,notumor,notumor,0,0,True,False
Testing/notumor/Te-no_81.jpg,Training/notumor/Tr-no_291.jpg,Testing,Training,notumor,notumor,0,0,True,False
Testing/notumor/Te-no_81.jpg,Training/notumor/Tr-no_755.jpg,Testing,Training,notumor,notumor,0,0,True,False
Testing/notumor/Te-no_81.jpg,Training/notumor/Tr-no_64.jpg,Testing,Training,notumor,notumor,0,0,True,False
Testing/notumor/Te-no_81.jpg,Training/notumor/Tr-no_655.jpg,Testing,Training,notumor,notumor,0,0,True,False
Testing/notumor/Te-no_81.jpg,Training/notumor/Tr-no_435.jpg,Testing,Training,notumor,notumor,0,0,True,False
Testing/notumor/Te-no_81.jpg,Training/notumor/Tr-no_788.jpg,Testing,Training,notumor,notumor,0,0,True,False
Testing/notumor/Te-no_81.jpg,Training/notumor/Tr-no_231.jpg,Testing,Training,notumor,notumor,0,1,True,False
Testing/notumor/Te-no_81.jpg,Training/notumor/Tr-no_359.jpg,Testing,Training,notumor,notumor,0,1,True,False
Testing/notumor/Te-no_81.jpg,Training/notumor/Tr-no_83.jpg,Testing,Training,notumor,notumor,0,0,True,False
Testing/notumor/Te-no_81.jpg,Training/notumor/Tr-no_370.jpg,Testing,Training,notumor,notumor,0,0,True,False
Testing/notumor/Te-no_81.jpg,Training/notumor/Tr-no_614.jpg,Testing,Training,notumor,notumor,0,0,True,False
Testing/notumor/Te-no_82.jpg,Training/notumor/Tr-no_1215.jpg,Testing,Training,notumor,notumor,0,0,True,False
Testing/notumor/Te-no_82.jpg,Training/notumor/Tr-no_1107.jpg,Testing,Training,notumor,notumor,0,0,True,False
Testing/notumor/Te-no_82.jpg,Training/notumor/Tr-no_1229.jpg,Testing,Training,notumor,notumor,0,0,True,False
Testing/notumor/Te-no_82.jpg,Training/notumor/Tr-no_1117.jpg,Testing,Training,notumor,notumor,0,0,True,False
Testing/notumor/Te-no_82.jpg,Training/notumor/Tr-no_789.jpg,Testing,Training,notumor,notumor,0,0,True,False
Testing/notumor/Te-no_82.jpg,Training/notumor/Tr-no_1018.jpg,Testing,Training,notumor,notumor,0,0,True,False
Testing/notumor/Te-no_82.jpg,Training/notumor/Tr-no_717.jpg,Testing,Training,notumor,notumor,0,0,True,False
Testing/notumor/Te-no_82.jpg,Training/notumor/Tr-no_604.jpg,Testing,Training,notumor,notumor,0,0,True,False
Testing/notumor/Te-no_82.jpg,Training/notumor/Tr-no_262.jpg,Testing,Training,notumor,notumor,0,0,True,False
Testing/notumor/Te-no_83.jpg,Training/notumor/Tr-no_1017.jpg,Testing,Training,notumor,notumor,0,0,True,False
Testing/notumor/Te-no_83.jpg,Training/notumor/Tr-no_1296.jpg,Testing,Training,notumor,notumor,0,0,True,False
Testing/notumor/Te-no_84.jpg,Training/notumor/Tr-no_859.jpg,Testing,Training,notumor,notumor,2,0,True,False
Testing/notumor/Te-no_84.jpg,Training/notumor/Tr-no_635.jpg,Testing,Training,notumor,notumor,0,0,True,False
Testing/notumor/Te-no_84.jpg,Training/notumor/Tr-no_404.jpg,Testing,Training,notumor,notumor,2,0,True,False
Testing/notumor/Te-no_84.jpg,Training/notumor/Tr-no_759.jpg,Testing,Training,notumor,notumor,0,0,True,False
Testing/notumor/Te-no_84.jpg,Training/notumor/Tr-no_136.jpg,Testing,Training,notumor,notumor,2,0,True,False
Testing/notumor/Te-no_84.jpg,Training/notumor/Tr-no_924.jpg,Testing,Training,notumor,notumor,0,0,True,False
Testing/notumor/Te-no_84.jpg,Training/notumor/Tr-no_239.jpg,Testing,Training,notumor,notumor,0,0,True,False
Testing/notumor/Te-no_84.jpg,Training/notumor/Tr-no_1041.jpg,Testing,Training,notumor,notumor,0,0,True,False
Testing/notumor/Te-no_84.jpg,Training/notumor/Tr-no_713.jpg,Testing,Training,notumor,notumor,0,0,True,False
Testing/notumor/Te-no_84.jpg,Training/notumor/Tr-no_834.jpg,Testing,Training,notumor,notumor,0,0,True,False
Testing/notumor/Te-no_85.jpg,Training/notumor/Tr-no_852.jpg,Testing,Training,notumor,notumor,2,0,True,False
Testing/notumor/Te-no_85.jpg,Training/notumor/Tr-no_1195.jpg,Testing,Training,notumor,notumor,0,0,True,False
Testing/notumor/Te-no_85.jpg,Training/notumor/Tr-no_628.jpg,Testing,Training,notumor,notumor,0,0,True,False
Testing/notumor/Te-no_85.jpg,Training/notumor/Tr-no_182.jpg,Testing,Training,notumor,notumor,0,0,True,False
Testing/notumor/Te-no_85.jpg,Training/notumor/Tr-no_19.jpg,Testing,Training,notumor,notumor,0,0,True,False
Testing/notumor/Te-no_85.jpg,Training/notumor/Tr-no_651.jpg,Testing,Training,notumor,notumor,0,0,True,False
Testing/notumor/Te-no_85.jpg,Training/notumor/Tr-no_425.jpg,Testing,Training,notumor,notumor,0,0,True,False
Testing/notumor/Te-no_85.jpg,Training/notumor/Tr-no_892.jpg,Testing,Training,notumor,notumor,0,0,True,False
Testing/notumor/Te-no_85.jpg,Training/notumor/Tr-no_1230.jpg,Testing,Training,notumor,notumor,0,0,True,False
Testing/notumor/Te-no_85.jpg,Training/notumor/Tr-no_1232.jpg,Testing,Training,notumor,notumor,0,0,True,False
Testing/notumor/Te-no_85.jpg,Training/notumor/Tr-no_447.jpg,Testing,Training,notumor,notumor,0,0,True,False
Testing/notumor/Te-no_85.jpg,Training/notumor/Tr-no_469.jpg,Testing,Training,notumor,notumor,0,0,True,False
Testing/notumor/Te-no_85.jpg,Training/notumor/Tr-no_24.jpg,Testing,Training,notumor,notumor,0,0,True,False
Testing/notumor/Te-no_85.jpg,Training/notumor/Tr-no_470.jpg,Testing,Training,notumor,notumor,0,0,True,False
Testing/notumor/Te-no_85.jpg,Training/notumor/Tr-no_704.jpg,Testing,Training,notumor,notumor,0,0,True,False
Testing/notumor/Te-no_85.jpg,Training/notumor/Tr-no_1282.jpg,Testing,Training,notumor,notumor,0,0,True,False
Testing/notumor/Te-no_85.jpg,Training/notumor/Tr-no_716.jpg,Testing,Training,notumor,notumor,0,0,True,False
Testing/notumor/Te-no_85.jpg,Training/notumor/Tr-no_720.jpg,Testing,Training,notumor,notumor,0,0,True,False
Testing/notumor/Te-no_85.jpg,Training/notumor/Tr-no_499.jpg,Testing,Training,notumor,notumor,0,0,True,False
Testing/notumor/Te-no_85.jpg,Training/notumor/Tr-no_734.jpg,Testing,Training,notumor,notumor,0,0,True,False
Testing/notumor/Te-no_85.jpg,Training/notumor/Tr-no_740.jpg,Testing,Training,notumor,notumor,0,0,True,False
Testing/notumor/Te-no_85.jpg,Training/notumor/Tr-no_1084.jpg,Testing,Training,notumor,notumor,0,0,True,False
Testing/notumor/Te-no_85.jpg,Training/notumor/Tr-no_986.jpg,Testing,Training,notumor,notumor,0,0,True,False
Testing/notumor/Te-no_85.jpg,Training/notumor/Tr-no_11.jpg,Testing,Training,notumor,notumor,0,0,True,False
Testing/notumor/Te-no_85.jpg,Training/notumor/Tr-no_994.jpg,Testing,Training,notumor,notumor,0,0,True,False
Testing/notumor/Te-no_85.jpg,Training/notumor/Tr-no_1338.jpg,Testing,Training,notumor,notumor,0,0,True,False
Testing/notumor/Te-no_85.jpg,Training/notumor/Tr-no_771.jpg,Testing,Training,notumor,notumor,0,0,True,False
Testing/notumor/Te-no_85.jpg,Training/notumor/Tr-no_772.jpg,Testing,Training,notumor,notumor,0,0,True,False
Testing/notumor/Te-no_85.jpg,Training/notumor/Tr-no_1355.jpg,Testing,Training,notumor,notumor,0,0,True,False
Testing/notumor/Te-no_85.jpg,Training/notumor/Tr-no_1356.jpg,Testing,Training,notumor,notumor,0,0,True,False
Testing/notumor/Te-no_85.jpg,Training/notumor/Tr-no_558.jpg,Testing,Training,notumor,notumor,0,0,True,False
Testing/notumor/Te-no_85.jpg,Training/notumor/Tr-no_334.jpg,Testing,Training,notumor,notumor,0,0,True,False
Testing/notumor/Te-no_85.jpg,Training/notumor/Tr-no_145.jpg,Testing,Training,notumor,notumor,0,0,True,False
Testing/notumor/Te-no_85.jpg,Training/notumor/Tr-no_839.jpg,Testing,Training,notumor,notumor,0,0,True,False
Testing/notumor/Te-no_86.jpg,Training/notumor/Tr-no_1302.jpg,Testing,Training,notumor,notumor,0,0,True,False
Testing/notumor/Te-no_86.jpg,Training/notumor/Tr-no_909.jpg,Testing,Training,notumor,notumor,0,0,True,False
Testing/notumor/Te-no_86.jpg,Training/notumor/Tr-no_683.jpg,Testing,Training,notumor,notumor,0,0,True,False
Testing/notumor/Te-no_86.jpg,Training/notumor/Tr-no_975.jpg,Testing,Training,notumor,notumor,0,0,True,False
Testing/notumor/Te-no_86.jpg,Training/notumor/Tr-no_341.jpg,Testing,Training,notumor,notumor,0,0,True,False
Testing/notumor/Te-no_86.jpg,Training/notumor/Tr-no_821.jpg,Testing,Training,notumor,notumor,0,0,True,False
Testing/notumor/Te-no_86.jpg,Training/notumor/Tr-no_6.jpg,Testing,Training,notumor,notumor,2,0,True,False
Testing/notumor/Te-no_86.jpg,Training/notumor/Tr-no_373.jpg,Testing,Training,notumor,notumor,2,0,True,False
Testing/notumor/Te-no_86.jpg,Training/notumor/Tr-no_893.jpg,Testing,Training,notumor,notumor,2,0,True,False
Testing/notumor/Te-no_86.jpg,Training/notumor/Tr-no_895.jpg,Testing,Training,notumor,notumor,0,0,True,False
Testing/notumor/Te-no_86.jpg,Training/notumor/Tr-no_1175.jpg,Testing,Training,notumor,notumor,2,0,True,False
Testing/notumor/Te-no_86.jpg,Training/notumor/Tr-no_79.jpg,Testing,Training,notumor,notumor,0,0,True,False
Testing/notumor/Te-no_87.jpg,Training/notumor/Tr-no_1192.jpg,Testing,Training,notumor,notumor,0,0,True,False
Testing/notumor/Te-no_87.jpg,Training/notumor/Tr-no_1206.jpg,Testing,Training,notumor,notumor,0,0,True,False
Testing/notumor/Te-no_87.jpg,Training/notumor/Tr-no_756.jpg,Testing,Training,notumor,notumor,0,0,True,False
Testing/notumor/Te-no_87.jpg,Training/notumor/Tr-no_1217.jpg,Testing,Training,notumor,notumor,0,0,True,False
Testing/notumor/Te-no_87.jpg,Training/notumor/Tr-no_430.jpg,Testing,Training,notumor,notumor,0,0,True,False
Testing/notumor/Te-no_87.jpg,Training/notumor/Tr-no_1234.jpg,Testing,Training,notumor,notumor,0,0,True,False
Testing/notumor/Te-no_87.jpg,Training/notumor/Tr-no_1122.jpg,Testing,Training,notumor,notumor,0,1,True,False
Testing/notumor/Te-no_87.jpg,Training/notumor/Tr-no_902.jpg,Testing,Training,notumor,notumor,0,0,True,False
Testing/notumor/Te-no_87.jpg,Training/notumor/Tr-no_329.jpg,Testing,Training,notumor,notumor,0,0,True,False
Testing/notumor/Te-no_87.jpg,Training/notumor/Tr-no_1361.jpg,Testing,Training,notumor,notumor,0,0,True,False
Testing/notumor/Te-no_87.jpg,Training/notumor/Tr-no_680.jpg,Testing,Training,notumor,notumor,0,0,True,False
Testing/notumor/Te-no_87.jpg,Training/notumor/Tr-no_914.jpg,Testing,Training,notumor,notumor,0,0,True,False
Testing/notumor/Te-no_87.jpg,Training/notumor/Tr-no_573.jpg,Testing,Training,notumor,notumor,0,0,True,False
Testing/notumor/Te-no_87.jpg,Training/notumor/Tr-no_1145.jpg,Testing,Training,notumor,notumor,0,0,True,False
Testing/notumor/Te-no_87.jpg,Training/notumor/Tr-no_36.jpg,Testing,Training,notumor,notumor,0,0,True,False
Testing/notumor/Te-no_87.jpg,Training/notumor/Tr-no_1044.jpg,Testing,Training,notumor,notumor,0,0,True,False
Testing/notumor/Te-no_87.jpg,Training/notumor/Tr-no_1293.jpg,Testing,Training,notumor,notumor,0,0,True,False
Testing/notumor/Te-no_87.jpg,Training/notumor/Tr-no_944.jpg,Testing,Training,notumor,notumor,0,0,True,False
Testing/notumor/Te-no_87.jpg,Training/notumor/Tr-no_374.jpg,Testing,Training,notumor,notumor,0,0,True,False
Testing/notumor/Te-no_87.jpg,Training/notumor/Tr-no_375.jpg,Testing,Training,notumor,notumor,0,0,True,False
Testing/notumor/Te-no_87.jpg,Training/notumor/Tr-no_378.jpg,Testing,Training,notumor,notumor,0,0,True,False
Testing/notumor/Te-no_87.jpg,Training/notumor/Tr-no_613.jpg,Testing,Training,notumor,notumor,0,0,True,False
Testing/notumor/Te-no_88.jpg,Training/notumor/Tr-no_622.jpg,Testing,Training,notumor,notumor,0,0,True,False
Testing/notumor/Te-no_88.jpg,Training/notumor/Tr-no_184.jpg,Testing,Training,notumor,notumor,0,0,True,False
Testing/notumor/Te-no_88.jpg,Training/notumor/Tr-no_1222.jpg,Testing,Training,notumor,notumor,0,0,True,False
Testing/notumor/Te-no_88.jpg,Training/notumor/Tr-no_199.jpg,Testing,Training,notumor,notumor,0,0,True,False
Testing/notumor/Te-no_88.jpg,Training/notumor/Tr-no_211.jpg,Testing,Training,notumor,notumor,0,0,True,False
Testing/notumor/Te-no_88.jpg,Training/notumor/Tr-no_675.jpg,Testing,Training,notumor,notumor,0,0,True,False
Testing/notumor/Te-no_88.jpg,Training/notumor/Tr-no_1256.jpg,Testing,Training,notumor,notumor,0,0,True,False
Testing/notumor/Te-no_88.jpg,Training/notumor/Tr-no_1029.jpg,Testing,Training,notumor,notumor,0,0,True,False
Testing/notumor/Te-no_88.jpg,Training/notumor/Tr-no_1035.jpg,Testing,Training,notumor,notumor,0,0,True,False
Testing/notumor/Te-no_88.jpg,Training/notumor/Tr-no_1039.jpg,Testing,Training,notumor,notumor,0,0,True,False
Testing/notumor/Te-no_88.jpg,Training/notumor/Tr-no_936.jpg,Testing,Training,notumor,notumor,0,1,True,False
Testing/notumor/Te-no_88.jpg,Training/notumor/Tr-no_476.jpg,Testing,Training,notumor,notumor,0,2,True,False
Testing/notumor/Te-no_88.jpg,Training/notumor/Tr-no_1050.jpg,Testing,Training,notumor,notumor,0,0,True,False
Testing/notumor/Te-no_88.jpg,Training/notumor/Tr-no_1051.jpg,Testing,Training,notumor,notumor,0,1,True,False
Testing/notumor/Te-no_88.jpg,Training/notumor/Tr-no_253.jpg,Testing,Training,notumor,notumor,0,0,True,False
Testing/notumor/Te-no_88.jpg,Training/notumor/Tr-no_715.jpg,Testing,Training,notumor,notumor,0,0,True,False
Testing/notumor/Te-no_88.jpg,Training/notumor/Tr-no_1066.jpg,Testing,Training,notumor,notumor,0,0,True,False
Testing/notumor/Te-no_88.jpg,Training/notumor/Tr-no_270.jpg,Testing,Training,notumor,notumor,0,0,True,False
Testing/notumor/Te-no_88.jpg,Training/notumor/Tr-no_272.jpg,Testing,Training,notumor,notumor,0,0,True,False
Testing/notumor/Te-no_88.jpg,Training/notumor/Tr-no_1315.jpg,Testing,Training,notumor,notumor,0,0,True,False
Testing/notumor/Te-no_88.jpg,Training/notumor/Tr-no_1086.jpg,Testing,Training,notumor,notumor,0,0,True,False
Testing/notumor/Te-no_88.jpg,Training/notumor/Tr-no_1091.jpg,Testing,Training,notumor,notumor,0,0,True,False
Testing/notumor/Te-no_88.jpg,Training/notumor/Tr-no_538.jpg,Testing,Training,notumor,notumor,0,1,True,False
Testing/notumor/Te-no_88.jpg,Training/notumor/Tr-no_320.jpg,Testing,Training,notumor,notumor,0,0,True,False
Testing/notumor/Te-no_88.jpg,Training/notumor/Tr-no_330.jpg,Testing,Training,notumor,notumor,0,1,True,False
Testing/notumor/Te-no_88.jpg,Training/notumor/Tr-no_794.jpg,Testing,Training,notumor,notumor,0,0,True,False
Testing/notumor/Te-no_88.jpg,Training/notumor/Tr-no_797.jpg,Testing,Training,notumor,notumor,0,0,True,False
Testing/notumor/Te-no_88.jpg,Training/notumor/Tr-no_1151.jpg,Testing,Training,notumor,notumor,0,0,True,False
Testing/notumor/Te-no_88.jpg,Training/notumor/Tr-no_1385.jpg,Testing,Training,notumor,notumor,0,0,True,False
Testing/notumor/Te-no_88.jpg,Training/notumor/Tr-no_1158.jpg,Testing,Training,notumor,notumor,0,1,True,False
Testing/notumor/Te-no_88.jpg,Training/notumor/Tr-no_600.jpg,Testing,Training,notumor,notumor,0,0,True,False
Testing/notumor/Te-no_89.jpg,Training/notumor/Tr-no_852.jpg,Testing,Training,notumor,notumor,0,0,True,False
Testing/notumor/Te-no_89.jpg,Training/notumor/Tr-no_1195.jpg,Testing,Training,notumor,notumor,2,0,True,False
Testing/notumor/Te-no_89.jpg,Training/notumor/Tr-no_628.jpg,Testing,Training,notumor,notumor,2,0,True,False
Testing/notumor/Te-no_89.jpg,Training/notumor/Tr-no_182.jpg,Testing,Training,notumor,notumor,0,0,True,False
Testing/notumor/Te-no_89.jpg,Training/notumor/Tr-no_19.jpg,Testing,Training,notumor,notumor,0,0,True,False
Testing/notumor/Te-no_89.jpg,Training/notumor/Tr-no_651.jpg,Testing,Training,notumor,notumor,0,0,True,False
Testing/notumor/Te-no_89.jpg,Training/notumor/Tr-no_425.jpg,Testing,Training,notumor,notumor,2,0,True,False
Testing/notumor/Te-no_89.jpg,Training/notumor/Tr-no_892.jpg,Testing,Training,notumor,notumor,2,0,True,False
Testing/notumor/Te-no_89.jpg,Training/notumor/Tr-no_1230.jpg,Testing,Training,notumor,notumor,2,0,True,False
Testing/notumor/Te-no_89.jpg,Training/notumor/Tr-no_1232.jpg,Testing,Training,notumor,notumor,2,0,True,False
Testing/notumor/Te-no_89.jpg,Training/notumor/Tr-no_447.jpg,Testing,Training,notumor,notumor,0,0,True,False
Testing/notumor/Te-no_89.jpg,Training/notumor/Tr-no_469.jpg,Testing,Training,notumor,notumor,2,0,True,False
Testing/notumor/Te-no_89.jpg,Training/notumor/Tr-no_24.jpg,Testing,Training,notumor,notumor,2,0,True,False
Testing/notumor/Te-no_89.jpg,Training/notumor/Tr-no_470.jpg,Testing,Training,notumor,notumor,2,0,True,False
Testing/notumor/Te-no_89.jpg,Training/notumor/Tr-no_704.jpg,Testing,Training,notumor,notumor,0,0,True,False
Testing/notumor/Te-no_89.jpg,Training/notumor/Tr-no_1282.jpg,Testing,Training,notumor,notumor,2,0,True,False
Testing/notumor/Te-no_89.jpg,Training/notumor/Tr-no_716.jpg,Testing,Training,notumor,notumor,0,0,True,False
Testing/notumor/Te-no_89.jpg,Training/notumor/Tr-no_720.jpg,Testing,Training,notumor,notumor,0,0,True,False
Testing/notumor/Te-no_89.jpg,Training/notumor/Tr-no_499.jpg,Testing,Training,notumor,notumor,0,0,True,False
Testing/notumor/Te-no_89.jpg,Training/notumor/Tr-no_734.jpg,Testing,Training,notumor,notumor,0,0,True,False
Testing/notumor/Te-no_89.jpg,Training/notumor/Tr-no_740.jpg,Testing,Training,notumor,notumor,2,0,True,False
Testing/notumor/Te-no_89.jpg,Training/notumor/Tr-no_283.jpg,Testing,Training,notumor,notumor,0,2,True,False
Testing/notumor/Te-no_89.jpg,Training/notumor/Tr-no_1084.jpg,Testing,Training,notumor,notumor,0,0,True,False
Testing/notumor/Te-no_89.jpg,Training/notumor/Tr-no_986.jpg,Testing,Training,notumor,notumor,0,0,True,False
Testing/notumor/Te-no_89.jpg,Training/notumor/Tr-no_11.jpg,Testing,Training,notumor,notumor,0,0,True,False
Testing/notumor/Te-no_89.jpg,Training/notumor/Tr-no_994.jpg,Testing,Training,notumor,notumor,0,0,True,False
Testing/notumor/Te-no_89.jpg,Training/notumor/Tr-no_1338.jpg,Testing,Training,notumor,notumor,2,0,True,False
Testing/notumor/Te-no_89.jpg,Training/notumor/Tr-no_771.jpg,Testing,Training,notumor,notumor,0,0,True,False
Testing/notumor/Te-no_89.jpg,Training/notumor/Tr-no_772.jpg,Testing,Training,notumor,notumor,2,0,True,False
Testing/notumor/Te-no_89.jpg,Training/notumor/Tr-no_1356.jpg,Testing,Training,notumor,notumor,0,0,True,False
Testing/notumor/Te-no_89.jpg,Training/notumor/Tr-no_1355.jpg,Testing,Training,notumor,notumor,2,0,True,False
Testing/notumor/Te-no_89.jpg,Training/notumor/Tr-no_558.jpg,Testing,Training,notumor,notumor,2,0,True,False
Testing/notumor/Te-no_89.jpg,Training/notumor/Tr-no_334.jpg,Testing,Training,notumor,notumor,0,0,True,False
Testing/notumor/Te-no_89.jpg,Training/notumor/Tr-no_145.jpg,Testing,Training,notumor,notumor,2,0,True,False
Testing/notumor/Te-no_89.jpg,Training/notumor/Tr-no_839.jpg,Testing,Training,notumor,notumor,0,0,True,False
Testing/notumor/Te-no_9.jpg,Training/notumor/Tr-no_607.jpg,Testing,Training,notumor,notumor,0,0,True,False
Testing/notumor/Te-no_90.jpg,Training/notumor/Tr-no_852.jpg,Testing,Training,notumor,notumor,2,0,True,False
Testing/notumor/Te-no_90.jpg,Training/notumor/Tr-no_1195.jpg,Testing,Training,notumor,notumor,0,0,True,False
Testing/notumor/Te-no_90.jpg,Training/notumor/Tr-no_628.jpg,Testing,Training,notumor,notumor,0,0,True,False
Testing/notumor/Te-no_90.jpg,Training/notumor/Tr-no_182.jpg,Testing,Training,notumor,notumor,0,0,True,False
Testing/notumor/Te-no_90.jpg,Training/notumor/Tr-no_19.jpg,Testing,Training,notumor,notumor,0,0,True,False
Testing/notumor/Te-no_90.jpg,Training/notumor/Tr-no_651.jpg,Testing,Training,notumor,notumor,0,0,True,False
Testing/notumor/Te-no_90.jpg,Training/notumor/Tr-no_425.jpg,Testing,Training,notumor,notumor,0,0,True,False
Testing/notumor/Te-no_90.jpg,Training/notumor/Tr-no_892.jpg,Testing,Training,notumor,notumor,0,0,True,False
Testing/notumor/Te-no_90.jpg,Training/notumor/Tr-no_1230.jpg,Testing,Training,notumor,notumor,0,0,True,False
Testing/notumor/Te-no_90.jpg,Training/notumor/Tr-no_1232.jpg,Testing,Training,notumor,notumor,0,0,True,False
Testing/notumor/Te-no_90.jpg,Training/notumor/Tr-no_447.jpg,Testing,Training,notumor,notumor,0,0,True,False
Testing/notumor/Te-no_90.jpg,Training/notumor/Tr-no_469.jpg,Testing,Training,notumor,notumor,0,0,True,False
Testing/notumor/Te-no_90.jpg,Training/notumor/Tr-no_24.jpg,Testing,Training,notumor,notumor,0,0,True,False
Testing/notumor/Te-no_90.jpg,Training/notumor/Tr-no_470.jpg,Testing,Training,notumor,notumor,0,0,True,False
Testing/notumor/Te-no_90.jpg,Training/notumor/Tr-no_704.jpg,Testing,Training,notumor,notumor,0,0,True,False
Testing/notumor/Te-no_90.jpg,Training/notumor/Tr-no_1282.jpg,Testing,Training,notumor,notumor,0,0,True,False
Testing/notumor/Te-no_90.jpg,Training/notumor/Tr-no_716.jpg,Testing,Training,notumor,notumor,0,0,True,False
Testing/notumor/Te-no_90.jpg,Training/notumor/Tr-no_720.jpg,Testing,Training,notumor,notumor,0,0,True,False
Testing/notumor/Te-no_90.jpg,Training/notumor/Tr-no_499.jpg,Testing,Training,notumor,notumor,0,0,True,False
Testing/notumor/Te-no_90.jpg,Training/notumor/Tr-no_734.jpg,Testing,Training,notumor,notumor,0,0,True,False
Testing/notumor/Te-no_90.jpg,Training/notumor/Tr-no_740.jpg,Testing,Training,notumor,notumor,0,0,True,False
Testing/notumor/Te-no_90.jpg,Training/notumor/Tr-no_1084.jpg,Testing,Training,notumor,notumor,0,0,True,False
Testing/notumor/Te-no_90.jpg,Training/notumor/Tr-no_986.jpg,Testing,Training,notumor,notumor,0,0,True,False
Testing/notumor/Te-no_90.jpg,Training/notumor/Tr-no_11.jpg,Testing,Training,notumor,notumor,0,0,True,False
Testing/notumor/Te-no_90.jpg,Training/notumor/Tr-no_994.jpg,Testing,Training,notumor,notumor,0,0,True,False
Testing/notumor/Te-no_90.jpg,Training/notumor/Tr-no_1338.jpg,Testing,Training,notumor,notumor,0,0,True,False
Testing/notumor/Te-no_90.jpg,Training/notumor/Tr-no_771.jpg,Testing,Training,notumor,notumor,0,0,True,False
Testing/notumor/Te-no_90.jpg,Training/notumor/Tr-no_772.jpg,Testing,Training,notumor,notumor,0,0,True,False
Testing/notumor/Te-no_90.jpg,Training/notumor/Tr-no_1355.jpg,Testing,Training,notumor,notumor,0,0,True,False
Testing/notumor/Te-no_90.jpg,Training/notumor/Tr-no_1356.jpg,Testing,Training,notumor,notumor,0,0,True,False
Testing/notumor/Te-no_90.jpg,Training/notumor/Tr-no_558.jpg,Testing,Training,notumor,notumor,0,0,True,False
Testing/notumor/Te-no_90.jpg,Training/notumor/Tr-no_334.jpg,Testing,Training,notumor,notumor,0,0,True,False
Testing/notumor/Te-no_90.jpg,Training/notumor/Tr-no_145.jpg,Testing,Training,notumor,notumor,0,0,True,False
Testing/notumor/Te-no_90.jpg,Training/notumor/Tr-no_839.jpg,Testing,Training,notumor,notumor,0,0,True,False
Testing/notumor/Te-no_91.jpg,Training/notumor/Tr-no_1128.jpg,Testing,Training,notumor,notumor,0,0,True,False
Testing/notumor/Te-no_91.jpg,Training/notumor/Tr-no_1074.jpg,Testing,Training,notumor,notumor,0,0,True,False
Testing/notumor/Te-no_91.jpg,Training/notumor/Tr-no_578.jpg,Testing,Training,notumor,notumor,0,0,True,False
Testing/notumor/Te-no_91.jpg,Training/notumor/Tr-no_1399.jpg,Testing,Training,notumor,notumor,0,0,True,False
Testing/notumor/Te-no_91.jpg,Training/notumor/Tr-no_1231.jpg,Testing,Training,notumor,notumor,0,0,True,False
Testing/notumor/Te-no_91.jpg,Training/notumor/Tr-no_55.jpg,Testing,Training,notumor,notumor,0,0,True,False
Testing/notumor/Te-no_92.jpg,Training/notumor/Tr-no_1319.jpg,Testing,Training,notumor,notumor,0,0,True,False
Testing/notumor/Te-no_93.jpg,Training/notumor/Tr-no_623.jpg,Testing,Training,notumor,notumor,0,0,True,False
Testing/notumor/Te-no_93.jpg,Training/notumor/Tr-no_1198.jpg,Testing,Training,notumor,notumor,0,0,True,False
Testing/notumor/Te-no_93.jpg,Training/notumor/Tr-no_526.jpg,Testing,Training,notumor,notumor,0,0,True,False
Testing/notumor/Te-no_93.jpg,Training/notumor/Tr-no_10.jpg,Testing,Training,notumor,notumor,0,0,True,False
Testing/notumor/Te-no_93.jpg,Training/notumor/Tr-no_671.jpg,Testing,Training,notumor,notumor,0,0,True,False
Testing/notumor/Te-no_93.jpg,Training/notumor/Tr-no_221.jpg,Testing,Training,notumor,notumor,0,0,True,False
Testing/notumor/Te-no_93.jpg,Training/notumor/Tr-no_800.jpg,Testing,Training,notumor,notumor,0,0,True,False
Testing/notumor/Te-no_93.jpg,Training/notumor/Tr-no_1139.jpg,Testing,Training,notumor,notumor,0,0,True,False
Testing/notumor/Te-no_93.jpg,Training/notumor/Tr-no_377.jpg,Testing,Training,notumor,notumor,0,0,True,False
Testing/notumor/Te-no_93.jpg,Training/notumor/Tr-no_381.jpg,Testing,Training,notumor,notumor,0,0,True,False
Testing/notumor/Te-no_94.jpg,Training/notumor/Tr-no_391.jpg,Testing,Training,notumor,notumor,0,0,True,False
Testing/notumor/Te-no_94.jpg,Training/notumor/Tr-no_681.jpg,Testing,Training,notumor,notumor,0,0,True,False
Testing/notumor/Te-no_94.jpg,Training/notumor/Tr-no_102.jpg,Testing,Training,notumor,notumor,0,0,True,False
Testing/notumor/Te-no_94.jpg,Training/notumor/Tr-no_464.jpg,Testing,Training,notumor,notumor,0,0,True,False
Testing/notumor/Te-no_94.jpg,Training/notumor/Tr-no_301.jpg,Testing,Training,notumor,notumor,0,0,True,False
Testing/notumor/Te-no_94.jpg,Training/notumor/Tr-no_134.jpg,Testing,Training,notumor,notumor,0,0,True,False
Testing/notumor/Te-no_94.jpg,Training/notumor/Tr-no_255.jpg,Testing,Training,notumor,notumor,0,0,True,False
Testing/notumor/Te-no_95.jpg,Training/notumor/Tr-no_859.jpg,Testing,Training,notumor,notumor,2,0,True,False
Testing/notumor/Te-no_95.jpg,Training/notumor/Tr-no_635.jpg,Testing,Training,notumor,notumor,0,0,True,False
Testing/notumor/Te-no_95.jpg,Training/notumor/Tr-no_404.jpg,Testing,Training,notumor,notumor,2,0,True,False
Testing/notumor/Te-no_95.jpg,Training/notumor/Tr-no_759.jpg,Testing,Training,notumor,notumor,0,0,True,False
Testing/notumor/Te-no_95.jpg,Training/notumor/Tr-no_136.jpg,Testing,Training,notumor,notumor,2,0,True,False
Testing/notumor/Te-no_95.jpg,Training/notumor/Tr-no_924.jpg,Testing,Training,notumor,notumor,0,0,True,False
Testing/notumor/Te-no_95.jpg,Training/notumor/Tr-no_239.jpg,Testing,Training,notumor,notumor,2,0,True,False
Testing/notumor/Te-no_95.jpg,Training/notumor/Tr-no_1041.jpg,Testing,Training,notumor,notumor,0,0,True,False
Testing/notumor/Te-no_95.jpg,Training/notumor/Tr-no_713.jpg,Testing,Training,notumor,notumor,0,0,True,False
Testing/notumor/Te-no_95.jpg,Training/notumor/Tr-no_834.jpg,Testing,Training,notumor,notumor,2,0,True,False
Testing/notumor/Te-no_96.jpg,Training/notumor/Tr-no_1130.jpg,Testing,Training,notumor,notumor,0,0,True,False
Testing/notumor/Te-no_96.jpg,Training/notumor/Tr-no_667.jpg,Testing,Training,notumor,notumor,0,0,True,False
Testing/notumor/Te-no_96.jpg,Training/notumor/Tr-no_1310.jpg,Testing,Training,notumor,notumor,0,0,True,False
Testing/notumor/Te-no_97.jpg,Training/notumor/Tr-no_898.jpg,Testing,Training,notumor,notumor,0,0,True,False
Testing/notumor/Te-no_97.jpg,Training/notumor/Tr-no_1260.jpg,Testing,Training,notumor,notumor,0,0,True,False
Testing/notumor/Te-no_97.jpg,Training/notumor/Tr-no_1272.jpg,Testing,Training,notumor,notumor,0,0,True,False
Testing/notumor/Te-no_97.jpg,Training/notumor/Tr-no_960.jpg,Testing,Training,notumor,notumor,0,0,True,False
Testing/notumor/Te-no_97.jpg,Training/notumor/Tr-no_27.jpg,Testing,Training,notumor,notumor,0,0,True,False
Testing/notumor/Te-no_97.jpg,Training/notumor/Tr-no_1133.jpg,Testing,Training,notumor,notumor,0,0,True,False
Testing/notumor/Te-no_98.jpg,Training/notumor/Tr-no_1367.jpg,Testing,Training,notumor,notumor,0,0,True,False
Testing/notumor/Te-no_98.jpg,Training/notumor/Tr-no_164.jpg,Testing,Training,notumor,notumor,0,0,True,False
Testing/notumor/Te-no_98.jpg,Training/notumor/Tr-no_1196.jpg,Testing,Training,notumor,notumor,0,0,True,False
Testing/notumor/Te-no_98.jpg,Training/notumor/Tr-no_687.jpg,Testing,Training,notumor,notumor,0,0,True,False
Testing/notumor/Te-no_98.jpg,Training/notumor/Tr-no_170.jpg,Testing,Training,notumor,notumor,0,0,True,False
Testing/notumor/Te-no_98.jpg,Training/notumor/Tr-no_929.jpg,Testing,Training,notumor,notumor,0,0,True,False
Testing/notumor/Te-no_98.jpg,Training/notumor/Tr-no_830.jpg,Testing,Training,notumor,notumor,0,0,True,False
Testing/notumor/Te-no_98.jpg,Training/notumor/Tr-no_117.jpg,Testing,Training,notumor,notumor,0,0,True,False
Testing/notumor/Te-no_98.jpg,Training/notumor/Tr-no_891.jpg,Testing,Training,notumor,notumor,2,0,True,False
Testing/notumor/Te-no_98.jpg,Training/notumor/Tr-no_1350.jpg,Testing,Training,notumor,notumor,0,0,True,False
Testing/notumor/Te-no_99.jpg,Training/notumor/Tr-no_742.jpg,Testing,Training,notumor,notumor,0,0,True,False
Testing/notumor/Te-no_99.jpg,Training/notumor/Tr-no_517.jpg,Testing,Training,notumor,notumor,0,0,True,False
Testing/notumor/Te-no_99.jpg,Training/notumor/Tr-no_293.jpg,Testing,Training,notumor,notumor,0,2,True,False
Testing/notumor/Te-no_99.jpg,Training/notumor/Tr-no_762.jpg,Testing,Training,notumor,notumor,0,1,True,False
Testing/notumor/Te-no_99.jpg,Training/notumor/Tr-no_885.jpg,Testing,Training,notumor,notumor,0,2,True,False
Testing/notumor/Te-no_99.jpg,Training/notumor/Tr-no_311.jpg,Testing,Training,notumor,notumor,0,0,True,False
Testing/notumor/Te-no_99.jpg,Training/notumor/Tr-no_1123.jpg,Testing,Training,notumor,notumor,0,0,True,False
Testing/notumor/Te-no_99.jpg,Training/notumor/Tr-no_324.jpg,Testing,Training,notumor,notumor,0,0,True,False
Testing/notumor/Te-no_99.jpg,Training/notumor/Tr-no_903.jpg,Testing,Training,notumor,notumor,0,2,True,False
Testing/notumor/Te-no_99.jpg,Training/notumor/Tr-no_570.jpg,Testing,Training,notumor,notumor,0,0,True,False
Testing/notumor/Te-no_99.jpg,Training/notumor/Tr-no_1372.jpg,Testing,Training,notumor,notumor,0,2,True,False
Testing/notumor/Te-no_99.jpg,Training/notumor/Tr-no_703.jpg,Testing,Training,notumor,notumor,0,2,True,False
Testing/notumor/Te-no_99.jpg,Training/notumor/Tr-no_827.jpg,Testing,Training,notumor,notumor,0,2,True,False
Testing/notumor/Te-no_99.jpg,Training/notumor/Tr-no_60.jpg,Testing,Training,notumor,notumor,0,2,True,False
Testing/notumor/Te-no_99.jpg,Training/notumor/Tr-no_259.jpg,Testing,Training,notumor,notumor,0,0,True,False
Testing/notumor/Te-no_99.jpg,Training/notumor/Tr-no_149.jpg,Testing,Training,notumor,notumor,0,0,True,False
Testing/notumor/Te-no_99.jpg,Training/notumor/Tr-no_1064.jpg,Testing,Training,notumor,notumor,0,2,True,False
Testing/pituitary/Te-pi_10.jpg,Training/pituitary/Tr-pi_1109.jpg,Testing,Training,pituitary,pituitary,0,0,True,False
Testing/pituitary/Te-pi_100.jpg,Training/pituitary/Tr-pi_1006.jpg,Testing,Training,pituitary,pituitary,0,0,True,False
Testing/pituitary/Te-pi_101.jpg,Training/pituitary/Tr-pi_1225.jpg,Testing,Training,pituitary,pituitary,0,0,True,False
Testing/pituitary/Te-pi_102.jpg,Training/pituitary/Tr-pi_480.jpg,Testing,Training,pituitary,pituitary,0,0,True,False
Testing/pituitary/Te-pi_103.jpg,Training/pituitary/Tr-pi_62.jpg,Testing,Training,pituitary,pituitary,0,0,True,False
Testing/pituitary/Te-pi_104.jpg,Training/pituitary/Tr-pi_415.jpg,Testing,Training,pituitary,pituitary,0,0,True,False
Testing/pituitary/Te-pi_109.jpg,Training/pituitary/Tr-pi_1121.jpg,Testing,Training,pituitary,pituitary,0,0,True,False
Testing/pituitary/Te-pi_11.jpg,Training/pituitary/Tr-pi_939.jpg,Testing,Training,pituitary,pituitary,0,1,True,False
Testing/pituitary/Te-pi_110.jpg,Training/pituitary/Tr-pi_1182.jpg,Testing,Training,pituitary,pituitary,0,0,True,False
Testing/pituitary/Te-pi_111.jpg,Training/pituitary/Tr-pi_1323.jpg,Testing,Training,pituitary,pituitary,0,1,True,False
Testing/pituitary/Te-pi_111.jpg,Training/pituitary/Tr-pi_984.jpg,Testing,Training,pituitary,pituitary,0,1,True,False
Testing/pituitary/Te-pi_112.jpg,Training/pituitary/Tr-pi_75.jpg,Testing,Training,pituitary,pituitary,0,0,True,False
Testing/pituitary/Te-pi_112.jpg,Training/pituitary/Tr-pi_464.jpg,Testing,Training,pituitary,pituitary,0,0,True,False
Testing/pituitary/Te-pi_113.jpg,Training/pituitary/Tr-pi_607.jpg,Testing,Training,pituitary,pituitary,0,0,True,False
Testing/pituitary/Te-pi_114.jpg,Training/pituitary/Tr-pi_514.jpg,Testing,Training,pituitary,pituitary,0,5,True,False
Testing/pituitary/Te-pi_114.jpg,Training/pituitary/Tr-pi_1331.jpg,Testing,Training,pituitary,pituitary,0,5,True,False
Testing/pituitary/Te-pi_114.jpg,Training/pituitary/Tr-pi_1233.jpg,Testing,Training,pituitary,pituitary,0,0,True,False
Testing/pituitary/Te-pi_116.jpg,Training/pituitary/Tr-pi_608.jpg,Testing,Training,pituitary,pituitary,0,0,True,False
Testing/pituitary/Te-pi_118.jpg,Training/pituitary/Tr-pi_369.jpg,Testing,Training,pituitary,pituitary,0,1,True,False
Testing/pituitary/Te-pi_119.jpg,Training/pituitary/Tr-pi_1241.jpg,Testing,Training,pituitary,pituitary,0,0,True,False
Testing/pituitary/Te-pi_12.jpg,Training/pituitary/Tr-pi_1231.jpg,Testing,Training,pituitary,pituitary,0,1,True,False
Testing/pituitary/Te-pi_120.jpg,Training/pituitary/Tr-pi_499.jpg,Testing,Training,pituitary,pituitary,4,0,True,False
Testing/pituitary/Te-pi_120.jpg,Training/pituitary/Tr-pi_142.jpg,Testing,Training,pituitary,pituitary,0,0,True,False
Testing/pituitary/Te-pi_121.jpg,Training/pituitary/Tr-pi_652.jpg,Testing,Training,pituitary,pituitary,0,0,True,False
Testing/pituitary/Te-pi_122.jpg,Training/pituitary/Tr-pi_19.jpg,Testing,Training,pituitary,pituitary,0,0,True,False
Testing/pituitary/Te-pi_123.jpg,Training/pituitary/Tr-pi_696.jpg,Testing,Training,pituitary,pituitary,0,1,True,False
Testing/pituitary/Te-pi_124.jpg,Training/pituitary/Tr-pi_221.jpg,Testing,Training,pituitary,pituitary,0,0,True,False
Testing/pituitary/Te-pi_124.jpg,Training/pituitary/Tr-pi_430.jpg,Testing,Training,pituitary,pituitary,0,0,True,False
Testing/pituitary/Te-pi_124.jpg,Training/pituitary/Tr-pi_883.jpg,Testing,Training,pituitary,pituitary,0,0,True,False
Testing/pituitary/Te-pi_125.jpg,Training/pituitary/Tr-pi_321.jpg,Testing,Training,pituitary,pituitary,0,0,True,False
Testing/pituitary/Te-pi_126.jpg,Training/pituitary/Tr-pi_955.jpg,Testing,Training,pituitary,pituitary,0,0,True,False
Testing/pituitary/Te-pi_127.jpg,Training/pituitary/Tr-pi_877.jpg,Testing,Training,pituitary,pituitary,0,0,True,False
Testing/pituitary/Te-pi_128.jpg,Training/pituitary/Tr-pi_1276.jpg,Testing,Training,pituitary,pituitary,0,0,True,False
Testing/pituitary/Te-pi_129.jpg,Training/pituitary/Tr-pi_736.jpg,Testing,Training,pituitary,pituitary,0,1,True,False
Testing/pituitary/Te-pi_130.jpg,Training/pituitary/Tr-pi_1086.jpg,Testing,Training,pituitary,pituitary,0,0,True,False
Testing/pituitary/Te-pi_132.jpg,Training/pituitary/Tr-pi_1010.jpg,Testing,Training,pituitary,pituitary,0,0,True,False
Testing/pituitary/Te-pi_133.jpg,Training/pituitary/Tr-pi_676.jpg,Testing,Training,pituitary,pituitary,0,0,True,False
Testing/pituitary/Te-pi_135.jpg,Training/pituitary/Tr-pi_1264.jpg,Testing,Training,pituitary,pituitary,0,1,True,False
Testing/pituitary/Te-pi_138.jpg,Training/pituitary/Tr-pi_167.jpg,Testing,Training,pituitary,pituitary,0,0,True,False
Testing/pituitary/Te-pi_139.jpg,Training/pituitary/Tr-pi_992.jpg,Testing,Training,pituitary,pituitary,0,0,True,False
Testing/pituitary/Te-pi_14.jpg,Training/pituitary/Tr-pi_1027.jpg,Testing,Training,pituitary,pituitary,0,1,True,False
Testing/pituitary/Te-pi_141.jpg,Training/pituitary/Tr-pi_442.jpg,Testing,Training,pituitary,pituitary,0,0,True,False
Testing/pituitary/Te-pi_142.jpg,Training/pituitary/Tr-pi_792.jpg,Testing,Training,pituitary,pituitary,0,1,True,False
Testing/pituitary/Te-pi_143.jpg,Training/pituitary/Tr-pi_1304.jpg,Testing,Training,pituitary,pituitary,0,1,True,False
Testing/pituitary/Te-pi_144.jpg,Training/pituitary/Tr-pi_846.jpg,Testing,Training,pituitary,pituitary,0,0,True,False
Testing/pituitary/Te-pi_145.jpg,Training/pituitary/Tr-pi_288.jpg,Testing,Training,pituitary,pituitary,0,0,True,False
Testing/pituitary/Te-pi_146.jpg,Training/pituitary/Tr-pi_1132.jpg,Testing,Training,pituitary,pituitary,0,0,True,False
Testing/pituitary/Te-pi_147.jpg,Training/pituitary/Tr-pi_1343.jpg,Testing,Training,pituitary,pituitary,0,0,True,False
Testing/pituitary/Te-pi_148.jpg,Training/pituitary/Tr-pi_308.jpg,Testing,Training,pituitary,pituitary,0,0,True,False
Testing/pituitary/Te-pi_149.jpg,Training/pituitary/Tr-pi_575.jpg,Testing,Training,pituitary,pituitary,0,0,True,False
Testing/pituitary/Te-pi_149.jpg,Training/pituitary/Tr-pi_144.jpg,Testing,Training,pituitary,pituitary,8,0,True,False
Testing/pituitary/Te-pi_149.jpg,Training/pituitary/Tr-pi_735.jpg,Testing,Training,pituitary,pituitary,8,0,True,False
Testing/pituitary/Te-pi_15.jpg,Training/pituitary/Tr-pi_1152.jpg,Testing,Training,pituitary,pituitary,0,0,True,False
Testing/pituitary/Te-pi_150.jpg,Training/pituitary/Tr-pi_459.jpg,Testing,Training,pituitary,pituitary,0,0,True,False
Testing/pituitary/Te-pi_151.jpg,Training/pituitary/Tr-pi_1189.jpg,Testing,Training,pituitary,pituitary,0,0,True,False
Testing/pituitary/Te-pi_152.jpg,Training/pituitary/Tr-pi_697.jpg,Testing,Training,pituitary,pituitary,0,0,True,False
Testing/pituitary/Te-pi_154.jpg,Training/pituitary/Tr-pi_44.jpg,Testing,Training,pituitary,pituitary,0,0,True,False
Testing/pituitary/Te-pi_155.jpg,Training/pituitary/Tr-pi_248.jpg,Testing,Training,pituitary,pituitary,0,0,True,False
Testing/pituitary/Te-pi_156.jpg,Training/pituitary/Tr-pi_546.jpg,Testing,Training,pituitary,pituitary,0,0,True,False
Testing/pituitary/Te-pi_158.jpg,Training/pituitary/Tr-pi_1273.jpg,Testing,Training,pituitary,pituitary,0,0,True,False
Testing/pituitary/Te-pi_158.jpg,Training/pituitary/Tr-pi_939.jpg,Testing,Training,pituitary,pituitary,4,0,True,False
Testing/pituitary/Te-pi_159.jpg,Training/pituitary/Tr-pi_842.jpg,Testing,Training,pituitary,pituitary,0,1,True,False
Testing/pituitary/Te-pi_16.jpg,Training/pituitary/Tr-pi_726.jpg,Testing,Training,pituitary,pituitary,0,0,True,False
Testing/pituitary/Te-pi_160.jpg,Training/pituitary/Tr-pi_201.jpg,Testing,Training,pituitary,pituitary,0,0,True,False
Testing/pituitary/Te-pi_161.jpg,Training/pituitary/Tr-pi_1366.jpg,Testing,Training,pituitary,pituitary,0,0,True,False
Testing/pituitary/Te-pi_162.jpg,Training/pituitary/Tr-pi_539.jpg,Testing,Training,pituitary,pituitary,0,0,True,False
Testing/pituitary/Te-pi_163.jpg,Training/pituitary/Tr-pi_1074.jpg,Testing,Training,pituitary,pituitary,0,0,True,False
Testing/pituitary/Te-pi_164.jpg,Training/pituitary/Tr-pi_1292.jpg,Testing,Training,pituitary,pituitary,0,0,True,False
Testing/pituitary/Te-pi_166.jpg,Training/pituitary/Tr-pi_631.jpg,Testing,Training,pituitary,pituitary,0,0,True,False
Testing/pituitary/Te-pi_168.jpg,Training/pituitary/Tr-pi_366.jpg,Testing,Training,pituitary,pituitary,0,0,True,False
Testing/pituitary/Te-pi_169.jpg,Training/pituitary/Tr-pi_1067.jpg,Testing,Training,pituitary,pituitary,0,0,True,False
Testing/pituitary/Te-pi_17.jpg,Training/pituitary/Tr-pi_235.jpg,Testing,Training,pituitary,pituitary,0,0,True,False
Testing/pituitary/Te-pi_170.jpg,Training/pituitary/Tr-pi_5.jpg,Testing,Training,pituitary,pituitary,0,0,True,False
Testing/pituitary/Te-pi_171.jpg,Training/pituitary/Tr-pi_1262.jpg,Testing,Training,pituitary,pituitary,0,0,True,False
Testing/pituitary/Te-pi_172.jpg,Training/pituitary/Tr-pi_880.jpg,Testing,Training,pituitary,pituitary,0,0,True,False
Testing/pituitary/Te-pi_173.jpg,Training/pituitary/Tr-pi_809.jpg,Testing,Training,pituitary,pituitary,0,0,True,False
Testing/pituitary/Te-pi_174.jpg,Training/pituitary/Tr-pi_915.jpg,Testing,Training,pituitary,pituitary,0,0,True,False
Testing/pituitary/Te-pi_175.jpg,Training/pituitary/Tr-pi_951.jpg,Testing,Training,pituitary,pituitary,0,0,True,False
Testing/pituitary/Te-pi_176.jpg,Training/pituitary/Tr-pi_345.jpg,Testing,Training,pituitary,pituitary,0,1,True,False
Testing/pituitary/Te-pi_177.jpg,Training/pituitary/Tr-pi_1082.jpg,Testing,Training,pituitary,pituitary,0,0,True,False
Testing/pituitary/Te-pi_179.jpg,Training/pituitary/Tr-pi_1069.jpg,Testing,Training,pituitary,pituitary,0,0,True,False
Testing/pituitary/Te-pi_18.jpg,Training/pituitary/Tr-pi_1144.jpg,Testing,Training,pituitary,pituitary,0,0,True,False
Testing/pituitary/Te-pi_180.jpg,Training/pituitary/Tr-pi_881.jpg,Testing,Training,pituitary,pituitary,0,0,True,False
Testing/pituitary/Te-pi_181.jpg,Training/pituitary/Tr-pi_451.jpg,Testing,Training,pituitary,pituitary,0,0,True,False
Testing/pituitary/Te-pi_183.jpg,Training/pituitary/Tr-pi_14.jpg,Testing,Training,pituitary,pituitary,0,1,True,False
Testing/pituitary/Te-pi_184.jpg,Training/pituitary/Tr-pi_478.jpg,Testing,Training,pituitary,pituitary,0,1,True,False
Testing/pituitary/Te-pi_186.jpg,Training/pituitary/Tr-pi_800.jpg,Testing,Training,pituitary,pituitary,0,1,True,False
Testing/pituitary/Te-pi_187.jpg,Training/pituitary/Tr-pi_902.jpg,Testing,Training,pituitary,pituitary,0,0,True,False
Testing/pituitary/Te-pi_188.jpg,Training/pituitary/Tr-pi_1346.jpg,Testing,Training,pituitary,pituitary,0,0,True,False
Testing/pituitary/Te-pi_189.jpg,Training/pituitary/Tr-pi_436.jpg,Testing,Training,pituitary,pituitary,0,0,True,False
Testing/pituitary/Te-pi_19.jpg,Training/pituitary/Tr-pi_987.jpg,Testing,Training,pituitary,pituitary,0,1,True,False
Testing/pituitary/Te-pi_190.jpg,Training/pituitary/Tr-pi_460.jpg,Testing,Training,pituitary,pituitary,0,0,True,False
Testing/pituitary/Te-pi_191.jpg,Training/pituitary/Tr-pi_889.jpg,Testing,Training,pituitary,pituitary,0,0,True,False
Testing/pituitary/Te-pi_192.jpg,Training/pituitary/Tr-pi_600.jpg,Testing,Training,pituitary,pituitary,0,0,True,False
Testing/pituitary/Te-pi_193.jpg,Training/pituitary/Tr-pi_1388.jpg,Testing,Training,pituitary,pituitary,0,0,True,False
Testing/pituitary/Te-pi_194.jpg,Training/pituitary/Tr-pi_1046.jpg,Testing,Training,pituitary,pituitary,0,0,True,False
Testing/pituitary/Te-pi_196.jpg,Training/pituitary/Tr-pi_1168.jpg,Testing,Training,pituitary,pituitary,0,0,True,False
Testing/pituitary/Te-pi_197.jpg,Training/pituitary/Tr-pi_923.jpg,Testing,Training,pituitary,pituitary,0,0,True,False
Testing/pituitary/Te-pi_198.jpg,Training/pituitary/Tr-pi_176.jpg,Testing,Training,pituitary,pituitary,0,1,True,False
Testing/pituitary/Te-pi_199.jpg,Training/pituitary/Tr-pi_1319.jpg,Testing,Training,pituitary,pituitary,0,0,True,False
Testing/pituitary/Te-pi_20.jpg,Training/pituitary/Tr-pi_1138.jpg,Testing,Training,pituitary,pituitary,0,0,True,False
Testing/pituitary/Te-pi_200.jpg,Training/pituitary/Tr-pi_774.jpg,Testing,Training,pituitary,pituitary,0,0,True,False
Testing/pituitary/Te-pi_201.jpg,Training/pituitary/Tr-pi_602.jpg,Testing,Training,pituitary,pituitary,0,1,True,False
Testing/pituitary/Te-pi_202.jpg,Training/pituitary/Tr-pi_294.jpg,Testing,Training,pituitary,pituitary,0,0,True,False
Testing/pituitary/Te-pi_205.jpg,Training/pituitary/Tr-pi_47.jpg,Testing,Training,pituitary,pituitary,0,0,True,False
Testing/pituitary/Te-pi_207.jpg,Training/pituitary/Tr-pi_433.jpg,Testing,Training,pituitary,pituitary,0,0,True,False
Testing/pituitary/Te-pi_208.jpg,Training/pituitary/Tr-pi_1140.jpg,Testing,Training,pituitary,pituitary,0,0,True,False
Testing/pituitary/Te-pi_209.jpg,Training/pituitary/Tr-pi_370.jpg,Testing,Training,pituitary,pituitary,0,0,True,False
Testing/pituitary/Te-pi_21.jpg,Training/pituitary/Tr-pi_717.jpg,Testing,Training,pituitary,pituitary,2,0,True,False
Testing/pituitary/Te-pi_210.jpg,Training/pituitary/Tr-pi_638.jpg,Testing,Training,pituitary,pituitary,0,0,True,False
Testing/pituitary/Te-pi_211.jpg,Training/pituitary/Tr-pi_1217.jpg,Testing,Training,pituitary,pituitary,0,0,True,False
Testing/pituitary/Te-pi_213.jpg,Training/pituitary/Tr-pi_1248.jpg,Testing,Training,pituitary,pituitary,0,0,True,False
Testing/pituitary/Te-pi_215.jpg,Training/pituitary/Tr-pi_209.jpg,Testing,Training,pituitary,pituitary,0,0,True,False
Testing/pituitary/Te-pi_216.jpg,Training/pituitary/Tr-pi_510.jpg,Testing,Training,pituitary,pituitary,0,0,True,False
Testing/pituitary/Te-pi_218.jpg,Training/pituitary/Tr-pi_132.jpg,Testing,Training,pituitary,pituitary,0,0,True,False
Testing/pituitary/Te-pi_218.jpg,Training/pituitary/Tr-pi_564.jpg,Testing,Training,pituitary,pituitary,0,0,True,False
Testing/pituitary/Te-pi_22.jpg,Training/pituitary/Tr-pi_784.jpg,Testing,Training,pituitary,pituitary,0,0,True,False
Testing/pituitary/Te-pi_220.jpg,Training/pituitary/Tr-pi_1254.jpg,Testing,Training,pituitary,pituitary,0,0,True,False
Testing/pituitary/Te-pi_221.jpg,Training/pituitary/Tr-pi_367.jpg,Testing,Training,pituitary,pituitary,0,1,True,False
Testing/pituitary/Te-pi_222.jpg,Training/pituitary/Tr-pi_274.jpg,Testing,Training,pituitary,pituitary,0,0,True,False
Testing/pituitary/Te-pi_224.jpg,Training/pituitary/Tr-pi_970.jpg,Testing,Training,pituitary,pituitary,0,0,True,False
Testing/pituitary/Te-pi_226.jpg,Training/pituitary/Tr-pi_23.jpg,Testing,Training,pituitary,pituitary,0,0,True,False
Testing/pituitary/Te-pi_227.jpg,Training/pituitary/Tr-pi_1090.jpg,Testing,Training,pituitary,pituitary,0,0,True,False
Testing/pituitary/Te-pi_23.jpg,Training/pituitary/Tr-pi_962.jpg,Testing,Training,pituitary,pituitary,0,0,True,False
Testing/pituitary/Te-pi_23.jpg,Training/pituitary/Tr-pi_285.jpg,Testing,Training,pituitary,pituitary,0,0,True,False
Testing/pituitary/Te-pi_230.jpg,Training/pituitary/Tr-pi_225.jpg,Testing,Training,pituitary,pituitary,0,1,True,False
Testing/pituitary/Te-pi_232.jpg,Training/pituitary/Tr-pi_281.jpg,Testing,Training,pituitary,pituitary,6,0,True,False
Testing/pituitary/Te-pi_232.jpg,Training/pituitary/Tr-pi_831.jpg,Testing,Training,pituitary,pituitary,4,0,True,False
Testing/pituitary/Te-pi_232.jpg,Training/pituitary/Tr-pi_467.jpg,Testing,Training,pituitary,pituitary,4,0,True,False
Testing/pituitary/Te-pi_232.jpg,Training/pituitary/Tr-pi_651.jpg,Testing,Training,pituitary,pituitary,4,0,True,False
Testing/pituitary/Te-pi_234.jpg,Training/pituitary/Tr-pi_598.jpg,Testing,Training,pituitary,pituitary,0,0,True,False
Testing/pituitary/Te-pi_237.jpg,Training/pituitary/Tr-pi_220.jpg,Testing,Training,pituitary,pituitary,0,0,True,False
Testing/pituitary/Te-pi_238.jpg,Training/pituitary/Tr-pi_787.jpg,Testing,Training,pituitary,pituitary,0,0,True,False
Testing/pituitary/Te-pi_238.jpg,Training/pituitary/Tr-pi_316.jpg,Testing,Training,pituitary,pituitary,0,6,True,False
Testing/pituitary/Te-pi_238.jpg,Training/pituitary/Tr-pi_909.jpg,Testing,Training,pituitary,pituitary,0,5,True,False
Testing/pituitary/Te-pi_239.jpg,Training/pituitary/Tr-pi_140.jpg,Testing,Training,pituitary,pituitary,0,0,True,False
Testing/pituitary/Te-pi_24.jpg,Training/pituitary/Tr-pi_340.jpg,Testing,Training,pituitary,pituitary,0,0,True,False
Testing/pituitary/Te-pi_241.jpg,Training/pituitary/Tr-pi_378.jpg,Testing,Training,pituitary,pituitary,0,0,True,False
Testing/pituitary/Te-pi_242.jpg,Training/pituitary/Tr-pi_322.jpg,Testing,Training,pituitary,pituitary,0,0,True,False
Testing/pituitary/Te-pi_246.jpg,Training/pituitary/Tr-pi_1359.jpg,Testing,Training,pituitary,pituitary,0,0,True,False
Testing/pituitary/Te-pi_248.jpg,Training/pituitary/Tr-pi_66.jpg,Testing,Training,pituitary,pituitary,0,0,True,False
Testing/pituitary/Te-pi_25.jpg,Training/pituitary/Tr-pi_937.jpg,Testing,Training,pituitary,pituitary,0,0,True,False
Testing/pituitary/Te-pi_250.jpg,Training/pituitary/Tr-pi_1230.jpg,Testing,Training,pituitary,pituitary,0,1,True,False
Testing/pituitary/Te-pi_251.jpg,Training/pituitary/Tr-pi_374.jpg,Testing,Training,pituitary,pituitary,0,0,True,False
Testing/pituitary/Te-pi_252.jpg,Training/pituitary/Tr-pi_1259.jpg,Testing,Training,pituitary,pituitary,0,0,True,False
Testing/pituitary/Te-pi_253.jpg,Training/pituitary/Tr-pi_15.jpg,Testing,Training,pituitary,pituitary,0,0,True,False
Testing/pituitary/Te-pi_255.jpg,Training/pituitary/Tr-pi_1335.jpg,Testing,Training,pituitary,pituitary,0,0,True,False
Testing/pituitary/Te-pi_257.jpg,Training/pituitary/Tr-pi_135.jpg,Testing,Training,pituitary,pituitary,0,0,True,False
Testing/pituitary/Te-pi_259.jpg,Training/pituitary/Tr-pi_1322.jpg,Testing,Training,pituitary,pituitary,0,0,True,False
Testing/pituitary/Te-pi_26.jpg,Training/pituitary/Tr-pi_219.jpg,Testing,Training,pituitary,pituitary,0,0,True,False
Testing/pituitary/Te-pi_260.jpg,Training/pituitary/Tr-pi_701.jpg,Testing,Training,pituitary,pituitary,0,1,True,False
Testing/pituitary/Te-pi_262.jpg,Training/pituitary/Tr-pi_642.jpg,Testing,Training,pituitary,pituitary,0,1,True,False
Testing/pituitary/Te-pi_263.jpg,Training/pituitary/Tr-pi_1258.jpg,Testing,Training,pituitary,pituitary,0,0,True,False
Testing/pituitary/Te-pi_264.jpg,Training/pituitary/Tr-pi_738.jpg,Testing,Training,pituitary,pituitary,0,0,True,False
Testing/pituitary/Te-pi_265.jpg,Training/pituitary/Tr-pi_121.jpg,Testing,Training,pituitary,pituitary,0,0,True,False
Testing/pituitary/Te-pi_266.jpg,Training/pituitary/Tr-pi_815.jpg,Testing,Training,pituitary,pituitary,0,0,True,False
Testing/pituitary/Te-pi_267.jpg,Training/pituitary/Tr-pi_70.jpg,Testing,Training,pituitary,pituitary,0,0,True,False
Testing/pituitary/Te-pi_269.jpg,Training/pituitary/Tr-pi_203.jpg,Testing,Training,pituitary,pituitary,0,1,True,False
Testing/pituitary/Te-pi_27.jpg,Training/pituitary/Tr-pi_1326.jpg,Testing,Training,pituitary,pituitary,0,0,True,False
Testing/pituitary/Te-pi_270.jpg,Training/pituitary/Tr-pi_860.jpg,Testing,Training,pituitary,pituitary,0,0,True,False
Testing/pituitary/Te-pi_271.jpg,Training/pituitary/Tr-pi_295.jpg,Testing,Training,pituitary,pituitary,0,0,True,False
Testing/pituitary/Te-pi_272.jpg,Training/pituitary/Tr-pi_626.jpg,Testing,Training,pituitary,pituitary,0,0,True,False
Testing/pituitary/Te-pi_273.jpg,Training/pituitary/Tr-pi_657.jpg,Testing,Training,pituitary,pituitary,0,4,True,False
Testing/pituitary/Te-pi_273.jpg,Training/pituitary/Tr-pi_49.jpg,Testing,Training,pituitary,pituitary,0,1,True,False
Testing/pituitary/Te-pi_273.jpg,Training/pituitary/Tr-pi_996.jpg,Testing,Training,pituitary,pituitary,0,2,True,False
Testing/pituitary/Te-pi_274.jpg,Training/pituitary/Tr-pi_1119.jpg,Testing,Training,pituitary,pituitary,0,0,True,False
Testing/pituitary/Te-pi_275.jpg,Training/pituitary/Tr-pi_650.jpg,Testing,Training,pituitary,pituitary,0,0,True,False
Testing/pituitary/Te-pi_278.jpg,Training/pituitary/Tr-pi_545.jpg,Testing,Training,pituitary,pituitary,0,0,True,False
Testing/pituitary/Te-pi_279.jpg,Training/pituitary/Tr-pi_129.jpg,Testing,Training,pituitary,pituitary,0,0,True,False
Testing/pituitary/Te-pi_28.jpg,Training/pituitary/Tr-pi_1267.jpg,Testing,Training,pituitary,pituitary,0,0,True,False
Testing/pituitary/Te-pi_281.jpg,Training/pituitary/Tr-pi_771.jpg,Testing,Training,pituitary,pituitary,0,1,True,False
Testing/pituitary/Te-pi_282.jpg,Training/pituitary/Tr-pi_1118.jpg,Testing,Training,pituitary,pituitary,0,0,True,False
Testing/pituitary/Te-pi_284.jpg,Training/pituitary/Tr-pi_333.jpg,Testing,Training,pituitary,pituitary,0,0,True,False
Testing/pituitary/Te-pi_285.jpg,Training/pituitary/Tr-pi_494.jpg,Testing,Training,pituitary,pituitary,0,0,True,False
Testing/pituitary/Te-pi_286.jpg,Training/pituitary/Tr-pi_55.jpg,Testing,Training,pituitary,pituitary,0,0,True,False
Testing/pituitary/Te-pi_287.jpg,Training/pituitary/Tr-pi_699.jpg,Testing,Training,pituitary,pituitary,0,0,True,False
Testing/pituitary/Te-pi_288.jpg,Training/pituitary/Tr-pi_769.jpg,Testing,Training,pituitary,pituitary,0,2,True,False
Testing/pituitary/Te-pi_288.jpg,Training/pituitary/Tr-pi_210.jpg,Testing,Training,pituitary,pituitary,0,0,True,False
Testing/pituitary/Te-pi_289.jpg,Training/pituitary/Tr-pi_571.jpg,Testing,Training,pituitary,pituitary,0,0,True,False
Testing/pituitary/Te-pi_29.jpg,Training/pituitary/Tr-pi_926.jpg,Testing,Training,pituitary,pituitary,0,0,True,False
Testing/pituitary/Te-pi_290.jpg,Training/pituitary/Tr-pi_199.jpg,Testing,Training,pituitary,pituitary,0,0,True,False
Testing/pituitary/Te-pi_291.jpg,Training/pituitary/Tr-pi_922.jpg,Testing,Training,pituitary,pituitary,0,0,True,False
Testing/pituitary/Te-pi_295.jpg,Training/pituitary/Tr-pi_380.jpg,Testing,Training,pituitary,pituitary,0,0,True,False
Testing/pituitary/Te-pi_296.jpg,Training/pituitary/Tr-pi_686.jpg,Testing,Training,pituitary,pituitary,0,0,True,False
Testing/pituitary/Te-pi_296.jpg,Training/pituitary/Tr-pi_718.jpg,Testing,Training,pituitary,pituitary,4,0,True,False
Testing/pituitary/Te-pi_296.jpg,Training/pituitary/Tr-pi_778.jpg,Testing,Training,pituitary,pituitary,8,0,True,False
Testing/pituitary/Te-pi_296.jpg,Training/pituitary/Tr-pi_673.jpg,Testing,Training,pituitary,pituitary,4,0,True,False
Testing/pituitary/Te-pi_298.jpg,Training/pituitary/Tr-pi_892.jpg,Testing,Training,pituitary,pituitary,0,0,True,False
Testing/pituitary/Te-pi_299.jpg,Training/pituitary/Tr-pi_1337.jpg,Testing,Training,pituitary,pituitary,0,1,True,False
Testing/pituitary/Te-pi_30.jpg,Training/pituitary/Tr-pi_1015.jpg,Testing,Training,pituitary,pituitary,0,0,True,False
Testing/pituitary/Te-pi_300.jpg,Training/pituitary/Tr-pi_185.jpg,Testing,Training,pituitary,pituitary,0,0,True,False
Testing/pituitary/Te-pi_301.jpg,Training/pituitary/Tr-pi_424.jpg,Testing,Training,pituitary,pituitary,0,0,True,False
Testing/pituitary/Te-pi_302.jpg,Training/pituitary/Tr-pi_63.jpg,Testing,Training,pituitary,pituitary,0,0,True,False
Testing/pituitary/Te-pi_304.jpg,Training/pituitary/Tr-pi_606.jpg,Testing,Training,pituitary,pituitary,0,0,True,False
Testing/pituitary/Te-pi_305.jpg,Training/pituitary/Tr-pi_685.jpg,Testing,Training,pituitary,pituitary,0,0,True,False
Testing/pituitary/Te-pi_307.jpg,Training/pituitary/Tr-pi_833.jpg,Testing,Training,pituitary,pituitary,0,0,True,False
Testing/pituitary/Te-pi_308.jpg,Training/pituitary/Tr-pi_1129.jpg,Testing,Training,pituitary,pituitary,0,0,True,False
Testing/pituitary/Te-pi_309.jpg,Training/pituitary/Tr-pi_110.jpg,Testing,Training,pituitary,pituitary,0,0,True,False
Testing/pituitary/Te-pi_309.jpg,Training/pituitary/Tr-pi_1130.jpg,Testing,Training,pituitary,pituitary,4,0,True,False
Testing/pituitary/Te-pi_31.jpg,Training/pituitary/Tr-pi_296.jpg,Testing,Training,pituitary,pituitary,0,0,True,False
Testing/pituitary/Te-pi_310.jpg,Training/pituitary/Tr-pi_1107.jpg,Testing,Training,pituitary,pituitary,0,0,True,False
Testing/pituitary/Te-pi_310.jpg,Training/pituitary/Tr-pi_903.jpg,Testing,Training,pituitary,pituitary,0,3,True,False
Testing/pituitary/Te-pi_311.jpg,Training/pituitary/Tr-pi_914.jpg,Testing,Training,pituitary,pituitary,0,0,True,False
Testing/pituitary/Te-pi_312.jpg,Training/pituitary/Tr-pi_393.jpg,Testing,Training,pituitary,pituitary,0,0,True,False
Testing/pituitary/Te-pi_313.jpg,Training/pituitary/Tr-pi_159.jpg,Testing,Training,pituitary,pituitary,0,0,True,False
Testing/pituitary/Te-pi_314.jpg,Training/pituitary/Tr-pi_1202.jpg,Testing,Training,pituitary,pituitary,0,0,True,False
Testing/pituitary/Te-pi_316.jpg,Training/pituitary/Tr-pi_829.jpg,Testing,Training,pituitary,pituitary,0,0,True,False
Testing/pituitary/Te-pi_317.jpg,Training/pituitary/Tr-pi_228.jpg,Testing,Training,pituitary,pituitary,0,0,True,False
Testing/pituitary/Te-pi_318.jpg,Training/pituitary/Tr-pi_325.jpg,Testing,Training,pituitary,pituitary,0,0,True,False
Testing/pituitary/Te-pi_319.jpg,Training/pituitary/Tr-pi_755.jpg,Testing,Training,pituitary,pituitary,0,0,True,False
Testing/pituitary/Te-pi_32.jpg,Training/pituitary/Tr-pi_1174.jpg,Testing,Training,pituitary,pituitary,0,0,True,False
Testing/pituitary/Te-pi_320.jpg,Training/pituitary/Tr-pi_1237.jpg,Testing,Training,pituitary,pituitary,0,0,True,False
Testing/pituitary/Te-pi_321.jpg,Training/pituitary/Tr-pi_1347.jpg,Testing,Training,pituitary,pituitary,0,0,True,False
Testing/pituitary/Te-pi_322.jpg,Training/pituitary/Tr-pi_240.jpg,Testing,Training,pituitary,pituitary,0,0,True,False
Testing/pituitary/Te-pi_323.jpg,Training/pituitary/Tr-pi_599.jpg,Testing,Training,pituitary,pituitary,0,0,True,False
Testing/pituitary/Te-pi_324.jpg,Training/pituitary/Tr-pi_1253.jpg,Testing,Training,pituitary,pituitary,0,1,True,False
Testing/pituitary/Te-pi_326.jpg,Training/pituitary/Tr-pi_1041.jpg,Testing,Training,pituitary,pituitary,0,0,True,False
Testing/pituitary/Te-pi_327.jpg,Training/pituitary/Tr-pi_1334.jpg,Testing,Training,pituitary,pituitary,0,0,True,False
Testing/pituitary/Te-pi_328.jpg,Training/pituitary/Tr-pi_1333.jpg,Testing,Training,pituitary,pituitary,0,0,True,False
Testing/pituitary/Te-pi_33.jpg,Training/pituitary/Tr-pi_749.jpg,Testing,Training,pituitary,pituitary,2,0,True,False
Testing/pituitary/Te-pi_330.jpg,Training/pituitary/Tr-pi_888.jpg,Testing,Training,pituitary,pituitary,0,2,True,False
Testing/pituitary/Te-pi_331.jpg,Training/pituitary/Tr-pi_865.jpg,Testing,Training,pituitary,pituitary,0,0,True,False
Testing/pituitary/Te-pi_332.jpg,Training/pituitary/Tr-pi_1150.jpg,Testing,Training,pituitary,pituitary,0,0,True,False
Testing/pituitary/Te-pi_334.jpg,Training/pituitary/Tr-pi_76.jpg,Testing,Training,pituitary,pituitary,0,0,True,False
Testing/pituitary/Te-pi_34.jpg,Training/pituitary/Tr-pi_852.jpg,Testing,Training,pituitary,pituitary,0,1,True,False
Testing/pituitary/Te-pi_341.jpg,Training/pituitary/Tr-pi_744.jpg,Testing,Training,pituitary,pituitary,0,1,True,False
Testing/pituitary/Te-pi_342.jpg,Training/pituitary/Tr-pi_251.jpg,Testing,Training,pituitary,pituitary,0,0,True,False
Testing/pituitary/Te-pi_343.jpg,Training/pituitary/Tr-pi_292.jpg,Testing,Training,pituitary,pituitary,0,0,True,False
Testing/pituitary/Te-pi_344.jpg,Training/pituitary/Tr-pi_291.jpg,Testing,Training,pituitary,pituitary,0,1,True,False
Testing/pituitary/Te-pi_345.jpg,Training/pituitary/Tr-pi_487.jpg,Testing,Training,pituitary,pituitary,0,0,True,False
Testing/pituitary/Te-pi_346.jpg,Training/pituitary/Tr-pi_1400.jpg,Testing,Training,pituitary,pituitary,0,0,True,False
Testing/pituitary/Te-pi_347.jpg,Training/pituitary/Tr-pi_1324.jpg,Testing,Training,pituitary,pituitary,0,0,True,False
Testing/pituitary/Te-pi_348.jpg,Training/pituitary/Tr-pi_85.jpg,Testing,Training,pituitary,pituitary,0,0,True,False
Testing/pituitary/Te-pi_349.jpg,Training/pituitary/Tr-pi_364.jpg,Testing,Training,pituitary,pituitary,0,2,True,False
Testing/pituitary/Te-pi_35.jpg,Training/pituitary/Tr-pi_837.jpg,Testing,Training,pituitary,pituitary,0,0,True,False
Testing/pituitary/Te-pi_350.jpg,Training/pituitary/Tr-pi_891.jpg,Testing,Training,pituitary,pituitary,0,0,True,False
Testing/pituitary/Te-pi_351.jpg,Training/pituitary/Tr-pi_986.jpg,Testing,Training,pituitary,pituitary,0,0,True,False
Testing/pituitary/Te-pi_352.jpg,Training/pituitary/Tr-pi_1104.jpg,Testing,Training,pituitary,pituitary,0,1,True,False
Testing/pituitary/Te-pi_353.jpg,Training/pituitary/Tr-pi_671.jpg,Testing,Training,pituitary,pituitary,0,0,True,False
Testing/pituitary/Te-pi_354.jpg,Training/pituitary/Tr-pi_578.jpg,Testing,Training,pituitary,pituitary,0,1,True,False
Testing/pituitary/Te-pi_355.jpg,Training/pituitary/Tr-pi_469.jpg,Testing,Training,pituitary,pituitary,0,0,True,False
Testing/pituitary/Te-pi_356.jpg,Training/pituitary/Tr-pi_616.jpg,Testing,Training,pituitary,pituitary,0,0,True,False
Testing/pituitary/Te-pi_357.jpg,Training/pituitary/Tr-pi_105.jpg,Testing,Training,pituitary,pituitary,0,0,True,False
Testing/pituitary/Te-pi_358.jpg,Training/pituitary/Tr-pi_543.jpg,Testing,Training,pituitary,pituitary,0,0,True,False
Testing/pituitary/Te-pi_359.jpg,Training/pituitary/Tr-pi_1281.jpg,Testing,Training,pituitary,pituitary,0,1,True,False
Testing/pituitary/Te-pi_360.jpg,Training/pituitary/Tr-pi_1197.jpg,Testing,Training,pituitary,pituitary,0,1,True,False
Testing/pituitary/Te-pi_362.jpg,Training/pituitary/Tr-pi_1394.jpg,Testing,Training,pituitary,pituitary,0,0,True,False
Testing/pituitary/Te-pi_365.jpg,Training/pituitary/Tr-pi_1345.jpg,Testing,Training,pituitary,pituitary,0,0,True,False
Testing/pituitary/Te-pi_366.jpg,Training/pituitary/Tr-pi_953.jpg,Testing,Training,pituitary,pituitary,0,0,True,False
Testing/pituitary/Te-pi_368.jpg,Training/pituitary/Tr-pi_593.jpg,Testing,Training,pituitary,pituitary,0,0,True,False
Testing/pituitary/Te-pi_369.jpg,Training/pituitary/Tr-pi_1268.jpg,Testing,Training,pituitary,pituitary,0,0,True,False
Testing/pituitary/Te-pi_37.jpg,Training/pituitary/Tr-pi_1223.jpg,Testing,Training,pituitary,pituitary,0,0,True,False
Testing/pituitary/Te-pi_370.jpg,Training/pituitary/Tr-pi_647.jpg,Testing,Training,pituitary,pituitary,0,0,True,False
Testing/pituitary/Te-pi_371.jpg,Training/pituitary/Tr-pi_760.jpg,Testing,Training,pituitary,pituitary,0,0,True,False
Testing/pituitary/Te-pi_373.jpg,Training/pituitary/Tr-pi_301.jpg,Testing,Training,pituitary,pituitary,0,0,True,False
Testing/pituitary/Te-pi_377.jpg,Training/pituitary/Tr-pi_1249.jpg,Testing,Training,pituitary,pituitary,0,0,True,False
Testing/pituitary/Te-pi_379.jpg,Training/pituitary/Tr-pi_462.jpg,Testing,Training,pituitary,pituitary,0,1,True,False
Testing/pituitary/Te-pi_380.jpg,Training/pituitary/Tr-pi_913.jpg,Testing,Training,pituitary,pituitary,0,0,True,False
Testing/pituitary/Te-pi_382.jpg,Training/pituitary/Tr-pi_708.jpg,Testing,Training,pituitary,pituitary,0,0,True,False
Testing/pituitary/Te-pi_384.jpg,Training/pituitary/Tr-pi_1325.jpg,Testing,Training,pituitary,pituitary,0,0,True,False
Testing/pituitary/Te-pi_385.jpg,Training/pituitary/Tr-pi_334.jpg,Testing,Training,pituitary,pituitary,0,0,True,False
Testing/pituitary/Te-pi_386.jpg,Training/pituitary/Tr-pi_392.jpg,Testing,Training,pituitary,pituitary,0,0,True,False
Testing/pituitary/Te-pi_387.jpg,Training/pituitary/Tr-pi_1362.jpg,Testing,Training,pituitary,pituitary,0,0,True,False
Testing/pituitary/Te-pi_389.jpg,Training/pituitary/Tr-pi_790.jpg,Testing,Training,pituitary,pituitary,0,0,True,False
Testing/pituitary/Te-pi_39.jpg,Training/pituitary/Tr-pi_434.jpg,Testing,Training,pituitary,pituitary,0,0,True,False
Testing/pituitary/Te-pi_390.jpg,Training/pituitary/Tr-pi_1328.jpg,Testing,Training,pituitary,pituitary,0,0,True,False
Testing/pituitary/Te-pi_391.jpg,Training/pituitary/Tr-pi_1092.jpg,Testing,Training,pituitary,pituitary,0,0,True,False
Testing/pituitary/Te-pi_391.jpg,Training/pituitary/Tr-pi_586.jpg,Testing,Training,pituitary,pituitary,2,0,True,False
Testing/pituitary/Te-pi_391.jpg,Training/pituitary/Tr-pi_182.jpg,Testing,Training,pituitary,pituitary,2,0,True,False
Testing/pituitary/Te-pi_392.jpg,Training/pituitary/Tr-pi_1126.jpg,Testing,Training,pituitary,pituitary,0,0,True,False
Testing/pituitary/Te-pi_393.jpg,Training/pituitary/Tr-pi_776.jpg,Testing,Training,pituitary,pituitary,0,0,True,False
Testing/pituitary/Te-pi_395.jpg,Training/pituitary/Tr-pi_499.jpg,Testing,Training,pituitary,pituitary,0,0,True,False
Testing/pituitary/Te-pi_395.jpg,Training/pituitary/Tr-pi_142.jpg,Testing,Training,pituitary,pituitary,4,0,True,False
Testing/pituitary/Te-pi_397.jpg,Training/pituitary/Tr-pi_352.jpg,Testing,Training,pituitary,pituitary,0,0,True,False
Testing/pituitary/Te-pi_398.jpg,Training/pituitary/Tr-pi_1002.jpg,Testing,Training,pituitary,pituitary,0,0,True,False
Testing/pituitary/Te-pi_399.jpg,Training/pituitary/Tr-pi_1100.jpg,Testing,Training,pituitary,pituitary,0,0,True,False
Testing/pituitary/Te-pi_4.jpg,Training/pituitary/Tr-pi_95.jpg,Testing,Training,pituitary,pituitary,0,0,True,False
Testing/pituitary/Te-pi_400.jpg,Training/pituitary/Tr-pi_78.jpg,Testing,Training,pituitary,pituitary,0,0,True,False
Testing/pituitary/Te-pi_41.jpg,Training/pituitary/Tr-pi_276.jpg,Testing,Training,pituitary,pituitary,0,0,True,False
Testing/pituitary/Te-pi_42.jpg,Training/pituitary/Tr-pi_907.jpg,Testing,Training,pituitary,pituitary,0,0,True,False
Testing/pituitary/Te-pi_44.jpg,Training/pituitary/Tr-pi_252.jpg,Testing,Training,pituitary,pituitary,0,1,True,False
Testing/pituitary/Te-pi_45.jpg,Training/pituitary/Tr-pi_843.jpg,Testing,Training,pituitary,pituitary,0,0,True,False
Testing/pituitary/Te-pi_47.jpg,Training/pituitary/Tr-pi_1327.jpg,Testing,Training,pituitary,pituitary,0,0,True,False
Testing/pituitary/Te-pi_49.jpg,Training/pituitary/Tr-pi_1226.jpg,Testing,Training,pituitary,pituitary,0,0,True,False
Testing/pituitary/Te-pi_5.jpg,Training/pituitary/Tr-pi_814.jpg,Testing,Training,pituitary,pituitary,0,0,True,False
Testing/pituitary/Te-pi_50.jpg,Training/pituitary/Tr-pi_1062.jpg,Testing,Training,pituitary,pituitary,0,0,True,False
Testing/pituitary/Te-pi_51.jpg,Training/pituitary/Tr-pi_33.jpg,Testing,Training,pituitary,pituitary,0,1,True,False
Testing/pituitary/Te-pi_52.jpg,Training/pituitary/Tr-pi_1250.jpg,Testing,Training,pituitary,pituitary,0,0,True,False
Testing/pituitary/Te-pi_53.jpg,Training/pituitary/Tr-pi_817.jpg,Testing,Training,pituitary,pituitary,0,0,True,False
Testing/pituitary/Te-pi_55.jpg,Training/pituitary/Tr-pi_1124.jpg,Testing,Training,pituitary,pituitary,0,0,True,False
Testing/pituitary/Te-pi_56.jpg,Training/pituitary/Tr-pi_550.jpg,Testing,Training,pituitary,pituitary,0,0,True,False
Testing/pituitary/Te-pi_57.jpg,Training/pituitary/Tr-pi_663.jpg,Testing,Training,pituitary,pituitary,0,0,True,False
Testing/pituitary/Te-pi_59.jpg,Training/pituitary/Tr-pi_507.jpg,Testing,Training,pituitary,pituitary,0,1,True,False
Testing/pituitary/Te-pi_61.jpg,Training/pituitary/Tr-pi_435.jpg,Testing,Training,pituitary,pituitary,0,0,True,False
Testing/pituitary/Te-pi_62.jpg,Training/pituitary/Tr-pi_458.jpg,Testing,Training,pituitary,pituitary,0,1,True,False
Testing/pituitary/Te-pi_63.jpg,Training/pituitary/Tr-pi_1283.jpg,Testing,Training,pituitary,pituitary,0,1,True,False
Testing/pituitary/Te-pi_64.jpg,Training/pituitary/Tr-pi_313.jpg,Testing,Training,pituitary,pituitary,0,0,True,False
Testing/pituitary/Te-pi_65.jpg,Training/pituitary/Tr-pi_25.jpg,Testing,Training,pituitary,pituitary,0,0,True,False
Testing/pituitary/Te-pi_67.jpg,Training/pituitary/Tr-pi_1080.jpg,Testing,Training,pituitary,pituitary,0,0,True,False
Testing/pituitary/Te-pi_68.jpg,Training/pituitary/Tr-pi_54.jpg,Testing,Training,pituitary,pituitary,0,0,True,False
Testing/pituitary/Te-pi_69.jpg,Training/pituitary/Tr-pi_1159.jpg,Testing,Training,pituitary,pituitary,0,0,True,False
Testing/pituitary/Te-pi_7.jpg,Training/pituitary/Tr-pi_683.jpg,Testing,Training,pituitary,pituitary,0,1,True,False
Testing/pituitary/Te-pi_70.jpg,Training/pituitary/Tr-pi_1370.jpg,Testing,Training,pituitary,pituitary,0,0,True,False
Testing/pituitary/Te-pi_71.jpg,Training/pituitary/Tr-pi_241.jpg,Testing,Training,pituitary,pituitary,0,0,True,False
Testing/pituitary/Te-pi_72.jpg,Training/pituitary/Tr-pi_704.jpg,Testing,Training,pituitary,pituitary,0,0,True,False
Testing/pituitary/Te-pi_73.jpg,Training/pituitary/Tr-pi_154.jpg,Testing,Training,pituitary,pituitary,0,0,True,False
Testing/pituitary/Te-pi_75.jpg,Training/pituitary/Tr-pi_1073.jpg,Testing,Training,pituitary,pituitary,0,0,True,False
Testing/pituitary/Te-pi_76.jpg,Training/pituitary/Tr-pi_1095.jpg,Testing,Training,pituitary,pituitary,0,0,True,False
Testing/pituitary/Te-pi_77.jpg,Training/pituitary/Tr-pi_278.jpg,Testing,Training,pituitary,pituitary,0,0,True,False
Testing/pituitary/Te-pi_78.jpg,Training/pituitary/Tr-pi_1108.jpg,Testing,Training,pituitary,pituitary,6,0,True,False
Testing/pituitary/Te-pi_78.jpg,Training/pituitary/Tr-pi_1146.jpg,Testing,Training,pituitary,pituitary,6,0,True,False
Testing/pituitary/Te-pi_79.jpg,Training/pituitary/Tr-pi_1298.jpg,Testing,Training,pituitary,pituitary,0,1,True,False
Testing/pituitary/Te-pi_8.jpg,Training/pituitary/Tr-pi_1025.jpg,Testing,Training,pituitary,pituitary,0,0,True,False
Testing/pituitary/Te-pi_81.jpg,Training/pituitary/Tr-pi_1113.jpg,Testing,Training,pituitary,pituitary,0,0,True,False
Testing/pituitary/Te-pi_82.jpg,Training/pituitary/Tr-pi_1039.jpg,Testing,Training,pituitary,pituitary,0,1,True,False
Testing/pituitary/Te-pi_83.jpg,Training/pituitary/Tr-pi_1270.jpg,Testing,Training,pituitary,pituitary,0,0,True,False
Testing/pituitary/Te-pi_84.jpg,Training/pituitary/Tr-pi_215.jpg,Testing,Training,pituitary,pituitary,0,0,True,False
Testing/pituitary/Te-pi_87.jpg,Training/pituitary/Tr-pi_640.jpg,Testing,Training,pituitary,pituitary,0,0,True,False
Testing/pituitary/Te-pi_9.jpg,Training/pituitary/Tr-pi_1294.jpg,Testing,Training,pituitary,pituitary,0,0,True,False
Testing/pituitary/Te-pi_90.jpg,Training/pituitary/Tr-pi_490.jpg,Testing,Training,pituitary,pituitary,0,0,True,False
Testing/pituitary/Te-pi_92.jpg,Training/pituitary/Tr-pi_731.jpg,Testing,Training,pituitary,pituitary,6,0,True,False
Testing/pituitary/Te-pi_92.jpg,Training/pituitary/Tr-pi_849.jpg,Testing,Training,pituitary,pituitary,0,0,True,False
Testing/pituitary/Te-pi_93.jpg,Training/pituitary/Tr-pi_448.jpg,Testing,Training,pituitary,pituitary,0,0,True,False
Testing/pituitary/Te-pi_95.jpg,Training/pituitary/Tr-pi_691.jpg,Testing,Training,pituitary,pituitary,0,0,True,False
Testing/pituitary/Te-pi_96.jpg,Training/pituitary/Tr-pi_612.jpg,Testing,Training,pituitary,pituitary,0,0,True,False
Testing/pituitary/Te-pi_97.jpg,Training/pituitary/Tr-pi_1287.jpg,Testing,Training,pituitary,pituitary,0,2,True,False
