relative_path,cluster_id,split,class_label,image_count,splits,classes,cross_split,cross_class
Testing/glioma/Te-gl_104.jpg,c_0352,Testing,glioma,2,Testing|Training,glioma,True,False
Training/glioma/Tr-gl_886.jpg,c_0352,Training,glioma,2,Testing|Training,glioma,True,False
Testing/glioma/Te-gl_108.jpg,c_0004,Testing,glioma,2,Testing,glioma,False,False
Testing/glioma/Te-gl_176.jpg,c_0004,Testing,glioma,2,Testing,glioma,False,False
Testing/glioma/Te-gl_111.jpg,c_0286,Testing,glioma,2,Testing|Training,glioma,True,False
Training/glioma/Tr-gl_695.jpg,c_0286,Training,glioma,2,Testing|Training,glioma,True,False
Testing/glioma/Te-gl_112.jpg,c_0204,Testing,glioma,2,Testing|Training,glioma,True,False
Training/glioma/Tr-gl_45.jpg,c_0204,Training,glioma,2,Testing|Training,glioma,True,False
Testing/glioma/Te-gl_116.jpg,c_0113,Testing,glioma,2,Testing|Training,glioma,True,False
Training/glioma/Tr-gl_1304.jpg,c_0113,Training,glioma,2,Testing|Training,glioma,True,False
Testing/glioma/Te-gl_118.jpg,c_0283,Testing,glioma,2,Testing|Training,glioma,True,False
Training/glioma/Tr-gl_690.jpg,c_0283,Training,glioma,2,Testing|Training,glioma,True,False
Testing/glioma/Te-gl_12.jpg,c_0001,Testing,glioma,2,Testing,glioma,False,False
Testing/glioma/Te-gl_123.jpg,c_0001,Testing,glioma,2,Testing,glioma,False,False
Testing/glioma/Te-gl_121.jpg,c_0009,Testing,glioma,2,Testing,glioma,False,False
Testing/glioma/Te-gl_230.jpg,c_0009,Testing,glioma,2,Testing,glioma,False,False
Testing/glioma/Te-gl_122.jpg,c_0201,Testing,glioma,2,Testing|Training,glioma,True,False
Training/glioma/Tr-gl_432.jpg,c_0201,Training,glioma,2,Testing|Training,glioma,True,False
Testing/glioma/Te-gl_129.jpg,c_0016,Testing,glioma,2,Testing,glioma,False,False
Testing/glioma/Te-gl_303.jpg,c_0016,Testing,glioma,2,Testing,glioma,False,False
Testing/glioma/Te-gl_131.jpg,c_0013,Testing,glioma,2,Testing,glioma,False,False
Testing/glioma/Te-gl_279.jpg,c_0013,Testing,glioma,2,Testing,glioma,False,False
Testing/glioma/Te-gl_132.jpg,c_0015,Testing,glioma,2,Testing,glioma,False,False
Testing/glioma/Te-gl_3.jpg,c_0015,Testing,glioma,2,Testing,glioma,False,False
Testing/glioma/Te-gl_136.jpg,c_0023,Testing,glioma,3,Testing|Training,glioma,True,False
Training/glioma/Tr-gl_266.jpg,c_0023,Training,glioma,3,Testing|Training,glioma,True,False
Testing/glioma/Te-gl_354.jpg,c_0023,Testing,glioma,3,Testing|Training,glioma,True,False
Testing/glioma/Te-gl_139.jpg,c_0261,Testing,glioma,2,Testing|Training,glioma,True,False
Training/glioma/Tr-gl_63.jpg,c_0261,Training,glioma,2,Testing|Training,glioma,True,False
Testing/glioma/Te-gl_14.jpg,c_0002,Testing,glioma,2,Testing,glioma,False,False
Testing/glioma/Te-gl_157.jpg,c_0002,Testing,glioma,2,Testing,glioma,False,False
Testing/glioma/Te-gl_140.jpg,c_0010,Testing,glioma,3,Testing,glioma,False,False
Testing/glioma/Te-gl_76.jpg,c_0010,Testing,glioma,3,Testing,glioma,False,False
Testing/glioma/Te-gl_238.jpg,c_0010,Testing,glioma,3,Testing,glioma,False,False
Testing/glioma/Te-gl_141.jpg,c_0313,Testing,glioma,2,Testing|Training,glioma,True,False
Training/glioma/Tr-gl_774.jpg,c_0313,Training,glioma,2,Testing|Training,glioma,True,False
Testing/glioma/Te-gl_143.jpg,c_0030,Testing,glioma,2,Testing,glioma,False,False
Testing/glioma/Te-gl_72.jpg,c_0030,Testing,glioma,2,Testing,glioma,False,False
Testing/glioma/Te-gl_144.jpg,c_0029,Testing,glioma,2,Testing,glioma,False,False
Testing/glioma/Te-gl_59.jpg,c_0029,Testing,glioma,2,Testing,glioma,False,False
Testing/glioma/Te-gl_146.jpg,c_0006,Testing,glioma,2,Testing,glioma,False,False
Testing/glioma/Te-gl_221.jpg,c_0006,Testing,glioma,2,Testing,glioma,False,False
Testing/glioma/Te-gl_152.jpg,c_0083,Testing,glioma,2,Testing|Training,glioma,True,False
Training/glioma/Tr-gl_1007.jpg,c_0083,Training,glioma,2,Testing|Training,glioma,True,False
Testing/glioma/Te-gl_154.jpg,c_0229,Testing,glioma,2,Testing|Training,glioma,True,False
Training/glioma/Tr-gl_528.jpg,c_0229,Training,glioma,2,Testing|Training,glioma,True,False
Testing/glioma/Te-gl_155.jpg,c_0289,Testing,glioma,2,Testing|Training,glioma,True,False
Training/glioma/Tr-gl_703.jpg,c_0289,Training,glioma,2,Testing|Training,glioma,True,False
Testing/glioma/Te-gl_156.jpg,c_0192,Testing,glioma,2,Testing|Training,glioma,True,False
Training/glioma/Tr-gl_408.jpg,c_0192,Training,glioma,2,Testing|Training,glioma,True,False
Testing/glioma/Te-gl_158.jpg,c_0118,Testing,glioma,2,Testing|Training,glioma,True,False
Training/glioma/Tr-gl_1345.jpg,c_0118,Training,glioma,2,Testing|Training,glioma,True,False
Testing/glioma/Te-gl_16.jpg,c_0003,Testing,glioma,2,Testing,glioma,False,False
Testing/glioma/Te-gl_172.jpg,c_0003,Testing,glioma,2,Testing,glioma,False,False
Testing/glioma/Te-gl_160.jpg,c_0033,Testing,glioma,3,Testing|Training,glioma|meningioma,True,True
Training/meningioma/Tr-me_1122.jpg,c_0033,Training,meningioma,3,Testing|Training,glioma|meningioma,True,True
Testing/meningioma/Te-me_159.jpg,c_0033,Testing,meningioma,3,Testing|Training,glioma|meningioma,True,True
Testing/glioma/Te-gl_162.jpg,c_0193,Testing,glioma,3,Testing|Training,glioma,True,False
Testing/glioma/Te-gl_359.jpg,c_0193,Testing,glioma,3,Testing|Training,glioma,True,False
Training/glioma/Tr-gl_410.jpg,c_0193,Training,glioma,3,Testing|Training,glioma,True,False
Testing/glioma/Te-gl_163.jpg,c_0194,Testing,glioma,2,Testing|Training,glioma,True,False
Training/glioma/Tr-gl_414.jpg,c_0194,Training,glioma,2,Testing|Training,glioma,True,False
Testing/glioma/Te-gl_165.jpg,c_0176,Testing,glioma,2,Testing|Training,glioma,True,False
Training/glioma/Tr-gl_33.jpg,c_0176,Training,glioma,2,Testing|Training,glioma,True,False
Testing/glioma/Te-gl_166.jpg,c_0012,Testing,glioma,2,Testing,glioma,False,False
Testing/glioma/Te-gl_278.jpg,c_0012,Testing,glioma,2,Testing,glioma,False,False
Testing/glioma/Te-gl_169.jpg,c_0109,Testing,glioma,3,Testing|Training,glioma,True,False
Training/glioma/Tr-gl_393.jpg,c_0109,Training,glioma,3,Testing|Training,glioma,True,False
Training/glioma/Tr-gl_1271.jpg,c_0109,Training,glioma,3,Testing|Training,glioma,True,False
Testing/glioma/Te-gl_170.jpg,c_0005,Testing,glioma,2,Testing,glioma,False,False
Testing/glioma/Te-gl_178.jpg,c_0005,Testing,glioma,2,Testing,glioma,False,False
Testing/glioma/Te-gl_171.jpg,c_0008,Testing,glioma,2,Testing,glioma,False,False
Testing/glioma/Te-gl_228.jpg,c_0008,Testing,glioma,2,Testing,glioma,False,False
Testing/glioma/Te-gl_174.jpg,c_0296,Testing,glioma,2,Testing|Training,glioma,True,False
Training/glioma/Tr-gl_725.jpg,c_0296,Training,glioma,2,Testing|Training,glioma,True,False
Testing/glioma/Te-gl_177.jpg,c_0024,Testing,glioma,3,Testing,glioma,False,False
Testing/glioma/Te-gl_288.jpg,c_0024,Testing,glioma,3,Testing,glioma,False,False
Testing/glioma/Te-gl_36.jpg,c_0024,Testing,glioma,3,Testing,glioma,False,False
Testing/glioma/Te-gl_179.jpg,c_0230,Testing,glioma,2,Testing|Training,glioma,True,False
Training/glioma/Tr-gl_537.jpg,c_0230,Training,glioma,2,Testing|Training,glioma,True,False
Testing/glioma/Te-gl_18.jpg,c_0120,Testing,glioma,2,Testing|Training,glioma,True,False
Training/glioma/Tr-gl_1355.jpg,c_0120,Training,glioma,2,Testing|Training,glioma,True,False
Testing/glioma/Te-gl_184.jpg,c_0017,Testing,glioma,2,Testing,glioma,False,False
Testing/glioma/Te-gl_304.jpg,c_0017,Testing,glioma,2,Testing,glioma,False,False
Testing/glioma/Te-gl_186.jpg,c_0290,Testing,glioma,2,Testing|Training,glioma,True,False
Training/glioma/Tr-gl_706.jpg,c_0290,Training,glioma,2,Testing|Training,glioma,True,False
Testing/glioma/Te-gl_188.jpg,c_0093,Testing,glioma,2,Testing|Training,glioma,True,False
Training/glioma/Tr-gl_1134.jpg,c_0093,Training,glioma,2,Testing|Training,glioma,True,False
Testing/glioma/Te-gl_190.jpg,c_0091,Testing,glioma,2,Testing|Training,glioma,True,False
Training/glioma/Tr-gl_1126.jpg,c_0091,Training,glioma,2,Testing|Training,glioma,True,False
Testing/glioma/Te-gl_194.jpg,c_0107,Testing,glioma,2,Testing|Training,glioma,True,False
Training/glioma/Tr-gl_1266.jpg,c_0107,Training,glioma,2,Testing|Training,glioma,True,False
Testing/glioma/Te-gl_195.jpg,c_0264,Testing,glioma,2,Testing|Training,glioma,True,False
Training/glioma/Tr-gl_642.jpg,c_0264,Training,glioma,2,Testing|Training,glioma,True,False
Testing/glioma/Te-gl_197.jpg,c_0215,Testing,glioma,2,Testing|Training,glioma,True,False
Training/glioma/Tr-gl_49.jpg,c_0215,Training,glioma,2,Testing|Training,glioma,True,False
Testing/glioma/Te-gl_198.jpg,c_0134,Testing,glioma,2,Testing|Training,glioma,True,False
Training/glioma/Tr-gl_16.jpg,c_0134,Training,glioma,2,Testing|Training,glioma,True,False
Testing/glioma/Te-gl_2.jpg,c_0082,Testing,glioma,2,Testing|Training,glioma,True,False
Training/glioma/Tr-gl_1004.jpg,c_0082,Training,glioma,2,Testing|Training,glioma,True,False
Testing/glioma/Te-gl_200.jpg,c_0099,Testing,glioma,2,Testing|Training,glioma,True,False
Training/glioma/Tr-gl_1175.jpg,c_0099,Training,glioma,2,Testing|Training,glioma,True,False
Testing/glioma/Te-gl_204.jpg,c_0011,Testing,glioma,2,Testing,glioma,False,False
Testing/glioma/Te-gl_259.jpg,c_0011,Testing,glioma,2,Testing,glioma,False,False
Testing/glioma/Te-gl_206.jpg,c_0384,Testing,glioma,2,Testing|Training,glioma,True,False
Training/glioma/Tr-gl_984.jpg,c_0384,Training,glioma,2,Testing|Training,glioma,True,False
Testing/glioma/Te-gl_207.jpg,c_0103,Testing,glioma,2,Testing|Training,glioma,True,False
Training/glioma/Tr-gl_1194.jpg,c_0103,Training,glioma,2,Testing|Training,glioma,True,False
Testing/glioma/Te-gl_21.jpg,c_0213,Testing,glioma,2,Testing|Training,glioma,True,False
Training/glioma/Tr-gl_481.jpg,c_0213,Training,glioma,2,Testing|Training,glioma,True,False
Testing/glioma/Te-gl_210.jpg,c_0088,Testing,glioma,2,Testing|Training,glioma,True,False
Training/glioma/Tr-gl_1078.jpg,c_0088,Training,glioma,2,Testing|Training,glioma,True,False
Testing/glioma/Te-gl_212.jpg,c_0019,Testing,glioma,3,Testing,glioma,False,False
Testing/glioma/Te-gl_272.jpg,c_0019,Testing,glioma,3,Testing,glioma,False,False
Testing/glioma/Te-gl_338.jpg,c_0019,Testing,glioma,3,Testing,glioma,False,False
Testing/glioma/Te-gl_214.jpg,c_0191,Testing,glioma,2,Testing|Training,glioma,True,False
Training/glioma/Tr-gl_40.jpg,c_0191,Training,glioma,2,Testing|Training,glioma,True,False
Testing/glioma/Te-gl_216.jpg,c_0007,Testing,glioma,3,Testing|Training,glioma,True,False
Training/glioma/Tr-gl_343.jpg,c_0007,Training,glioma,3,Testing|Training,glioma,True,False
Testing/glioma/Te-gl_225.jpg,c_0007,Testing,glioma,3,Testing|Training,glioma,True,False
Testing/glioma/Te-gl_219.jpg,c_0259,Testing,glioma,2,Testing|Training,glioma,True,False
Training/glioma/Tr-gl_622.jpg,c_0259,Training,glioma,2,Testing|Training,glioma,True,False
Testing/glioma/Te-gl_220.jpg,c_0251,Testing,glioma,2,Testing|Training,glioma,True,False
Training/glioma/Tr-gl_596.jpg,c_0251,Training,glioma,2,Testing|Training,glioma,True,False
Testing/glioma/Te-gl_223.jpg,c_0300,Testing,glioma,3,Testing|Training,glioma,True,False
Training/glioma/Tr-gl_739.jpg,c_0300,Training,glioma,3,Testing|Training,glioma,True,False
Testing/glioma/Te-gl_233.jpg,c_0086,Testing,glioma,3,Testing|Training,glioma,True,False
Training/glioma/Tr-gl_420.jpg,c_0086,Training,glioma,3,Testing|Training,glioma,True,False
Training/glioma/Tr-gl_1068.jpg,c_0086,Training,glioma,3,Testing|Training,glioma,True,False
Testing/glioma/Te-gl_234.jpg,c_0130,Testing,glioma,2,Testing|Training,glioma,True,False
Training/glioma/Tr-gl_139.jpg,c_0130,Training,glioma,2,Testing|Training,glioma,True,False
Testing/glioma/Te-gl_235.jpg,c_0178,Testing,glioma,2,Testing|Training,glioma,True,False
Training/glioma/Tr-gl_349.jpg,c_0178,Training,glioma,2,Testing|Training,glioma,True,False
Testing/glioma/Te-gl_240.jpg,c_0096,Testing,glioma,2,Testing|Training,glioma,True,False
Training/glioma/Tr-gl_115.jpg,c_0096,Training,glioma,2,Testing|Training,glioma,True,False
Testing/glioma/Te-gl_242.jpg,c_0276,Testing,glioma,2,Testing|Training,glioma,True,False
Training/glioma/Tr-gl_670.jpg,c_0276,Training,glioma,2,Testing|Training,glioma,True,False
Testing/glioma/Te-gl_243.jpg,c_0114,Testing,glioma,2,Testing|Training,glioma,True,False
Training/glioma/Tr-gl_1305.jpg,c_0114,Training,glioma,2,Testing|Training,glioma,True,False
Testing/glioma/Te-gl_244.jpg,c_0022,Testing,glioma,2,Testing,glioma,False,False
Testing/glioma/Te-gl_343.jpg,c_0022,Testing,glioma,2,Testing,glioma,False,False
Testing/glioma/Te-gl_247.jpg,c_0273,Testing,glioma,2,Testing|Training,glioma,True,False
Training/glioma/Tr-gl_666.jpg,c_0273,Training,glioma,2,Testing|Training,glioma,True,False
Testing/glioma/Te-gl_25.jpg,c_0168,Testing,glioma,2,Testing|Training,glioma,True,False
Training/glioma/Tr-gl_307.jpg,c_0168,Training,glioma,2,Testing|Training,glioma,True,False
Testing/glioma/Te-gl_250.jpg,c_0240,Testing,glioma,2,Testing|Training,glioma,True,False
Training/glioma/Tr-gl_559.jpg,c_0240,Training,glioma,2,Testing|Training,glioma,True,False
Testing/glioma/Te-gl_251.jpg,c_0110,Testing,glioma,2,Testing|Training,glioma,True,False
Training/glioma/Tr-gl_1277.jpg,c_0110,Training,glioma,2,Testing|Training,glioma,True,False
Testing/glioma/Te-gl_253.jpg,c_0306,Testing,glioma,3,Testing|Training,glioma,True,False
Testing/glioma/Te-gl_85.jpg,c_0306,Testing,glioma,3,Testing|Training,glioma,True,False
Training/glioma/Tr-gl_752.jpg,c_0306,Training,glioma,3,Testing|Training,glioma,True,False
Testing/glioma/Te-gl_254.jpg,c_0117,Testing,glioma,2,Testing|Training,glioma,True,False
Training/glioma/Tr-gl_1344.jpg,c_0117,Training,glioma,2,Testing|Training,glioma,True,False
Testing/glioma/Te-gl_255.jpg,c_0026,Testing,glioma,2,Testing,glioma,False,False
Testing/glioma/Te-gl_370.jpg,c_0026,Testing,glioma,2,Testing,glioma,False,False
Testing/glioma/Te-gl_256.jpg,c_0132,Testing,glioma,2,Testing|Training,glioma,True,False
Training/glioma/Tr-gl_147.jpg,c_0132,Training,glioma,2,Testing|Training,glioma,True,False
Testing/glioma/Te-gl_257.jpg,c_0184,Testing,glioma,4,Testing|Training,glioma,True,False
Training/glioma/Tr-gl_366.jpg,c_0184,Training,glioma,4,Testing|Training,glioma,True,False
Testing/glioma/Te-gl_26.jpg,c_0245,Testing,glioma,2,Testing|Training,glioma,True,False
Training/glioma/Tr-gl_578.jpg,c_0245,Training,glioma,2,Testing|Training,glioma,True,False
Testing/glioma/Te-gl_261.jpg,c_0188,Testing,glioma,2,Testing|Training,glioma,True,False
Training/glioma/Tr-gl_391.jpg,c_0188,Training,glioma,2,Testing|Training,glioma,True,False
Testing/glioma/Te-gl_267.jpg,c_0242,Testing,glioma,2,Testing|Training,glioma,True,False
Training/glioma/Tr-gl_563.jpg,c_0242,Training,glioma,2,Testing|Training,glioma,True,False
Testing/glioma/Te-gl_270.jpg,c_0165,Testing,glioma,3,Testing|Training,glioma,True,False
Testing/glioma/Te-gl_29.jpg,c_0165,Testing,glioma,3,Testing|Training,glioma,True,False
Training/glioma/Tr-gl_292.jpg,c_0165,Training,glioma,3,Testing|Training,glioma,True,False
Testing/glioma/Te-gl_271.jpg,c_0307,Testing,glioma,2,Testing|Training,glioma,True,False
Training/glioma/Tr-gl_756.jpg,c_0307,Training,glioma,2,Testing|Training,glioma,True,False
Testing/glioma/Te-gl_273.jpg,c_0020,Testing,glioma,2,Testing,glioma,False,False
Testing/glioma/Te-gl_34.jpg,c_0020,Testing,glioma,2,Testing,glioma,False,False
Testing/glioma/Te-gl_274.jpg,c_0203,Testing,glioma,2,Testing|Training,glioma,True,False
Training/glioma/Tr-gl_447.jpg,c_0203,Training,glioma,2,Testing|Training,glioma,True,False
Testing/glioma/Te-gl_28.jpg,c_0141,Testing,glioma,2,Testing|Training,glioma,True,False
Training/glioma/Tr-gl_188.jpg,c_0141,Training,glioma,2,Testing|Training,glioma,True,False
Testing/glioma/Te-gl_280.jpg,c_0277,Testing,glioma,2,Testing|Training,glioma,True,False
Training/glioma/Tr-gl_673.jpg,c_0277,Training,glioma,2,Testing|Training,glioma,True,False
Testing/glioma/Te-gl_281.jpg,c_0106,Testing,glioma,2,Testing|Training,glioma,True,False
Training/glioma/Tr-gl_1240.jpg,c_0106,Training,glioma,2,Testing|Training,glioma,True,False
Testing/glioma/Te-gl_282.jpg,c_0143,Testing,glioma,2,Testing|Training,glioma,True,False
Training/glioma/Tr-gl_196.jpg,c_0143,Training,glioma,2,Testing|Training,glioma,True,False
Testing/glioma/Te-gl_283.jpg,c_0018,Testing,glioma,2,Testing,glioma,False,False
Testing/glioma/Te-gl_316.jpg,c_0018,Testing,glioma,2,Testing,glioma,False,False
Testing/glioma/Te-gl_284.jpg,c_0235,Testing,glioma,2,Testing|Training,glioma,True,False
Training/glioma/Tr-gl_547.jpg,c_0235,Training,glioma,2,Testing|Training,glioma,True,False
Testing/glioma/Te-gl_292.jpg,c_0090,Testing,glioma,2,Testing|Training,glioma,True,False
Training/glioma/Tr-gl_1085.jpg,c_0090,Training,glioma,2,Testing|Training,glioma,True,False
Testing/glioma/Te-gl_293.jpg,c_0014,Testing,glioma,2,Testing,glioma,False,False
Testing/glioma/Te-gl_298.jpg,c_0014,Testing,glioma,2,Testing,glioma,False,False
Testing/glioma/Te-gl_294.jpg,c_0378,Testing,glioma,2,Testing|Training,glioma,True,False
Training/glioma/Tr-gl_955.jpg,c_0378,Training,glioma,2,Testing|Training,glioma,True,False
Testing/glioma/Te-gl_299.jpg,c_0183,Testing,glioma,4,Testing|Training,glioma,True,False
Testing/glioma/Te-gl_364.jpg,c_0183,Testing,glioma,4,Testing|Training,glioma,True,False
Training/glioma/Tr-gl_1207.jpg,c_0183,Training,glioma,4,Testing|Training,glioma,True,False
Training/glioma/Tr-gl_361.jpg,c_0183,Training,glioma,4,Testing|Training,glioma,True,False
Testing/glioma/Te-gl_301.jpg,c_0189,Testing,glioma,2,Testing|Training,glioma,True,False
Training/glioma/Tr-gl_396.jpg,c_0189,Training,glioma,2,Testing|Training,glioma,True,False
Testing/glioma/Te-gl_307.jpg,c_0031,Testing,glioma,2,Testing,glioma,False,False
Testing/glioma/Te-gl_95.jpg,c_0031,Testing,glioma,2,Testing,glioma,False,False
Testing/glioma/Te-gl_31.jpg,c_0153,Testing,glioma,2,Testing|Training,glioma,True,False
Training/glioma/Tr-gl_25.jpg,c_0153,Training,glioma,2,Testing|Training,glioma,True,False
Testing/glioma/Te-gl_311.jpg,c_0085,Testing,glioma,3,Testing|Training,glioma,True,False
Training/glioma/Tr-gl_1057.jpg,c_0085,Training,glioma,3,Testing|Training,glioma,True,False
Training/glioma/Tr-gl_1047.jpg,c_0085,Training,glioma,3,Testing|Training,glioma,True,False
Testing/glioma/Te-gl_312.jpg,c_0371,Testing,glioma,2,Testing|Training,glioma,True,False
Training/glioma/Tr-gl_934.jpg,c_0371,Training,glioma,2,Testing|Training,glioma,True,False
Testing/glioma/Te-gl_317.jpg,c_0212,Testing,glioma,2,Testing|Training,glioma,True,False
Training/glioma/Tr-gl_473.jpg,c_0212,Training,glioma,2,Testing|Training,glioma,True,False
Testing/glioma/Te-gl_319.jpg,c_0115,Testing,glioma,2,Testing|Training,glioma,True,False
Training/glioma/Tr-gl_133.jpg,c_0115,Training,glioma,2,Testing|Training,glioma,True,False
Testing/glioma/Te-gl_32.jpg,c_0027,Testing,glioma,2,Testing,glioma,False,False
Testing/glioma/Te-gl_389.jpg,c_0027,Testing,glioma,2,Testing,glioma,False,False
Testing/glioma/Te-gl_320.jpg,c_0021,Testing,glioma,2,Testing,glioma,False,False
Testing/glioma/Te-gl_340.jpg,c_0021,Testing,glioma,2,Testing,glioma,False,False
Testing/glioma/Te-gl_322.jpg,c_0181,Testing,glioma,2,Testing|Training,glioma,True,False
Training/glioma/Tr-gl_36.jpg,c_0181,Training,glioma,2,Testing|Training,glioma,True,False
Testing/glioma/Te-gl_325.jpg,c_0116,Testing,glioma,2,Testing|Training,glioma,True,False
Training/glioma/Tr-gl_1336.jpg,c_0116,Training,glioma,2,Testing|Training,glioma,True,False
Testing/glioma/Te-gl_33.jpg,c_0025,Testing,glioma,2,Testing,glioma,False,False
Testing/glioma/Te-gl_361.jpg,c_0025,Testing,glioma,2,Testing,glioma,False,False
Testing/glioma/Te-gl_333.jpg,c_0282,Testing,glioma,2,Testing|Training,glioma,True,False
Training/glioma/Tr-gl_687.jpg,c_0282,Training,glioma,2,Testing|Training,glioma,True,False
Testing/glioma/Te-gl_336.jpg,c_0298,Testing,glioma,2,Testing|Training,glioma,True,False
Training/glioma/Tr-gl_732.jpg,c_0298,Training,glioma,2,Testing|Training,glioma,True,False
Testing/glioma/Te-gl_339.jpg,c_0172,Testing,glioma,3,Testing|Training,glioma,True,False
Training/glioma/Tr-gl_121.jpg,c_0172,Training,glioma,3,Testing|Training,glioma,True,False
Training/glioma/Tr-gl_315.jpg,c_0172,Training,glioma,3,Testing|Training,glioma,True,False
Testing/glioma/Te-gl_346.jpg,c_0098,Testing,glioma,2,Testing|Training,glioma,True,False
Training/glioma/Tr-gl_1170.jpg,c_0098,Training,glioma,2,Testing|Training,glioma,True,False
Testing/glioma/Te-gl_348.jpg,c_0291,Testing,glioma,2,Testing|Training,glioma,True,False
Training/glioma/Tr-gl_707.jpg,c_0291,Training,glioma,2,Testing|Training,glioma,True,False
Testing/glioma/Te-gl_352.jpg,c_0195,Testing,glioma,2,Testing|Training,glioma,True,False
Training/glioma/Tr-gl_417.jpg,c_0195,Training,glioma,2,Testing|Training,glioma,True,False
Testing/glioma/Te-gl_353.jpg,c_0104,Testing,glioma,2,Testing|Training,glioma,True,False
Training/glioma/Tr-gl_1229.jpg,c_0104,Training,glioma,2,Testing|Training,glioma,True,False
Testing/glioma/Te-gl_355.jpg,c_0171,Testing,glioma,2,Testing|Training,glioma,True,False
Training/glioma/Tr-gl_313.jpg,c_0171,Training,glioma,2,Testing|Training,glioma,True,False
Testing/glioma/Te-gl_363.jpg,c_0354,Testing,glioma,2,Testing|Training,glioma,True,False
Training/glioma/Tr-gl_893.jpg,c_0354,Training,glioma,2,Testing|Training,glioma,True,False
Testing/glioma/Te-gl_365.jpg,c_0154,Testing,glioma,2,Testing|Training,glioma,True,False
Training/glioma/Tr-gl_259.jpg,c_0154,Training,glioma,2,Testing|Training,glioma,True,False
Testing/glioma/Te-gl_369.jpg,c_0111,Testing,glioma,2,Testing|Training,glioma,True,False
Training/glioma/Tr-gl_1279.jpg,c_0111,Training,glioma,2,Testing|Training,glioma,True,False
Testing/glioma/Te-gl_371.jpg,c_0094,Testing,glioma,2,Testing|Training,glioma,True,False
Training/glioma/Tr-gl_1135.jpg,c_0094,Training,glioma,2,Testing|Training,glioma,True,False
Testing/glioma/Te-gl_373.jpg,c_0028,Testing,glioma,2,Testing,glioma,False,False
Testing/glioma/Te-gl_48.jpg,c_0028,Testing,glioma,2,Testing,glioma,False,False
Testing/glioma/Te-gl_374.jpg,c_0159,Testing,glioma,2,Testing|Training,glioma,True,False
Training/glioma/Tr-gl_277.jpg,c_0159,Training,glioma,2,Testing|Training,glioma,True,False
Testing/glioma/Te-gl_377.jpg,c_0139,Testing,glioma,2,Testing|Training,glioma,True,False
Training/glioma/Tr-gl_181.jpg,c_0139,Training,glioma,2,Testing|Training,glioma,True,False
Testing/glioma/Te-gl_378.jpg,c_0084,Testing,glioma,2,Testing|Training,glioma,True,False
Training/glioma/Tr-gl_1045.jpg,c_0084,Training,glioma,2,Testing|Training,glioma,True,False
Testing/glioma/Te-gl_380.jpg,c_0327,Testing,glioma,2,Testing|Training,glioma,True,False
Training/glioma/Tr-gl_823.jpg,c_0327,Training,glioma,2,Testing|Training,glioma,True,False
Testing/glioma/Te-gl_384.jpg,c_0295,Testing,glioma,2,Testing|Training,glioma,True,False
Training/glioma/Tr-gl_720.jpg,c_0295,Training,glioma,2,Testing|Training,glioma,True,False
Testing/glioma/Te-gl_385.jpg,c_0343,Testing,glioma,2,Testing|Training,glioma,True,False
Training/glioma/Tr-gl_866.jpg,c_0343,Training,glioma,2,Testing|Training,glioma,True,False
Testing/glioma/Te-gl_387.jpg,c_0219,Testing,glioma,2,Testing|Training,glioma,True,False
Training/glioma/Tr-gl_506.jpg,c_0219,Training,glioma,2,Testing|Training,glioma,True,False
Testing/glioma/Te-gl_390.jpg,c_0372,Testing,glioma,2,Testing|Training,glioma,True,False
Training/glioma/Tr-gl_94.jpg,c_0372,Training,glioma,2,Testing|Training,glioma,True,False
Testing/glioma/Te-gl_392.jpg,c_0127,Testing,glioma,2,Testing|Training,glioma,True,False
Training/glioma/Tr-gl_1380.jpg,c_0127,Training,glioma,2,Testing|Training,glioma,True,False
Testing/glioma/Te-gl_393.jpg,c_0095,Testing,glioma,2,Testing|Training,glioma,True,False
Training/glioma/Tr-gl_1138.jpg,c_0095,Training,glioma,2,Testing|Training,glioma,True,False
Testing/glioma/Te-gl_396.jpg,c_0092,Testing,glioma,2,Testing|Training,glioma,True,False
Training/glioma/Tr-gl_1133.jpg,c_0092,Training,glioma,2,Testing|Training,glioma,True,False
Testing/glioma/Te-gl_398.jpg,c_0358,Testing,glioma,2,Testing|Training,glioma,True,False
Training/glioma/Tr-gl_900.jpg,c_0358,Training,glioma,2,Testing|Training,glioma,True,False
Testing/glioma/Te-gl_400.jpg,c_0267,Testing,glioma,2,Testing|Training,glioma,True,False
Training/glioma/Tr-gl_654.jpg,c_0267,Training,glioma,2,Testing|Training,glioma,True,False
Testing/glioma/Te-gl_44.jpg,c_0260,Testing,glioma,2,Testing|Training,glioma,True,False
Training/glioma/Tr-gl_625.jpg,c_0260,Training,glioma,2,Testing|Training,glioma,True,False
Testing/glioma/Te-gl_45.jpg,c_0032,Testing,glioma,2,Testing,glioma,False,False
Testing/glioma/Te-gl_96.jpg,c_0032,Testing,glioma,2,Testing,glioma,False,False
Testing/glioma/Te-gl_5.jpg,c_0233,Testing,glioma,2,Testing|Training,glioma,True,False
Training/glioma/Tr-gl_544.jpg,c_0233,Training,glioma,2,Testing|Training,glioma,True,False
Testing/glioma/Te-gl_60.jpg,c_0097,Testing,glioma,2,Testing|Training,glioma,True,False
Training/glioma/Tr-gl_1151.jpg,c_0097,Training,glioma,2,Testing|Training,glioma,True,False
Testing/glioma/Te-gl_61.jpg,c_0315,Testing,glioma,2,Testing|Training,glioma,True,False
Training/glioma/Tr-gl_78.jpg,c_0315,Training,glioma,2,Testing|Training,glioma,True,False
Testing/glioma/Te-gl_63.jpg,c_0124,Testing,glioma,2,Testing|Training,glioma,True,False
Training/glioma/Tr-gl_137.jpg,c_0124,Training,glioma,2,Testing|Training,glioma,True,False
Testing/glioma/Te-gl_64.jpg,c_0271,Testing,glioma,2,Testing|Training,glioma,True,False
Training/glioma/Tr-gl_662.jpg,c_0271,Training,glioma,2,Testing|Training,glioma,True,False
Testing/glioma/Te-gl_68.jpg,c_0039,Testing,glioma,7,Testing|Training,glioma|meningioma,True,True
Training/meningioma/Tr-me_468.jpg,c_0039,Training,meningioma,7,Testing|Training,glioma|meningioma,True,True
Testing/meningioma/Te-me_50.jpg,c_0039,Testing,meningioma,7,Testing|Training,glioma|meningioma,True,True
Training/meningioma/Tr-me_714.jpg,c_0039,Training,meningioma,7,Testing|Training,glioma|meningioma,True,True
Testing/meningioma/Te-me_61.jpg,c_0039,Testing,meningioma,7,Testing|Training,glioma|meningioma,True,True
Training/meningioma/Tr-me_458.jpg,c_0039,Training,meningioma,7,Testing|Training,glioma|meningioma,True,True
Testing/meningioma/Te-me_96.jpg,c_0039,Testing,meningioma,7,Testing|Training,glioma|meningioma,True,True
Testing/glioma/Te-gl_70.jpg,c_0299,Testing,glioma,2,Testing|Training,glioma,True,False
Training/glioma/Tr-gl_734.jpg,c_0299,Training,glioma,2,Testing|Training,glioma,True,False
Testing/glioma/Te-gl_71.jpg,c_0135,Testing,glioma,2,Testing|Training,glioma,True,False
Training/glioma/Tr-gl_164.jpg,c_0135,Training,glioma,2,Testing|Training,glioma,True,False
Testing/glioma/Te-gl_75.jpg,c_0385,Testing,glioma,2,Testing|Training,glioma,True,False
Training/glioma/Tr-gl_988.jpg,c_0385,Training,glioma,2,Testing|Training,glioma,True,False
Testing/glioma/Te-gl_77.jpg,c_0349,Testing,glioma,2,Testing|Training,glioma,True,False
Training/glioma/Tr-gl_881.jpg,c_0349,Training,glioma,2,Testing|Training,glioma,True,False
Testing/glioma/Te-gl_8.jpg,c_0087,Testing,glioma,2,Testing|Training,glioma,True,False
Training/glioma/Tr-gl_1069.jpg,c_0087,Training,glioma,2,Testing|Training,glioma,True,False
Testing/glioma/Te-gl_81.jpg,c_0333,Testing,glioma,2,Testing|Training,glioma,True,False
Training/glioma/Tr-gl_837.jpg,c_0333,Training,glioma,2,Testing|Training,glioma,True,False
Testing/glioma/Te-gl_88.jpg,c_0239,Testing,glioma,2,Testing|Training,glioma,True,False
Training/glioma/Tr-gl_555.jpg,c_0239,Training,glioma,2,Testing|Training,glioma,True,False
Testing/glioma/Te-gl_9.jpg,c_0255,Testing,glioma,2,Testing|Training,glioma,True,False
Training/glioma/Tr-gl_612.jpg,c_0255,Training,glioma,2,Testing|Training,glioma,True,False
Testing/meningioma/Te-aug-me_1.jpg,c_0483,Testing,meningioma,2,Testing|Training,meningioma,True,False
Training/meningioma/Tr-me_1285.jpg,c_0483,Training,meningioma,2,Testing|Training,meningioma,True,False
Testing/meningioma/Te-aug-me_18.jpg,c_0467,Testing,meningioma,3,Testing|Training,meningioma,True,False
Testing/meningioma/Te-me_107.jpg,c_0467,Testing,meningioma,3,Testing|Training,meningioma,True,False
Training/meningioma/Tr-me_1254.jpg,c_0467,Training,meningioma,3,Testing|Training,meningioma,True,False
Testing/meningioma/Te-aug-me_38.jpg,c_0477,Testing,meningioma,3,Testing|Training,meningioma,True,False
Testing/meningioma/Te-me_289.jpg,c_0477,Testing,meningioma,3,Testing|Training,meningioma,True,False
Training/meningioma/Tr-me_1270.jpg,c_0477,Training,meningioma,3,Testing|Training,meningioma,True,False
Testing/meningioma/Te-aug-me_39.jpg,c_0789,Testing,meningioma,4,Testing|Training,meningioma,True,False
Training/meningioma/Tr-aug-me_68.jpg,c_0789,Training,meningioma,4,Testing|Training,meningioma,True,False
Training/meningioma/Tr-me_172.jpg,c_0789,Training,meningioma,4,Testing|Training,meningioma,True,False
Training/meningioma/Tr-me_636.jpg,c_0789,Training,meningioma,4,Testing|Training,meningioma,True,False
Testing/meningioma/Te-aug-me_41.jpg,c_0525,Testing,meningioma,3,Testing|Training,meningioma,True,False
Training/meningioma/Tr-me_189.jpg,c_0525,Training,meningioma,3,Testing|Training,meningioma,True,False
Training/meningioma/Tr-me_203.jpg,c_0525,Training,meningioma,3,Testing|Training,meningioma,True,False
Testing/meningioma/Te-aug-me_44.jpg,c_1014,Testing,meningioma,3,Testing|Training,meningioma,True,False
Training/meningioma/Tr-me_524.jpg,c_1014,Training,meningioma,3,Testing|Training,meningioma,True,False
Training/meningioma/Tr-me_903.jpg,c_1014,Training,meningioma,3,Testing|Training,meningioma,True,False
Testing/meningioma/Te-aug-me_74.jpg,c_0498,Testing,meningioma,3,Testing|Training,meningioma,True,False
Training/meningioma/Tr-me_1258.jpg,c_0498,Training,meningioma,3,Testing|Training,meningioma,True,False
Testing/meningioma/Te-aug-me_77.jpg,c_0389,Testing,meningioma,2,Testing|Training,meningioma,True,False
Training/meningioma/Tr-aug-me_88.jpg,c_0389,Training,meningioma,2,Testing|Training,meningioma,True,False
Testing/meningioma/Te-aug-me_81.jpg,c_0569,Testing,meningioma,5,Testing|Training,meningioma,True,False
Training/meningioma/Tr-me_814.jpg,c_0569,Training,meningioma,5,Testing|Training,meningioma,True,False
Training/meningioma/Tr-me_218.jpg,c_0569,Training,meningioma,5,Testing|Training,meningioma,True,False
Testing/meningioma/Te-aug-me_83.jpg,c_0614,Testing,meningioma,3,Testing|Training,meningioma,True,False
Training/meningioma/Tr-me_885.jpg,c_0614,Training,meningioma,3,Testing|Training,meningioma,True,False
Training/meningioma/Tr-me_377.jpg,c_0614,Training,meningioma,3,Testing|Training,meningioma,True,False
Testing/meningioma/Te-aug-me_84.jpg,c_0393,Testing,meningioma,3,Testing|Training,meningioma,True,False
Training/meningioma/Tr-me_817.jpg,c_0393,Training,meningioma,3,Testing|Training,meningioma,True,False
Training/meningioma/Tr-me_103.jpg,c_0393,Training,meningioma,3,Testing|Training,meningioma,True,False
Testing/meningioma/Te-aug-me_86.jpg,c_0390,Testing,meningioma,3,Testing|Training,meningioma,True,False
Training/meningioma/Tr-me_10.jpg,c_0390,Training,meningioma,3,Testing|Training,meningioma,True,False
Testing/meningioma/Te-aug-me_87.jpg,c_0420,Testing,meningioma,3,Testing|Training,meningioma,True,False
Testing/meningioma/Te-me_257.jpg,c_0420,Testing,meningioma,3,Testing|Training,meningioma,True,False
Training/meningioma/Tr-me_1126.jpg,c_0420,Training,meningioma,3,Testing|Training,meningioma,True,False
Testing/meningioma/Te-aug-me_91.jpg,c_1010,Testing,meningioma,3,Testing|Training,meningioma,True,False
Training/meningioma/Tr-me_1068.jpg,c_1010,Training,meningioma,3,Testing|Training,meningioma,True,False
Testing/meningioma/Te-aug-me_97.jpg,c_0913,Testing,meningioma,3,Testing|Training,meningioma,True,False
Testing/meningioma/Te-me_283.jpg,c_0913,Testing,meningioma,3,Testing|Training,meningioma,True,False
Training/meningioma/Tr-me_79.jpg,c_0913,Training,meningioma,3,Testing|Training,meningioma,True,False
Testing/meningioma/Te-me_1.jpg,c_0606,Testing,meningioma,2,Testing|Training,meningioma,True,False
Training/meningioma/Tr-me_36.jpg,c_0606,Training,meningioma,2,Testing|Training,meningioma,True,False
Testing/meningioma/Te-me_10.jpg,c_0975,Testing,meningioma,2,Testing|Training,meningioma,True,False
Training/meningioma/Tr-me_861.jpg,c_0975,Training,meningioma,2,Testing|Training,meningioma,True,False
Testing/meningioma/Te-me_100.jpg,c_1060,Testing,meningioma,2,Testing|Training,meningioma,True,False
Training/meningioma/Tr-me_952.jpg,c_1060,Training,meningioma,2,Testing|Training,meningioma,True,False
Testing/meningioma/Te-me_101.jpg,c_0636,Testing,meningioma,2,Testing|Training,meningioma,True,False
Training/meningioma/Tr-me_404.jpg,c_0636,Training,meningioma,2,Testing|Training,meningioma,True,False
Testing/meningioma/Te-me_102.jpg,c_0950,Testing,meningioma,2,Testing|Training,meningioma,True,False
Training/meningioma/Tr-me_832.jpg,c_0950,Training,meningioma,2,Testing|Training,meningioma,True,False
Testing/meningioma/Te-me_103.jpg,c_0597,Testing,meningioma,2,Testing|Training,meningioma,True,False
Training/meningioma/Tr-me_342.jpg,c_0597,Training,meningioma,2,Testing|Training,meningioma,True,False
Testing/meningioma/Te-me_104.jpg,c_0500,Testing,meningioma,2,Testing|Training,meningioma,True,False
Training/meningioma/Tr-me_147.jpg,c_0500,Training,meningioma,2,Testing|Training,meningioma,True,False
Testing/meningioma/Te-me_105.jpg,c_0714,Testing,meningioma,2,Testing|Training,meningioma,True,False
Training/meningioma/Tr-me_530.jpg,c_0714,Training,meningioma,2,Testing|Training,meningioma,True,False
Testing/meningioma/Te-me_106.jpg,c_0637,Testing,meningioma,2,Testing|Training,meningioma,True,False
Training/meningioma/Tr-me_405.jpg,c_0637,Training,meningioma,2,Testing|Training,meningioma,True,False
Testing/meningioma/Te-me_108.jpg,c_1087,Testing,meningioma,2,Testing|Training,meningioma,True,False
Training/meningioma/Tr-me_98.jpg,c_1087,Training,meningioma,2,Testing|Training,meningioma,True,False
Testing/meningioma/Te-me_109.jpg,c_0987,Testing,meningioma,2,Testing|Training,meningioma,True,False
Training/meningioma/Tr-me_877.jpg,c_0987,Training,meningioma,2,Testing|Training,meningioma,True,False
Testing/meningioma/Te-me_11.jpg,c_0738,Testing,meningioma,4,Testing|Training,meningioma,True,False
Training/meningioma/Tr-me_1152.jpg,c_0738,Training,meningioma,4,Testing|Training,meningioma,True,False
Training/meningioma/Tr-me_358.jpg,c_0738,Training,meningioma,4,Testing|Training,meningioma,True,False
Testing/meningioma/Te-me_110.jpg,c_0846,Testing,meningioma,2,Testing|Training,meningioma,True,False
Training/meningioma/Tr-me_708.jpg,c_0846,Training,meningioma,2,Testing|Training,meningioma,True,False
Testing/meningioma/Te-me_111.jpg,c_0411,Testing,meningioma,4,Testing|Training,meningioma,True,False
Testing/meningioma/Te-me_174.jpg,c_0411,Testing,meningioma,4,Testing|Training,meningioma,True,False
Training/meningioma/Tr-me_865.jpg,c_0411,Training,meningioma,4,Testing|Training,meningioma,True,False
Training/meningioma/Tr-me_110.jpg,c_0411,Training,meningioma,4,Testing|Training,meningioma,True,False
Testing/meningioma/Te-me_112.jpg,c_0555,Testing,meningioma,2,Testing|Training,meningioma,True,False
Training/meningioma/Tr-me_261.jpg,c_0555,Training,meningioma,2,Testing|Training,meningioma,True,False
Testing/meningioma/Te-me_113.jpg,c_1069,Testing,meningioma,2,Testing|Training,meningioma,True,False
Training/meningioma/Tr-me_962.jpg,c_1069,Training,meningioma,2,Testing|Training,meningioma,True,False
Testing/meningioma/Te-me_114.jpg,c_0475,Testing,meningioma,2,Testing|Training,meningioma,True,False
Training/meningioma/Tr-me_1269.jpg,c_0475,Training,meningioma,2,Testing|Training,meningioma,True,False
Testing/meningioma/Te-me_115.jpg,c_0052,Testing,meningioma,2,Testing,meningioma|pituitary,False,True
Testing/pituitary/Te-pi_206.jpg,c_0052,Testing,pituitary,2,Testing,meningioma|pituitary,False,True
Testing/meningioma/Te-me_116.jpg,c_0973,Testing,meningioma,5,Testing|Training,meningioma,True,False
Training/meningioma/Tr-me_534.jpg,c_0973,Training,meningioma,5,Testing|Training,meningioma,True,False
Testing/meningioma/Te-me_235.jpg,c_0973,Testing,meningioma,5,Testing|Training,meningioma,True,False
Training/meningioma/Tr-me_339.jpg,c_0973,Training,meningioma,5,Testing|Training,meningioma,True,False
Training/meningioma/Tr-me_86.jpg,c_0973,Training,meningioma,5,Testing|Training,meningioma,True,False
Testing/meningioma/Te-me_117.jpg,c_0960,Testing,meningioma,2,Testing|Training,meningioma,True,False
Training/meningioma/Tr-me_846.jpg,c_0960,Training,meningioma,2,Testing|Training,meningioma,True,False
Testing/meningioma/Te-me_118.jpg,c_0713,Testing,meningioma,2,Testing|Training,meningioma,True,False
Training/meningioma/Tr-me_528.jpg,c_0713,Training,meningioma,2,Testing|Training,meningioma,True,False
Testing/meningioma/Te-me_119.jpg,c_0575,Testing,meningioma,2,Testing|Training,meningioma,True,False
Training/meningioma/Tr-me_294.jpg,c_0575,Training,meningioma,2,Testing|Training,meningioma,True,False
Testing/meningioma/Te-me_12.jpg,c_0955,Testing,meningioma,2,Testing|Training,meningioma,True,False
Training/meningioma/Tr-me_840.jpg,c_0955,Training,meningioma,2,Testing|Training,meningioma,True,False
Testing/meningioma/Te-me_120.jpg,c_1001,Testing,meningioma,2,Testing|Training,meningioma,True,False
Training/meningioma/Tr-me_890.jpg,c_1001,Training,meningioma,2,Testing|Training,meningioma,True,False
Testing/meningioma/Te-me_121.jpg,c_0844,Testing,meningioma,2,Testing|Training,meningioma,True,False
Training/meningioma/Tr-me_706.jpg,c_0844,Training,meningioma,2,Testing|Training,meningioma,True,False
Testing/meningioma/Te-me_122.jpg,c_1095,Testing,meningioma,2,Testing|Training,meningioma,True,False
Training/meningioma/Tr-me_988.jpg,c_1095,Training,meningioma,2,Testing|Training,meningioma,True,False
Testing/meningioma/Te-me_123.jpg,c_0612,Testing,meningioma,2,Testing|Training,meningioma,True,False
Training/meningioma/Tr-me_372.jpg,c_0612,Training,meningioma,2,Testing|Training,meningioma,True,False
Testing/meningioma/Te-me_124.jpg,c_0851,Testing,meningioma,2,Testing|Training,meningioma,True,False
Training/meningioma/Tr-me_716.jpg,c_0851,Training,meningioma,2,Testing|Training,meningioma,True,False
Testing/meningioma/Te-me_125.jpg,c_0481,Testing,meningioma,2,Testing|Training,meningioma,True,False
Training/meningioma/Tr-me_1282.jpg,c_0481,Training,meningioma,2,Testing|Training,meningioma,True,False
Testing/meningioma/Te-me_126.jpg,c_0959,Testing,meningioma,2,Testing|Training,meningioma,True,False
Training/meningioma/Tr-me_845.jpg,c_0959,Training,meningioma,2,Testing|Training,meningioma,True,False
Testing/meningioma/Te-me_127.jpg,c_0528,Testing,meningioma,2,Testing|Training,meningioma,True,False
Training/meningioma/Tr-me_208.jpg,c_0528,Training,meningioma,2,Testing|Training,meningioma,True,False
Testing/meningioma/Te-me_128.jpg,c_0761,Testing,meningioma,2,Testing|Training,meningioma,True,False
Training/meningioma/Tr-me_605.jpg,c_0761,Training,meningioma,2,Testing|Training,meningioma,True,False
Testing/meningioma/Te-me_130.jpg,c_0755,Testing,meningioma,4,Testing|Training,meningioma,True,False
Training/meningioma/Tr-me_871.jpg,c_0755,Training,meningioma,4,Testing|Training,meningioma,True,False
Testing/meningioma/Te-me_240.jpg,c_0755,Testing,meningioma,4,Testing|Training,meningioma,True,False
Training/meningioma/Tr-me_593.jpg,c_0755,Training,meningioma,4,Testing|Training,meningioma,True,False
Testing/meningioma/Te-me_131.jpg,c_0662,Testing,meningioma,2,Testing|Training,meningioma,True,False
Training/meningioma/Tr-me_452.jpg,c_0662,Training,meningioma,2,Testing|Training,meningioma,True,False
Testing/meningioma/Te-me_132.jpg,c_0517,Testing,meningioma,2,Testing|Training,meningioma,True,False
Training/meningioma/Tr-me_192.jpg,c_0517,Training,meningioma,2,Testing|Training,meningioma,True,False
Testing/meningioma/Te-me_133.jpg,c_0490,Testing,meningioma,2,Testing|Training,meningioma,True,False
Training/meningioma/Tr-me_1296.jpg,c_0490,Training,meningioma,2,Testing|Training,meningioma,True,False
Testing/meningioma/Te-me_134.jpg,c_0786,Testing,meningioma,2,Testing|Training,meningioma,True,False
Training/meningioma/Tr-me_633.jpg,c_0786,Training,meningioma,2,Testing|Training,meningioma,True,False
Testing/meningioma/Te-me_135.jpg,c_0624,Testing,meningioma,2,Testing|Training,meningioma,True,False
Training/meningioma/Tr-me_39.jpg,c_0624,Training,meningioma,2,Testing|Training,meningioma,True,False
Testing/meningioma/Te-me_136.jpg,c_0785,Testing,meningioma,2,Testing|Training,meningioma,True,False
Training/meningioma/Tr-me_632.jpg,c_0785,Training,meningioma,2,Testing|Training,meningioma,True,False
Testing/meningioma/Te-me_137.jpg,c_0810,Testing,meningioma,2,Testing|Training,meningioma,True,False
Training/meningioma/Tr-me_666.jpg,c_0810,Training,meningioma,2,Testing|Training,meningioma,True,False
Testing/meningioma/Te-me_138.jpg,c_0731,Testing,meningioma,2,Testing|Training,meningioma,True,False
Training/meningioma/Tr-me_557.jpg,c_0731,Training,meningioma,2,Testing|Training,meningioma,True,False
Testing/meningioma/Te-me_14.jpg,c_0505,Testing,meningioma,2,Testing|Training,meningioma,True,False
Training/meningioma/Tr-me_157.jpg,c_0505,Training,meningioma,2,Testing|Training,meningioma,True,False
Testing/meningioma/Te-me_140.jpg,c_0436,Testing,meningioma,2,Testing|Training,meningioma,True,False
Training/meningioma/Tr-me_1167.jpg,c_0436,Training,meningioma,2,Testing|Training,meningioma,True,False
Testing/meningioma/Te-me_141.jpg,c_1024,Testing,meningioma,2,Testing|Training,meningioma,True,False
Training/meningioma/Tr-me_914.jpg,c_1024,Training,meningioma,2,Testing|Training,meningioma,True,False
Testing/meningioma/Te-me_142.jpg,c_0397,Testing,meningioma,2,Testing|Training,meningioma,True,False
Training/meningioma/Tr-me_1041.jpg,c_0397,Training,meningioma,2,Testing|Training,meningioma,True,False
Testing/meningioma/Te-me_143.jpg,c_0454,Testing,meningioma,2,Testing|Training,meningioma,True,False
Training/meningioma/Tr-me_1220.jpg,c_0454,Training,meningioma,2,Testing|Training,meningioma,True,False
Testing/meningioma/Te-me_144.jpg,c_0739,Testing,meningioma,2,Testing|Training,meningioma,True,False
Training/meningioma/Tr-me_567.jpg,c_0739,Training,meningioma,2,Testing|Training,meningioma,True,False
Testing/meningioma/Te-me_145.jpg,c_0529,Testing,meningioma,2,Testing|Training,meningioma,True,False
Training/meningioma/Tr-me_21.jpg,c_0529,Training,meningioma,2,Testing|Training,meningioma,True,False
Testing/meningioma/Te-me_146.jpg,c_0388,Testing,meningioma,3,Testing|Training,meningioma,True,False
Training/meningioma/Tr-me_1076.jpg,c_0388,Training,meningioma,3,Testing|Training,meningioma,True,False
Training/meningioma/Tr-aug-me_1.jpg,c_0388,Training,meningioma,3,Testing|Training,meningioma,True,False
Testing/meningioma/Te-me_147.jpg,c_0724,Testing,meningioma,2,Testing|Training,meningioma,True,False
Training/meningioma/Tr-me_549.jpg,c_0724,Training,meningioma,2,Testing|Training,meningioma,True,False
Testing/meningioma/Te-me_148.jpg,c_0037,Testing,meningioma,2,Testing,meningioma,False,False
Testing/meningioma/Te-me_47.jpg,c_0037,Testing,meningioma,2,Testing,meningioma,False,False
Testing/meningioma/Te-me_149.jpg,c_1067,Testing,meningioma,2,Testing|Training,meningioma,True,False
Training/meningioma/Tr-me_960.jpg,c_1067,Training,meningioma,2,Testing|Training,meningioma,True,False
Testing/meningioma/Te-me_15.jpg,c_0877,Testing,meningioma,2,Testing|Training,meningioma,True,False
Training/meningioma/Tr-me_75.jpg,c_0877,Training,meningioma,2,Testing|Training,meningioma,True,False
Testing/meningioma/Te-me_150.jpg,c_0803,Testing,meningioma,2,Testing|Training,meningioma,True,False
Training/meningioma/Tr-me_656.jpg,c_0803,Training,meningioma,2,Testing|Training,meningioma,True,False
Testing/meningioma/Te-me_151.jpg,c_0395,Testing,meningioma,2,Testing|Training,meningioma,True,False
Training/meningioma/Tr-me_1038.jpg,c_0395,Training,meningioma,2,Testing|Training,meningioma,True,False
Testing/meningioma/Te-me_152.jpg,c_0933,Testing,meningioma,4,Testing|Training,meningioma,True,False
Training/meningioma/Tr-me_959.jpg,c_0933,Training,meningioma,4,Testing|Training,meningioma,True,False
Training/meningioma/Tr-me_586.jpg,c_0933,Training,meningioma,4,Testing|Training,meningioma,True,False
Training/meningioma/Tr-me_810.jpg,c_0933,Training,meningioma,4,Testing|Training,meningioma,True,False
Testing/meningioma/Te-me_153.jpg,c_0696,Testing,meningioma,2,Testing|Training,meningioma,True,False
Training/meningioma/Tr-me_502.jpg,c_0696,Training,meningioma,2,Testing|Training,meningioma,True,False
Testing/meningioma/Te-me_154.jpg,c_0627,Testing,meningioma,2,Testing|Training,meningioma,True,False
Training/meningioma/Tr-me_395.jpg,c_0627,Training,meningioma,2,Testing|Training,meningioma,True,False
Testing/meningioma/Te-me_155.jpg,c_0429,Testing,meningioma,2,Testing|Training,meningioma,True,False
Training/meningioma/Tr-me_1150.jpg,c_0429,Training,meningioma,2,Testing|Training,meningioma,True,False
Testing/meningioma/Te-me_156.jpg,c_1064,Testing,meningioma,2,Testing|Training,meningioma,True,False
Training/meningioma/Tr-me_957.jpg,c_1064,Training,meningioma,2,Testing|Training,meningioma,True,False
Testing/meningioma/Te-me_157.jpg,c_0398,Testing,meningioma,4,Testing|Training,meningioma,True,False
Training/meningioma/Tr-me_238.jpg,c_0398,Training,meningioma,4,Testing|Training,meningioma,True,False
Testing/meningioma/Te-me_230.jpg,c_0398,Testing,meningioma,4,Testing|Training,meningioma,True,False
Training/meningioma/Tr-me_1044.jpg,c_0398,Training,meningioma,4,Testing|Training,meningioma,True,False
Testing/meningioma/Te-me_158.jpg,c_0445,Testing,meningioma,2,Testing|Training,meningioma,True,False
Training/meningioma/Tr-me_1194.jpg,c_0445,Training,meningioma,2,Testing|Training,meningioma,True,False
Testing/meningioma/Te-me_16.jpg,c_0404,Testing,meningioma,2,Testing|Training,meningioma,True,False
Training/meningioma/Tr-me_1075.jpg,c_0404,Training,meningioma,2,Testing|Training,meningioma,True,False
Testing/meningioma/Te-me_160.jpg,c_0807,Testing,meningioma,4,Testing|Training,meningioma,True,False
Training/meningioma/Tr-me_296.jpg,c_0807,Training,meningioma,4,Testing|Training,meningioma,True,False
Training/meningioma/Tr-me_660.jpg,c_0807,Training,meningioma,4,Testing|Training,meningioma,True,False
Testing/meningioma/Te-me_161.jpg,c_0547,Testing,meningioma,2,Testing|Training,meningioma,True,False
Training/meningioma/Tr-me_242.jpg,c_0547,Training,meningioma,2,Testing|Training,meningioma,True,False
Testing/meningioma/Te-me_162.jpg,c_0884,Testing,meningioma,2,Testing|Training,meningioma,True,False
Training/meningioma/Tr-me_758.jpg,c_0884,Training,meningioma,2,Testing|Training,meningioma,True,False
Testing/meningioma/Te-me_163.jpg,c_0432,Testing,meningioma,2,Testing|Training,meningioma,True,False
Training/meningioma/Tr-me_1160.jpg,c_0432,Training,meningioma,2,Testing|Training,meningioma,True,False
Testing/meningioma/Te-me_164.jpg,c_0519,Testing,meningioma,2,Testing|Training,meningioma,True,False
Training/meningioma/Tr-me_197.jpg,c_0519,Training,meningioma,2,Testing|Training,meningioma,True,False
Testing/meningioma/Te-me_165.jpg,c_0413,Testing,meningioma,2,Testing|Training,meningioma,True,False
Training/meningioma/Tr-me_1112.jpg,c_0413,Training,meningioma,2,Testing|Training,meningioma,True,False
Testing/meningioma/Te-me_166.jpg,c_0911,Testing,meningioma,2,Testing|Training,meningioma,True,False
Training/meningioma/Tr-me_788.jpg,c_0911,Training,meningioma,2,Testing|Training,meningioma,True,False
Testing/meningioma/Te-me_167.jpg,c_0546,Testing,meningioma,2,Testing|Training,meningioma,True,False
Training/meningioma/Tr-me_239.jpg,c_0546,Training,meningioma,2,Testing|Training,meningioma,True,False
Testing/meningioma/Te-me_168.jpg,c_0447,Testing,meningioma,2,Testing|Training,meningioma,True,False
Training/meningioma/Tr-me_12.jpg,c_0447,Training,meningioma,2,Testing|Training,meningioma,True,False
Testing/meningioma/Te-me_17.jpg,c_0508,Testing,meningioma,2,Testing|Training,meningioma,True,False
Training/meningioma/Tr-me_163.jpg,c_0508,Training,meningioma,2,Testing|Training,meningioma,True,False
Testing/meningioma/Te-me_170.jpg,c_0925,Testing,meningioma,2,Testing|Training,meningioma,True,False
Training/meningioma/Tr-me_803.jpg,c_0925,Training,meningioma,2,Testing|Training,meningioma,True,False
Testing/meningioma/Te-me_171.jpg,c_0663,Testing,meningioma,2,Testing|Training,meningioma,True,False
Training/meningioma/Tr-me_453.jpg,c_0663,Training,meningioma,2,Testing|Training,meningioma,True,False
Testing/meningioma/Te-me_172.jpg,c_0559,Testing,meningioma,2,Testing|Training,meningioma,True,False
Training/meningioma/Tr-me_269.jpg,c_0559,Training,meningioma,2,Testing|Training,meningioma,True,False
Testing/meningioma/Te-me_173.jpg,c_0602,Testing,meningioma,2,Testing|Training,meningioma,True,False
Training/meningioma/Tr-me_353.jpg,c_0602,Training,meningioma,2,Testing|Training,meningioma,True,False
Testing/meningioma/Te-me_175.jpg,c_0865,Testing,meningioma,2,Testing|Training,meningioma,True,False
Training/meningioma/Tr-me_737.jpg,c_0865,Training,meningioma,2,Testing|Training,meningioma,True,False
Testing/meningioma/Te-me_177.jpg,c_0604,Testing,meningioma,2,Testing|Training,meningioma,True,False
Training/meningioma/Tr-me_357.jpg,c_0604,Training,meningioma,2,Testing|Training,meningioma,True,False
Testing/meningioma/Te-me_178.jpg,c_0409,Testing,meningioma,2,Testing|Training,meningioma,True,False
Training/meningioma/Tr-me_1098.jpg,c_0409,Training,meningioma,2,Testing|Training,meningioma,True,False
Testing/meningioma/Te-me_179.jpg,c_0651,Testing,meningioma,4,Testing|Training,meningioma,True,False
Testing/meningioma/Te-me_198.jpg,c_0651,Testing,meningioma,4,Testing|Training,meningioma,True,False
Training/meningioma/Tr-me_561.jpg,c_0651,Training,meningioma,4,Testing|Training,meningioma,True,False
Training/meningioma/Tr-me_432.jpg,c_0651,Training,meningioma,4,Testing|Training,meningioma,True,False
Testing/meningioma/Te-me_18.jpg,c_0591,Testing,meningioma,2,Testing|Training,meningioma,True,False
Training/meningioma/Tr-me_331.jpg,c_0591,Training,meningioma,2,Testing|Training,meningioma,True,False
Testing/meningioma/Te-me_180.jpg,c_0770,Testing,meningioma,2,Testing|Training,meningioma,True,False
Training/meningioma/Tr-me_616.jpg,c_0770,Training,meningioma,2,Testing|Training,meningioma,True,False
Testing/meningioma/Te-me_181.jpg,c_0854,Testing,meningioma,2,Testing|Training,meningioma,True,False
Training/meningioma/Tr-me_720.jpg,c_0854,Training,meningioma,2,Testing|Training,meningioma,True,False
Testing/meningioma/Te-me_182.jpg,c_0036,Testing,meningioma,2,Testing,meningioma,False,False
Testing/meningioma/Te-me_45.jpg,c_0036,Testing,meningioma,2,Testing,meningioma,False,False
Testing/meningioma/Te-me_183.jpg,c_0831,Testing,meningioma,2,Testing|Training,meningioma,True,False
Training/meningioma/Tr-me_695.jpg,c_0831,Training,meningioma,2,Testing|Training,meningioma,True,False
Testing/meningioma/Te-me_184.jpg,c_0515,Testing,meningioma,2,Testing|Training,meningioma,True,False
Training/meningioma/Tr-me_19.jpg,c_0515,Training,meningioma,2,Testing|Training,meningioma,True,False
Testing/meningioma/Te-me_185.jpg,c_0520,Testing,meningioma,2,Testing|Training,meningioma,True,False
Training/meningioma/Tr-me_198.jpg,c_0520,Training,meningioma,2,Testing|Training,meningioma,True,False
Testing/meningioma/Te-me_187.jpg,c_0707,Testing,meningioma,2,Testing|Training,meningioma,True,False
Training/meningioma/Tr-me_52.jpg,c_0707,Training,meningioma,2,Testing|Training,meningioma,True,False
Testing/meningioma/Te-me_188.jpg,c_1051,Testing,meningioma,4,Testing|Training,meningioma,True,False
Training/meningioma/Tr-me_599.jpg,c_1051,Training,meningioma,4,Testing|Training,meningioma,True,False
Training/meningioma/Tr-me_462.jpg,c_1051,Training,meningioma,4,Testing|Training,meningioma,True,False
Testing/meningioma/Te-me_189.jpg,c_0451,Testing,meningioma,2,Testing|Training,meningioma,True,False
Training/meningioma/Tr-me_1206.jpg,c_0451,Training,meningioma,2,Testing|Training,meningioma,True,False
Testing/meningioma/Te-me_19.jpg,c_0895,Testing,meningioma,2,Testing|Training,meningioma,True,False
Training/meningioma/Tr-me_771.jpg,c_0895,Training,meningioma,2,Testing|Training,meningioma,True,False
Testing/meningioma/Te-me_190.jpg,c_0673,Testing,meningioma,2,Testing|Training,meningioma,True,False
Training/meningioma/Tr-me_472.jpg,c_0673,Training,meningioma,2,Testing|Training,meningioma,True,False
Testing/meningioma/Te-me_192.jpg,c_0416,Testing,meningioma,2,Testing|Training,meningioma,True,False
Training/meningioma/Tr-me_1117.jpg,c_0416,Training,meningioma,2,Testing|Training,meningioma,True,False
Testing/meningioma/Te-me_194.jpg,c_0901,Testing,meningioma,2,Testing|Training,meningioma,True,False
Training/meningioma/Tr-me_779.jpg,c_0901,Training,meningioma,2,Testing|Training,meningioma,True,False
Testing/meningioma/Te-me_195.jpg,c_0577,Testing,meningioma,2,Testing|Training,meningioma,True,False
Training/meningioma/Tr-me_3.jpg,c_0577,Training,meningioma,2,Testing|Training,meningioma,True,False
Testing/meningioma/Te-me_196.jpg,c_0401,Testing,meningioma,2,Testing|Training,meningioma,True,False
Training/meningioma/Tr-me_1049.jpg,c_0401,Training,meningioma,2,Testing|Training,meningioma,True,False
Testing/meningioma/Te-me_197.jpg,c_0653,Testing,meningioma,2,Testing|Training,meningioma,True,False
Training/meningioma/Tr-me_437.jpg,c_0653,Training,meningioma,2,Testing|Training,meningioma,True,False
Testing/meningioma/Te-me_199.jpg,c_0459,Testing,meningioma,2,Testing|Training,meningioma,True,False
Training/meningioma/Tr-me_124.jpg,c_0459,Training,meningioma,2,Testing|Training,meningioma,True,False
Testing/meningioma/Te-me_2.jpg,c_0721,Testing,meningioma,5,Testing|Training,meningioma,True,False
Training/meningioma/Tr-me_726.jpg,c_0721,Training,meningioma,5,Testing|Training,meningioma,True,False
Testing/meningioma/Te-me_252.jpg,c_0721,Testing,meningioma,5,Testing|Training,meningioma,True,False
Training/meningioma/Tr-me_1069.jpg,c_0721,Training,meningioma,5,Testing|Training,meningioma,True,False
Training/meningioma/Tr-me_543.jpg,c_0721,Training,meningioma,5,Testing|Training,meningioma,True,False
Testing/meningioma/Te-me_20.jpg,c_0035,Testing,meningioma,4,Testing|Training,meningioma,True,False
Training/meningioma/Tr-me_1225.jpg,c_0035,Training,meningioma,4,Testing|Training,meningioma,True,False
Training/meningioma/Tr-me_373.jpg,c_0035,Training,meningioma,4,Testing|Training,meningioma,True,False
Testing/meningioma/Te-me_39.jpg,c_0035,Testing,meningioma,4,Testing|Training,meningioma,True,False
Testing/meningioma/Te-me_200.jpg,c_0405,Testing,meningioma,2,Testing|Training,meningioma,True,False
Training/meningioma/Tr-me_1080.jpg,c_0405,Training,meningioma,2,Testing|Training,meningioma,True,False
Testing/meningioma/Te-me_201.jpg,c_0427,Testing,meningioma,2,Testing|Training,meningioma,True,False
Training/meningioma/Tr-me_1145.jpg,c_0427,Training,meningioma,2,Testing|Training,meningioma,True,False
Testing/meningioma/Te-me_202.jpg,c_0670,Testing,meningioma,4,Testing|Training,meningioma,True,False
Training/meningioma/Tr-me_421.jpg,c_0670,Training,meningioma,4,Testing|Training,meningioma,True,False
Testing/meningioma/Te-me_208.jpg,c_0670,Testing,meningioma,4,Testing|Training,meningioma,True,False
Training/meningioma/Tr-me_465.jpg,c_0670,Training,meningioma,4,Testing|Training,meningioma,True,False
Testing/meningioma/Te-me_203.jpg,c_1026,Testing,meningioma,2,Testing|Training,meningioma,True,False
Training/meningioma/Tr-me_916.jpg,c_1026,Training,meningioma,2,Testing|Training,meningioma,True,False
Testing/meningioma/Te-me_204.jpg,c_0920,Testing,meningioma,2,Testing|Training,meningioma,True,False
Training/meningioma/Tr-me_797.jpg,c_0920,Training,meningioma,2,Testing|Training,meningioma,True,False
Testing/meningioma/Te-me_205.jpg,c_0808,Testing,meningioma,2,Testing|Training,meningioma,True,False
Training/meningioma/Tr-me_661.jpg,c_0808,Training,meningioma,2,Testing|Training,meningioma,True,False
Testing/meningioma/Te-me_206.jpg,c_0880,Testing,meningioma,2,Testing|Training,meningioma,True,False
Training/meningioma/Tr-me_753.jpg,c_0880,Training,meningioma,2,Testing|Training,meningioma,True,False
Testing/meningioma/Te-me_207.jpg,c_0471,Testing,meningioma,2,Testing|Training,meningioma,True,False
Training/meningioma/Tr-me_1262.jpg,c_0471,Training,meningioma,2,Testing|Training,meningioma,True,False
Testing/meningioma/Te-me_209.jpg,c_0449,Testing,meningioma,2,Testing|Training,meningioma,True,False
Training/meningioma/Tr-me_1203.jpg,c_0449,Training,meningioma,2,Testing|Training,meningioma,True,False
Testing/meningioma/Te-me_21.jpg,c_0391,Testing,meningioma,2,Testing|Training,meningioma,True,False
Training/meningioma/Tr-me_1010.jpg,c_0391,Training,meningioma,2,Testing|Training,meningioma,True,False
Testing/meningioma/Te-me_210.jpg,c_0034,Testing,meningioma,3,Testing|Training,meningioma,True,False
Training/meningioma/Tr-me_167.jpg,c_0034,Training,meningioma,3,Testing|Training,meningioma,True,False
Testing/meningioma/Te-me_276.jpg,c_0034,Testing,meningioma,3,Testing|Training,meningioma,True,False
Testing/meningioma/Te-me_211.jpg,c_0998,Testing,meningioma,2,Testing|Training,meningioma,True,False
Training/meningioma/Tr-me_888.jpg,c_0998,Training,meningioma,2,Testing|Training,meningioma,True,False
Testing/meningioma/Te-me_212.jpg,c_0390,Testing,meningioma,3,Testing|Training,meningioma,True,False
Testing/meningioma/Te-me_213.jpg,c_0683,Testing,meningioma,2,Testing|Training,meningioma,True,False
Training/meningioma/Tr-me_489.jpg,c_0683,Training,meningioma,2,Testing|Training,meningioma,True,False
Testing/meningioma/Te-me_214.jpg,c_0669,Testing,meningioma,6,Testing|Training,meningioma,True,False
Training/meningioma/Tr-me_639.jpg,c_0669,Training,meningioma,6,Testing|Training,meningioma,True,False
Testing/meningioma/Te-me_42.jpg,c_0669,Testing,meningioma,6,Testing|Training,meningioma,True,False
Testing/meningioma/Te-me_262.jpg,c_0669,Testing,meningioma,6,Testing|Training,meningioma,True,False
Training/meningioma/Tr-me_1110.jpg,c_0669,Training,meningioma,6,Testing|Training,meningioma,True,False
Training/meningioma/Tr-me_464.jpg,c_0669,Training,meningioma,6,Testing|Training,meningioma,True,False
Testing/meningioma/Te-me_215.jpg,c_0632,Testing,meningioma,2,Testing|Training,meningioma,True,False
Training/meningioma/Tr-me_400.jpg,c_0632,Training,meningioma,2,Testing|Training,meningioma,True,False
Testing/meningioma/Te-me_216.jpg,c_0590,Testing,meningioma,2,Testing|Training,meningioma,True,False
Training/meningioma/Tr-me_330.jpg,c_0590,Training,meningioma,2,Testing|Training,meningioma,True,False
Testing/meningioma/Te-me_217.jpg,c_0400,Testing,meningioma,2,Testing|Training,meningioma,True,False
Training/meningioma/Tr-me_1046.jpg,c_0400,Training,meningioma,2,Testing|Training,meningioma,True,False
Testing/meningioma/Te-me_218.jpg,c_0657,Testing,meningioma,2,Testing|Training,meningioma,True,False
Training/meningioma/Tr-me_441.jpg,c_0657,Training,meningioma,2,Testing|Training,meningioma,True,False
Testing/meningioma/Te-me_219.jpg,c_1030,Testing,meningioma,2,Testing|Training,meningioma,True,False
Training/meningioma/Tr-me_920.jpg,c_1030,Training,meningioma,2,Testing|Training,meningioma,True,False
Testing/meningioma/Te-me_22.jpg,c_0419,Testing,meningioma,2,Testing|Training,meningioma,True,False
Training/meningioma/Tr-me_1124.jpg,c_0419,Training,meningioma,2,Testing|Training,meningioma,True,False
Testing/meningioma/Te-me_220.jpg,c_0609,Testing,meningioma,2,Testing|Training,meningioma,True,False
Training/meningioma/Tr-me_366.jpg,c_0609,Training,meningioma,2,Testing|Training,meningioma,True,False
Testing/meningioma/Te-me_221.jpg,c_0981,Testing,meningioma,2,Testing|Training,meningioma,True,False
Training/meningioma/Tr-me_870.jpg,c_0981,Training,meningioma,2,Testing|Training,meningioma,True,False
Testing/meningioma/Te-me_222.jpg,c_0937,Testing,meningioma,2,Testing|Training,meningioma,True,False
Training/meningioma/Tr-me_816.jpg,c_0937,Training,meningioma,2,Testing|Training,meningioma,True,False
Testing/meningioma/Te-me_223.jpg,c_1071,Testing,meningioma,2,Testing|Training,meningioma,True,False
Training/meningioma/Tr-me_965.jpg,c_1071,Training,meningioma,2,Testing|Training,meningioma,True,False
Testing/meningioma/Te-me_224.jpg,c_0438,Testing,meningioma,2,Testing|Training,meningioma,True,False
Training/meningioma/Tr-me_1171.jpg,c_0438,Training,meningioma,2,Testing|Training,meningioma,True,False
Testing/meningioma/Te-me_225.jpg,c_0927,Testing,meningioma,2,Testing|Training,meningioma,True,False
Training/meningioma/Tr-me_805.jpg,c_0927,Training,meningioma,2,Testing|Training,meningioma,True,False
Testing/meningioma/Te-me_226.jpg,c_0574,Testing,meningioma,2,Testing|Training,meningioma,True,False
Training/meningioma/Tr-me_292.jpg,c_0574,Training,meningioma,2,Testing|Training,meningioma,True,False
Testing/meningioma/Te-me_228.jpg,c_0690,Testing,meningioma,2,Testing|Training,meningioma,True,False
Training/meningioma/Tr-me_497.jpg,c_0690,Training,meningioma,2,Testing|Training,meningioma,True,False
Testing/meningioma/Te-me_229.jpg,c_0826,Testing,meningioma,4,Testing|Training,meningioma,True,False
Testing/meningioma/Te-me_293.jpg,c_0826,Testing,meningioma,4,Testing|Training,meningioma,True,False
Training/meningioma/Tr-me_799.jpg,c_0826,Training,meningioma,4,Testing|Training,meningioma,True,False
Training/meningioma/Tr-me_688.jpg,c_0826,Training,meningioma,4,Testing|Training,meningioma,True,False
Testing/meningioma/Te-me_23.jpg,c_0553,Testing,meningioma,3,Testing|Training,glioma|meningioma,True,True
Training/glioma/Tr-gl_1208.jpg,c_0553,Training,glioma,3,Testing|Training,glioma|meningioma,True,True
Training/meningioma/Tr-me_257.jpg,c_0553,Training,meningioma,3,Testing|Training,glioma|meningioma,True,True
Testing/meningioma/Te-me_231.jpg,c_0506,Testing,meningioma,2,Testing|Training,meningioma,True,False
Training/meningioma/Tr-me_158.jpg,c_0506,Training,meningioma,2,Testing|Training,meningioma,True,False
Testing/meningioma/Te-me_232.jpg,c_0526,Testing,meningioma,2,Testing|Training,meningioma,True,False
Training/meningioma/Tr-me_205.jpg,c_0526,Training,meningioma,2,Testing|Training,meningioma,True,False
Testing/meningioma/Te-me_233.jpg,c_0433,Testing,meningioma,2,Testing|Training,meningioma,True,False
Training/meningioma/Tr-me_1162.jpg,c_0433,Training,meningioma,2,Testing|Training,meningioma,True,False
Testing/meningioma/Te-me_234.jpg,c_0886,Testing,meningioma,2,Testing|Training,meningioma,True,False
Training/meningioma/Tr-me_760.jpg,c_0886,Training,meningioma,2,Testing|Training,meningioma,True,False
Testing/meningioma/Te-me_237.jpg,c_0399,Testing,meningioma,2,Testing|Training,meningioma,True,False
Training/meningioma/Tr-me_1045.jpg,c_0399,Training,meningioma,2,Testing|Training,meningioma,True,False
Testing/meningioma/Te-me_238.jpg,c_0681,Testing,meningioma,2,Testing|Training,meningioma,True,False
Training/meningioma/Tr-me_487.jpg,c_0681,Training,meningioma,2,Testing|Training,meningioma,True,False
Testing/meningioma/Te-me_239.jpg,c_1093,Testing,meningioma,2,Testing|Training,meningioma,True,False
Training/meningioma/Tr-me_986.jpg,c_1093,Training,meningioma,2,Testing|Training,meningioma,True,False
Testing/meningioma/Te-me_24.jpg,c_0592,Testing,meningioma,2,Testing|Training,meningioma,True,False
Training/meningioma/Tr-me_336.jpg,c_0592,Training,meningioma,2,Testing|Training,meningioma,True,False
Testing/meningioma/Te-me_241.jpg,c_0428,Testing,meningioma,2,Testing|Training,meningioma,True,False
Training/meningioma/Tr-me_1146.jpg,c_0428,Training,meningioma,2,Testing|Training,meningioma,True,False
Testing/meningioma/Te-me_242.jpg,c_1022,Testing,meningioma,2,Testing|Training,meningioma,True,False
Training/meningioma/Tr-me_912.jpg,c_1022,Training,meningioma,2,Testing|Training,meningioma,True,False
Testing/meningioma/Te-me_243.jpg,c_0991,Testing,meningioma,2,Testing|Training,meningioma,True,False
Training/meningioma/Tr-me_880.jpg,c_0991,Training,meningioma,2,Testing|Training,meningioma,True,False
Testing/meningioma/Te-me_244.jpg,c_0888,Testing,meningioma,2,Testing|Training,meningioma,True,False
Training/meningioma/Tr-me_764.jpg,c_0888,Training,meningioma,2,Testing|Training,meningioma,True,False
Testing/meningioma/Te-me_245.jpg,c_0799,Testing,meningioma,2,Testing|Training,meningioma,True,False
Training/meningioma/Tr-me_651.jpg,c_0799,Training,meningioma,2,Testing|Training,meningioma,True,False
Testing/meningioma/Te-me_246.jpg,c_0461,Testing,meningioma,3,Testing|Training,meningioma,True,False
Training/meningioma/Tr-aug-me_90.jpg,c_0461,Training,meningioma,3,Testing|Training,meningioma,True,False
Training/meningioma/Tr-me_1242.jpg,c_0461,Training,meningioma,3,Testing|Training,meningioma,True,False
Testing/meningioma/Te-me_247.jpg,c_0648,Testing,meningioma,2,Testing|Training,meningioma,True,False
Training/meningioma/Tr-me_428.jpg,c_0648,Training,meningioma,2,Testing|Training,meningioma,True,False
Testing/meningioma/Te-me_248.jpg,c_0874,Testing,meningioma,2,Testing|Training,meningioma,True,False
Training/meningioma/Tr-me_747.jpg,c_0874,Training,meningioma,2,Testing|Training,meningioma,True,False
Testing/meningioma/Te-me_249.jpg,c_0979,Testing,meningioma,2,Testing|Training,meningioma,True,False
Training/meningioma/Tr-me_869.jpg,c_0979,Training,meningioma,2,Testing|Training,meningioma,True,False
Testing/meningioma/Te-me_250.jpg,c_0463,Testing,meningioma,2,Testing|Training,meningioma,True,False
Training/meningioma/Tr-me_1247.jpg,c_0463,Training,meningioma,2,Testing|Training,meningioma,True,False
Testing/meningioma/Te-me_251.jpg,c_0661,Testing,meningioma,2,Testing|Training,meningioma,True,False
Training/meningioma/Tr-me_450.jpg,c_0661,Training,meningioma,2,Testing|Training,meningioma,True,False
Testing/meningioma/Te-me_253.jpg,c_0899,Testing,meningioma,2,Testing|Training,meningioma,True,False
Training/meningioma/Tr-me_776.jpg,c_0899,Training,meningioma,2,Testing|Training,meningioma,True,False
Testing/meningioma/Te-me_254.jpg,c_0972,Testing,meningioma,2,Testing|Training,meningioma,True,False
Training/meningioma/Tr-me_859.jpg,c_0972,Training,meningioma,2,Testing|Training,meningioma,True,False
Testing/meningioma/Te-me_256.jpg,c_0800,Testing,meningioma,2,Testing|Training,meningioma,True,False
Training/meningioma/Tr-me_653.jpg,c_0800,Training,meningioma,2,Testing|Training,meningioma,True,False
Testing/meningioma/Te-me_258.jpg,c_0835,Testing,meningioma,2,Testing|Training,meningioma,True,False
Training/meningioma/Tr-me_699.jpg,c_0835,Training,meningioma,2,Testing|Training,meningioma,True,False
Testing/meningioma/Te-me_259.jpg,c_0729,Testing,meningioma,2,Testing|Training,meningioma,True,False
Training/meningioma/Tr-me_553.jpg,c_0729,Training,meningioma,2,Testing|Training,meningioma,True,False
Testing/meningioma/Te-me_26.jpg,c_1097,Testing,meningioma,2,Testing|Training,meningioma,True,False
Training/meningioma/Tr-me_99.jpg,c_1097,Training,meningioma,2,Testing|Training,meningioma,True,False
Testing/meningioma/Te-me_260.jpg,c_0915,Testing,meningioma,2,Testing|Training,meningioma,True,False
Training/meningioma/Tr-me_791.jpg,c_0915,Training,meningioma,2,Testing|Training,meningioma,True,False
Testing/meningioma/Te-me_261.jpg,c_0396,Testing,meningioma,2,Testing|Training,meningioma,True,False
Training/meningioma/Tr-me_1039.jpg,c_0396,Training,meningioma,2,Testing|Training,meningioma,True,False
Testing/meningioma/Te-me_264.jpg,c_0769,Testing,meningioma,2,Testing|Training,meningioma,True,False
Training/meningioma/Tr-me_615.jpg,c_0769,Training,meningioma,2,Testing|Training,meningioma,True,False
Testing/meningioma/Te-me_265.jpg,c_0469,Testing,meningioma,2,Testing|Training,meningioma,True,False
Training/meningioma/Tr-me_126.jpg,c_0469,Training,meningioma,2,Testing|Training,meningioma,True,False
Testing/meningioma/Te-me_266.jpg,c_0464,Testing,meningioma,2,Testing|Training,meningioma,True,False
Training/meningioma/Tr-me_1249.jpg,c_0464,Training,meningioma,2,Testing|Training,meningioma,True,False
Testing/meningioma/Te-me_267.jpg,c_0650,Testing,meningioma,2,Testing|Training,meningioma,True,False
Training/meningioma/Tr-me_431.jpg,c_0650,Training,meningioma,2,Testing|Training,meningioma,True,False
Testing/meningioma/Te-me_268.jpg,c_0635,Testing,meningioma,2,Testing|Training,meningioma,True,False
Training/meningioma/Tr-me_403.jpg,c_0635,Training,meningioma,2,Testing|Training,meningioma,True,False
Testing/meningioma/Te-me_269.jpg,c_0509,Testing,meningioma,2,Testing|Training,meningioma,True,False
Training/meningioma/Tr-me_168.jpg,c_0509,Training,meningioma,2,Testing|Training,meningioma,True,False
Testing/meningioma/Te-me_27.jpg,c_0858,Testing,meningioma,2,Testing|Training,meningioma,True,False
Training/meningioma/Tr-me_729.jpg,c_0858,Training,meningioma,2,Testing|Training,meningioma,True,False
Testing/meningioma/Te-me_270.jpg,c_0402,Testing,meningioma,2,Testing|Training,meningioma,True,False
Training/meningioma/Tr-me_1057.jpg,c_0402,Training,meningioma,2,Testing|Training,meningioma,True,False
Testing/meningioma/Te-me_271.jpg,c_1023,Testing,meningioma,2,Testing|Training,meningioma,True,False
Training/meningioma/Tr-me_913.jpg,c_1023,Training,meningioma,2,Testing|Training,meningioma,True,False
Testing/meningioma/Te-me_272.jpg,c_0421,Testing,meningioma,2,Testing|Training,meningioma,True,False
Training/meningioma/Tr-me_1127.jpg,c_0421,Training,meningioma,2,Testing|Training,meningioma,True,False
Testing/meningioma/Te-me_273.jpg,c_0468,Testing,meningioma,2,Testing|Training,meningioma,True,False
Training/meningioma/Tr-me_1259.jpg,c_0468,Training,meningioma,2,Testing|Training,meningioma,True,False
Testing/meningioma/Te-me_274.jpg,c_0434,Testing,meningioma,2,Testing|Training,meningioma,True,False
Training/meningioma/Tr-me_1163.jpg,c_0434,Training,meningioma,2,Testing|Training,meningioma,True,False
Testing/meningioma/Te-me_275.jpg,c_0659,Testing,meningioma,2,Testing|Training,meningioma,True,False
Training/meningioma/Tr-me_448.jpg,c_0659,Training,meningioma,2,Testing|Training,meningioma,True,False
Testing/meningioma/Te-me_277.jpg,c_0694,Testing,meningioma,2,Testing|Training,meningioma,True,False
Training/meningioma/Tr-me_50.jpg,c_0694,Training,meningioma,2,Testing|Training,meningioma,True,False
Testing/meningioma/Te-me_278.jpg,c_0676,Testing,meningioma,4,Testing|Training,meningioma,True,False
Training/meningioma/Tr-me_486.jpg,c_0676,Training,meningioma,4,Testing|Training,meningioma,True,False
Testing/meningioma/Te-me_8.jpg,c_0676,Testing,meningioma,4,Testing|Training,meningioma,True,False
Training/meningioma/Tr-me_479.jpg,c_0676,Training,meningioma,4,Testing|Training,meningioma,True,False
Testing/meningioma/Te-me_279.jpg,c_1007,Testing,meningioma,2,Testing|Training,meningioma,True,False
Training/meningioma/Tr-me_897.jpg,c_1007,Training,meningioma,2,Testing|Training,meningioma,True,False
Testing/meningioma/Te-me_28.jpg,c_0807,Testing,meningioma,4,Testing|Training,meningioma,True,False
Testing/meningioma/Te-me_280.jpg,c_1062,Testing,meningioma,2,Testing|Training,meningioma,True,False
Training/meningioma/Tr-me_954.jpg,c_1062,Training,meningioma,2,Testing|Training,meningioma,True,False
Testing/meningioma/Te-me_281.jpg,c_0749,Testing,meningioma,2,Testing|Training,meningioma,True,False
Training/meningioma/Tr-me_587.jpg,c_0749,Training,meningioma,2,Testing|Training,meningioma,True,False
Testing/meningioma/Te-me_282.jpg,c_0491,Testing,meningioma,2,Testing|Training,meningioma,True,False
Training/meningioma/Tr-me_1299.jpg,c_0491,Training,meningioma,2,Testing|Training,meningioma,True,False
Testing/meningioma/Te-me_284.jpg,c_0900,Testing,meningioma,2,Testing|Training,meningioma,True,False
Training/meningioma/Tr-me_777.jpg,c_0900,Training,meningioma,2,Testing|Training,meningioma,True,False
Testing/meningioma/Te-me_285.jpg,c_0487,Testing,meningioma,2,Testing|Training,meningioma,True,False
Training/meningioma/Tr-me_1289.jpg,c_0487,Training,meningioma,2,Testing|Training,meningioma,True,False
Testing/meningioma/Te-me_286.jpg,c_0511,Testing,meningioma,2,Testing|Training,meningioma,True,False
Training/meningioma/Tr-me_178.jpg,c_0511,Training,meningioma,2,Testing|Training,meningioma,True,False
Testing/meningioma/Te-me_288.jpg,c_1088,Testing,meningioma,2,Testing|Training,meningioma,True,False
Training/meningioma/Tr-me_980.jpg,c_1088,Training,meningioma,2,Testing|Training,meningioma,True,False
Testing/meningioma/Te-me_29.jpg,c_0825,Testing,meningioma,2,Testing|Training,meningioma,True,False
Training/meningioma/Tr-me_684.jpg,c_0825,Training,meningioma,2,Testing|Training,meningioma,True,False
Testing/meningioma/Te-me_290.jpg,c_0756,Testing,meningioma,2,Testing|Training,meningioma,True,False
Training/meningioma/Tr-me_597.jpg,c_0756,Training,meningioma,2,Testing|Training,meningioma,True,False
Testing/meningioma/Te-me_291.jpg,c_0482,Testing,meningioma,2,Testing|Training,meningioma,True,False
Training/meningioma/Tr-me_1284.jpg,c_0482,Training,meningioma,2,Testing|Training,meningioma,True,False
Testing/meningioma/Te-me_292.jpg,c_0494,Testing,meningioma,2,Testing|Training,meningioma,True,False
Training/meningioma/Tr-me_134.jpg,c_0494,Training,meningioma,2,Testing|Training,meningioma,True,False
Testing/meningioma/Te-me_294.jpg,c_0645,Testing,meningioma,2,Testing|Training,meningioma,True,False
Training/meningioma/Tr-me_420.jpg,c_0645,Training,meningioma,2,Testing|Training,meningioma,True,False
Testing/meningioma/Te-me_295.jpg,c_0038,Testing,meningioma,2,Testing,meningioma,False,False
Testing/meningioma/Te-me_70.jpg,c_0038,Testing,meningioma,2,Testing,meningioma,False,False
Testing/meningioma/Te-me_296.jpg,c_0499,Testing,meningioma,2,Testing|Training,meningioma,True,False
Training/meningioma/Tr-me_145.jpg,c_0499,Training,meningioma,2,Testing|Training,meningioma,True,False
Testing/meningioma/Te-me_297.jpg,c_0414,Testing,meningioma,2,Testing|Training,meningioma,True,False
Training/meningioma/Tr-me_1115.jpg,c_0414,Training,meningioma,2,Testing|Training,meningioma,True,False
Testing/meningioma/Te-me_30.jpg,c_0407,Testing,meningioma,2,Testing|Training,meningioma,True,False
Training/meningioma/Tr-me_109.jpg,c_0407,Training,meningioma,2,Testing|Training,meningioma,True,False
Testing/meningioma/Te-me_31.jpg,c_0435,Testing,meningioma,2,Testing|Training,meningioma,True,False
Training/meningioma/Tr-me_1166.jpg,c_0435,Training,meningioma,2,Testing|Training,meningioma,True,False
Testing/meningioma/Te-me_32.jpg,c_0766,Testing,meningioma,2,Testing|Training,meningioma,True,False
Training/meningioma/Tr-me_61.jpg,c_0766,Training,meningioma,2,Testing|Training,meningioma,True,False
Testing/meningioma/Te-me_33.jpg,c_0450,Testing,meningioma,2,Testing|Training,meningioma,True,False
Training/meningioma/Tr-me_1205.jpg,c_0450,Training,meningioma,2,Testing|Training,meningioma,True,False
Testing/meningioma/Te-me_34.jpg,c_1054,Testing,meningioma,2,Testing|Training,meningioma,True,False
Training/meningioma/Tr-me_947.jpg,c_1054,Training,meningioma,2,Testing|Training,meningioma,True,False
Testing/meningioma/Te-me_35.jpg,c_0431,Testing,meningioma,2,Testing|Training,meningioma,True,False
Training/meningioma/Tr-me_1159.jpg,c_0431,Training,meningioma,2,Testing|Training,meningioma,True,False
Testing/meningioma/Te-me_36.jpg,c_0392,Testing,meningioma,2,Testing|Training,meningioma,True,False
Training/meningioma/Tr-me_1016.jpg,c_0392,Training,meningioma,2,Testing|Training,meningioma,True,False
Testing/meningioma/Te-me_37.jpg,c_0488,Testing,meningioma,2,Testing|Training,meningioma,True,False
Training/meningioma/Tr-me_1290.jpg,c_0488,Training,meningioma,2,Testing|Training,meningioma,True,False
Testing/meningioma/Te-me_38.jpg,c_0448,Testing,meningioma,2,Testing|Training,meningioma,True,False
Training/meningioma/Tr-me_120.jpg,c_0448,Training,meningioma,2,Testing|Training,meningioma,True,False
Testing/meningioma/Te-me_4.jpg,c_0484,Testing,meningioma,2,Testing|Training,meningioma,True,False
Training/meningioma/Tr-me_1286.jpg,c_0484,Training,meningioma,2,Testing|Training,meningioma,True,False
Testing/meningioma/Te-me_40.jpg,c_0873,Testing,meningioma,2,Testing|Training,meningioma,True,False
Training/meningioma/Tr-me_746.jpg,c_0873,Training,meningioma,2,Testing|Training,meningioma,True,False
Testing/meningioma/Te-me_41.jpg,c_0974,Testing,meningioma,2,Testing|Training,meningioma,True,False
Training/meningioma/Tr-me_860.jpg,c_0974,Training,meningioma,2,Testing|Training,meningioma,True,False
Testing/meningioma/Te-me_43.jpg,c_0589,Testing,meningioma,2,Testing|Training,meningioma,True,False
Training/meningioma/Tr-me_329.jpg,c_0589,Training,meningioma,2,Testing|Training,meningioma,True,False
Testing/meningioma/Te-me_44.jpg,c_0805,Testing,meningioma,2,Testing|Training,meningioma,True,False
Training/meningioma/Tr-me_659.jpg,c_0805,Training,meningioma,2,Testing|Training,meningioma,True,False
Testing/meningioma/Te-me_46.jpg,c_0855,Testing,meningioma,2,Testing|Training,meningioma,True,False
Training/meningioma/Tr-me_722.jpg,c_0855,Training,meningioma,2,Testing|Training,meningioma,True,False
Testing/meningioma/Te-me_48.jpg,c_0522,Testing,meningioma,2,Testing|Training,meningioma,True,False
Training/meningioma/Tr-me_2.jpg,c_0522,Training,meningioma,2,Testing|Training,meningioma,True,False
Testing/meningioma/Te-me_49.jpg,c_0646,Testing,meningioma,2,Testing|Training,meningioma,True,False
Training/meningioma/Tr-me_424.jpg,c_0646,Training,meningioma,2,Testing|Training,meningioma,True,False
Testing/meningioma/Te-me_5.jpg,c_0406,Testing,meningioma,2,Testing|Training,meningioma,True,False
Training/meningioma/Tr-me_1083.jpg,c_0406,Training,meningioma,2,Testing|Training,meningioma,True,False
Testing/meningioma/Te-me_51.jpg,c_0542,Testing,meningioma,2,Testing|Training,meningioma,True,False
Training/meningioma/Tr-me_23.jpg,c_0542,Training,meningioma,2,Testing|Training,meningioma,True,False
Testing/meningioma/Te-me_52.jpg,c_0502,Testing,meningioma,2,Testing|Training,meningioma,True,False
Training/meningioma/Tr-me_154.jpg,c_0502,Training,meningioma,2,Testing|Training,meningioma,True,False
Testing/meningioma/Te-me_53.jpg,c_0403,Testing,meningioma,2,Testing|Training,meningioma,True,False
Training/meningioma/Tr-me_107.jpg,c_0403,Training,meningioma,2,Testing|Training,meningioma,True,False
Testing/meningioma/Te-me_54.jpg,c_0523,Testing,meningioma,2,Testing|Training,meningioma,True,False
Training/meningioma/Tr-me_200.jpg,c_0523,Training,meningioma,2,Testing|Training,meningioma,True,False
Testing/meningioma/Te-me_55.jpg,c_1020,Testing,meningioma,2,Testing|Training,meningioma,True,False
Training/meningioma/Tr-me_910.jpg,c_1020,Training,meningioma,2,Testing|Training,meningioma,True,False
Testing/meningioma/Te-me_56.jpg,c_0412,Testing,meningioma,2,Testing|Training,meningioma,True,False
Training/meningioma/Tr-me_1105.jpg,c_0412,Training,meningioma,2,Testing|Training,meningioma,True,False
Testing/meningioma/Te-me_57.jpg,c_0679,Testing,meningioma,2,Testing|Training,meningioma,True,False
Training/meningioma/Tr-me_481.jpg,c_0679,Training,meningioma,2,Testing|Training,meningioma,True,False
Testing/meningioma/Te-me_58.jpg,c_1063,Testing,meningioma,2,Testing|Training,meningioma,True,False
Training/meningioma/Tr-me_956.jpg,c_1063,Training,meningioma,2,Testing|Training,meningioma,True,False
Testing/meningioma/Te-me_59.jpg,c_0394,Testing,meningioma,2,Testing|Training,meningioma,True,False
Training/meningioma/Tr-me_1030.jpg,c_0394,Training,meningioma,2,Testing|Training,meningioma,True,False
Testing/meningioma/Te-me_60.jpg,c_0613,Testing,meningioma,2,Testing|Training,meningioma,True,False
Training/meningioma/Tr-me_374.jpg,c_0613,Training,meningioma,2,Testing|Training,meningioma,True,False
Testing/meningioma/Te-me_62.jpg,c_0821,Testing,meningioma,2,Testing|Training,meningioma,True,False
Training/meningioma/Tr-me_678.jpg,c_0821,Training,meningioma,2,Testing|Training,meningioma,True,False
Testing/meningioma/Te-me_63.jpg,c_0848,Testing,meningioma,2,Testing|Training,meningioma,True,False
Training/meningioma/Tr-me_71.jpg,c_0848,Training,meningioma,2,Testing|Training,meningioma,True,False
Testing/meningioma/Te-me_64.jpg,c_0514,Testing,meningioma,2,Testing|Training,meningioma,True,False
Training/meningioma/Tr-me_183.jpg,c_0514,Training,meningioma,2,Testing|Training,meningioma,True,False
Testing/meningioma/Te-me_65.jpg,c_0423,Testing,meningioma,2,Testing|Training,meningioma,True,False
Training/meningioma/Tr-me_1138.jpg,c_0423,Training,meningioma,2,Testing|Training,meningioma,True,False
Testing/meningioma/Te-me_66.jpg,c_0446,Testing,meningioma,2,Testing|Training,meningioma,True,False
Training/meningioma/Tr-me_1198.jpg,c_0446,Training,meningioma,2,Testing|Training,meningioma,True,False
Testing/meningioma/Te-me_68.jpg,c_0958,Testing,meningioma,2,Testing|Training,meningioma,True,False
Training/meningioma/Tr-me_844.jpg,c_0958,Training,meningioma,2,Testing|Training,meningioma,True,False
Testing/meningioma/Te-me_69.jpg,c_0619,Testing,meningioma,2,Testing|Training,meningioma,True,False
Training/meningioma/Tr-me_384.jpg,c_0619,Training,meningioma,2,Testing|Training,meningioma,True,False
Testing/meningioma/Te-me_7.jpg,c_0581,Testing,meningioma,2,Testing|Training,meningioma,True,False
Training/meningioma/Tr-me_31.jpg,c_0581,Training,meningioma,2,Testing|Training,meningioma,True,False
Testing/meningioma/Te-me_71.jpg,c_0437,Testing,meningioma,2,Testing|Training,meningioma,True,False
Training/meningioma/Tr-me_1168.jpg,c_0437,Training,meningioma,2,Testing|Training,meningioma,True,False
Testing/meningioma/Te-me_72.jpg,c_0985,Testing,meningioma,2,Testing|Training,meningioma,True,False
Training/meningioma/Tr-me_875.jpg,c_0985,Training,meningioma,2,Testing|Training,meningioma,True,False
Testing/meningioma/Te-me_73.jpg,c_0557,Testing,meningioma,2,Testing|Training,meningioma,True,False
Training/meningioma/Tr-me_266.jpg,c_0557,Training,meningioma,2,Testing|Training,meningioma,True,False
Testing/meningioma/Te-me_74.jpg,c_0864,Testing,meningioma,2,Testing|Training,meningioma,True,False
Training/meningioma/Tr-me_736.jpg,c_0864,Training,meningioma,2,Testing|Training,meningioma,True,False
Testing/meningioma/Te-me_75.jpg,c_0852,Testing,meningioma,2,Testing|Training,meningioma,True,False
Training/meningioma/Tr-me_717.jpg,c_0852,Training,meningioma,2,Testing|Training,meningioma,True,False
Testing/meningioma/Te-me_76.jpg,c_0668,Testing,meningioma,2,Testing|Training,meningioma,True,False
Training/meningioma/Tr-me_463.jpg,c_0668,Training,meningioma,2,Testing|Training,meningioma,True,False
Testing/meningioma/Te-me_77.jpg,c_0709,Testing,meningioma,2,Testing|Training,meningioma,True,False
Training/meningioma/Tr-me_522.jpg,c_0709,Training,meningioma,2,Testing|Training,meningioma,True,False
Testing/meningioma/Te-me_78.jpg,c_0870,Testing,meningioma,2,Testing|Training,meningioma,True,False
Training/meningioma/Tr-me_742.jpg,c_0870,Training,meningioma,2,Testing|Training,meningioma,True,False
Testing/meningioma/Te-me_79.jpg,c_0531,Testing,meningioma,2,Testing|Training,meningioma,True,False
Training/meningioma/Tr-me_212.jpg,c_0531,Training,meningioma,2,Testing|Training,meningioma,True,False
Testing/meningioma/Te-me_80.jpg,c_0790,Testing,meningioma,2,Testing|Training,meningioma,True,False
Training/meningioma/Tr-me_638.jpg,c_0790,Training,meningioma,2,Testing|Training,meningioma,True,False
Testing/meningioma/Te-me_81.jpg,c_0869,Testing,meningioma,2,Testing|Training,meningioma,True,False
Training/meningioma/Tr-me_740.jpg,c_0869,Training,meningioma,2,Testing|Training,meningioma,True,False
Testing/meningioma/Te-me_82.jpg,c_0747,Testing,meningioma,2,Testing|Training,meningioma,True,False
Training/meningioma/Tr-me_583.jpg,c_0747,Training,meningioma,2,Testing|Training,meningioma,True,False
Testing/meningioma/Te-me_83.jpg,c_1016,Testing,meningioma,2,Testing|Training,meningioma,True,False
Training/meningioma/Tr-me_905.jpg,c_1016,Training,meningioma,2,Testing|Training,meningioma,True,False
Testing/meningioma/Te-me_84.jpg,c_0671,Testing,meningioma,2,Testing|Training,meningioma,True,False
Training/meningioma/Tr-me_47.jpg,c_0671,Training,meningioma,2,Testing|Training,meningioma,True,False
Testing/meningioma/Te-me_85.jpg,c_0710,Testing,meningioma,2,Testing|Training,meningioma,True,False
Training/meningioma/Tr-me_523.jpg,c_0710,Training,meningioma,2,Testing|Training,meningioma,True,False
Testing/meningioma/Te-me_86.jpg,c_0418,Testing,meningioma,2,Testing|Training,meningioma,True,False
Training/meningioma/Tr-me_1121.jpg,c_0418,Training,meningioma,2,Testing|Training,meningioma,True,False
Testing/meningioma/Te-me_87.jpg,c_0532,Testing,meningioma,2,Testing|Training,meningioma,True,False
Training/meningioma/Tr-me_214.jpg,c_0532,Training,meningioma,2,Testing|Training,meningioma,True,False
Testing/meningioma/Te-me_88.jpg,c_1019,Testing,meningioma,2,Testing|Training,meningioma,True,False
Training/meningioma/Tr-me_91.jpg,c_1019,Training,meningioma,2,Testing|Training,meningioma,True,False
Testing/meningioma/Te-me_89.jpg,c_0656,Testing,meningioma,2,Testing|Training,meningioma,True,False
Training/meningioma/Tr-me_44.jpg,c_0656,Training,meningioma,2,Testing|Training,meningioma,True,False
Testing/meningioma/Te-me_9.jpg,c_0850,Testing,meningioma,2,Testing|Training,meningioma,True,False
Training/meningioma/Tr-me_715.jpg,c_0850,Training,meningioma,2,Testing|Training,meningioma,True,False
Testing/meningioma/Te-me_90.jpg,c_0527,Testing,meningioma,2,Testing|Training,meningioma,True,False
Training/meningioma/Tr-me_207.jpg,c_0527,Training,meningioma,2,Testing|Training,meningioma,True,False
Testing/meningioma/Te-me_91.jpg,c_0716,Testing,meningioma,3,Testing|Training,meningioma,True,False
Training/meningioma/Tr-aug-me_27.jpg,c_0716,Training,meningioma,3,Testing|Training,meningioma,True,False
Training/meningioma/Tr-me_535.jpg,c_0716,Training,meningioma,3,Testing|Training,meningioma,True,False
Testing/meningioma/Te-me_92.jpg,c_0572,Testing,meningioma,2,Testing|Training,meningioma,True,False
Training/meningioma/Tr-me_29.jpg,c_0572,Training,meningioma,2,Testing|Training,meningioma,True,False
Testing/meningioma/Te-me_93.jpg,c_0492,Testing,meningioma,2,Testing|Training,meningioma,True,False
Training/meningioma/Tr-me_131.jpg,c_0492,Training,meningioma,2,Testing|Training,meningioma,True,False
Testing/meningioma/Te-me_94.jpg,c_1053,Testing,meningioma,2,Testing|Training,meningioma,True,False
Training/meningioma/Tr-me_946.jpg,c_1053,Training,meningioma,2,Testing|Training,meningioma,True,False
Testing/meningioma/Te-me_95.jpg,c_0408,Testing,meningioma,2,Testing|Training,meningioma,True,False
Training/meningioma/Tr-me_1091.jpg,c_0408,Training,meningioma,2,Testing|Training,meningioma,True,False
Testing/meningioma/Te-me_97.jpg,c_0750,Testing,meningioma,2,Testing|Training,meningioma,True,False
Training/meningioma/Tr-me_589.jpg,c_0750,Training,meningioma,2,Testing|Training,meningioma,True,False
Testing/meningioma/Te-me_98.jpg,c_0762,Testing,meningioma,2,Testing|Training,meningioma,True,False
Training/meningioma/Tr-me_606.jpg,c_0762,Training,meningioma,2,Testing|Training,meningioma,True,False
Testing/notumor/Te-no_1.jpg,c_1149,Testing,notumor,10,Testing|Training,notumor,True,False
Training/notumor/Tr-no_1301.jpg,c_1149,Training,notumor,10,Testing|Training,notumor,True,False
Training/notumor/Tr-no_851.jpg,c_1149,Training,notumor,10,Testing|Training,notumor,True,False
Testing/notumor/Te-no_63.jpg,c_1149,Testing,notumor,10,Testing|Training,notumor,True,False
Testing/notumor/Te-no_321.jpg,c_1149,Testing,notumor,10,Testing|Training,notumor,True,False
Training/notumor/Tr-no_1098.jpg,c_1149,Training,notumor,10,Testing|Training,notumor,True,False
Testing/notumor/Te-no_156.jpg,c_1149,Testing,notumor,10,Testing|Training,notumor,True,False
Training/notumor/Tr-no_1337.jpg,c_1149,Training,notumor,10,Testing|Training,notumor,True,False
Testing/notumor/Te-no_234.jpg,c_1149,Testing,notumor,10,Testing|Training,notumor,True,False
Training/notumor/Tr-no_151.jpg,c_1149,Training,notumor,10,Testing|Training,notumor,True,False
Testing/notumor/Te-no_10.jpg,c_1110,Testing,notumor,21,Testing|Training,notumor,True,False
Training/notumor/Tr-no_1157.jpg,c_1110,Training,notumor,21,Testing|Training,notumor,True,False
Training/notumor/Tr-no_992.jpg,c_1110,Training,notumor,21,Testing|Training,notumor,True,False
Training/notumor/Tr-no_568.jpg,c_1110,Training,notumor,21,Testing|Training,notumor,True,False
Training/notumor/Tr-no_1369.jpg,c_1110,Training,notumor,21,Testing|Training,notumor,True,False
Testing/notumor/Te-no_257.jpg,c_1110,Testing,notumor,21,Testing|Training,notumor,True,False
Training/notumor/Tr-no_631.jpg,c_1110,Training,notumor,21,Testing|Training,notumor,True,False
Training/notumor/Tr-no_926.jpg,c_1110,Training,notumor,21,Testing|Training,notumor,True,False
Training/notumor/Tr-no_468.jpg,c_1110,Training,notumor,21,Testing|Training,notumor,True,False
Testing/notumor/Te-no_100.jpg,c_1225,Testing,notumor,11,Testing|Training,notumor,True,False
Training/notumor/Tr-no_1250.jpg,c_1225,Training,notumor,11,Testing|Training,notumor,True,False
Training/notumor/Tr-no_803.jpg,c_1225,Training,notumor,11,Testing|Training,notumor,True,False
Testing/notumor/Te-no_26.jpg,c_1225,Testing,notumor,11,Testing|Training,notumor,True,False
Training/notumor/Tr-no_345.jpg,c_1225,Training,notumor,11,Testing|Training,notumor,True,False
Testing/notumor/Te-no_330.jpg,c_1225,Testing,notumor,11,Testing|Training,notumor,True,False
Training/notumor/Tr-no_648.jpg,c_1225,Training,notumor,11,Testing|Training,notumor,True,False
Testing/notumor/Te-no_160.jpg,c_1225,Testing,notumor,11,Testing|Training,notumor,True,False
Training/notumor/Tr-no_995.jpg,c_1225,Training,notumor,11,Testing|Training,notumor,True,False
Training/notumor/Tr-no_901.jpg,c_1225,Training,notumor,11,Testing|Training,notumor,True,False
Training/notumor/Tr-no_673.jpg,c_1225,Training,notumor,11,Testing|Training,notumor,True,False
Testing/notumor/Te-no_101.jpg,c_1202,Testing,notumor,60,Testing|Training,notumor,True,False
Testing/notumor/Te-no_303.jpg,c_1202,Testing,notumor,60,Testing|Training,notumor,True,False
Training/notumor/Tr-no_852.jpg,c_1202,Training,notumor,60,Testing|Training,notumor,True,False
Training/notumor/Tr-no_1195.jpg,c_1202,Training,notumor,60,Testing|Training,notumor,True,False
Training/notumor/Tr-no_628.jpg,c_1202,Training,notumor,60,Testing|Training,notumor,True,False
Testing/notumor/Te-no_327.jpg,c_1202,Testing,notumor,60,Testing|Training,notumor,True,False
Training/notumor/Tr-no_182.jpg,c_1202,Training,notumor,60,Testing|Training,notumor,True,False
Testing/notumor/Te-no_329.jpg,c_1202,Testing,notumor,60,Testing|Training,notumor,True,False
Training/notumor/Tr-no_19.jpg,c_1202,Training,notumor,60,Testing|Training,notumor,True,False
Training/notumor/Tr-no_651.jpg,c_1202,Training,notumor,60,Testing|Training,notumor,True,False
Testing/notumor/Te-no_336.jpg,c_1202,Testing,notumor,60,Testing|Training,notumor,True,False
Training/notumor/Tr-no_425.jpg,c_1202,Training,notumor,60,Testing|Training,notumor,True,False
Training/notumor/Tr-no_892.jpg,c_1202,Training,notumor,60,Testing|Training,notumor,True,False
Training/notumor/Tr-no_1230.jpg,c_1202,Training,notumor,60,Testing|Training,notumor,True,False
Training/notumor/Tr-no_1232.jpg,c_1202,Training,notumor,60,Testing|Training,notumor,True,False
Testing/notumor/Te-no_129.jpg,c_1202,Testing,notumor,60,Testing|Training,notumor,True,False
Training/notumor/Tr-no_447.jpg,c_1202,Training,notumor,60,Testing|Training,notumor,True,False
Testing/notumor/Te-no_131.jpg,c_1202,Testing,notumor,60,Testing|Training,notumor,True,False
Testing/notumor/Te-no_147.jpg,c_1202,Testing,notumor,60,Testing|Training,notumor,True,False
Training/notumor/Tr-no_469.jpg,c_1202,Training,notumor,60,Testing|Training,notumor,True,False
Training/notumor/Tr-no_24.jpg,c_1202,Training,notumor,60,Testing|Training,notumor,True,False
Training/notumor/Tr-no_470.jpg,c_1202,Training,notumor,60,Testing|Training,notumor,True,False
Training/notumor/Tr-no_704.jpg,c_1202,Training,notumor,60,Testing|Training,notumor,True,False
Testing/notumor/Te-no_161.jpg,c_1202,Testing,notumor,60,Testing|Training,notumor,True,False
Testing/notumor/Te-no_395.jpg,c_1202,Testing,notumor,60,Testing|Training,notumor,True,False
Testing/notumor/Te-no_396.jpg,c_1202,Testing,notumor,60,Testing|Training,notumor,True,False
Training/notumor/Tr-no_1282.jpg,c_1202,Training,notumor,60,Testing|Training,notumor,True,False
Training/notumor/Tr-no_716.jpg,c_1202,Training,notumor,60,Testing|Training,notumor,True,False
Training/notumor/Tr-no_720.jpg,c_1202,Training,notumor,60,Testing|Training,notumor,True,False
Testing/notumor/Te-no_175.jpg,c_1202,Testing,notumor,60,Testing|Training,notumor,True,False
Training/notumor/Tr-no_499.jpg,c_1202,Training,notumor,60,Testing|Training,notumor,True,False
Testing/notumor/Te-no_185.jpg,c_1202,Testing,notumor,60,Testing|Training,notumor,True,False
Training/notumor/Tr-no_734.jpg,c_1202,Training,notumor,60,Testing|Training,notumor,True,False
Training/notumor/Tr-no_740.jpg,c_1202,Training,notumor,60,Testing|Training,notumor,True,False
Testing/notumor/Te-no_195.jpg,c_1202,Testing,notumor,60,Testing|Training,notumor,True,False
Testing/notumor/Te-no_198.jpg,c_1202,Testing,notumor,60,Testing|Training,notumor,True,False
Training/notumor/Tr-no_1084.jpg,c_1202,Training,notumor,60,Testing|Training,notumor,True,False
Testing/notumor/Te-no_71.jpg,c_1202,Testing,notumor,60,Testing|Training,notumor,True,False
Training/notumor/Tr-no_986.jpg,c_1202,Training,notumor,60,Testing|Training,notumor,True,False
Training/notumor/Tr-no_11.jpg,c_1202,Training,notumor,60,Testing|Training,notumor,True,False
Testing/notumor/Te-no_85.jpg,c_1202,Testing,notumor,60,Testing|Training,notumor,True,False
Training/notumor/Tr-no_994.jpg,c_1202,Training,notumor,60,Testing|Training,notumor,True,False
Testing/notumor/Te-no_89.jpg,c_1202,Testing,notumor,60,Testing|Training,notumor,True,False
Testing/notumor/Te-no_90.jpg,c_1202,Testing,notumor,60,Testing|Training,notumor,True,False
Training/notumor/Tr-no_1338.jpg,c_1202,Training,notumor,60,Testing|Training,notumor,True,False
Training/notumor/Tr-no_771.jpg,c_1202,Training,notumor,60,Testing|Training,notumor,True,False
Training/notumor/Tr-no_772.jpg,c_1202,Training,notumor,60,Testing|Training,notumor,True,False
Testing/notumor/Te-no_24.jpg,c_1202,Testing,notumor,60,Testing|Training,notumor,True,False
Training/notumor/Tr-no_1356.jpg,c_1202,Training,notumor,60,Testing|Training,notumor,True,False
Training/notumor/Tr-no_1355.jpg,c_1202,Training,notumor,60,Testing|Training,notumor,True,False
Training/notumor/Tr-no_558.jpg,c_1202,Training,notumor,60,Testing|Training,notumor,True,False
Testing/notumor/Te-no_243.jpg,c_1202,Testing,notumor,60,Testing|Training,notumor,True,False
Training/notumor/Tr-no_334.jpg,c_1202,Training,notumor,60,Testing|Training,notumor,True,False
Testing/notumor/Te-no_25.jpg,c_1202,Testing,notumor,60,Testing|Training,notumor,True,False
Training/notumor/Tr-no_145.jpg,c_1202,Training,notumor,60,Testing|Training,notumor,True,False
Training/notumor/Tr-no_839.jpg,c_1202,Training,notumor,60,Testing|Training,notumor,True,False
Testing/notumor/Te-no_102.jpg,c_0040,Testing,notumor,16,Testing|Training,notumor,True,False
Training/notumor/Tr-no_504.jpg,c_0040,Training,notumor,16,Testing|Training,notumor,True,False
Training/notumor/Tr-no_223.jpg,c_0040,Training,notumor,16,Testing|Training,notumor,True,False
Training/notumor/Tr-no_811.jpg,c_0040,Training,notumor,16,Testing|Training,notumor,True,False
Training/notumor/Tr-no_585.jpg,c_0040,Training,notumor,16,Testing|Training,notumor,True,False
Testing/notumor/Te-no_211.jpg,c_0040,Testing,notumor,16,Testing|Training,notumor,True,False
Training/notumor/Tr-no_1276.jpg,c_0040,Training,notumor,16,Testing|Training,notumor,True,False
Training/notumor/Tr-no_1103.jpg,c_0040,Training,notumor,16,Testing|Training,notumor,True,False
Training/notumor/Tr-no_1052.jpg,c_0040,Training,notumor,16,Testing|Training,notumor,True,False
Testing/notumor/Te-no_168.jpg,c_0040,Testing,notumor,16,Testing|Training,notumor,True,False
Testing/notumor/Te-no_12.jpg,c_0040,Testing,notumor,16,Testing|Training,notumor,True,False
Training/notumor/Tr-no_948.jpg,c_0040,Training,notumor,16,Testing|Training,notumor,True,False
Testing/notumor/Te-no_114.jpg,c_0040,Testing,notumor,16,Testing|Training,notumor,True,False
Testing/notumor/Te-no_235.jpg,c_0040,Testing,notumor,16,Testing|Training,notumor,True,False
Testing/notumor/Te-no_357.jpg,c_0040,Testing,notumor,16,Testing|Training,notumor,True,False
Testing/notumor/Te-no_127.jpg,c_0040,Testing,notumor,16,Testing|Training,notumor,True,False
Testing/notumor/Te-no_103.jpg,c_1178,Testing,notumor,19,Testing|Training,notumor,True,False
Testing/notumor/Te-no_6.jpg,c_1178,Testing,notumor,19,Testing|Training,notumor,True,False
Training/notumor/Tr-no_392.jpg,c_1178,Training,notumor,19,Testing|Training,notumor,True,False
Training/notumor/Tr-no_177.jpg,c_1178,Training,notumor,19,Testing|Training,notumor,True,False
Testing/notumor/Te-no_8.jpg,c_1178,Testing,notumor,19,Testing|Training,notumor,True,False
Testing/notumor/Te-no_80.jpg,c_1178,Testing,notumor,19,Testing|Training,notumor,True,False
Training/notumor/Tr-no_652.jpg,c_1178,Training,notumor,19,Testing|Training,notumor,True,False
Training/notumor/Tr-no_194.jpg,c_1178,Training,notumor,19,Testing|Training,notumor,True,False
Training/notumor/Tr-no_888.jpg,c_1178,Training,notumor,19,Testing|Training,notumor,True,False
Testing/notumor/Te-no_111.jpg,c_1178,Testing,notumor,19,Testing|Training,notumor,True,False
Testing/notumor/Te-no_230.jpg,c_1178,Testing,notumor,19,Testing|Training,notumor,True,False
Training/notumor/Tr-no_904.jpg,c_1178,Training,notumor,19,Testing|Training,notumor,True,False
Testing/notumor/Te-no_361.jpg,c_1178,Testing,notumor,19,Testing|Training,notumor,True,False
Training/notumor/Tr-no_219.jpg,c_1178,Training,notumor,19,Testing|Training,notumor,True,False
Training/notumor/Tr-no_566.jpg,c_1178,Training,notumor,19,Testing|Training,notumor,True,False
Training/notumor/Tr-no_1142.jpg,c_1178,Training,notumor,19,Testing|Training,notumor,True,False
Testing/notumor/Te-no_384.jpg,c_1178,Testing,notumor,19,Testing|Training,notumor,True,False
Training/notumor/Tr-no_1277.jpg,c_1178,Training,notumor,19,Testing|Training,notumor,True,False
Training/notumor/Tr-no_385.jpg,c_1178,Training,notumor,19,Testing|Training,notumor,True,False
Testing/notumor/Te-no_104.jpg,c_1177,Testing,notumor,12,Testing|Training,notumor,True,False
Training/notumor/Tr-no_103.jpg,c_1177,Training,notumor,12,Testing|Training,notumor,True,False
Training/notumor/Tr-no_868.jpg,c_1177,Training,notumor,12,Testing|Training,notumor,True,False
Training/notumor/Tr-no_1207.jpg,c_1177,Training,notumor,12,Testing|Training,notumor,True,False
Training/notumor/Tr-no_1386.jpg,c_1177,Training,notumor,12,Testing|Training,notumor,True,False
Training/notumor/Tr-no_188.jpg,c_1177,Training,notumor,12,Testing|Training,notumor,True,False
Training/notumor/Tr-no_823.jpg,c_1177,Training,notumor,12,Testing|Training,notumor,True,False
Training/notumor/Tr-no_950.jpg,c_1177,Training,notumor,12,Testing|Training,notumor,True,False
Training/notumor/Tr-no_1058.jpg,c_1177,Training,notumor,12,Testing|Training,notumor,True,False
Training/notumor/Tr-no_319.jpg,c_1177,Training,notumor,12,Testing|Training,notumor,True,False
Testing/notumor/Te-no_238.jpg,c_1177,Testing,notumor,12,Testing|Training,notumor,True,False
Training/notumor/Tr-no_384.jpg,c_1177,Training,notumor,12,Testing|Training,notumor,True,False
Testing/notumor/Te-no_105.jpg,c_1289,Testing,notumor,19,Testing|Training,notumor,True,False
Training/notumor/Tr-no_501.jpg,c_1289,Training,notumor,19,Testing|Training,notumor,True,False
Training/notumor/Tr-no_1087.jpg,c_1289,Training,notumor,19,Testing|Training,notumor,True,False
Testing/notumor/Te-no_205.jpg,c_1289,Testing,notumor,19,Testing|Training,notumor,True,False
Training/notumor/Tr-no_753.jpg,c_1289,Training,notumor,19,Testing|Training,notumor,True,False
Training/notumor/Tr-no_294.jpg,c_1289,Training,notumor,19,Testing|Training,notumor,True,False
Testing/notumor/Te-no_328.jpg,c_1289,Testing,notumor,19,Testing|Training,notumor,True,False
Training/notumor/Tr-no_540.jpg,c_1289,Training,notumor,19,Testing|Training,notumor,True,False
Testing/notumor/Te-no_346.jpg,c_1289,Testing,notumor,19,Testing|Training,notumor,True,False
Testing/notumor/Te-no_237.jpg,c_1289,Testing,notumor,19,Testing|Training,notumor,True,False
Training/notumor/Tr-no_444.jpg,c_1289,Training,notumor,19,Testing|Training,notumor,True,False
Testing/notumor/Te-no_135.jpg,c_1289,Testing,notumor,19,Testing|Training,notumor,True,False
Testing/notumor/Te-no_250.jpg,c_1289,Testing,notumor,19,Testing|Training,notumor,True,False
Testing/notumor/Te-no_259.jpg,c_1289,Testing,notumor,19,Testing|Training,notumor,True,False
Training/notumor/Tr-no_1268.jpg,c_1289,Training,notumor,19,Testing|Training,notumor,True,False
Training/notumor/Tr-no_714.jpg,c_1289,Training,notumor,19,Testing|Training,notumor,True,False
Testing/notumor/Te-no_286.jpg,c_1289,Testing,notumor,19,Testing|Training,notumor,True,False
Training/notumor/Tr-no_723.jpg,c_1289,Training,notumor,19,Testing|Training,notumor,True,False
Training/notumor/Tr-no_96.jpg,c_1289,Training,notumor,19,Testing|Training,notumor,True,False
Testing/notumor/Te-no_106.jpg,c_1122,Testing,notumor,8,Testing|Training,notumor,True,False
Training/notumor/Tr-no_427.jpg,c_1122,Training,notumor,8,Testing|Training,notumor,True,False
Training/notumor/Tr-no_1228.jpg,c_1122,Training,notumor,8,Testing|Training,notumor,True,False
Training/notumor/Tr-no_216.jpg,c_1122,Training,notumor,8,Testing|Training,notumor,True,False
Training/notumor/Tr-no_1249.jpg,c_1122,Training,notumor,8,Testing|Training,notumor,True,False
Training/notumor/Tr-no_47.jpg,c_1122,Training,notumor,8,Testing|Training,notumor,True,False
Training/notumor/Tr-no_479.jpg,c_1122,Training,notumor,8,Testing|Training,notumor,True,False
Training/notumor/Tr-no_1176.jpg,c_1122,Training,notumor,8,Testing|Training,notumor,True,False
Testing/notumor/Te-no_107.jpg,c_1119,Testing,notumor,18,Testing|Training,notumor,True,False
Training/notumor/Tr-no_564.jpg,c_1119,Training,notumor,18,Testing|Training,notumor,True,False
Training/notumor/Tr-no_68.jpg,c_1119,Training,notumor,18,Testing|Training,notumor,True,False
Testing/notumor/Te-no_14.jpg,c_1119,Testing,notumor,18,Testing|Training,notumor,True,False
Training/notumor/Tr-no_4.jpg,c_1119,Training,notumor,18,Testing|Training,notumor,True,False
Testing/notumor/Te-no_2.jpg,c_1119,Testing,notumor,18,Testing|Training,notumor,True,False
Testing/notumor/Te-no_142.jpg,c_1119,Testing,notumor,18,Testing|Training,notumor,True,False
Testing/notumor/Te-no_317.jpg,c_1119,Testing,notumor,18,Testing|Training,notumor,True,False
Training/notumor/Tr-no_807.jpg,c_1119,Training,notumor,18,Testing|Training,notumor,True,False
Training/notumor/Tr-no_694.jpg,c_1119,Training,notumor,18,Testing|Training,notumor,True,False
Training/notumor/Tr-no_878.jpg,c_1119,Training,notumor,18,Testing|Training,notumor,True,False
Testing/notumor/Te-no_222.jpg,c_1119,Testing,notumor,18,Testing|Training,notumor,True,False
Training/notumor/Tr-no_1167.jpg,c_1119,Training,notumor,18,Testing|Training,notumor,True,False
Training/notumor/Tr-no_368.jpg,c_1119,Training,notumor,18,Testing|Training,notumor,True,False
Training/notumor/Tr-no_252.jpg,c_1119,Training,notumor,18,Testing|Training,notumor,True,False
Testing/notumor/Te-no_173.jpg,c_1119,Testing,notumor,18,Testing|Training,notumor,True,False
Training/notumor/Tr-no_1182.jpg,c_1119,Training,notumor,18,Testing|Training,notumor,True,False
Training/notumor/Tr-no_1126.jpg,c_1119,Training,notumor,18,Testing|Training,notumor,True,False
Testing/notumor/Te-no_108.jpg,c_1169,Testing,notumor,25,Testing|Training,notumor,True,False
Training/notumor/Tr-no_515.jpg,c_1169,Training,notumor,25,Testing|Training,notumor,True,False
Testing/notumor/Te-no_76.jpg,c_1169,Testing,notumor,25,Testing|Training,notumor,True,False
Training/notumor/Tr-no_1321.jpg,c_1169,Training,notumor,25,Testing|Training,notumor,True,False
Testing/notumor/Te-no_333.jpg,c_1169,Testing,notumor,25,Testing|Training,notumor,True,False
Training/notumor/Tr-no_310.jpg,c_1169,Training,notumor,25,Testing|Training,notumor,True,False
Training/notumor/Tr-no_1343.jpg,c_1169,Training,notumor,25,Testing|Training,notumor,True,False
Training/notumor/Tr-no_663.jpg,c_1169,Training,notumor,25,Testing|Training,notumor,True,False
Training/notumor/Tr-no_205.jpg,c_1169,Training,notumor,25,Testing|Training,notumor,True,False
Training/notumor/Tr-no_206.jpg,c_1169,Training,notumor,25,Testing|Training,notumor,True,False
Training/notumor/Tr-no_784.jpg,c_1169,Training,notumor,25,Testing|Training,notumor,True,False
Training/notumor/Tr-no_787.jpg,c_1169,Training,notumor,25,Testing|Training,notumor,True,False
Training/notumor/Tr-no_212.jpg,c_1169,Training,notumor,25,Testing|Training,notumor,True,False
Training/notumor/Tr-no_1012.jpg,c_1169,Training,notumor,25,Testing|Training,notumor,True,False
Testing/notumor/Te-no_363.jpg,c_1169,Testing,notumor,25,Testing|Training,notumor,True,False
Training/notumor/Tr-no_335.jpg,c_1169,Training,notumor,25,Testing|Training,notumor,True,False
Training/notumor/Tr-no_458.jpg,c_1169,Training,notumor,25,Testing|Training,notumor,True,False
Training/notumor/Tr-no_1379.jpg,c_1169,Training,notumor,25,Testing|Training,notumor,True,False
Training/notumor/Tr-no_810.jpg,c_1169,Training,notumor,25,Testing|Training,notumor,True,False
Testing/notumor/Te-no_28.jpg,c_1169,Testing,notumor,25,Testing|Training,notumor,True,False
Training/notumor/Tr-no_829.jpg,c_1169,Training,notumor,25,Testing|Training,notumor,True,False
Training/notumor/Tr-no_1284.jpg,c_1169,Training,notumor,25,Testing|Training,notumor,True,False
Testing/notumor/Te-no_109.jpg,c_1234,Testing,notumor,9,Testing|Training,notumor,True,False
Training/notumor/Tr-no_286.jpg,c_1234,Training,notumor,9,Testing|Training,notumor,True,False
Training/notumor/Tr-no_982.jpg,c_1234,Training,notumor,9,Testing|Training,notumor,True,False
Training/notumor/Tr-no_752.jpg,c_1234,Training,notumor,9,Testing|Training,notumor,True,False
Training/notumor/Tr-no_192.jpg,c_1234,Training,notumor,9,Testing|Training,notumor,True,False
Training/notumor/Tr-no_542.jpg,c_1234,Training,notumor,9,Testing|Training,notumor,True,False
Training/notumor/Tr-no_1254.jpg,c_1234,Training,notumor,9,Testing|Training,notumor,True,False
Training/notumor/Tr-no_939.jpg,c_1234,Training,notumor,9,Testing|Training,notumor,True,False
Training/notumor/Tr-no_724.jpg,c_1234,Training,notumor,9,Testing|Training,notumor,True,False
Testing/notumor/Te-no_11.jpg,c_1259,Testing,notumor,61,Testing|Training,notumor,True,False
Training/notumor/Tr-no_620.jpg,c_1259,Training,notumor,61,Testing|Training,notumor,True,False
Training/notumor/Tr-no_402.jpg,c_1259,Training,notumor,61,Testing|Training,notumor,True,False
Training/notumor/Tr-no_403.jpg,c_1259,Training,notumor,61,Testing|Training,notumor,True,False
Testing/notumor/Te-no_322.jpg,c_1259,Testing,notumor,61,Testing|Training,notumor,True,False
Training/notumor/Tr-no_873.jpg,c_1259,Training,notumor,61,Testing|Training,notumor,True,False
Training/notumor/Tr-no_643.jpg,c_1259,Training,notumor,61,Testing|Training,notumor,True,False
Training/notumor/Tr-no_1220.jpg,c_1259,Training,notumor,61,Testing|Training,notumor,True,False
Testing/notumor/Te-no_338.jpg,c_1259,Testing,notumor,61,Testing|Training,notumor,True,False
Training/notumor/Tr-no_1.jpg,c_1259,Training,notumor,61,Testing|Training,notumor,True,False
Training/notumor/Tr-no_2.jpg,c_1259,Training,notumor,61,Testing|Training,notumor,True,False
Testing/notumor/Te-no_35.jpg,c_1259,Testing,notumor,61,Testing|Training,notumor,True,False
Testing/notumor/Te-no_358.jpg,c_1259,Testing,notumor,61,Testing|Training,notumor,True,False
Training/notumor/Tr-no_1244.jpg,c_1259,Training,notumor,61,Testing|Training,notumor,True,False
Training/notumor/Tr-no_217.jpg,c_1259,Training,notumor,61,Testing|Training,notumor,True,False
Testing/notumor/Te-no_369.jpg,c_1259,Testing,notumor,61,Testing|Training,notumor,True,False
Training/notumor/Tr-no_227.jpg,c_1259,Training,notumor,61,Testing|Training,notumor,True,False
Training/notumor/Tr-no_690.jpg,c_1259,Training,notumor,61,Testing|Training,notumor,True,False
Training/notumor/Tr-no_23.jpg,c_1259,Training,notumor,61,Testing|Training,notumor,True,False
Training/notumor/Tr-no_234.jpg,c_1259,Training,notumor,61,Testing|Training,notumor,True,False
Testing/notumor/Te-no_383.jpg,c_1259,Testing,notumor,61,Testing|Training,notumor,True,False
Testing/notumor/Te-no_392.jpg,c_1259,Testing,notumor,61,Testing|Training,notumor,True,False
Testing/notumor/Te-no_4.jpg,c_1259,Testing,notumor,61,Testing|Training,notumor,True,False
Training/notumor/Tr-no_488.jpg,c_1259,Training,notumor,61,Testing|Training,notumor,True,False
Training/notumor/Tr-no_955.jpg,c_1259,Training,notumor,61,Testing|Training,notumor,True,False
Testing/notumor/Te-no_184.jpg,c_1259,Testing,notumor,61,Testing|Training,notumor,True,False
Training/notumor/Tr-no_735.jpg,c_1259,Training,notumor,61,Testing|Training,notumor,True,False
Training/notumor/Tr-no_1304.jpg,c_1259,Training,notumor,61,Testing|Training,notumor,True,False
Testing/notumor/Te-no_61.jpg,c_1259,Testing,notumor,61,Testing|Training,notumor,True,False
Testing/notumor/Te-no_62.jpg,c_1259,Testing,notumor,61,Testing|Training,notumor,True,False
Training/notumor/Tr-no_74.jpg,c_1259,Training,notumor,61,Testing|Training,notumor,True,False
Training/notumor/Tr-no_514.jpg,c_1259,Training,notumor,61,Testing|Training,notumor,True,False
Training/notumor/Tr-no_1083.jpg,c_1259,Training,notumor,61,Testing|Training,notumor,True,False
Testing/notumor/Te-no_232.jpg,c_1259,Testing,notumor,61,Testing|Training,notumor,True,False
Testing/notumor/Te-no_233.jpg,c_1259,Testing,notumor,61,Testing|Training,notumor,True,False
Training/notumor/Tr-no_781.jpg,c_1259,Training,notumor,61,Testing|Training,notumor,True,False
Training/notumor/Tr-no_559.jpg,c_1259,Training,notumor,61,Testing|Training,notumor,True,False
Training/notumor/Tr-no_113.jpg,c_1259,Training,notumor,61,Testing|Training,notumor,True,False
Training/notumor/Tr-no_331.jpg,c_1259,Training,notumor,61,Testing|Training,notumor,True,False
Training/notumor/Tr-no_1371.jpg,c_1259,Training,notumor,61,Testing|Training,notumor,True,False
Training/notumor/Tr-no_1375.jpg,c_1259,Training,notumor,61,Testing|Training,notumor,True,False
Training/notumor/Tr-no_586.jpg,c_1259,Training,notumor,61,Testing|Training,notumor,True,False
Training/notumor/Tr-no_1392.jpg,c_1259,Training,notumor,61,Testing|Training,notumor,True,False
Testing/notumor/Te-no_278.jpg,c_1259,Testing,notumor,61,Testing|Training,notumor,True,False
Training/notumor/Tr-no_595.jpg,c_1259,Training,notumor,61,Testing|Training,notumor,True,False
Training/notumor/Tr-no_1163.jpg,c_1259,Training,notumor,61,Testing|Training,notumor,True,False
Training/notumor/Tr-no_597.jpg,c_1259,Training,notumor,61,Testing|Training,notumor,True,False
Testing/notumor/Te-no_283.jpg,c_1259,Testing,notumor,61,Testing|Training,notumor,True,False
Training/notumor/Tr-no_37.jpg,c_1259,Training,notumor,61,Testing|Training,notumor,True,False
Training/notumor/Tr-no_1170.jpg,c_1259,Training,notumor,61,Testing|Training,notumor,True,False
Training/notumor/Tr-no_152.jpg,c_1259,Training,notumor,61,Testing|Training,notumor,True,False
Testing/notumor/Te-no_110.jpg,c_0047,Testing,notumor,14,Testing|Training,notumor,True,False
Training/notumor/Tr-no_621.jpg,c_0047,Training,notumor,14,Testing|Training,notumor,True,False
Testing/notumor/Te-no_306.jpg,c_0047,Testing,notumor,14,Testing|Training,notumor,True,False
Training/notumor/Tr-no_1136.jpg,c_0047,Training,notumor,14,Testing|Training,notumor,True,False
Testing/notumor/Te-no_196.jpg,c_0047,Testing,notumor,14,Testing|Training,notumor,True,False
Testing/notumor/Te-no_66.jpg,c_0047,Testing,notumor,14,Testing|Training,notumor,True,False
Testing/notumor/Te-no_210.jpg,c_0047,Testing,notumor,14,Testing|Training,notumor,True,False
Testing/notumor/Te-no_274.jpg,c_0047,Testing,notumor,14,Testing|Training,notumor,True,False
Testing/notumor/Te-no_164.jpg,c_0047,Testing,notumor,14,Testing|Training,notumor,True,False
Training/notumor/Tr-no_480.jpg,c_0047,Training,notumor,14,Testing|Training,notumor,True,False
Testing/notumor/Te-no_342.jpg,c_0047,Testing,notumor,14,Testing|Training,notumor,True,False
Training/notumor/Tr-no_835.jpg,c_0047,Training,notumor,14,Testing|Training,notumor,True,False
Training/notumor/Tr-no_548.jpg,c_0047,Training,notumor,14,Testing|Training,notumor,True,False
Testing/notumor/Te-no_349.jpg,c_0047,Testing,notumor,14,Testing|Training,notumor,True,False
Testing/notumor/Te-no_112.jpg,c_1163,Testing,notumor,12,Testing|Training,notumor,True,False
Testing/notumor/Te-no_82.jpg,c_1163,Testing,notumor,12,Testing|Training,notumor,True,False
Training/notumor/Tr-no_1215.jpg,c_1163,Training,notumor,12,Testing|Training,notumor,True,False
Training/notumor/Tr-no_1107.jpg,c_1163,Training,notumor,12,Testing|Training,notumor,True,False
Training/notumor/Tr-no_1229.jpg,c_1163,Training,notumor,12,Testing|Training,notumor,True,False
Training/notumor/Tr-no_1117.jpg,c_1163,Training,notumor,12,Testing|Training,notumor,True,False
Testing/notumor/Te-no_123.jpg,c_1163,Testing,notumor,12,Testing|Training,notumor,True,False
Training/notumor/Tr-no_789.jpg,c_1163,Training,notumor,12,Testing|Training,notumor,True,False
Training/notumor/Tr-no_1018.jpg,c_1163,Training,notumor,12,Testing|Training,notumor,True,False
Training/notumor/Tr-no_717.jpg,c_1163,Training,notumor,12,Testing|Training,notumor,True,False
Training/notumor/Tr-no_604.jpg,c_1163,Training,notumor,12,Testing|Training,notumor,True,False
Training/notumor/Tr-no_262.jpg,c_1163,Training,notumor,12,Testing|Training,notumor,True,False
Testing/notumor/Te-no_113.jpg,c_1173,Testing,notumor,41,Testing|Training,notumor,True,False
Testing/notumor/Te-no_334.jpg,c_1173,Testing,notumor,41,Testing|Training,notumor,True,False
Testing/notumor/Te-no_351.jpg,c_1173,Testing,notumor,41,Testing|Training,notumor,True,False
Training/notumor/Tr-no_46.jpg,c_1173,Training,notumor,41,Testing|Training,notumor,True,False
Testing/notumor/Te-no_388.jpg,c_1173,Testing,notumor,41,Testing|Training,notumor,True,False
Training/notumor/Tr-no_5.jpg,c_1173,Training,notumor,41,Testing|Training,notumor,True,False
Training/notumor/Tr-no_611.jpg,c_1173,Training,notumor,41,Testing|Training,notumor,True,False
Training/notumor/Tr-no_1027.jpg,c_1173,Training,notumor,41,Testing|Training,notumor,True,False
Training/notumor/Tr-no_693.jpg,c_1173,Training,notumor,41,Testing|Training,notumor,True,False
Training/notumor/Tr-no_709.jpg,c_1173,Training,notumor,41,Testing|Training,notumor,True,False
Training/notumor/Tr-no_1060.jpg,c_1173,Training,notumor,41,Testing|Training,notumor,True,False
Training/notumor/Tr-no_1062.jpg,c_1173,Training,notumor,41,Testing|Training,notumor,True,False
Training/notumor/Tr-no_1071.jpg,c_1173,Training,notumor,41,Testing|Training,notumor,True,False
Training/notumor/Tr-no_109.jpg,c_1173,Training,notumor,41,Testing|Training,notumor,True,False
Training/notumor/Tr-no_1102.jpg,c_1173,Training,notumor,41,Testing|Training,notumor,True,False
Training/notumor/Tr-no_1124.jpg,c_1173,Training,notumor,41,Testing|Training,notumor,True,False
Training/notumor/Tr-no_1138.jpg,c_1173,Training,notumor,41,Testing|Training,notumor,True,False
Training/notumor/Tr-no_82.jpg,c_1173,Training,notumor,41,Testing|Training,notumor,True,False
Training/notumor/Tr-no_1183.jpg,c_1173,Training,notumor,41,Testing|Training,notumor,True,False
Training/notumor/Tr-no_1252.jpg,c_1173,Training,notumor,41,Testing|Training,notumor,True,False
Training/notumor/Tr-no_1257.jpg,c_1173,Training,notumor,41,Testing|Training,notumor,True,False
Training/notumor/Tr-no_169.jpg,c_1173,Training,notumor,41,Testing|Training,notumor,True,False
Training/notumor/Tr-no_203.jpg,c_1173,Training,notumor,41,Testing|Training,notumor,True,False
Training/notumor/Tr-no_21.jpg,c_1173,Training,notumor,41,Testing|Training,notumor,True,False
Training/notumor/Tr-no_224.jpg,c_1173,Training,notumor,41,Testing|Training,notumor,True,False
Testing/notumor/Te-no_140.jpg,c_1173,Testing,notumor,41,Testing|Training,notumor,True,False
Training/notumor/Tr-no_232.jpg,c_1173,Training,notumor,41,Testing|Training,notumor,True,False
Training/notumor/Tr-no_241.jpg,c_1173,Training,notumor,41,Testing|Training,notumor,True,False
Training/notumor/Tr-no_249.jpg,c_1173,Training,notumor,41,Testing|Training,notumor,True,False
Training/notumor/Tr-no_251.jpg,c_1173,Training,notumor,41,Testing|Training,notumor,True,False
Training/notumor/Tr-no_267.jpg,c_1173,Training,notumor,41,Testing|Training,notumor,True,False
Testing/notumor/Te-no_189.jpg,c_1173,Testing,notumor,41,Testing|Training,notumor,True,False
Training/notumor/Tr-no_29.jpg,c_1173,Training,notumor,41,Testing|Training,notumor,True,False
Testing/notumor/Te-no_209.jpg,c_1173,Testing,notumor,41,Testing|Training,notumor,True,False
Training/notumor/Tr-no_322.jpg,c_1173,Training,notumor,41,Testing|Training,notumor,True,False
Training/notumor/Tr-no_339.jpg,c_1173,Training,notumor,41,Testing|Training,notumor,True,False
Testing/notumor/Te-no_260.jpg,c_1173,Testing,notumor,41,Testing|Training,notumor,True,False
Training/notumor/Tr-no_351.jpg,c_1173,Training,notumor,41,Testing|Training,notumor,True,False
Testing/notumor/Te-no_271.jpg,c_1173,Testing,notumor,41,Testing|Training,notumor,True,False
Testing/notumor/Te-no_275.jpg,c_1173,Testing,notumor,41,Testing|Training,notumor,True,False
Training/notumor/Tr-no_371.jpg,c_1173,Training,notumor,41,Testing|Training,notumor,True,False
Testing/notumor/Te-no_115.jpg,c_0042,Testing,notumor,27,Testing|Training,notumor,True,False
Testing/notumor/Te-no_300.jpg,c_0042,Testing,notumor,27,Testing|Training,notumor,True,False
Testing/notumor/Te-no_302.jpg,c_0042,Testing,notumor,27,Testing|Training,notumor,True,False
Testing/notumor/Te-no_304.jpg,c_0042,Testing,notumor,27,Testing|Training,notumor,True,False
Training/notumor/Tr-no_742.jpg,c_0042,Training,notumor,27,Testing|Training,notumor,True,False
Training/notumor/Tr-no_517.jpg,c_0042,Training,notumor,27,Testing|Training,notumor,True,False
Testing/notumor/Te-no_73.jpg,c_0042,Testing,notumor,27,Testing|Training,notumor,True,False
Training/notumor/Tr-no_293.jpg,c_0042,Training,notumor,27,Testing|Training,notumor,True,False
Training/notumor/Tr-no_762.jpg,c_0042,Training,notumor,27,Testing|Training,notumor,True,False
Training/notumor/Tr-no_885.jpg,c_0042,Training,notumor,27,Testing|Training,notumor,True,False
Training/notumor/Tr-no_311.jpg,c_0042,Training,notumor,27,Testing|Training,notumor,True,False
Testing/notumor/Te-no_99.jpg,c_0042,Testing,notumor,27,Testing|Training,notumor,True,False
Training/notumor/Tr-no_1123.jpg,c_0042,Training,notumor,27,Testing|Training,notumor,True,False
Training/notumor/Tr-no_324.jpg,c_0042,Training,notumor,27,Testing|Training,notumor,True,False
Training/notumor/Tr-no_903.jpg,c_0042,Training,notumor,27,Testing|Training,notumor,True,False
Testing/notumor/Te-no_136.jpg,c_0042,Testing,notumor,27,Testing|Training,notumor,True,False
Testing/notumor/Te-no_37.jpg,c_0042,Testing,notumor,27,Testing|Training,notumor,True,False
Training/notumor/Tr-no_570.jpg,c_0042,Training,notumor,27,Testing|Training,notumor,True,False
Training/notumor/Tr-no_1372.jpg,c_0042,Training,notumor,27,Testing|Training,notumor,True,False
Testing/notumor/Te-no_267.jpg,c_0042,Testing,notumor,27,Testing|Training,notumor,True,False
Training/notumor/Tr-no_703.jpg,c_0042,Training,notumor,27,Testing|Training,notumor,True,False
Training/notumor/Tr-no_827.jpg,c_0042,Training,notumor,27,Testing|Training,notumor,True,False
Training/notumor/Tr-no_60.jpg,c_0042,Training,notumor,27,Testing|Training,notumor,True,False
Training/notumor/Tr-no_259.jpg,c_0042,Training,notumor,27,Testing|Training,notumor,True,False
Training/notumor/Tr-no_149.jpg,c_0042,Training,notumor,27,Testing|Training,notumor,True,False
Training/notumor/Tr-no_1064.jpg,c_0042,Training,notumor,27,Testing|Training,notumor,True,False
Testing/notumor/Te-no_183.jpg,c_0042,Testing,notumor,27,Testing|Training,notumor,True,False
Testing/notumor/Te-no_116.jpg,c_1291,Testing,notumor,16,Testing|Training,notumor,True,False
Training/notumor/Tr-no_448.jpg,c_1291,Training,notumor,16,Testing|Training,notumor,True,False
Training/notumor/Tr-no_910.jpg,c_1291,Training,notumor,16,Testing|Training,notumor,True,False
Training/notumor/Tr-no_280.jpg,c_1291,Training,notumor,16,Testing|Training,notumor,True,False
Training/notumor/Tr-no_281.jpg,c_1291,Training,notumor,16,Testing|Training,notumor,True,False
Testing/notumor/Te-no_376.jpg,c_1291,Testing,notumor,16,Testing|Training,notumor,True,False
Training/notumor/Tr-no_1100.jpg,c_1291,Training,notumor,16,Testing|Training,notumor,True,False
Training/notumor/Tr-no_360.jpg,c_1291,Training,notumor,16,Testing|Training,notumor,True,False
Training/notumor/Tr-no_42.jpg,c_1291,Training,notumor,16,Testing|Training,notumor,True,False
Training/notumor/Tr-no_1165.jpg,c_1291,Training,notumor,16,Testing|Training,notumor,True,False
Training/notumor/Tr-no_774.jpg,c_1291,Training,notumor,16,Testing|Training,notumor,True,False
Training/notumor/Tr-no_1290.jpg,c_1291,Training,notumor,16,Testing|Training,notumor,True,False
Testing/notumor/Te-no_47.jpg,c_1291,Testing,notumor,16,Testing|Training,notumor,True,False
Training/notumor/Tr-no_207.jpg,c_1291,Training,notumor,16,Testing|Training,notumor,True,False
Training/notumor/Tr-no_440.jpg,c_1291,Training,notumor,16,Testing|Training,notumor,True,False
Training/notumor/Tr-no_962.jpg,c_1291,Training,notumor,16,Testing|Training,notumor,True,False
Testing/notumor/Te-no_117.jpg,c_1196,Testing,notumor,13,Testing|Training,notumor,True,False
Training/notumor/Tr-no_461.jpg,c_1196,Training,notumor,13,Testing|Training,notumor,True,False
Testing/notumor/Te-no_202.jpg,c_1196,Testing,notumor,13,Testing|Training,notumor,True,False
Testing/notumor/Te-no_382.jpg,c_1196,Testing,notumor,13,Testing|Training,notumor,True,False
Testing/notumor/Te-no_152.jpg,c_1196,Testing,notumor,13,Testing|Training,notumor,True,False
Training/notumor/Tr-no_820.jpg,c_1196,Training,notumor,13,Testing|Training,notumor,True,False
Training/notumor/Tr-no_1286.jpg,c_1196,Training,notumor,13,Testing|Training,notumor,True,False
Training/notumor/Tr-no_95.jpg,c_1196,Training,notumor,13,Testing|Training,notumor,True,False
Training/notumor/Tr-no_72.jpg,c_1196,Training,notumor,13,Testing|Training,notumor,True,False
Training/notumor/Tr-no_201.jpg,c_1196,Training,notumor,13,Testing|Training,notumor,True,False
Testing/notumor/Te-no_290.jpg,c_1196,Testing,notumor,13,Testing|Training,notumor,True,False
Training/notumor/Tr-no_32.jpg,c_1196,Training,notumor,13,Testing|Training,notumor,True,False
Training/notumor/Tr-no_495.jpg,c_1196,Training,notumor,13,Testing|Training,notumor,True,False
Testing/notumor/Te-no_118.jpg,c_0043,Testing,notumor,36,Testing|Training,notumor,True,False
Training/notumor/Tr-no_16.jpg,c_0043,Training,notumor,36,Testing|Training,notumor,True,False
Training/notumor/Tr-no_1076.jpg,c_0043,Training,notumor,36,Testing|Training,notumor,True,False
Training/notumor/Tr-no_497.jpg,c_0043,Training,notumor,36,Testing|Training,notumor,True,False
Training/notumor/Tr-no_1078.jpg,c_0043,Training,notumor,36,Testing|Training,notumor,True,False
Training/notumor/Tr-no_624.jpg,c_0043,Training,notumor,36,Testing|Training,notumor,True,False
Training/notumor/Tr-no_1202.jpg,c_0043,Training,notumor,36,Testing|Training,notumor,True,False
Training/notumor/Tr-no_521.jpg,c_0043,Training,notumor,36,Testing|Training,notumor,True,False
Training/notumor/Tr-no_529.jpg,c_0043,Training,notumor,36,Testing|Training,notumor,True,False
Training/notumor/Tr-no_53.jpg,c_0043,Training,notumor,36,Testing|Training,notumor,True,False
Training/notumor/Tr-no_883.jpg,c_0043,Training,notumor,36,Testing|Training,notumor,True,False
Training/notumor/Tr-no_424.jpg,c_0043,Training,notumor,36,Testing|Training,notumor,True,False
Training/notumor/Tr-no_773.jpg,c_0043,Training,notumor,36,Testing|Training,notumor,True,False
Training/notumor/Tr-no_89.jpg,c_0043,Training,notumor,36,Testing|Training,notumor,True,False
Training/notumor/Tr-no_66.jpg,c_0043,Training,notumor,36,Testing|Training,notumor,True,False
Training/notumor/Tr-no_776.jpg,c_0043,Training,notumor,36,Testing|Training,notumor,True,False
Training/notumor/Tr-no_780.jpg,c_0043,Training,notumor,36,Testing|Training,notumor,True,False
Training/notumor/Tr-no_1241.jpg,c_0043,Training,notumor,36,Testing|Training,notumor,True,False
Training/notumor/Tr-no_213.jpg,c_0043,Training,notumor,36,Testing|Training,notumor,True,False
Testing/notumor/Te-no_360.jpg,c_0043,Testing,notumor,36,Testing|Training,notumor,True,False
Testing/notumor/Te-no_139.jpg,c_0043,Testing,notumor,36,Testing|Training,notumor,True,False
Training/notumor/Tr-no_1370.jpg,c_0043,Training,notumor,36,Testing|Training,notumor,True,False
Testing/notumor/Te-no_262.jpg,c_0043,Testing,notumor,36,Testing|Training,notumor,True,False
Training/notumor/Tr-no_35.jpg,c_0043,Training,notumor,36,Testing|Training,notumor,True,False
Training/notumor/Tr-no_583.jpg,c_0043,Training,notumor,36,Testing|Training,notumor,True,False
Testing/notumor/Te-no_158.jpg,c_0043,Testing,notumor,36,Testing|Training,notumor,True,False
Training/notumor/Tr-no_1161.jpg,c_0043,Training,notumor,36,Testing|Training,notumor,True,False
Testing/notumor/Te-no_397.jpg,c_0043,Testing,notumor,36,Testing|Training,notumor,True,False
Training/notumor/Tr-no_1053.jpg,c_0043,Training,notumor,36,Testing|Training,notumor,True,False
Training/notumor/Tr-no_254.jpg,c_0043,Training,notumor,36,Testing|Training,notumor,True,False
Testing/notumor/Te-no_171.jpg,c_0043,Testing,notumor,36,Testing|Training,notumor,True,False
Testing/notumor/Te-no_44.jpg,c_0043,Testing,notumor,36,Testing|Training,notumor,True,False
Training/notumor/Tr-no_1174.jpg,c_0043,Training,notumor,36,Testing|Training,notumor,True,False
Testing/notumor/Te-no_296.jpg,c_0043,Testing,notumor,36,Testing|Training,notumor,True,False
Training/notumor/Tr-no_1299.jpg,c_0043,Training,notumor,36,Testing|Training,notumor,True,False
Testing/notumor/Te-no_119.jpg,c_0050,Testing,notumor,23,Testing|Training,notumor,True,False
Testing/notumor/Te-no_69.jpg,c_0050,Testing,notumor,23,Testing|Training,notumor,True,False
Testing/notumor/Te-no_206.jpg,c_0050,Testing,notumor,23,Testing|Training,notumor,True,False
Training/notumor/Tr-no_409.jpg,c_0050,Training,notumor,23,Testing|Training,notumor,True,False
Training/notumor/Tr-no_122.jpg,c_0050,Training,notumor,23,Testing|Training,notumor,True,False
Training/notumor/Tr-no_422.jpg,c_0050,Training,notumor,23,Testing|Training,notumor,True,False
Training/notumor/Tr-no_1224.jpg,c_0050,Training,notumor,23,Testing|Training,notumor,True,False
Training/notumor/Tr-no_1341.jpg,c_0050,Training,notumor,23,Testing|Training,notumor,True,False
Training/notumor/Tr-no_1118.jpg,c_0050,Training,notumor,23,Testing|Training,notumor,True,False
Training/notumor/Tr-no_1349.jpg,c_0050,Training,notumor,23,Testing|Training,notumor,True,False
Training/notumor/Tr-no_443.jpg,c_0050,Training,notumor,23,Testing|Training,notumor,True,False
Training/notumor/Tr-no_1368.jpg,c_0050,Training,notumor,23,Testing|Training,notumor,True,False
Training/notumor/Tr-no_80.jpg,c_0050,Training,notumor,23,Testing|Training,notumor,True,False
Testing/notumor/Te-no_371.jpg,c_0050,Testing,notumor,23,Testing|Training,notumor,True,False
Training/notumor/Tr-no_1146.jpg,c_0050,Training,notumor,23,Testing|Training,notumor,True,False
Training/notumor/Tr-no_236.jpg,c_0050,Training,notumor,23,Testing|Training,notumor,True,False
Training/notumor/Tr-no_352.jpg,c_0050,Training,notumor,23,Testing|Training,notumor,True,False
Training/notumor/Tr-no_1038.jpg,c_0050,Training,notumor,23,Testing|Training,notumor,True,False
Training/notumor/Tr-no_127.jpg,c_0050,Training,notumor,23,Testing|Training,notumor,True,False
Testing/notumor/Te-no_162.jpg,c_0050,Testing,notumor,23,Testing|Training,notumor,True,False
Training/notumor/Tr-no_369.jpg,c_0050,Training,notumor,23,Testing|Training,notumor,True,False
Training/notumor/Tr-no_603.jpg,c_0050,Training,notumor,23,Testing|Training,notumor,True,False
Testing/notumor/Te-no_48.jpg,c_0050,Testing,notumor,23,Testing|Training,notumor,True,False
Testing/notumor/Te-no_120.jpg,c_1170,Testing,notumor,27,Testing|Training,notumor,True,False
Training/notumor/Tr-no_1081.jpg,c_1170,Training,notumor,27,Testing|Training,notumor,True,False
Testing/notumor/Te-no_201.jpg,c_1170,Testing,notumor,27,Testing|Training,notumor,True,False
Testing/notumor/Te-no_318.jpg,c_1170,Testing,notumor,27,Testing|Training,notumor,True,False
Training/notumor/Tr-no_528.jpg,c_1170,Training,notumor,27,Testing|Training,notumor,True,False
Training/notumor/Tr-no_1328.jpg,c_1170,Training,notumor,27,Testing|Training,notumor,True,False
Training/notumor/Tr-no_645.jpg,c_1170,Training,notumor,27,Testing|Training,notumor,True,False
Training/notumor/Tr-no_1112.jpg,c_1170,Training,notumor,27,Testing|Training,notumor,True,False
Training/notumor/Tr-no_1113.jpg,c_1170,Training,notumor,27,Testing|Training,notumor,True,False
Training/notumor/Tr-no_200.jpg,c_1170,Training,notumor,27,Testing|Training,notumor,True,False
Training/notumor/Tr-no_778.jpg,c_1170,Training,notumor,27,Testing|Training,notumor,True,False
Training/notumor/Tr-no_437.jpg,c_1170,Training,notumor,27,Testing|Training,notumor,True,False
Training/notumor/Tr-no_554.jpg,c_1170,Training,notumor,27,Testing|Training,notumor,True,False
Testing/notumor/Te-no_36.jpg,c_1170,Testing,notumor,27,Testing|Training,notumor,True,False
Training/notumor/Tr-no_791.jpg,c_1170,Training,notumor,27,Testing|Training,notumor,True,False
Training/notumor/Tr-no_1246.jpg,c_1170,Training,notumor,27,Testing|Training,notumor,True,False
Training/notumor/Tr-no_1259.jpg,c_1170,Training,notumor,27,Testing|Training,notumor,True,False
Testing/notumor/Te-no_263.jpg,c_1170,Testing,notumor,27,Testing|Training,notumor,True,False
Training/notumor/Tr-no_928.jpg,c_1170,Training,notumor,27,Testing|Training,notumor,True,False
Training/notumor/Tr-no_473.jpg,c_1170,Training,notumor,27,Testing|Training,notumor,True,False
Testing/notumor/Te-no_399.jpg,c_1170,Testing,notumor,27,Testing|Training,notumor,True,False
Training/notumor/Tr-no_1287.jpg,c_1170,Training,notumor,27,Testing|Training,notumor,True,False
Testing/notumor/Te-no_294.jpg,c_1170,Testing,notumor,27,Testing|Training,notumor,True,False
Testing/notumor/Te-no_55.jpg,c_1170,Testing,notumor,27,Testing|Training,notumor,True,False
Testing/notumor/Te-no_121.jpg,c_1255,Testing,notumor,2,Testing|Training,notumor,True,False
Training/notumor/Tr-no_832.jpg,c_1255,Training,notumor,2,Testing|Training,notumor,True,False
Testing/notumor/Te-no_122.jpg,c_1249,Testing,notumor,15,Testing|Training,notumor,True,False
Training/notumor/Tr-no_1302.jpg,c_1249,Training,notumor,15,Testing|Training,notumor,True,False
Training/notumor/Tr-no_909.jpg,c_1249,Training,notumor,15,Testing|Training,notumor,True,False
Training/notumor/Tr-no_683.jpg,c_1249,Training,notumor,15,Testing|Training,notumor,True,False
Testing/notumor/Te-no_67.jpg,c_1249,Testing,notumor,15,Testing|Training,notumor,True,False
Training/notumor/Tr-no_975.jpg,c_1249,Training,notumor,15,Testing|Training,notumor,True,False
Training/notumor/Tr-no_341.jpg,c_1249,Training,notumor,15,Testing|Training,notumor,True,False
Testing/notumor/Te-no_86.jpg,c_1249,Testing,notumor,15,Testing|Training,notumor,True,False
Training/notumor/Tr-no_821.jpg,c_1249,Training,notumor,15,Testing|Training,notumor,True,False
Training/notumor/Tr-no_6.jpg,c_1249,Training,notumor,15,Testing|Training,notumor,True,False
Training/notumor/Tr-no_373.jpg,c_1249,Training,notumor,15,Testing|Training,notumor,True,False
Training/notumor/Tr-no_893.jpg,c_1249,Training,notumor,15,Testing|Training,notumor,True,False
Training/notumor/Tr-no_1175.jpg,c_1249,Training,notumor,15,Testing|Training,notumor,True,False
Training/notumor/Tr-no_895.jpg,c_1249,Training,notumor,15,Testing|Training,notumor,True,False
Training/notumor/Tr-no_79.jpg,c_1249,Training,notumor,15,Testing|Training,notumor,True,False
Testing/notumor/Te-no_124.jpg,c_1286,Testing,notumor,19,Testing|Training,notumor,True,False
Testing/notumor/Te-no_58.jpg,c_1286,Testing,notumor,19,Testing|Training,notumor,True,False
Testing/notumor/Te-no_134.jpg,c_1286,Testing,notumor,19,Testing|Training,notumor,True,False
Testing/notumor/Te-no_374.jpg,c_1286,Testing,notumor,19,Testing|Training,notumor,True,False
Testing/notumor/Te-no_203.jpg,c_1286,Testing,notumor,19,Testing|Training,notumor,True,False
Training/notumor/Tr-no_1203.jpg,c_1286,Training,notumor,19,Testing|Training,notumor,True,False
Training/notumor/Tr-no_347.jpg,c_1286,Training,notumor,19,Testing|Training,notumor,True,False
Testing/notumor/Te-no_21.jpg,c_1286,Testing,notumor,19,Testing|Training,notumor,True,False
Testing/notumor/Te-no_212.jpg,c_1286,Testing,notumor,19,Testing|Training,notumor,True,False
Testing/notumor/Te-no_213.jpg,c_1286,Testing,notumor,19,Testing|Training,notumor,True,False
Training/notumor/Tr-no_365.jpg,c_1286,Training,notumor,19,Testing|Training,notumor,True,False
Testing/notumor/Te-no_337.jpg,c_1286,Testing,notumor,19,Testing|Training,notumor,True,False
Training/notumor/Tr-no_429.jpg,c_1286,Training,notumor,19,Testing|Training,notumor,True,False
Training/notumor/Tr-no_725.jpg,c_1286,Training,notumor,19,Testing|Training,notumor,True,False
Training/notumor/Tr-no_154.jpg,c_1286,Training,notumor,19,Testing|Training,notumor,True,False
Training/notumor/Tr-no_386.jpg,c_1286,Training,notumor,19,Testing|Training,notumor,True,False
Testing/notumor/Te-no_125.jpg,c_1134,Testing,notumor,49,Testing|Training,notumor,True,False
Training/notumor/Tr-no_622.jpg,c_1134,Training,notumor,49,Testing|Training,notumor,True,False
Training/notumor/Tr-no_184.jpg,c_1134,Training,notumor,49,Testing|Training,notumor,True,False
Testing/notumor/Te-no_33.jpg,c_1134,Testing,notumor,49,Testing|Training,notumor,True,False
Training/notumor/Tr-no_1222.jpg,c_1134,Training,notumor,49,Testing|Training,notumor,True,False
Training/notumor/Tr-no_199.jpg,c_1134,Training,notumor,49,Testing|Training,notumor,True,False
Testing/notumor/Te-no_344.jpg,c_1134,Testing,notumor,49,Testing|Training,notumor,True,False
Training/notumor/Tr-no_211.jpg,c_1134,Training,notumor,49,Testing|Training,notumor,True,False
Training/notumor/Tr-no_675.jpg,c_1134,Training,notumor,49,Testing|Training,notumor,True,False
Testing/notumor/Te-no_128.jpg,c_1134,Testing,notumor,49,Testing|Training,notumor,True,False
Training/notumor/Tr-no_1256.jpg,c_1134,Training,notumor,49,Testing|Training,notumor,True,False
Testing/notumor/Te-no_372.jpg,c_1134,Testing,notumor,49,Testing|Training,notumor,True,False
Training/notumor/Tr-no_1029.jpg,c_1134,Training,notumor,49,Testing|Training,notumor,True,False
Testing/notumor/Te-no_379.jpg,c_1134,Testing,notumor,49,Testing|Training,notumor,True,False
Training/notumor/Tr-no_1035.jpg,c_1134,Training,notumor,49,Testing|Training,notumor,True,False
Training/notumor/Tr-no_1039.jpg,c_1134,Training,notumor,49,Testing|Training,notumor,True,False
Training/notumor/Tr-no_936.jpg,c_1134,Training,notumor,49,Testing|Training,notumor,True,False
Training/notumor/Tr-no_476.jpg,c_1134,Training,notumor,49,Testing|Training,notumor,True,False
Testing/notumor/Te-no_391.jpg,c_1134,Testing,notumor,49,Testing|Training,notumor,True,False
Testing/notumor/Te-no_163.jpg,c_1134,Testing,notumor,49,Testing|Training,notumor,True,False
Training/notumor/Tr-no_1050.jpg,c_1134,Training,notumor,49,Testing|Training,notumor,True,False
Training/notumor/Tr-no_1051.jpg,c_1134,Training,notumor,49,Testing|Training,notumor,True,False
Training/notumor/Tr-no_253.jpg,c_1134,Training,notumor,49,Testing|Training,notumor,True,False
Training/notumor/Tr-no_715.jpg,c_1134,Training,notumor,49,Testing|Training,notumor,True,False
Testing/notumor/Te-no_46.jpg,c_1134,Testing,notumor,49,Testing|Training,notumor,True,False
Testing/notumor/Te-no_177.jpg,c_1134,Testing,notumor,49,Testing|Training,notumor,True,False
Testing/notumor/Te-no_180.jpg,c_1134,Testing,notumor,49,Testing|Training,notumor,True,False
Training/notumor/Tr-no_1066.jpg,c_1134,Training,notumor,49,Testing|Training,notumor,True,False
Training/notumor/Tr-no_270.jpg,c_1134,Training,notumor,49,Testing|Training,notumor,True,False
Training/notumor/Tr-no_272.jpg,c_1134,Training,notumor,49,Testing|Training,notumor,True,False
Training/notumor/Tr-no_1315.jpg,c_1134,Training,notumor,49,Testing|Training,notumor,True,False
Training/notumor/Tr-no_1086.jpg,c_1134,Training,notumor,49,Testing|Training,notumor,True,False
Testing/notumor/Te-no_72.jpg,c_1134,Testing,notumor,49,Testing|Training,notumor,True,False
Training/notumor/Tr-no_1091.jpg,c_1134,Training,notumor,49,Testing|Training,notumor,True,False
Testing/notumor/Te-no_88.jpg,c_1134,Testing,notumor,49,Testing|Training,notumor,True,False
Training/notumor/Tr-no_538.jpg,c_1134,Training,notumor,49,Testing|Training,notumor,True,False
Training/notumor/Tr-no_320.jpg,c_1134,Training,notumor,49,Testing|Training,notumor,True,False
Training/notumor/Tr-no_330.jpg,c_1134,Training,notumor,49,Testing|Training,notumor,True,False
Training/notumor/Tr-no_794.jpg,c_1134,Training,notumor,49,Testing|Training,notumor,True,False
Training/notumor/Tr-no_797.jpg,c_1134,Training,notumor,49,Testing|Training,notumor,True,False
Testing/notumor/Te-no_256.jpg,c_1134,Testing,notumor,49,Testing|Training,notumor,True,False
Training/notumor/Tr-no_1151.jpg,c_1134,Training,notumor,49,Testing|Training,notumor,True,False
Training/notumor/Tr-no_1385.jpg,c_1134,Training,notumor,49,Testing|Training,notumor,True,False
Training/notumor/Tr-no_1158.jpg,c_1134,Training,notumor,49,Testing|Training,notumor,True,False
Testing/notumor/Te-no_276.jpg,c_1134,Testing,notumor,49,Testing|Training,notumor,True,False
Testing/notumor/Te-no_285.jpg,c_1134,Testing,notumor,49,Testing|Training,notumor,True,False
Training/notumor/Tr-no_600.jpg,c_1134,Training,notumor,49,Testing|Training,notumor,True,False
Testing/notumor/Te-no_126.jpg,c_1175,Testing,notumor,20,Testing|Training,notumor,True,False
Training/notumor/Tr-no_623.jpg,c_1175,Training,notumor,20,Testing|Training,notumor,True,False
Training/notumor/Tr-no_1198.jpg,c_1175,Training,notumor,20,Testing|Training,notumor,True,False
Training/notumor/Tr-no_526.jpg,c_1175,Training,notumor,20,Testing|Training,notumor,True,False
Testing/notumor/Te-no_93.jpg,c_1175,Testing,notumor,20,Testing|Training,notumor,True,False
Training/notumor/Tr-no_10.jpg,c_1175,Training,notumor,20,Testing|Training,notumor,True,False
Training/notumor/Tr-no_671.jpg,c_1175,Training,notumor,20,Testing|Training,notumor,True,False
Training/notumor/Tr-no_221.jpg,c_1175,Training,notumor,20,Testing|Training,notumor,True,False
Training/notumor/Tr-no_1139.jpg,c_1175,Training,notumor,20,Testing|Training,notumor,True,False
Training/notumor/Tr-no_800.jpg,c_1175,Training,notumor,20,Testing|Training,notumor,True,False
Training/notumor/Tr-no_601.jpg,c_1175,Training,notumor,20,Testing|Training,notumor,True,False
Training/notumor/Tr-no_377.jpg,c_1175,Training,notumor,20,Testing|Training,notumor,True,False
Training/notumor/Tr-no_381.jpg,c_1175,Training,notumor,20,Testing|Training,notumor,True,False
Testing/notumor/Te-no_13.jpg,c_1120,Testing,notumor,7,Testing|Training,notumor,True,False
Training/notumor/Tr-no_733.jpg,c_1120,Training,notumor,7,Testing|Training,notumor,True,False
Training/notumor/Tr-no_449.jpg,c_1120,Training,notumor,7,Testing|Training,notumor,True,False
Testing/notumor/Te-no_284.jpg,c_1120,Testing,notumor,7,Testing|Training,notumor,True,False
Training/notumor/Tr-no_132.jpg,c_1120,Training,notumor,7,Testing|Training,notumor,True,False
Training/notumor/Tr-no_9.jpg,c_1120,Training,notumor,7,Testing|Training,notumor,True,False
Training/notumor/Tr-no_1127.jpg,c_1120,Training,notumor,7,Testing|Training,notumor,True,False
Testing/notumor/Te-no_130.jpg,c_1285,Testing,notumor,33,Testing|Training,notumor,True,False
Training/notumor/Tr-no_1359.jpg,c_1285,Training,notumor,33,Testing|Training,notumor,True,False
Training/notumor/Tr-no_964.jpg,c_1285,Training,notumor,33,Testing|Training,notumor,True,False
Training/notumor/Tr-no_413.jpg,c_1285,Training,notumor,33,Testing|Training,notumor,True,False
Testing/notumor/Te-no_218.jpg,c_1285,Testing,notumor,33,Testing|Training,notumor,True,False
Training/notumor/Tr-no_256.jpg,c_1285,Training,notumor,33,Testing|Training,notumor,True,False
Training/notumor/Tr-no_952.jpg,c_1285,Training,notumor,33,Testing|Training,notumor,True,False
Testing/notumor/Te-no_132.jpg,c_1203,Testing,notumor,17,Testing|Training,notumor,True,False
Training/notumor/Tr-no_388.jpg,c_1203,Training,notumor,17,Testing|Training,notumor,True,False
Training/notumor/Tr-no_636.jpg,c_1203,Training,notumor,17,Testing|Training,notumor,True,False
Testing/notumor/Te-no_380.jpg,c_1203,Testing,notumor,17,Testing|Training,notumor,True,False
Training/notumor/Tr-no_1382.jpg,c_1203,Training,notumor,17,Testing|Training,notumor,True,False
Testing/notumor/Te-no_153.jpg,c_1203,Testing,notumor,17,Testing|Training,notumor,True,False
Testing/notumor/Te-no_270.jpg,c_1203,Testing,notumor,17,Testing|Training,notumor,True,False
Training/notumor/Tr-no_932.jpg,c_1203,Training,notumor,17,Testing|Training,notumor,True,False
Testing/notumor/Te-no_214.jpg,c_1203,Testing,notumor,17,Testing|Training,notumor,True,False
Training/notumor/Tr-no_1391.jpg,c_1203,Training,notumor,17,Testing|Training,notumor,True,False
Training/notumor/Tr-no_1218.jpg,c_1203,Training,notumor,17,Testing|Training,notumor,True,False
Training/notumor/Tr-no_1164.jpg,c_1203,Training,notumor,17,Testing|Training,notumor,True,False
Training/notumor/Tr-no_202.jpg,c_1203,Training,notumor,17,Testing|Training,notumor,True,False
Training/notumor/Tr-no_837.jpg,c_1203,Training,notumor,17,Testing|Training,notumor,True,False
Training/notumor/Tr-no_439.jpg,c_1203,Training,notumor,17,Testing|Training,notumor,True,False
Testing/notumor/Te-no_354.jpg,c_1203,Testing,notumor,17,Testing|Training,notumor,True,False
Training/notumor/Tr-no_557.jpg,c_1203,Training,notumor,17,Testing|Training,notumor,True,False
Testing/notumor/Te-no_133.jpg,c_1124,Testing,notumor,21,Testing|Training,notumor,True,False
Training/notumor/Tr-no_390.jpg,c_1124,Training,notumor,21,Testing|Training,notumor,True,False
Testing/notumor/Te-no_60.jpg,c_1124,Testing,notumor,21,Testing|Training,notumor,True,False
Testing/notumor/Te-no_32.jpg,c_1124,Testing,notumor,21,Testing|Training,notumor,True,False
Testing/notumor/Te-no_79.jpg,c_1124,Testing,notumor,21,Testing|Training,notumor,True,False
Testing/notumor/Te-no_155.jpg,c_1124,Testing,notumor,21,Testing|Training,notumor,True,False
Testing/notumor/Te-no_272.jpg,c_1124,Testing,notumor,21,Testing|Training,notumor,True,False
Training/notumor/Tr-no_186.jpg,c_1124,Training,notumor,21,Testing|Training,notumor,True,False
Testing/notumor/Te-no_17.jpg,c_1124,Testing,notumor,21,Testing|Training,notumor,True,False
Training/notumor/Tr-no_549.jpg,c_1124,Training,notumor,21,Testing|Training,notumor,True,False
Training/notumor/Tr-no_722.jpg,c_1124,Training,notumor,21,Testing|Training,notumor,True,False
Training/notumor/Tr-no_838.jpg,c_1124,Training,notumor,21,Testing|Training,notumor,True,False
Testing/notumor/Te-no_291.jpg,c_1124,Testing,notumor,21,Testing|Training,notumor,True,False
Training/notumor/Tr-no_731.jpg,c_1124,Training,notumor,21,Testing|Training,notumor,True,False
Training/notumor/Tr-no_732.jpg,c_1286,Training,notumor,19,Testing|Training,notumor,True,False
Training/notumor/Tr-no_1322.jpg,c_1286,Training,notumor,19,Testing|Training,notumor,True,False
Training/notumor/Tr-no_956.jpg,c_1286,Training,notumor,19,Testing|Training,notumor,True,False
Testing/notumor/Te-no_137.jpg,c_1201,Testing,notumor,12,Testing|Training,notumor,True,False
Training/notumor/Tr-no_1128.jpg,c_1201,Training,notumor,12,Testing|Training,notumor,True,False
Training/notumor/Tr-no_1074.jpg,c_1201,Training,notumor,12,Testing|Training,notumor,True,False
Testing/notumor/Te-no_366.jpg,c_1201,Testing,notumor,12,Testing|Training,notumor,True,False
Testing/notumor/Te-no_370.jpg,c_1201,Testing,notumor,12,Testing|Training,notumor,True,False
Testing/notumor/Te-no_199.jpg,c_1201,Testing,notumor,12,Testing|Training,notumor,True,False
Training/notumor/Tr-no_578.jpg,c_1201,Training,notumor,12,Testing|Training,notumor,True,False
Testing/notumor/Te-no_91.jpg,c_1201,Testing,notumor,12,Testing|Training,notumor,True,False
Training/notumor/Tr-no_1399.jpg,c_1201,Training,notumor,12,Testing|Training,notumor,True,False
Testing/notumor/Te-no_229.jpg,c_1201,Testing,notumor,12,Testing|Training,notumor,True,False
Training/notumor/Tr-no_1231.jpg,c_1201,Training,notumor,12,Testing|Training,notumor,True,False
Training/notumor/Tr-no_55.jpg,c_1201,Training,notumor,12,Testing|Training,notumor,True,False
Testing/notumor/Te-no_138.jpg,c_1220,Testing,notumor,9,Testing|Training,notumor,True,False
Training/notumor/Tr-no_1243.jpg,c_1220,Training,notumor,9,Testing|Training,notumor,True,False
Training/notumor/Tr-no_85.jpg,c_1220,Training,notumor,9,Testing|Training,notumor,True,False
Training/notumor/Tr-no_277.jpg,c_1220,Training,notumor,9,Testing|Training,notumor,True,False
Training/notumor/Tr-no_1049.jpg,c_1220,Training,notumor,9,Testing|Training,notumor,True,False
Training/notumor/Tr-no_51.jpg,c_1220,Training,notumor,9,Testing|Training,notumor,True,False
Testing/notumor/Te-no_310.jpg,c_1220,Testing,notumor,9,Testing|Training,notumor,True,False
Training/notumor/Tr-no_633.jpg,c_1220,Training,notumor,9,Testing|Training,notumor,True,False
Training/notumor/Tr-no_641.jpg,c_1220,Training,notumor,9,Testing|Training,notumor,True,False
Testing/notumor/Te-no_186.jpg,c_0043,Testing,notumor,36,Testing|Training,notumor,True,False
Testing/notumor/Te-no_141.jpg,c_1264,Testing,notumor,21,Testing|Training,notumor,True,False
Training/notumor/Tr-no_1190.jpg,c_1264,Training,notumor,21,Testing|Training,notumor,True,False
Testing/notumor/Te-no_309.jpg,c_1264,Testing,notumor,21,Testing|Training,notumor,True,False
Training/notumor/Tr-no_511.jpg,c_1264,Training,notumor,21,Testing|Training,notumor,True,False
Training/notumor/Tr-no_172.jpg,c_1264,Training,notumor,21,Testing|Training,notumor,True,False
Training/notumor/Tr-no_765.jpg,c_1264,Training,notumor,21,Testing|Training,notumor,True,False
Training/notumor/Tr-no_304.jpg,c_1264,Training,notumor,21,Testing|Training,notumor,True,False
Training/notumor/Tr-no_547.jpg,c_1264,Training,notumor,21,Testing|Training,notumor,True,False
Training/notumor/Tr-no_204.jpg,c_1264,Training,notumor,21,Testing|Training,notumor,True,False
Training/notumor/Tr-no_668.jpg,c_1264,Training,notumor,21,Testing|Training,notumor,True,False
Training/notumor/Tr-no_44.jpg,c_1264,Training,notumor,21,Testing|Training,notumor,True,False
Training/notumor/Tr-no_326.jpg,c_1264,Training,notumor,21,Testing|Training,notumor,True,False
Training/notumor/Tr-no_916.jpg,c_1264,Training,notumor,21,Testing|Training,notumor,True,False
Training/notumor/Tr-no_689.jpg,c_1264,Training,notumor,21,Testing|Training,notumor,True,False
Training/notumor/Tr-no_696.jpg,c_1264,Training,notumor,21,Testing|Training,notumor,True,False
Training/notumor/Tr-no_587.jpg,c_1264,Training,notumor,21,Testing|Training,notumor,True,False
Training/notumor/Tr-no_243.jpg,c_1264,Training,notumor,21,Testing|Training,notumor,True,False
Testing/notumor/Te-no_169.jpg,c_1264,Testing,notumor,21,Testing|Training,notumor,True,False
Training/notumor/Tr-no_718.jpg,c_1264,Training,notumor,21,Testing|Training,notumor,True,False
Testing/notumor/Te-no_42.jpg,c_1264,Testing,notumor,21,Testing|Training,notumor,True,False
Training/notumor/Tr-no_847.jpg,c_1264,Training,notumor,21,Testing|Training,notumor,True,False
Testing/notumor/Te-no_143.jpg,c_1283,Testing,notumor,19,Testing|Training,notumor,True,False
Training/notumor/Tr-no_502.jpg,c_1283,Training,notumor,19,Testing|Training,notumor,True,False
Training/notumor/Tr-no_446.jpg,c_1283,Training,notumor,19,Testing|Training,notumor,True,False
Training/notumor/Tr-no_736.jpg,c_1283,Training,notumor,19,Testing|Training,notumor,True,False
Training/notumor/Tr-no_333.jpg,c_1283,Training,notumor,19,Testing|Training,notumor,True,False
Training/notumor/Tr-no_927.jpg,c_1283,Training,notumor,19,Testing|Training,notumor,True,False
Testing/notumor/Te-no_215.jpg,c_1283,Testing,notumor,19,Testing|Training,notumor,True,False
Training/notumor/Tr-no_599.jpg,c_1283,Training,notumor,19,Testing|Training,notumor,True,False
Training/notumor/Tr-no_609.jpg,c_1283,Training,notumor,19,Testing|Training,notumor,True,False
Training/notumor/Tr-no_1239.jpg,c_1283,Training,notumor,19,Testing|Training,notumor,True,False
Testing/notumor/Te-no_144.jpg,c_1108,Testing,notumor,12,Testing|Training,notumor,True,False
Training/notumor/Tr-no_508.jpg,c_1108,Training,notumor,12,Testing|Training,notumor,True,False
Training/notumor/Tr-no_1135.jpg,c_1108,Training,notumor,12,Testing|Training,notumor,True,False
Training/notumor/Tr-no_1255.jpg,c_1108,Training,notumor,12,Testing|Training,notumor,True,False
Training/notumor/Tr-no_637.jpg,c_1108,Training,notumor,12,Testing|Training,notumor,True,False
Training/notumor/Tr-no_1153.jpg,c_1108,Training,notumor,12,Testing|Training,notumor,True,False
Training/notumor/Tr-no_1212.jpg,c_1108,Training,notumor,12,Testing|Training,notumor,True,False
Training/notumor/Tr-no_818.jpg,c_1108,Training,notumor,12,Testing|Training,notumor,True,False
Training/notumor/Tr-no_187.jpg,c_1108,Training,notumor,12,Testing|Training,notumor,True,False
Training/notumor/Tr-no_303.jpg,c_1108,Training,notumor,12,Testing|Training,notumor,True,False
Testing/notumor/Te-no_339.jpg,c_1108,Testing,notumor,12,Testing|Training,notumor,True,False
Training/notumor/Tr-no_1008.jpg,c_1108,Training,notumor,12,Testing|Training,notumor,True,False
Testing/notumor/Te-no_145.jpg,c_1233,Testing,notumor,14,Testing|Training,notumor,True,False
Training/notumor/Tr-no_271.jpg,c_1233,Training,notumor,14,Testing|Training,notumor,True,False
Testing/notumor/Te-no_249.jpg,c_1233,Testing,notumor,14,Testing|Training,notumor,True,False
Training/notumor/Tr-no_1313.jpg,c_1233,Training,notumor,14,Testing|Training,notumor,True,False
Testing/notumor/Te-no_70.jpg,c_1233,Testing,notumor,14,Testing|Training,notumor,True,False
Testing/notumor/Te-no_261.jpg,c_1233,Testing,notumor,14,Testing|Training,notumor,True,False
Testing/notumor/Te-no_75.jpg,c_1233,Testing,notumor,14,Testing|Training,notumor,True,False
Training/notumor/Tr-no_751.jpg,c_1233,Training,notumor,14,Testing|Training,notumor,True,False
Training/notumor/Tr-no_81.jpg,c_1233,Training,notumor,14,Testing|Training,notumor,True,False
Training/notumor/Tr-no_1150.jpg,c_1233,Training,notumor,14,Testing|Training,notumor,True,False
Testing/notumor/Te-no_157.jpg,c_1233,Testing,notumor,14,Testing|Training,notumor,True,False
Training/notumor/Tr-no_530.jpg,c_1233,Training,notumor,14,Testing|Training,notumor,True,False
Training/notumor/Tr-no_1108.jpg,c_1233,Training,notumor,14,Testing|Training,notumor,True,False
Training/notumor/Tr-no_721.jpg,c_1233,Training,notumor,14,Testing|Training,notumor,True,False
Testing/notumor/Te-no_146.jpg,c_0045,Testing,notumor,9,Testing|Training,notumor,True,False
Training/notumor/Tr-no_1017.jpg,c_0045,Training,notumor,9,Testing|Training,notumor,True,False
Testing/notumor/Te-no_190.jpg,c_0045,Testing,notumor,9,Testing|Training,notumor,True,False
Testing/notumor/Te-no_191.jpg,c_0045,Testing,notumor,9,Testing|Training,notumor,True,False
Testing/notumor/Te-no_200.jpg,c_0045,Testing,notumor,9,Testing|Training,notumor,True,False
Testing/notumor/Te-no_319.jpg,c_0045,Testing,notumor,9,Testing|Training,notumor,True,False
Testing/notumor/Te-no_83.jpg,c_0045,Testing,notumor,9,Testing|Training,notumor,True,False
Training/notumor/Tr-no_1296.jpg,c_0045,Training,notumor,9,Testing|Training,notumor,True,False
Testing/notumor/Te-no_298.jpg,c_0045,Testing,notumor,9,Testing|Training,notumor,True,False
Testing/notumor/Te-no_148.jpg,c_1129,Testing,notumor,18,Testing|Training,notumor,True,False
Testing/notumor/Te-no_359.jpg,c_1129,Testing,notumor,18,Testing|Training,notumor,True,False
Training/notumor/Tr-no_1189.jpg,c_1129,Training,notumor,18,Testing|Training,notumor,True,False
Training/notumor/Tr-no_69.jpg,c_1129,Training,notumor,18,Testing|Training,notumor,True,False
Training/notumor/Tr-no_1204.jpg,c_1129,Training,notumor,18,Testing|Training,notumor,True,False
Testing/notumor/Te-no_320.jpg,c_1129,Testing,notumor,18,Testing|Training,notumor,True,False
Training/notumor/Tr-no_466.jpg,c_1129,Training,notumor,18,Testing|Training,notumor,True,False
Training/notumor/Tr-no_1095.jpg,c_1129,Training,notumor,18,Testing|Training,notumor,True,False
Training/notumor/Tr-no_584.jpg,c_1129,Training,notumor,18,Testing|Training,notumor,True,False
Training/notumor/Tr-no_882.jpg,c_1129,Training,notumor,18,Testing|Training,notumor,True,False
Training/notumor/Tr-no_768.jpg,c_1129,Training,notumor,18,Testing|Training,notumor,True,False
Testing/notumor/Te-no_340.jpg,c_1129,Testing,notumor,18,Testing|Training,notumor,True,False
Testing/notumor/Te-no_226.jpg,c_1129,Testing,notumor,18,Testing|Training,notumor,True,False
Training/notumor/Tr-no_775.jpg,c_1129,Training,notumor,18,Testing|Training,notumor,True,False
Testing/notumor/Te-no_289.jpg,c_1129,Testing,notumor,18,Testing|Training,notumor,True,False
Training/notumor/Tr-no_317.jpg,c_1129,Training,notumor,18,Testing|Training,notumor,True,False
Testing/notumor/Te-no_350.jpg,c_1129,Testing,notumor,18,Testing|Training,notumor,True,False
Training/notumor/Tr-no_1237.jpg,c_1129,Training,notumor,18,Testing|Training,notumor,True,False
Testing/notumor/Te-no_149.jpg,c_0048,Testing,notumor,5,Testing,notumor,False,False
Testing/notumor/Te-no_217.jpg,c_0048,Testing,notumor,5,Testing,notumor,False,False
Testing/notumor/Te-no_29.jpg,c_0048,Testing,notumor,5,Testing,notumor,False,False
Testing/notumor/Te-no_38.jpg,c_0048,Testing,notumor,5,Testing,notumor,False,False
Testing/notumor/Te-no_352.jpg,c_0048,Testing,notumor,5,Testing,notumor,False,False
Testing/notumor/Te-no_15.jpg,c_1110,Testing,notumor,21,Testing|Training,notumor,True,False
Testing/notumor/Te-no_244.jpg,c_1110,Testing,notumor,21,Testing|Training,notumor,True,False
Testing/notumor/Te-no_305.jpg,c_1110,Testing,notumor,21,Testing|Training,notumor,True,False
Training/notumor/Tr-no_220.jpg,c_1110,Training,notumor,21,Testing|Training,notumor,True,False
Testing/notumor/Te-no_254.jpg,c_1110,Testing,notumor,21,Testing|Training,notumor,True,False
Testing/notumor/Te-no_314.jpg,c_1110,Testing,notumor,21,Testing|Training,notumor,True,False
Training/notumor/Tr-no_401.jpg,c_1110,Training,notumor,21,Testing|Training,notumor,True,False
Testing/notumor/Te-no_390.jpg,c_1110,Testing,notumor,21,Testing|Training,notumor,True,False
Training/notumor/Tr-no_309.jpg,c_1110,Training,notumor,21,Testing|Training,notumor,True,False
Training/notumor/Tr-no_890.jpg,c_1110,Training,notumor,21,Testing|Training,notumor,True,False
Training/notumor/Tr-no_666.jpg,c_1110,Training,notumor,21,Testing|Training,notumor,True,False
Training/notumor/Tr-no_1010.jpg,c_1110,Training,notumor,21,Testing|Training,notumor,True,False
Testing/notumor/Te-no_150.jpg,c_1161,Testing,notumor,2,Testing|Training,notumor,True,False
Training/notumor/Tr-no_247.jpg,c_1161,Training,notumor,2,Testing|Training,notumor,True,False
Testing/notumor/Te-no_151.jpg,c_1270,Testing,notumor,11,Testing|Training,notumor,True,False
Training/notumor/Tr-no_793.jpg,c_1270,Training,notumor,11,Testing|Training,notumor,True,False
Testing/notumor/Te-no_64.jpg,c_1270,Testing,notumor,11,Testing|Training,notumor,True,False
Training/notumor/Tr-no_1034.jpg,c_1270,Training,notumor,11,Testing|Training,notumor,True,False
Testing/notumor/Te-no_27.jpg,c_1270,Testing,notumor,11,Testing|Training,notumor,True,False
Testing/notumor/Te-no_219.jpg,c_1270,Testing,notumor,11,Testing|Training,notumor,True,False
Testing/notumor/Te-no_393.jpg,c_1270,Testing,notumor,11,Testing|Training,notumor,True,False
Testing/notumor/Te-no_348.jpg,c_1270,Testing,notumor,11,Testing|Training,notumor,True,False
Training/notumor/Tr-no_146.jpg,c_1270,Training,notumor,11,Testing|Training,notumor,True,False
Training/notumor/Tr-no_1233.jpg,c_1270,Training,notumor,11,Testing|Training,notumor,True,False
Training/notumor/Tr-no_896.jpg,c_1270,Training,notumor,11,Testing|Training,notumor,True,False
Testing/notumor/Te-no_154.jpg,c_1188,Testing,notumor,12,Testing|Training,notumor,True,False
Training/notumor/Tr-no_965.jpg,c_1188,Training,notumor,12,Testing|Training,notumor,True,False
Training/notumor/Tr-no_850.jpg,c_1188,Training,notumor,12,Testing|Training,notumor,True,False
Training/notumor/Tr-no_971.jpg,c_1188,Training,notumor,12,Testing|Training,notumor,True,False
Training/notumor/Tr-no_634.jpg,c_1188,Training,notumor,12,Testing|Training,notumor,True,False
Training/notumor/Tr-no_178.jpg,c_1188,Training,notumor,12,Testing|Training,notumor,True,False
Training/notumor/Tr-no_1216.jpg,c_1188,Training,notumor,12,Testing|Training,notumor,True,False
Training/notumor/Tr-no_1335.jpg,c_1188,Training,notumor,12,Testing|Training,notumor,True,False
Testing/notumor/Te-no_159.jpg,c_1294,Testing,notumor,2,Testing|Training,notumor,True,False
Training/notumor/Tr-no_970.jpg,c_1294,Training,notumor,2,Testing|Training,notumor,True,False
Testing/notumor/Te-no_16.jpg,c_1224,Testing,notumor,12,Testing|Training,notumor,True,False
Training/notumor/Tr-no_560.jpg,c_1224,Training,notumor,12,Testing|Training,notumor,True,False
Training/notumor/Tr-no_332.jpg,c_1224,Training,notumor,12,Testing|Training,notumor,True,False
Testing/notumor/Te-no_50.jpg,c_1224,Testing,notumor,12,Testing|Training,notumor,True,False
Testing/notumor/Te-no_204.jpg,c_1224,Testing,notumor,12,Testing|Training,notumor,True,False
Training/notumor/Tr-no_290.jpg,c_1224,Training,notumor,12,Testing|Training,notumor,True,False
Training/notumor/Tr-no_302.jpg,c_1224,Training,notumor,12,Testing|Training,notumor,True,False
Training/notumor/Tr-no_191.jpg,c_1224,Training,notumor,12,Testing|Training,notumor,True,False
Testing/notumor/Te-no_221.jpg,c_1224,Testing,notumor,12,Testing|Training,notumor,True,False
Testing/notumor/Te-no_5.jpg,c_1224,Testing,notumor,12,Testing|Training,notumor,True,False
Training/notumor/Tr-no_958.jpg,c_1224,Training,notumor,12,Testing|Training,notumor,True,False
Training/notumor/Tr-no_672.jpg,c_1224,Training,notumor,12,Testing|Training,notumor,True,False
Testing/notumor/Te-no_165.jpg,c_1214,Testing,notumor,20,Testing|Training,notumor,True,False
Training/notumor/Tr-no_158.jpg,c_1214,Training,notumor,20,Testing|Training,notumor,True,False
Training/notumor/Tr-no_39.jpg,c_1214,Training,notumor,20,Testing|Training,notumor,True,False
Training/notumor/Tr-no_160.jpg,c_1214,Training,notumor,20,Testing|Training,notumor,True,False
Training/notumor/Tr-no_278.jpg,c_1214,Training,notumor,20,Testing|Training,notumor,True,False
Testing/notumor/Te-no_307.jpg,c_1214,Testing,notumor,20,Testing|Training,notumor,True,False
Training/notumor/Tr-no_291.jpg,c_1214,Training,notumor,20,Testing|Training,notumor,True,False
Training/notumor/Tr-no_755.jpg,c_1214,Training,notumor,20,Testing|Training,notumor,True,False
Training/notumor/Tr-no_64.jpg,c_1214,Training,notumor,20,Testing|Training,notumor,True,False
Testing/notumor/Te-no_81.jpg,c_1214,Testing,notumor,20,Testing|Training,notumor,True,False
Training/notumor/Tr-no_655.jpg,c_1214,Training,notumor,20,Testing|Training,notumor,True,False
Testing/notumor/Te-no_34.jpg,c_1214,Testing,notumor,20,Testing|Training,notumor,True,False
Training/notumor/Tr-no_435.jpg,c_1214,Training,notumor,20,Testing|Training,notumor,True,False
Training/notumor/Tr-no_788.jpg,c_1214,Training,notumor,20,Testing|Training,notumor,True,False
Testing/notumor/Te-no_245.jpg,c_1214,Testing,notumor,20,Testing|Training,notumor,True,False
Training/notumor/Tr-no_231.jpg,c_1214,Training,notumor,20,Testing|Training,notumor,True,False
Training/notumor/Tr-no_359.jpg,c_1214,Training,notumor,20,Testing|Training,notumor,True,False
Training/notumor/Tr-no_83.jpg,c_1214,Training,notumor,20,Testing|Training,notumor,True,False
Training/notumor/Tr-no_370.jpg,c_1214,Training,notumor,20,Testing|Training,notumor,True,False
Training/notumor/Tr-no_614.jpg,c_1214,Training,notumor,20,Testing|Training,notumor,True,False
Testing/notumor/Te-no_166.jpg,c_1197,Testing,notumor,29,Testing|Training,notumor,True,False
Training/notumor/Tr-no_626.jpg,c_1197,Training,notumor,29,Testing|Training,notumor,True,False
Training/notumor/Tr-no_400.jpg,c_1197,Training,notumor,29,Testing|Training,notumor,True,False
Training/notumor/Tr-no_288.jpg,c_1197,Training,notumor,29,Testing|Training,notumor,True,False
Testing/notumor/Te-no_74.jpg,c_1197,Testing,notumor,29,Testing|Training,notumor,True,False
Training/notumor/Tr-no_175.jpg,c_1197,Training,notumor,29,Testing|Training,notumor,True,False
Training/notumor/Tr-no_176.jpg,c_1197,Training,notumor,29,Testing|Training,notumor,True,False
Training/notumor/Tr-no_1211.jpg,c_1197,Training,notumor,29,Testing|Training,notumor,True,False
Training/notumor/Tr-no_876.jpg,c_1197,Training,notumor,29,Testing|Training,notumor,True,False
Training/notumor/Tr-no_536.jpg,c_1197,Training,notumor,29,Testing|Training,notumor,True,False
Training/notumor/Tr-no_657.jpg,c_1197,Training,notumor,29,Testing|Training,notumor,True,False
Training/notumor/Tr-no_314.jpg,c_1197,Training,notumor,29,Testing|Training,notumor,True,False
Training/notumor/Tr-no_665.jpg,c_1197,Training,notumor,29,Testing|Training,notumor,True,False
Training/notumor/Tr-no_321.jpg,c_1197,Training,notumor,29,Testing|Training,notumor,True,False
Training/notumor/Tr-no_552.jpg,c_1197,Training,notumor,29,Testing|Training,notumor,True,False
Testing/notumor/Te-no_242.jpg,c_1197,Testing,notumor,29,Testing|Training,notumor,True,False
Training/notumor/Tr-no_56.jpg,c_1197,Training,notumor,29,Testing|Training,notumor,True,False
Training/notumor/Tr-no_1247.jpg,c_1197,Training,notumor,29,Testing|Training,notumor,True,False
Training/notumor/Tr-no_1364.jpg,c_1197,Training,notumor,29,Testing|Training,notumor,True,False
Training/notumor/Tr-no_799.jpg,c_1197,Training,notumor,29,Testing|Training,notumor,True,False
Training/notumor/Tr-no_1023.jpg,c_1197,Training,notumor,29,Testing|Training,notumor,True,False
Testing/notumor/Te-no_258.jpg,c_1197,Testing,notumor,29,Testing|Training,notumor,True,False
Testing/notumor/Te-no_266.jpg,c_1197,Testing,notumor,29,Testing|Training,notumor,True,False
Training/notumor/Tr-no_139.jpg,c_1197,Training,notumor,29,Testing|Training,notumor,True,False
Training/notumor/Tr-no_143.jpg,c_1197,Training,notumor,29,Testing|Training,notumor,True,False
Training/notumor/Tr-no_1068.jpg,c_1197,Training,notumor,29,Testing|Training,notumor,True,False
Training/notumor/Tr-no_612.jpg,c_1197,Training,notumor,29,Testing|Training,notumor,True,False
Training/notumor/Tr-no_73.jpg,c_1197,Training,notumor,29,Testing|Training,notumor,True,False
Training/notumor/Tr-no_50.jpg,c_1197,Training,notumor,29,Testing|Training,notumor,True,False
Testing/notumor/Te-no_167.jpg,c_1148,Testing,notumor,2,Testing|Training,notumor,True,False
Training/notumor/Tr-no_147.jpg,c_1148,Training,notumor,2,Testing|Training,notumor,True,False
Testing/notumor/Te-no_311.jpg,c_1124,Testing,notumor,21,Testing|Training,notumor,True,False
Training/notumor/Tr-no_114.jpg,c_1124,Training,notumor,21,Testing|Training,notumor,True,False
Training/notumor/Tr-no_991.jpg,c_1124,Training,notumor,21,Testing|Training,notumor,True,False
Training/notumor/Tr-no_313.jpg,c_1124,Training,notumor,21,Testing|Training,notumor,True,False
Training/notumor/Tr-no_491.jpg,c_1124,Training,notumor,21,Testing|Training,notumor,True,False
Training/notumor/Tr-no_615.jpg,c_1124,Training,notumor,21,Testing|Training,notumor,True,False
Training/notumor/Tr-no_1185.jpg,c_1124,Training,notumor,21,Testing|Training,notumor,True,False
Testing/notumor/Te-no_170.jpg,c_1256,Testing,notumor,16,Testing|Training,notumor,True,False
Training/notumor/Tr-no_859.jpg,c_1256,Training,notumor,16,Testing|Training,notumor,True,False
Training/notumor/Tr-no_404.jpg,c_1256,Training,notumor,16,Testing|Training,notumor,True,False
Training/notumor/Tr-no_635.jpg,c_1256,Training,notumor,16,Testing|Training,notumor,True,False
Testing/notumor/Te-no_207.jpg,c_1256,Testing,notumor,16,Testing|Training,notumor,True,False
Training/notumor/Tr-no_759.jpg,c_1256,Training,notumor,16,Testing|Training,notumor,True,False
Testing/notumor/Te-no_84.jpg,c_1256,Testing,notumor,16,Testing|Training,notumor,True,False
Testing/notumor/Te-no_95.jpg,c_1256,Testing,notumor,16,Testing|Training,notumor,True,False
Testing/notumor/Te-no_225.jpg,c_1256,Testing,notumor,16,Testing|Training,notumor,True,False
Training/notumor/Tr-no_136.jpg,c_1256,Training,notumor,16,Testing|Training,notumor,True,False
Training/notumor/Tr-no_924.jpg,c_1256,Training,notumor,16,Testing|Training,notumor,True,False
Training/notumor/Tr-no_239.jpg,c_1256,Training,notumor,16,Testing|Training,notumor,True,False
Training/notumor/Tr-no_1041.jpg,c_1256,Training,notumor,16,Testing|Training,notumor,True,False
Training/notumor/Tr-no_713.jpg,c_1256,Training,notumor,16,Testing|Training,notumor,True,False
Training/notumor/Tr-no_834.jpg,c_1256,Training,notumor,16,Testing|Training,notumor,True,False
Testing/notumor/Te-no_172.jpg,c_1117,Testing,notumor,17,Testing|Training,notumor,True,False
Training/notumor/Tr-no_1013.jpg,c_1117,Training,notumor,17,Testing|Training,notumor,True,False
Training/notumor/Tr-no_679.jpg,c_1117,Training,notumor,17,Testing|Training,notumor,True,False
Training/notumor/Tr-no_226.jpg,c_1117,Training,notumor,17,Testing|Training,notumor,True,False
Training/notumor/Tr-no_1314.jpg,c_1117,Training,notumor,17,Testing|Training,notumor,True,False
Training/notumor/Tr-no_343.jpg,c_1117,Training,notumor,17,Testing|Training,notumor,True,False
Testing/notumor/Te-no_316.jpg,c_1117,Testing,notumor,17,Testing|Training,notumor,True,False
Training/notumor/Tr-no_572.jpg,c_1117,Training,notumor,17,Testing|Training,notumor,True,False
Training/notumor/Tr-no_921.jpg,c_1117,Training,notumor,17,Testing|Training,notumor,True,False
Testing/notumor/Te-no_377.jpg,c_1117,Testing,notumor,17,Testing|Training,notumor,True,False
Training/notumor/Tr-no_414.jpg,c_1117,Training,notumor,17,Testing|Training,notumor,True,False
Training/notumor/Tr-no_54.jpg,c_1117,Training,notumor,17,Testing|Training,notumor,True,False
Testing/notumor/Te-no_398.jpg,c_1117,Testing,notumor,17,Testing|Training,notumor,True,False
Training/notumor/Tr-no_1168.jpg,c_1117,Training,notumor,17,Testing|Training,notumor,True,False
Training/notumor/Tr-no_49.jpg,c_1117,Training,notumor,17,Testing|Training,notumor,True,False
Training/notumor/Tr-no_318.jpg,c_1117,Training,notumor,17,Testing|Training,notumor,True,False
Training/notumor/Tr-no_1120.jpg,c_1117,Training,notumor,17,Testing|Training,notumor,True,False
Testing/notumor/Te-no_174.jpg,c_1111,Testing,notumor,16,Testing|Training,notumor,True,False
Training/notumor/Tr-no_393.jpg,c_1111,Training,notumor,16,Testing|Training,notumor,True,False
Training/notumor/Tr-no_627.jpg,c_1111,Training,notumor,16,Testing|Training,notumor,True,False
Testing/notumor/Te-no_197.jpg,c_1111,Testing,notumor,16,Testing|Training,notumor,True,False
Training/notumor/Tr-no_981.jpg,c_1111,Training,notumor,16,Testing|Training,notumor,True,False
Training/notumor/Tr-no_646.jpg,c_1111,Training,notumor,16,Testing|Training,notumor,True,False
Training/notumor/Tr-no_877.jpg,c_1111,Training,notumor,16,Testing|Training,notumor,True,False
Training/notumor/Tr-no_999.jpg,c_1111,Training,notumor,16,Testing|Training,notumor,True,False
Training/notumor/Tr-no_1119.jpg,c_1111,Training,notumor,16,Testing|Training,notumor,True,False
Testing/notumor/Te-no_353.jpg,c_1111,Testing,notumor,16,Testing|Training,notumor,True,False
Training/notumor/Tr-no_785.jpg,c_1111,Training,notumor,16,Testing|Training,notumor,True,False
Training/notumor/Tr-no_441.jpg,c_1111,Training,notumor,16,Testing|Training,notumor,True,False
Training/notumor/Tr-no_561.jpg,c_1111,Training,notumor,16,Testing|Training,notumor,True,False
Training/notumor/Tr-no_678.jpg,c_1111,Training,notumor,16,Testing|Training,notumor,True,False
Training/notumor/Tr-no_1362.jpg,c_1111,Training,notumor,16,Testing|Training,notumor,True,False
Training/notumor/Tr-no_1022.jpg,c_1111,Training,notumor,16,Testing|Training,notumor,True,False
Testing/notumor/Te-no_176.jpg,c_0041,Testing,notumor,24,Testing|Training,notumor,True,False
Training/notumor/Tr-no_276.jpg,c_0041,Training,notumor,24,Testing|Training,notumor,True,False
Training/notumor/Tr-no_395.jpg,c_0041,Training,notumor,24,Testing|Training,notumor,True,False
Training/notumor/Tr-no_108.jpg,c_0041,Training,notumor,24,Testing|Training,notumor,True,False
Testing/notumor/Te-no_7.jpg,c_0041,Testing,notumor,24,Testing|Training,notumor,True,False
Training/notumor/Tr-no_296.jpg,c_0041,Training,notumor,24,Testing|Training,notumor,True,False
Training/notumor/Tr-no_989.jpg,c_0041,Training,notumor,24,Testing|Training,notumor,True,False
Training/notumor/Tr-no_111.jpg,c_0041,Training,notumor,24,Testing|Training,notumor,True,False
Training/notumor/Tr-no_1227.jpg,c_0041,Training,notumor,24,Testing|Training,notumor,True,False
Training/notumor/Tr-no_795.jpg,c_0041,Training,notumor,24,Testing|Training,notumor,True,False
Training/notumor/Tr-no_1251.jpg,c_0041,Training,notumor,24,Testing|Training,notumor,True,False
Testing/notumor/Te-no_368.jpg,c_0041,Testing,notumor,24,Testing|Training,notumor,True,False
Training/notumor/Tr-no_453.jpg,c_0041,Training,notumor,24,Testing|Training,notumor,True,False
Testing/notumor/Te-no_255.jpg,c_0041,Testing,notumor,24,Testing|Training,notumor,True,False
Training/notumor/Tr-no_588.jpg,c_0041,Training,notumor,24,Testing|Training,notumor,True,False
Testing/notumor/Te-no_387.jpg,c_0041,Testing,notumor,24,Testing|Training,notumor,True,False
Training/notumor/Tr-no_1047.jpg,c_0041,Training,notumor,24,Testing|Training,notumor,True,False
Testing/notumor/Te-no_394.jpg,c_0041,Testing,notumor,24,Testing|Training,notumor,True,False
Training/notumor/Tr-no_25.jpg,c_0041,Training,notumor,24,Testing|Training,notumor,True,False
Training/notumor/Tr-no_1396.jpg,c_0041,Training,notumor,24,Testing|Training,notumor,True,False
Training/notumor/Tr-no_947.jpg,c_0041,Training,notumor,24,Testing|Training,notumor,True,False
Training/notumor/Tr-no_1055.jpg,c_0041,Training,notumor,24,Testing|Training,notumor,True,False
Training/notumor/Tr-no_260.jpg,c_0041,Training,notumor,24,Testing|Training,notumor,True,False
Testing/notumor/Te-no_181.jpg,c_0041,Testing,notumor,24,Testing|Training,notumor,True,False
Training/notumor/Tr-no_744.jpg,c_1134,Training,notumor,49,Testing|Training,notumor,True,False
Testing/notumor/Te-no_178.jpg,c_1213,Testing,notumor,25,Testing|Training,notumor,True,False
Training/notumor/Tr-no_1192.jpg,c_1213,Training,notumor,25,Testing|Training,notumor,True,False
Training/notumor/Tr-no_1206.jpg,c_1213,Training,notumor,25,Testing|Training,notumor,True,False
Training/notumor/Tr-no_756.jpg,c_1213,Training,notumor,25,Testing|Training,notumor,True,False
Testing/notumor/Te-no_87.jpg,c_1213,Testing,notumor,25,Testing|Training,notumor,True,False
Training/notumor/Tr-no_1217.jpg,c_1213,Training,notumor,25,Testing|Training,notumor,True,False
Training/notumor/Tr-no_430.jpg,c_1213,Training,notumor,25,Testing|Training,notumor,True,False
Training/notumor/Tr-no_1234.jpg,c_1213,Training,notumor,25,Testing|Training,notumor,True,False
Training/notumor/Tr-no_1122.jpg,c_1213,Training,notumor,25,Testing|Training,notumor,True,False
Training/notumor/Tr-no_902.jpg,c_1213,Training,notumor,25,Testing|Training,notumor,True,False
Training/notumor/Tr-no_329.jpg,c_1213,Training,notumor,25,Testing|Training,notumor,True,False
Training/notumor/Tr-no_1361.jpg,c_1213,Training,notumor,25,Testing|Training,notumor,True,False
Training/notumor/Tr-no_680.jpg,c_1213,Training,notumor,25,Testing|Training,notumor,True,False
Training/notumor/Tr-no_914.jpg,c_1213,Training,notumor,25,Testing|Training,notumor,True,False
Training/notumor/Tr-no_573.jpg,c_1213,Training,notumor,25,Testing|Training,notumor,True,False
Training/notumor/Tr-no_1145.jpg,c_1213,Training,notumor,25,Testing|Training,notumor,True,False
Training/notumor/Tr-no_36.jpg,c_1213,Training,notumor,25,Testing|Training,notumor,True,False
Training/notumor/Tr-no_1044.jpg,c_1213,Training,notumor,25,Testing|Training,notumor,True,False
Training/notumor/Tr-no_944.jpg,c_1213,Training,notumor,25,Testing|Training,notumor,True,False
Training/notumor/Tr-no_374.jpg,c_1213,Training,notumor,25,Testing|Training,notumor,True,False
Training/notumor/Tr-no_375.jpg,c_1213,Training,notumor,25,Testing|Training,notumor,True,False
Testing/notumor/Te-no_292.jpg,c_1213,Testing,notumor,25,Testing|Training,notumor,True,False
Training/notumor/Tr-no_1293.jpg,c_1213,Training,notumor,25,Testing|Training,notumor,True,False
Training/notumor/Tr-no_378.jpg,c_1213,Training,notumor,25,Testing|Training,notumor,True,False
Training/notumor/Tr-no_613.jpg,c_1213,Training,notumor,25,Testing|Training,notumor,True,False
Testing/notumor/Te-no_179.jpg,c_1135,Testing,notumor,11,Testing|Training,notumor,True,False
Testing/notumor/Te-no_56.jpg,c_1135,Testing,notumor,11,Testing|Training,notumor,True,False
Training/notumor/Tr-no_619.jpg,c_1135,Training,notumor,11,Testing|Training,notumor,True,False
Training/notumor/Tr-no_297.jpg,c_1135,Training,notumor,11,Testing|Training,notumor,True,False
Training/notumor/Tr-no_354.jpg,c_1135,Training,notumor,11,Testing|Training,notumor,True,False
Training/notumor/Tr-no_366.jpg,c_1135,Training,notumor,11,Testing|Training,notumor,True,False
Training/notumor/Tr-no_489.jpg,c_1135,Training,notumor,11,Testing|Training,notumor,True,False
Training/notumor/Tr-no_130.jpg,c_1135,Training,notumor,11,Testing|Training,notumor,True,False
Testing/notumor/Te-no_18.jpg,c_1118,Testing,notumor,13,Testing|Training,notumor,True,False
Training/notumor/Tr-no_966.jpg,c_1118,Training,notumor,13,Testing|Training,notumor,True,False
Training/notumor/Tr-no_860.jpg,c_1118,Training,notumor,13,Testing|Training,notumor,True,False
Training/notumor/Tr-no_405.jpg,c_1118,Training,notumor,13,Testing|Training,notumor,True,False
Training/notumor/Tr-no_1094.jpg,c_1118,Training,notumor,13,Testing|Training,notumor,True,False
Training/notumor/Tr-no_357.jpg,c_1118,Training,notumor,13,Testing|Training,notumor,True,False
Training/notumor/Tr-no_993.jpg,c_1118,Training,notumor,13,Testing|Training,notumor,True,False
Training/notumor/Tr-no_824.jpg,c_1118,Training,notumor,13,Testing|Training,notumor,True,False
Training/notumor/Tr-no_1166.jpg,c_1118,Training,notumor,13,Testing|Training,notumor,True,False
Training/notumor/Tr-no_141.jpg,c_1118,Training,notumor,13,Testing|Training,notumor,True,False
Training/notumor/Tr-no_372.jpg,c_1118,Training,notumor,13,Testing|Training,notumor,True,False
Testing/notumor/Te-no_52.jpg,c_1118,Testing,notumor,13,Testing|Training,notumor,True,False
Training/notumor/Tr-no_1125.jpg,c_1118,Training,notumor,13,Testing|Training,notumor,True,False
Training/notumor/Tr-no_1297.jpg,c_1134,Training,notumor,49,Testing|Training,notumor,True,False
Testing/notumor/Te-no_182.jpg,c_1295,Testing,notumor,21,Testing|Training,notumor,True,False
Training/notumor/Tr-no_849.jpg,c_1295,Training,notumor,21,Testing|Training,notumor,True,False
Training/notumor/Tr-no_1306.jpg,c_1295,Training,notumor,21,Testing|Training,notumor,True,False
Training/notumor/Tr-no_644.jpg,c_1295,Training,notumor,21,Testing|Training,notumor,True,False
Testing/notumor/Te-no_216.jpg,c_1295,Testing,notumor,21,Testing|Training,notumor,True,False
Testing/notumor/Te-no_332.jpg,c_1295,Testing,notumor,21,Testing|Training,notumor,True,False
Training/notumor/Tr-no_544.jpg,c_1295,Training,notumor,21,Testing|Training,notumor,True,False
Training/notumor/Tr-no_661.jpg,c_1295,Training,notumor,21,Testing|Training,notumor,True,False
Training/notumor/Tr-no_1002.jpg,c_1295,Training,notumor,21,Testing|Training,notumor,True,False
Training/notumor/Tr-no_550.jpg,c_1295,Training,notumor,21,Testing|Training,notumor,True,False
Training/notumor/Tr-no_571.jpg,c_1295,Training,notumor,21,Testing|Training,notumor,True,False
Training/notumor/Tr-no_805.jpg,c_1295,Training,notumor,21,Testing|Training,notumor,True,False
Training/notumor/Tr-no_808.jpg,c_1295,Training,notumor,21,Testing|Training,notumor,True,False
Training/notumor/Tr-no_1147.jpg,c_1295,Training,notumor,21,Testing|Training,notumor,True,False
Testing/notumor/Te-no_385.jpg,c_1295,Testing,notumor,21,Testing|Training,notumor,True,False
Training/notumor/Tr-no_246.jpg,c_1295,Training,notumor,21,Testing|Training,notumor,True,False
Training/notumor/Tr-no_1281.jpg,c_1295,Training,notumor,21,Testing|Training,notumor,True,False
Testing/notumor/Te-no_41.jpg,c_1295,Testing,notumor,21,Testing|Training,notumor,True,False
Testing/notumor/Te-no_43.jpg,c_1295,Testing,notumor,21,Testing|Training,notumor,True,False
Training/notumor/Tr-no_500.jpg,c_1295,Training,notumor,21,Testing|Training,notumor,True,False
Testing/notumor/Te-no_187.jpg,c_1132,Testing,notumor,11,Testing|Training,notumor,True,False
Training/notumor/Tr-no_1330.jpg,c_1132,Training,notumor,11,Testing|Training,notumor,True,False
Training/notumor/Tr-no_1075.jpg,c_1132,Training,notumor,11,Testing|Training,notumor,True,False
Training/notumor/Tr-no_825.jpg,c_1132,Training,notumor,11,Testing|Training,notumor,True,False
Training/notumor/Tr-no_338.jpg,c_1132,Training,notumor,11,Testing|Training,notumor,True,False
Testing/notumor/Te-no_31.jpg,c_1132,Testing,notumor,11,Testing|Training,notumor,True,False
Training/notumor/Tr-no_137.jpg,c_1132,Training,notumor,11,Testing|Training,notumor,True,False
Training/notumor/Tr-no_1026.jpg,c_1132,Training,notumor,11,Testing|Training,notumor,True,False
Training/notumor/Tr-no_875.jpg,c_1132,Training,notumor,11,Testing|Training,notumor,True,False
Testing/notumor/Te-no_188.jpg,c_1285,Testing,notumor,33,Testing|Training,notumor,True,False
Training/notumor/Tr-no_61.jpg,c_1285,Training,notumor,33,Testing|Training,notumor,True,False
Training/notumor/Tr-no_739.jpg,c_1285,Training,notumor,33,Testing|Training,notumor,True,False
Testing/notumor/Te-no_193.jpg,c_1285,Testing,notumor,33,Testing|Training,notumor,True,False
Training/notumor/Tr-no_396.jpg,c_1285,Training,notumor,33,Testing|Training,notumor,True,False
Training/notumor/Tr-no_513.jpg,c_1285,Training,notumor,33,Testing|Training,notumor,True,False
Training/notumor/Tr-no_748.jpg,c_1285,Training,notumor,33,Testing|Training,notumor,True,False
Training/notumor/Tr-no_996.jpg,c_1285,Training,notumor,33,Testing|Training,notumor,True,False
Training/notumor/Tr-no_197.jpg,c_1285,Training,notumor,33,Testing|Training,notumor,True,False
Training/notumor/Tr-no_659.jpg,c_1285,Training,notumor,33,Testing|Training,notumor,True,False
Training/notumor/Tr-no_889.jpg,c_1285,Training,notumor,33,Testing|Training,notumor,True,False
Training/notumor/Tr-no_1346.jpg,c_1285,Training,notumor,33,Testing|Training,notumor,True,False
Training/notumor/Tr-no_1347.jpg,c_1285,Training,notumor,33,Testing|Training,notumor,True,False
Training/notumor/Tr-no_1121.jpg,c_1285,Training,notumor,33,Testing|Training,notumor,True,False
Testing/notumor/Te-no_239.jpg,c_1285,Testing,notumor,33,Testing|Training,notumor,True,False
Training/notumor/Tr-no_556.jpg,c_1285,Training,notumor,33,Testing|Training,notumor,True,False
Training/notumor/Tr-no_1263.jpg,c_1285,Training,notumor,33,Testing|Training,notumor,True,False
Testing/notumor/Te-no_269.jpg,c_1285,Testing,notumor,33,Testing|Training,notumor,True,False
Training/notumor/Tr-no_1155.jpg,c_1285,Training,notumor,33,Testing|Training,notumor,True,False
Training/notumor/Tr-no_1387.jpg,c_1285,Training,notumor,33,Testing|Training,notumor,True,False
Training/notumor/Tr-no_1280.jpg,c_1285,Training,notumor,33,Testing|Training,notumor,True,False
Testing/notumor/Te-no_281.jpg,c_1285,Testing,notumor,33,Testing|Training,notumor,True,False
Testing/notumor/Te-no_45.jpg,c_1285,Testing,notumor,33,Testing|Training,notumor,True,False
Training/notumor/Tr-no_264.jpg,c_1285,Training,notumor,33,Testing|Training,notumor,True,False
Testing/notumor/Te-no_53.jpg,c_1285,Testing,notumor,33,Testing|Training,notumor,True,False
Testing/notumor/Te-no_19.jpg,c_1175,Testing,notumor,20,Testing|Training,notumor,True,False
Testing/notumor/Te-no_373.jpg,c_1175,Testing,notumor,20,Testing|Training,notumor,True,False
Training/notumor/Tr-no_1028.jpg,c_1175,Training,notumor,20,Testing|Training,notumor,True,False
Training/notumor/Tr-no_1088.jpg,c_1175,Training,notumor,20,Testing|Training,notumor,True,False
Training/notumor/Tr-no_1030.jpg,c_1175,Training,notumor,20,Testing|Training,notumor,True,False
Training/notumor/Tr-no_195.jpg,c_1175,Training,notumor,20,Testing|Training,notumor,True,False
Testing/notumor/Te-no_23.jpg,c_1175,Testing,notumor,20,Testing|Training,notumor,True,False
Testing/notumor/Te-no_192.jpg,c_1139,Testing,notumor,9,Testing|Training,notumor,True,False
Training/notumor/Tr-no_953.jpg,c_1139,Training,notumor,9,Testing|Training,notumor,True,False
Testing/notumor/Te-no_54.jpg,c_1139,Testing,notumor,9,Testing|Training,notumor,True,False
Training/notumor/Tr-no_285.jpg,c_1139,Training,notumor,9,Testing|Training,notumor,True,False
Training/notumor/Tr-no_553.jpg,c_1139,Training,notumor,9,Testing|Training,notumor,True,False
Training/notumor/Tr-no_809.jpg,c_1139,Training,notumor,9,Testing|Training,notumor,True,False
Training/notumor/Tr-no_590.jpg,c_1139,Training,notumor,9,Testing|Training,notumor,True,False
Testing/notumor/Te-no_194.jpg,c_1107,Testing,notumor,2,Testing|Training,notumor,True,False
Training/notumor/Tr-no_1004.jpg,c_1107,Training,notumor,2,Testing|Training,notumor,True,False
Testing/notumor/Te-no_20.jpg,c_1113,Testing,notumor,18,Testing|Training,notumor,True,False
Training/notumor/Tr-no_1015.jpg,c_1113,Training,notumor,18,Testing|Training,notumor,True,False
Training/notumor/Tr-no_858.jpg,c_1113,Training,notumor,18,Testing|Training,notumor,True,False
Training/notumor/Tr-no_1200.jpg,c_1113,Training,notumor,18,Testing|Training,notumor,True,False
Training/notumor/Tr-no_985.jpg,c_1113,Training,notumor,18,Testing|Training,notumor,True,False
Testing/notumor/Te-no_78.jpg,c_1113,Testing,notumor,18,Testing|Training,notumor,True,False
Training/notumor/Tr-no_987.jpg,c_1113,Training,notumor,18,Testing|Training,notumor,True,False
Training/notumor/Tr-no_1209.jpg,c_1113,Training,notumor,18,Testing|Training,notumor,True,False
Training/notumor/Tr-no_1339.jpg,c_1113,Training,notumor,18,Testing|Training,notumor,True,False
Training/notumor/Tr-no_1006.jpg,c_1113,Training,notumor,18,Testing|Training,notumor,True,False
Training/notumor/Tr-no_124.jpg,c_1113,Training,notumor,18,Testing|Training,notumor,True,False
Testing/notumor/Te-no_208.jpg,c_1176,Testing,notumor,15,Testing|Training,notumor,True,False
Training/notumor/Tr-no_1300.jpg,c_1176,Training,notumor,15,Testing|Training,notumor,True,False
Testing/notumor/Te-no_57.jpg,c_1176,Testing,notumor,15,Testing|Training,notumor,True,False
Training/notumor/Tr-no_1303.jpg,c_1176,Training,notumor,15,Testing|Training,notumor,True,False
Testing/notumor/Te-no_326.jpg,c_1176,Testing,notumor,15,Testing|Training,notumor,True,False
Training/notumor/Tr-no_761.jpg,c_1176,Training,notumor,15,Testing|Training,notumor,True,False
Training/notumor/Tr-no_306.jpg,c_1176,Training,notumor,15,Testing|Training,notumor,True,False
Training/notumor/Tr-no_1236.jpg,c_1176,Training,notumor,15,Testing|Training,notumor,True,False
Testing/notumor/Te-no_282.jpg,c_1176,Testing,notumor,15,Testing|Training,notumor,True,False
Training/notumor/Tr-no_142.jpg,c_1176,Training,notumor,15,Testing|Training,notumor,True,False
Testing/notumor/Te-no_345.jpg,c_1176,Testing,notumor,15,Testing|Training,notumor,True,False
Testing/notumor/Te-no_236.jpg,c_1176,Testing,notumor,15,Testing|Training,notumor,True,False
Training/notumor/Tr-no_1294.jpg,c_1176,Training,notumor,15,Testing|Training,notumor,True,False
Training/notumor/Tr-no_118.jpg,c_1176,Training,notumor,15,Testing|Training,notumor,True,False
Training/notumor/Tr-no_382.jpg,c_1176,Training,notumor,15,Testing|Training,notumor,True,False
Training/notumor/Tr-no_229.jpg,c_1283,Training,notumor,19,Testing|Training,notumor,True,False
Testing/notumor/Te-no_22.jpg,c_0051,Testing,notumor,16,Testing|Training,notumor,True,False
Training/notumor/Tr-no_164.jpg,c_0051,Training,notumor,16,Testing|Training,notumor,True,False
Training/notumor/Tr-no_1367.jpg,c_0051,Training,notumor,16,Testing|Training,notumor,True,False
Training/notumor/Tr-no_1196.jpg,c_0051,Training,notumor,16,Testing|Training,notumor,True,False
Training/notumor/Tr-no_687.jpg,c_0051,Training,notumor,16,Testing|Training,notumor,True,False
Training/notumor/Tr-no_170.jpg,c_0051,Training,notumor,16,Testing|Training,notumor,True,False
Testing/notumor/Te-no_378.jpg,c_0051,Testing,notumor,16,Testing|Training,notumor,True,False
Training/notumor/Tr-no_929.jpg,c_0051,Training,notumor,16,Testing|Training,notumor,True,False
Training/notumor/Tr-no_830.jpg,c_0051,Training,notumor,16,Testing|Training,notumor,True,False
Training/notumor/Tr-no_117.jpg,c_0051,Training,notumor,16,Testing|Training,notumor,True,False
Testing/notumor/Te-no_228.jpg,c_0051,Testing,notumor,16,Testing|Training,notumor,True,False
Training/notumor/Tr-no_891.jpg,c_0051,Training,notumor,16,Testing|Training,notumor,True,False
Testing/notumor/Te-no_288.jpg,c_0051,Testing,notumor,16,Testing|Training,notumor,True,False
Testing/notumor/Te-no_98.jpg,c_0051,Testing,notumor,16,Testing|Training,notumor,True,False
Training/notumor/Tr-no_1350.jpg,c_0051,Training,notumor,16,Testing|Training,notumor,True,False
Testing/notumor/Te-no_51.jpg,c_0051,Testing,notumor,16,Testing|Training,notumor,True,False
Testing/notumor/Te-no_220.jpg,c_1239,Testing,notumor,11,Testing|Training,notumor,True,False
Training/notumor/Tr-no_1132.jpg,c_1239,Training,notumor,11,Testing|Training,notumor,True,False
Training/notumor/Tr-no_510.jpg,c_1239,Training,notumor,11,Testing|Training,notumor,True,False
Training/notumor/Tr-no_1032.jpg,c_1239,Training,notumor,11,Testing|Training,notumor,True,False
Testing/notumor/Te-no_265.jpg,c_1239,Testing,notumor,11,Testing|Training,notumor,True,False
Training/notumor/Tr-no_87.jpg,c_1239,Training,notumor,11,Testing|Training,notumor,True,False
Training/notumor/Tr-no_640.jpg,c_1239,Training,notumor,11,Testing|Training,notumor,True,False
Training/notumor/Tr-no_1214.jpg,c_1239,Training,notumor,11,Testing|Training,notumor,True,False
Testing/notumor/Te-no_347.jpg,c_1239,Testing,notumor,11,Testing|Training,notumor,True,False
Training/notumor/Tr-no_498.jpg,c_1239,Training,notumor,11,Testing|Training,notumor,True,False
Training/notumor/Tr-no_730.jpg,c_1239,Training,notumor,11,Testing|Training,notumor,True,False
Testing/notumor/Te-no_223.jpg,c_1235,Testing,notumor,16,Testing|Training,notumor,True,False
Testing/notumor/Te-no_246.jpg,c_1235,Testing,notumor,16,Testing|Training,notumor,True,False
Testing/notumor/Te-no_59.jpg,c_1235,Testing,notumor,16,Testing|Training,notumor,True,False
Training/notumor/Tr-no_159.jpg,c_1235,Training,notumor,16,Testing|Training,notumor,True,False
Training/notumor/Tr-no_1137.jpg,c_1235,Training,notumor,16,Testing|Training,notumor,True,False
Training/notumor/Tr-no_287.jpg,c_1235,Training,notumor,16,Testing|Training,notumor,True,False
Training/notumor/Tr-no_1144.jpg,c_1235,Training,notumor,16,Testing|Training,notumor,True,False
Training/notumor/Tr-no_925.jpg,c_1235,Training,notumor,16,Testing|Training,notumor,True,False
Training/notumor/Tr-no_41.jpg,c_1235,Training,notumor,16,Testing|Training,notumor,True,False
Training/notumor/Tr-no_18.jpg,c_1235,Training,notumor,16,Testing|Training,notumor,True,False
Training/notumor/Tr-no_647.jpg,c_1235,Training,notumor,16,Testing|Training,notumor,True,False
Training/notumor/Tr-no_189.jpg,c_1235,Training,notumor,16,Testing|Training,notumor,True,False
Training/notumor/Tr-no_1283.jpg,c_1235,Training,notumor,16,Testing|Training,notumor,True,False
Testing/notumor/Te-no_224.jpg,c_1162,Testing,notumor,10,Testing|Training,notumor,True,False
Training/notumor/Tr-no_391.jpg,c_1162,Training,notumor,10,Testing|Training,notumor,True,False
Training/notumor/Tr-no_681.jpg,c_1162,Training,notumor,10,Testing|Training,notumor,True,False
Training/notumor/Tr-no_102.jpg,c_1162,Training,notumor,10,Testing|Training,notumor,True,False
Training/notumor/Tr-no_464.jpg,c_1162,Training,notumor,10,Testing|Training,notumor,True,False
Testing/notumor/Te-no_386.jpg,c_1162,Testing,notumor,10,Testing|Training,notumor,True,False
Training/notumor/Tr-no_301.jpg,c_1162,Training,notumor,10,Testing|Training,notumor,True,False
Testing/notumor/Te-no_94.jpg,c_1162,Testing,notumor,10,Testing|Training,notumor,True,False
Training/notumor/Tr-no_134.jpg,c_1162,Training,notumor,10,Testing|Training,notumor,True,False
Training/notumor/Tr-no_255.jpg,c_1162,Training,notumor,10,Testing|Training,notumor,True,False
Testing/notumor/Te-no_227.jpg,c_1109,Testing,notumor,2,Testing|Training,notumor,True,False
Training/notumor/Tr-no_101.jpg,c_1109,Training,notumor,2,Testing|Training,notumor,True,False
Testing/notumor/Te-no_231.jpg,c_1238,Testing,notumor,12,Testing|Training,notumor,True,False
Training/notumor/Tr-no_629.jpg,c_1238,Training,notumor,12,Testing|Training,notumor,True,False
Training/notumor/Tr-no_284.jpg,c_1238,Training,notumor,12,Testing|Training,notumor,True,False
Training/notumor/Tr-no_804.jpg,c_1238,Training,notumor,12,Testing|Training,notumor,True,False
Training/notumor/Tr-no_923.jpg,c_1238,Training,notumor,12,Testing|Training,notumor,True,False
Training/notumor/Tr-no_870.jpg,c_1238,Training,notumor,12,Testing|Training,notumor,True,False
Training/notumor/Tr-no_237.jpg,c_1238,Training,notumor,12,Testing|Training,notumor,True,False
Training/notumor/Tr-no_1045.jpg,c_1238,Training,notumor,12,Testing|Training,notumor,True,False
Training/notumor/Tr-no_938.jpg,c_1238,Training,notumor,12,Testing|Training,notumor,True,False
Training/notumor/Tr-no_379.jpg,c_1238,Training,notumor,12,Testing|Training,notumor,True,False
Training/notumor/Tr-no_833.jpg,c_1259,Training,notumor,61,Testing|Training,notumor,True,False
Training/notumor/Tr-no_841.jpg,c_1259,Training,notumor,61,Testing|Training,notumor,True,False
Testing/notumor/Te-no_240.jpg,c_1113,Testing,notumor,18,Testing|Training,notumor,True,False
Training/notumor/Tr-no_399.jpg,c_1113,Training,notumor,18,Testing|Training,notumor,True,False
Testing/notumor/Te-no_331.jpg,c_1113,Testing,notumor,18,Testing|Training,notumor,True,False
Training/notumor/Tr-no_1116.jpg,c_1113,Training,notumor,18,Testing|Training,notumor,True,False
Training/notumor/Tr-no_342.jpg,c_1113,Training,notumor,18,Testing|Training,notumor,True,False
Training/notumor/Tr-no_1376.jpg,c_1113,Training,notumor,18,Testing|Training,notumor,True,False
Training/notumor/Tr-no_1054.jpg,c_1113,Training,notumor,18,Testing|Training,notumor,True,False
Testing/notumor/Te-no_241.jpg,c_1296,Testing,notumor,7,Testing|Training,notumor,True,False
Training/notumor/Tr-no_592.jpg,c_1296,Training,notumor,7,Testing|Training,notumor,True,False
Training/notumor/Tr-no_65.jpg,c_1296,Training,notumor,7,Testing|Training,notumor,True,False
Training/notumor/Tr-no_555.jpg,c_1296,Training,notumor,7,Testing|Training,notumor,True,False
Training/notumor/Tr-no_1292.jpg,c_1296,Training,notumor,7,Testing|Training,notumor,True,False
Training/notumor/Tr-no_1181.jpg,c_1296,Training,notumor,7,Testing|Training,notumor,True,False
Training/notumor/Tr-no_99.jpg,c_1296,Training,notumor,7,Testing|Training,notumor,True,False
Testing/notumor/Te-no_247.jpg,c_1210,Testing,notumor,4,Testing|Training,notumor,True,False
Training/notumor/Tr-no_1143.jpg,c_1210,Training,notumor,4,Testing|Training,notumor,True,False
Training/notumor/Tr-no_942.jpg,c_1210,Training,notumor,4,Testing|Training,notumor,True,False
Training/notumor/Tr-no_598.jpg,c_1210,Training,notumor,4,Testing|Training,notumor,True,False
Testing/notumor/Te-no_248.jpg,c_1182,Testing,notumor,8,Testing|Training,notumor,True,False
Training/notumor/Tr-no_1326.jpg,c_1182,Training,notumor,8,Testing|Training,notumor,True,False
Training/notumor/Tr-no_12.jpg,c_1182,Training,notumor,8,Testing|Training,notumor,True,False
Training/notumor/Tr-no_1323.jpg,c_1182,Training,notumor,8,Testing|Training,notumor,True,False
Training/notumor/Tr-no_1262.jpg,c_1182,Training,notumor,8,Testing|Training,notumor,True,False
Testing/notumor/Te-no_49.jpg,c_1182,Testing,notumor,8,Testing|Training,notumor,True,False
Training/notumor/Tr-no_1381.jpg,c_1182,Training,notumor,8,Testing|Training,notumor,True,False
Training/notumor/Tr-no_411.jpg,c_1182,Training,notumor,8,Testing|Training,notumor,True,False
Testing/notumor/Te-no_251.jpg,c_1127,Testing,notumor,5,Testing|Training,notumor,True,False
Training/notumor/Tr-no_707.jpg,c_1127,Training,notumor,5,Testing|Training,notumor,True,False
Testing/notumor/Te-no_335.jpg,c_1127,Testing,notumor,5,Testing|Training,notumor,True,False
Training/notumor/Tr-no_943.jpg,c_1127,Training,notumor,5,Testing|Training,notumor,True,False
Training/notumor/Tr-no_1226.jpg,c_1127,Training,notumor,5,Testing|Training,notumor,True,False
Testing/notumor/Te-no_252.jpg,c_1142,Testing,notumor,7,Testing|Training,notumor,True,False
Training/notumor/Tr-no_798.jpg,c_1142,Training,notumor,7,Testing|Training,notumor,True,False
Training/notumor/Tr-no_682.jpg,c_1142,Training,notumor,7,Testing|Training,notumor,True,False
Training/notumor/Tr-no_1269.jpg,c_1142,Training,notumor,7,Testing|Training,notumor,True,False
Training/notumor/Tr-no_770.jpg,c_1142,Training,notumor,7,Testing|Training,notumor,True,False
Training/notumor/Tr-no_951.jpg,c_1142,Training,notumor,7,Testing|Training,notumor,True,False
Training/notumor/Tr-no_1353.jpg,c_1142,Training,notumor,7,Testing|Training,notumor,True,False
Testing/notumor/Te-no_253.jpg,c_1114,Testing,notumor,17,Testing|Training,notumor,True,False
Training/notumor/Tr-no_848.jpg,c_1114,Training,notumor,17,Testing|Training,notumor,True,False
Training/notumor/Tr-no_119.jpg,c_1114,Training,notumor,17,Testing|Training,notumor,True,False
Testing/notumor/Te-no_362.jpg,c_1114,Testing,notumor,17,Testing|Training,notumor,True,False
Training/notumor/Tr-no_1134.jpg,c_1114,Training,notumor,17,Testing|Training,notumor,True,False
Training/notumor/Tr-no_855.jpg,c_1114,Training,notumor,17,Testing|Training,notumor,True,False
Training/notumor/Tr-no_972.jpg,c_1114,Training,notumor,17,Testing|Training,notumor,True,False
Training/notumor/Tr-no_1082.jpg,c_1114,Training,notumor,17,Testing|Training,notumor,True,False
Training/notumor/Tr-no_340.jpg,c_1114,Training,notumor,17,Testing|Training,notumor,True,False
Training/notumor/Tr-no_1377.jpg,c_1114,Training,notumor,17,Testing|Training,notumor,True,False
Testing/notumor/Te-no_324.jpg,c_1114,Testing,notumor,17,Testing|Training,notumor,True,False
Testing/notumor/Te-no_268.jpg,c_1114,Testing,notumor,17,Testing|Training,notumor,True,False
Training/notumor/Tr-no_181.jpg,c_1114,Training,notumor,17,Testing|Training,notumor,True,False
Training/notumor/Tr-no_88.jpg,c_1114,Training,notumor,17,Testing|Training,notumor,True,False
Training/notumor/Tr-no_769.jpg,c_1114,Training,notumor,17,Testing|Training,notumor,True,False
Training/notumor/Tr-no_1225.jpg,c_1114,Training,notumor,17,Testing|Training,notumor,True,False
Training/notumor/Tr-no_1061.jpg,c_1114,Training,notumor,17,Testing|Training,notumor,True,False
Testing/notumor/Te-no_264.jpg,c_1259,Testing,notumor,61,Testing|Training,notumor,True,False
Training/notumor/Tr-no_1191.jpg,c_1259,Training,notumor,61,Testing|Training,notumor,True,False
Training/notumor/Tr-no_57.jpg,c_1259,Training,notumor,61,Testing|Training,notumor,True,False
Testing/notumor/Te-no_68.jpg,c_1259,Testing,notumor,61,Testing|Training,notumor,True,False
Training/notumor/Tr-no_126.jpg,c_1259,Training,notumor,61,Testing|Training,notumor,True,False
Testing/notumor/Te-no_323.jpg,c_1259,Testing,notumor,61,Testing|Training,notumor,True,False
Training/notumor/Tr-no_828.jpg,c_1259,Training,notumor,61,Testing|Training,notumor,True,False
Testing/notumor/Te-no_273.jpg,c_0046,Testing,notumor,15,Testing|Training,notumor,True,False
Testing/notumor/Te-no_301.jpg,c_0046,Testing,notumor,15,Testing|Training,notumor,True,False
Training/notumor/Tr-no_618.jpg,c_0046,Training,notumor,15,Testing|Training,notumor,True,False
Testing/notumor/Te-no_308.jpg,c_0046,Testing,notumor,15,Testing|Training,notumor,True,False
Training/notumor/Tr-no_13.jpg,c_0046,Training,notumor,15,Testing|Training,notumor,True,False
Training/notumor/Tr-no_974.jpg,c_0046,Training,notumor,15,Testing|Training,notumor,True,False
Training/notumor/Tr-no_861.jpg,c_0046,Training,notumor,15,Testing|Training,notumor,True,False
Training/notumor/Tr-no_465.jpg,c_0046,Training,notumor,15,Testing|Training,notumor,True,False
Testing/notumor/Te-no_381.jpg,c_0046,Testing,notumor,15,Testing|Training,notumor,True,False
Training/notumor/Tr-no_1099.jpg,c_0046,Training,notumor,15,Testing|Training,notumor,True,False
Training/notumor/Tr-no_245.jpg,c_0046,Training,notumor,15,Testing|Training,notumor,True,False
Training/notumor/Tr-no_937.jpg,c_0046,Training,notumor,15,Testing|Training,notumor,True,False
Training/notumor/Tr-no_826.jpg,c_0046,Training,notumor,15,Testing|Training,notumor,True,False
Training/notumor/Tr-no_1057.jpg,c_0046,Training,notumor,15,Testing|Training,notumor,True,False
Testing/notumor/Te-no_3.jpg,c_0046,Testing,notumor,15,Testing|Training,notumor,True,False
Testing/notumor/Te-no_277.jpg,c_1121,Testing,notumor,9,Testing|Training,notumor,True,False
Testing/notumor/Te-no_341.jpg,c_1121,Testing,notumor,9,Testing|Training,notumor,True,False
Training/notumor/Tr-no_898.jpg,c_1121,Training,notumor,9,Testing|Training,notumor,True,False
Training/notumor/Tr-no_1260.jpg,c_1121,Training,notumor,9,Testing|Training,notumor,True,False
Training/notumor/Tr-no_1272.jpg,c_1121,Training,notumor,9,Testing|Training,notumor,True,False
Training/notumor/Tr-no_960.jpg,c_1121,Training,notumor,9,Testing|Training,notumor,True,False
Training/notumor/Tr-no_27.jpg,c_1121,Training,notumor,9,Testing|Training,notumor,True,False
Testing/notumor/Te-no_97.jpg,c_1121,Testing,notumor,9,Testing|Training,notumor,True,False
Training/notumor/Tr-no_1133.jpg,c_1121,Training,notumor,9,Testing|Training,notumor,True,False
Testing/notumor/Te-no_279.jpg,c_0044,Testing,notumor,2,Testing,notumor,False,False
Testing/notumor/Te-no_297.jpg,c_0044,Testing,notumor,2,Testing,notumor,False,False
Testing/notumor/Te-no_280.jpg,c_0049,Testing,notumor,8,Testing|Training,notumor,True,False
Training/notumor/Tr-no_563.jpg,c_0049,Training,notumor,8,Testing|Training,notumor,True,False
Training/notumor/Tr-no_593.jpg,c_0049,Training,notumor,8,Testing|Training,notumor,True,False
Training/notumor/Tr-no_997.jpg,c_0049,Training,notumor,8,Testing|Training,notumor,True,False
Training/notumor/Tr-no_1363.jpg,c_0049,Training,notumor,8,Testing|Training,notumor,True,False
Training/notumor/Tr-no_140.jpg,c_0049,Training,notumor,8,Testing|Training,notumor,True,False
Testing/notumor/Te-no_343.jpg,c_0049,Testing,notumor,8,Testing|Training,notumor,True,False
Testing/notumor/Te-no_356.jpg,c_0049,Testing,notumor,8,Testing|Training,notumor,True,False
Testing/notumor/Te-no_287.jpg,c_1123,Testing,notumor,7,Testing|Training,notumor,True,False
Training/notumor/Tr-no_1159.jpg,c_1123,Training,notumor,7,Testing|Training,notumor,True,False
Training/notumor/Tr-no_367.jpg,c_1123,Training,notumor,7,Testing|Training,notumor,True,False
Training/notumor/Tr-no_741.jpg,c_1123,Training,notumor,7,Testing|Training,notumor,True,False
Training/notumor/Tr-no_976.jpg,c_1123,Training,notumor,7,Testing|Training,notumor,True,False
Training/notumor/Tr-no_836.jpg,c_1123,Training,notumor,7,Testing|Training,notumor,True,False
Training/notumor/Tr-no_1184.jpg,c_1123,Training,notumor,7,Testing|Training,notumor,True,False
Testing/notumor/Te-no_293.jpg,c_1143,Testing,notumor,8,Testing|Training,notumor,True,False
Training/notumor/Tr-no_968.jpg,c_1143,Training,notumor,8,Testing|Training,notumor,True,False
Training/notumor/Tr-no_478.jpg,c_1143,Training,notumor,8,Testing|Training,notumor,True,False
Training/notumor/Tr-no_162.jpg,c_1143,Training,notumor,8,Testing|Training,notumor,True,False
Training/notumor/Tr-no_853.jpg,c_1143,Training,notumor,8,Testing|Training,notumor,True,False
Training/notumor/Tr-no_512.jpg,c_1143,Training,notumor,8,Testing|Training,notumor,True,False
Training/notumor/Tr-no_266.jpg,c_1143,Training,notumor,8,Testing|Training,notumor,True,False
Training/notumor/Tr-no_1358.jpg,c_1143,Training,notumor,8,Testing|Training,notumor,True,False
Testing/notumor/Te-no_295.jpg,c_1262,Testing,notumor,14,Testing|Training,notumor,True,False
Testing/notumor/Te-no_364.jpg,c_1262,Testing,notumor,14,Testing|Training,notumor,True,False
Testing/notumor/Te-no_312.jpg,c_1262,Testing,notumor,14,Testing|Training,notumor,True,False
Training/notumor/Tr-no_1316.jpg,c_1262,Training,notumor,14,Testing|Training,notumor,True,False
Training/notumor/Tr-no_460.jpg,c_1262,Training,notumor,14,Testing|Training,notumor,True,False
Testing/notumor/Te-no_299.jpg,c_1262,Testing,notumor,14,Testing|Training,notumor,True,False
Training/notumor/Tr-no_867.jpg,c_1262,Training,notumor,14,Testing|Training,notumor,True,False
Training/notumor/Tr-no_984.jpg,c_1262,Training,notumor,14,Testing|Training,notumor,True,False
Testing/notumor/Te-no_325.jpg,c_1262,Testing,notumor,14,Testing|Training,notumor,True,False
Training/notumor/Tr-no_701.jpg,c_1262,Training,notumor,14,Testing|Training,notumor,True,False
Training/notumor/Tr-no_1389.jpg,c_1262,Training,notumor,14,Testing|Training,notumor,True,False
Training/notumor/Tr-no_475.jpg,c_1262,Training,notumor,14,Testing|Training,notumor,True,False
Training/notumor/Tr-no_364.jpg,c_1262,Training,notumor,14,Testing|Training,notumor,True,False
Training/notumor/Tr-no_845.jpg,c_1262,Training,notumor,14,Testing|Training,notumor,True,False
Testing/notumor/Te-no_30.jpg,c_1180,Testing,notumor,4,Testing|Training,notumor,True,False
Training/notumor/Tr-no_148.jpg,c_1180,Training,notumor,4,Testing|Training,notumor,True,False
Training/notumor/Tr-no_1279.jpg,c_1180,Training,notumor,4,Testing|Training,notumor,True,False
Training/notumor/Tr-no_397.jpg,c_1180,Training,notumor,4,Testing|Training,notumor,True,False
Training/notumor/Tr-no_1266.jpg,c_1132,Training,notumor,11,Testing|Training,notumor,True,False
Testing/notumor/Te-no_313.jpg,c_1135,Testing,notumor,11,Testing|Training,notumor,True,False
Training/notumor/Tr-no_238.jpg,c_1135,Training,notumor,11,Testing|Training,notumor,True,False
Training/notumor/Tr-no_532.jpg,c_1135,Training,notumor,11,Testing|Training,notumor,True,False
Testing/notumor/Te-no_315.jpg,c_1245,Testing,notumor,2,Testing|Training,notumor,True,False
Training/notumor/Tr-no_760.jpg,c_1245,Training,notumor,2,Testing|Training,notumor,True,False
Testing/notumor/Te-no_355.jpg,c_1115,Testing,notumor,4,Testing|Training,notumor,True,False
Training/notumor/Tr-no_110.jpg,c_1115,Training,notumor,4,Testing|Training,notumor,True,False
Training/notumor/Tr-no_70.jpg,c_1115,Training,notumor,4,Testing|Training,notumor,True,False
Training/notumor/Tr-no_107.jpg,c_1115,Training,notumor,4,Testing|Training,notumor,True,False
Testing/notumor/Te-no_365.jpg,c_1172,Testing,notumor,2,Testing|Training,notumor,True,False
Training/notumor/Tr-no_362.jpg,c_1172,Training,notumor,2,Testing|Training,notumor,True,False
Testing/notumor/Te-no_367.jpg,c_1146,Testing,notumor,3,Testing|Training,notumor,True,False
Training/notumor/Tr-no_1005.jpg,c_1146,Training,notumor,3,Testing|Training,notumor,True,False
Training/notumor/Tr-no_1384.jpg,c_1146,Training,notumor,3,Testing|Training,notumor,True,False
Testing/notumor/Te-no_375.jpg,c_1236,Testing,notumor,14,Testing|Training,notumor,True,False
Training/notumor/Tr-no_963.jpg,c_1236,Training,notumor,14,Testing|Training,notumor,True,False
Training/notumor/Tr-no_856.jpg,c_1236,Training,notumor,14,Testing|Training,notumor,True,False
Training/notumor/Tr-no_917.jpg,c_1236,Training,notumor,14,Testing|Training,notumor,True,False
Training/notumor/Tr-no_575.jpg,c_1236,Training,notumor,14,Testing|Training,notumor,True,False
Training/notumor/Tr-no_467.jpg,c_1236,Training,notumor,14,Testing|Training,notumor,True,False
Training/notumor/Tr-no_1325.jpg,c_1236,Training,notumor,14,Testing|Training,notumor,True,False
Training/notumor/Tr-no_1152.jpg,c_1236,Training,notumor,14,Testing|Training,notumor,True,False
Training/notumor/Tr-no_708.jpg,c_1236,Training,notumor,14,Testing|Training,notumor,True,False
Training/notumor/Tr-no_1162.jpg,c_1236,Training,notumor,14,Testing|Training,notumor,True,False
Training/notumor/Tr-no_541.jpg,c_1236,Training,notumor,14,Testing|Training,notumor,True,False
Training/notumor/Tr-no_312.jpg,c_1236,Training,notumor,14,Testing|Training,notumor,True,False
Training/notumor/Tr-no_43.jpg,c_1236,Training,notumor,14,Testing|Training,notumor,True,False
Training/notumor/Tr-no_727.jpg,c_1236,Training,notumor,14,Testing|Training,notumor,True,False
Testing/notumor/Te-no_389.jpg,c_1237,Testing,notumor,10,Testing|Training,notumor,True,False
Training/notumor/Tr-no_507.jpg,c_1237,Training,notumor,10,Testing|Training,notumor,True,False
Training/notumor/Tr-no_450.jpg,c_1237,Training,notumor,10,Testing|Training,notumor,True,False
Training/notumor/Tr-no_758.jpg,c_1237,Training,notumor,10,Testing|Training,notumor,True,False
Training/notumor/Tr-no_104.jpg,c_1237,Training,notumor,10,Testing|Training,notumor,True,False
Training/notumor/Tr-no_1043.jpg,c_1237,Training,notumor,10,Testing|Training,notumor,True,False
Training/notumor/Tr-no_545.jpg,c_1237,Training,notumor,10,Testing|Training,notumor,True,False
Training/notumor/Tr-no_135.jpg,c_1237,Training,notumor,10,Testing|Training,notumor,True,False
Training/notumor/Tr-no_38.jpg,c_1237,Training,notumor,10,Testing|Training,notumor,True,False
Training/notumor/Tr-no_728.jpg,c_1237,Training,notumor,10,Testing|Training,notumor,True,False
Testing/notumor/Te-no_40.jpg,c_1150,Testing,notumor,4,Testing|Training,notumor,True,False
Training/notumor/Tr-no_746.jpg,c_1150,Training,notumor,4,Testing|Training,notumor,True,False
Training/notumor/Tr-no_576.jpg,c_1150,Training,notumor,4,Testing|Training,notumor,True,False
Training/notumor/Tr-no_153.jpg,c_1150,Training,notumor,4,Testing|Training,notumor,True,False
Testing/notumor/Te-no_400.jpg,c_1156,Testing,notumor,4,Testing|Training,notumor,True,False
Training/notumor/Tr-no_1072.jpg,c_1156,Training,notumor,4,Testing|Training,notumor,True,False
Training/notumor/Tr-no_477.jpg,c_1156,Training,notumor,4,Testing|Training,notumor,True,False
Training/notumor/Tr-no_209.jpg,c_1156,Training,notumor,4,Testing|Training,notumor,True,False
Training/notumor/Tr-no_973.jpg,c_1295,Training,notumor,21,Testing|Training,notumor,True,False
Testing/notumor/Te-no_65.jpg,c_1268,Testing,notumor,5,Testing|Training,notumor,True,False
Training/notumor/Tr-no_358.jpg,c_1268,Training,notumor,5,Testing|Training,notumor,True,False
Training/notumor/Tr-no_97.jpg,c_1268,Training,notumor,5,Testing|Training,notumor,True,False
Training/notumor/Tr-no_509.jpg,c_1268,Training,notumor,5,Testing|Training,notumor,True,False
Training/notumor/Tr-no_884.jpg,c_1268,Training,notumor,5,Testing|Training,notumor,True,False
Testing/notumor/Te-no_77.jpg,c_1116,Testing,notumor,2,Testing|Training,notumor,True,False
Training/notumor/Tr-no_1096.jpg,c_1116,Training,notumor,2,Testing|Training,notumor,True,False
Training/notumor/Tr-no_283.jpg,c_1202,Training,notumor,60,Testing|Training,notumor,True,False
Testing/notumor/Te-no_9.jpg,c_1212,Testing,notumor,2,Testing|Training,notumor,True,False
Training/notumor/Tr-no_607.jpg,c_1212,Training,notumor,2,Testing|Training,notumor,True,False
Testing/notumor/Te-no_92.jpg,c_1137,Testing,notumor,2,Testing|Training,notumor,True,False
Training/notumor/Tr-no_1319.jpg,c_1137,Training,notumor,2,Testing|Training,notumor,True,False
Testing/notumor/Te-no_96.jpg,c_1136,Testing,notumor,4,Testing|Training,notumor,True,False
Training/notumor/Tr-no_1130.jpg,c_1136,Training,notumor,4,Testing|Training,notumor,True,False
Training/notumor/Tr-no_667.jpg,c_1136,Training,notumor,4,Testing|Training,notumor,True,False
Training/notumor/Tr-no_1310.jpg,c_1136,Training,notumor,4,Testing|Training,notumor,True,False
Testing/pituitary/Te-pi_1.jpg,c_0067,Testing,pituitary,2,Testing,pituitary,False,False
Testing/pituitary/Te-pi_364.jpg,c_0067,Testing,pituitary,2,Testing,pituitary,False,False
Testing/pituitary/Te-pi_10.jpg,c_1325,Testing,pituitary,2,Testing|Training,pituitary,True,False
Training/pituitary/Tr-pi_1109.jpg,c_1325,Training,pituitary,2,Testing|Training,pituitary,True,False
Testing/pituitary/Te-pi_100.jpg,c_1299,Testing,pituitary,2,Testing|Training,pituitary,True,False
Training/pituitary/Tr-pi_1006.jpg,c_1299,Training,pituitary,2,Testing|Training,pituitary,True,False
Testing/pituitary/Te-pi_101.jpg,c_1363,Testing,pituitary,2,Testing|Training,pituitary,True,False
Training/pituitary/Tr-pi_1225.jpg,c_1363,Training,pituitary,2,Testing|Training,pituitary,True,False
Testing/pituitary/Te-pi_102.jpg,c_1634,Testing,pituitary,2,Testing|Training,pituitary,True,False
Training/pituitary/Tr-pi_480.jpg,c_1634,Training,pituitary,2,Testing|Training,pituitary,True,False
Testing/pituitary/Te-pi_103.jpg,c_1731,Testing,pituitary,2,Testing|Training,pituitary,True,False
Training/pituitary/Tr-pi_62.jpg,c_1731,Training,pituitary,2,Testing|Training,pituitary,True,False
Testing/pituitary/Te-pi_104.jpg,c_1597,Testing,pituitary,2,Testing|Training,pituitary,True,False
Training/pituitary/Tr-pi_415.jpg,c_1597,Training,pituitary,2,Testing|Training,pituitary,True,False
Testing/pituitary/Te-pi_105.jpg,c_0063,Testing,pituitary,2,Testing,pituitary,False,False
Testing/pituitary/Te-pi_315.jpg,c_0063,Testing,pituitary,2,Testing,pituitary,False,False
Testing/pituitary/Te-pi_106.jpg,c_0062,Testing,pituitary,2,Testing,pituitary,False,False
Testing/pituitary/Te-pi_3.jpg,c_0062,Testing,pituitary,2,Testing,pituitary,False,False
Testing/pituitary/Te-pi_107.jpg,c_0055,Testing,pituitary,2,Testing,pituitary,False,False
Testing/pituitary/Te-pi_229.jpg,c_0055,Testing,pituitary,2,Testing,pituitary,False,False
Testing/pituitary/Te-pi_108.jpg,c_0059,Testing,pituitary,2,Testing,pituitary,False,False
Testing/pituitary/Te-pi_277.jpg,c_0059,Testing,pituitary,2,Testing,pituitary,False,False
Testing/pituitary/Te-pi_109.jpg,c_1329,Testing,pituitary,2,Testing|Training,pituitary,True,False
Training/pituitary/Tr-pi_1121.jpg,c_1329,Training,pituitary,2,Testing|Training,pituitary,True,False
Testing/pituitary/Te-pi_11.jpg,c_1997,Testing,pituitary,4,Testing|Training,pituitary,True,False
Training/pituitary/Tr-pi_939.jpg,c_1997,Training,pituitary,4,Testing|Training,pituitary,True,False
Testing/pituitary/Te-pi_110.jpg,c_1351,Testing,pituitary,2,Testing|Training,pituitary,True,False
Training/pituitary/Tr-pi_1182.jpg,c_1351,Training,pituitary,2,Testing|Training,pituitary,True,False
Testing/pituitary/Te-pi_111.jpg,c_2039,Testing,pituitary,3,Testing|Training,pituitary,True,False
Training/pituitary/Tr-pi_1323.jpg,c_2039,Training,pituitary,3,Testing|Training,pituitary,True,False
Training/pituitary/Tr-pi_984.jpg,c_2039,Training,pituitary,3,Testing|Training,pituitary,True,False
Testing/pituitary/Te-pi_112.jpg,c_1624,Testing,pituitary,3,Testing|Training,pituitary,True,False
Training/pituitary/Tr-pi_75.jpg,c_1624,Training,pituitary,3,Testing|Training,pituitary,True,False
Training/pituitary/Tr-pi_464.jpg,c_1624,Training,pituitary,3,Testing|Training,pituitary,True,False
Testing/pituitary/Te-pi_113.jpg,c_1720,Testing,pituitary,2,Testing|Training,pituitary,True,False
Training/pituitary/Tr-pi_607.jpg,c_1720,Training,pituitary,2,Testing|Training,pituitary,True,False
Testing/pituitary/Te-pi_114.jpg,c_1368,Testing,pituitary,4,Testing|Training,pituitary,True,False
Training/pituitary/Tr-pi_514.jpg,c_1368,Training,pituitary,4,Testing|Training,pituitary,True,False
Training/pituitary/Tr-pi_1331.jpg,c_1368,Training,pituitary,4,Testing|Training,pituitary,True,False
Training/pituitary/Tr-pi_1233.jpg,c_1368,Training,pituitary,4,Testing|Training,pituitary,True,False
Testing/pituitary/Te-pi_115.jpg,c_1755,Testing,pituitary,8,Testing|Training,pituitary,True,False
Testing/pituitary/Te-pi_232.jpg,c_1755,Testing,pituitary,8,Testing|Training,pituitary,True,False
Testing/pituitary/Te-pi_116.jpg,c_1721,Testing,pituitary,2,Testing|Training,pituitary,True,False
Training/pituitary/Tr-pi_608.jpg,c_1721,Training,pituitary,2,Testing|Training,pituitary,True,False
Testing/pituitary/Te-pi_117.jpg,c_0079,Testing,pituitary,2,Testing,pituitary,False,False
Testing/pituitary/Te-pi_91.jpg,c_0079,Testing,pituitary,2,Testing,pituitary,False,False
Testing/pituitary/Te-pi_118.jpg,c_1569,Testing,pituitary,2,Testing|Training,pituitary,True,False
Training/pituitary/Tr-pi_369.jpg,c_1569,Training,pituitary,2,Testing|Training,pituitary,True,False
Testing/pituitary/Te-pi_119.jpg,c_1371,Testing,pituitary,2,Testing|Training,pituitary,True,False
Training/pituitary/Tr-pi_1241.jpg,c_1371,Training,pituitary,2,Testing|Training,pituitary,True,False
Testing/pituitary/Te-pi_12.jpg,c_1367,Testing,pituitary,2,Testing|Training,pituitary,True,False
Training/pituitary/Tr-pi_1231.jpg,c_1367,Training,pituitary,2,Testing|Training,pituitary,True,False
Testing/pituitary/Te-pi_120.jpg,c_0071,Testing,pituitary,4,Testing|Training,pituitary,True,False
Training/pituitary/Tr-pi_499.jpg,c_0071,Training,pituitary,4,Testing|Training,pituitary,True,False
Training/pituitary/Tr-pi_142.jpg,c_0071,Training,pituitary,4,Testing|Training,pituitary,True,False
Testing/pituitary/Te-pi_395.jpg,c_0071,Testing,pituitary,4,Testing|Training,pituitary,True,False
Testing/pituitary/Te-pi_121.jpg,c_1756,Testing,pituitary,2,Testing|Training,pituitary,True,False
Training/pituitary/Tr-pi_652.jpg,c_1756,Training,pituitary,2,Testing|Training,pituitary,True,False
Testing/pituitary/Te-pi_122.jpg,c_1467,Testing,pituitary,2,Testing|Training,pituitary,True,False
Training/pituitary/Tr-pi_19.jpg,c_1467,Training,pituitary,2,Testing|Training,pituitary,True,False
Testing/pituitary/Te-pi_123.jpg,c_1789,Testing,pituitary,2,Testing|Training,pituitary,True,False
Training/pituitary/Tr-pi_696.jpg,c_1789,Training,pituitary,2,Testing|Training,pituitary,True,False
Testing/pituitary/Te-pi_124.jpg,c_1946,Testing,pituitary,4,Testing|Training,pituitary,True,False
Training/pituitary/Tr-pi_221.jpg,c_1946,Training,pituitary,4,Testing|Training,pituitary,True,False
Training/pituitary/Tr-pi_430.jpg,c_1946,Training,pituitary,4,Testing|Training,pituitary,True,False
Training/pituitary/Tr-pi_883.jpg,c_1946,Training,pituitary,4,Testing|Training,pituitary,True,False
Testing/pituitary/Te-pi_125.jpg,c_1540,Testing,pituitary,2,Testing|Training,pituitary,True,False
Training/pituitary/Tr-pi_321.jpg,c_1540,Training,pituitary,2,Testing|Training,pituitary,True,False
Testing/pituitary/Te-pi_126.jpg,c_2013,Testing,pituitary,2,Testing|Training,pituitary,True,False
Training/pituitary/Tr-pi_955.jpg,c_2013,Training,pituitary,2,Testing|Training,pituitary,True,False
Testing/pituitary/Te-pi_127.jpg,c_1939,Testing,pituitary,2,Testing|Training,pituitary,True,False
Training/pituitary/Tr-pi_877.jpg,c_1939,Training,pituitary,2,Testing|Training,pituitary,True,False
Testing/pituitary/Te-pi_128.jpg,c_1386,Testing,pituitary,2,Testing|Training,pituitary,True,False
Training/pituitary/Tr-pi_1276.jpg,c_1386,Training,pituitary,2,Testing|Training,pituitary,True,False
Testing/pituitary/Te-pi_129.jpg,c_1824,Testing,pituitary,2,Testing|Training,pituitary,True,False
Training/pituitary/Tr-pi_736.jpg,c_1824,Training,pituitary,2,Testing|Training,pituitary,True,False
Testing/pituitary/Te-pi_130.jpg,c_1319,Testing,pituitary,2,Testing|Training,pituitary,True,False
Training/pituitary/Tr-pi_1086.jpg,c_1319,Training,pituitary,2,Testing|Training,pituitary,True,False
Testing/pituitary/Te-pi_132.jpg,c_1300,Testing,pituitary,2,Testing|Training,pituitary,True,False
Training/pituitary/Tr-pi_1010.jpg,c_1300,Training,pituitary,2,Testing|Training,pituitary,True,False
Testing/pituitary/Te-pi_133.jpg,c_1774,Testing,pituitary,2,Testing|Training,pituitary,True,False
Training/pituitary/Tr-pi_676.jpg,c_1774,Training,pituitary,2,Testing|Training,pituitary,True,False
Testing/pituitary/Te-pi_135.jpg,c_1381,Testing,pituitary,2,Testing|Training,pituitary,True,False
Training/pituitary/Tr-pi_1264.jpg,c_1381,Training,pituitary,2,Testing|Training,pituitary,True,False
Testing/pituitary/Te-pi_138.jpg,c_1454,Testing,pituitary,2,Testing|Training,pituitary,True,False
Training/pituitary/Tr-pi_167.jpg,c_1454,Training,pituitary,2,Testing|Training,pituitary,True,False
Testing/pituitary/Te-pi_139.jpg,c_2046,Testing,pituitary,2,Testing|Training,pituitary,True,False
Training/pituitary/Tr-pi_992.jpg,c_2046,Training,pituitary,2,Testing|Training,pituitary,True,False
Testing/pituitary/Te-pi_14.jpg,c_1303,Testing,pituitary,2,Testing|Training,pituitary,True,False
Training/pituitary/Tr-pi_1027.jpg,c_1303,Training,pituitary,2,Testing|Training,pituitary,True,False
Testing/pituitary/Te-pi_141.jpg,c_1612,Testing,pituitary,2,Testing|Training,pituitary,True,False
Training/pituitary/Tr-pi_442.jpg,c_1612,Training,pituitary,2,Testing|Training,pituitary,True,False
Testing/pituitary/Te-pi_142.jpg,c_1869,Testing,pituitary,2,Testing|Training,pituitary,True,False
Training/pituitary/Tr-pi_792.jpg,c_1869,Training,pituitary,2,Testing|Training,pituitary,True,False
Testing/pituitary/Te-pi_143.jpg,c_1396,Testing,pituitary,2,Testing|Training,pituitary,True,False
Training/pituitary/Tr-pi_1304.jpg,c_1396,Training,pituitary,2,Testing|Training,pituitary,True,False
Testing/pituitary/Te-pi_144.jpg,c_1913,Testing,pituitary,2,Testing|Training,pituitary,True,False
Training/pituitary/Tr-pi_846.jpg,c_1913,Training,pituitary,2,Testing|Training,pituitary,True,False
Testing/pituitary/Te-pi_145.jpg,c_1516,Testing,pituitary,2,Testing|Training,pituitary,True,False
Training/pituitary/Tr-pi_288.jpg,c_1516,Training,pituitary,2,Testing|Training,pituitary,True,False
Testing/pituitary/Te-pi_146.jpg,c_1333,Testing,pituitary,2,Testing|Training,pituitary,True,False
Training/pituitary/Tr-pi_1132.jpg,c_1333,Training,pituitary,2,Testing|Training,pituitary,True,False
Testing/pituitary/Te-pi_147.jpg,c_1410,Testing,pituitary,2,Testing|Training,pituitary,True,False
Training/pituitary/Tr-pi_1343.jpg,c_1410,Training,pituitary,2,Testing|Training,pituitary,True,False
Testing/pituitary/Te-pi_148.jpg,c_1533,Testing,pituitary,2,Testing|Training,pituitary,True,False
Training/pituitary/Tr-pi_308.jpg,c_1533,Training,pituitary,2,Testing|Training,pituitary,True,False
Testing/pituitary/Te-pi_149.jpg,c_1823,Testing,pituitary,4,Testing|Training,pituitary,True,False
Training/pituitary/Tr-pi_575.jpg,c_1823,Training,pituitary,4,Testing|Training,pituitary,True,False
Training/pituitary/Tr-pi_144.jpg,c_1823,Training,pituitary,4,Testing|Training,pituitary,True,False
Training/pituitary/Tr-pi_735.jpg,c_1823,Training,pituitary,4,Testing|Training,pituitary,True,False
Testing/pituitary/Te-pi_15.jpg,c_1341,Testing,pituitary,2,Testing|Training,pituitary,True,False
Training/pituitary/Tr-pi_1152.jpg,c_1341,Training,pituitary,2,Testing|Training,pituitary,True,False
Testing/pituitary/Te-pi_150.jpg,c_1619,Testing,pituitary,2,Testing|Training,pituitary,True,False
Training/pituitary/Tr-pi_459.jpg,c_1619,Training,pituitary,2,Testing|Training,pituitary,True,False
Testing/pituitary/Te-pi_151.jpg,c_1355,Testing,pituitary,2,Testing|Training,pituitary,True,False
Training/pituitary/Tr-pi_1189.jpg,c_1355,Training,pituitary,2,Testing|Training,pituitary,True,False
Testing/pituitary/Te-pi_152.jpg,c_1790,Testing,pituitary,2,Testing|Training,pituitary,True,False
Training/pituitary/Tr-pi_697.jpg,c_1790,Training,pituitary,2,Testing|Training,pituitary,True,False
Testing/pituitary/Te-pi_154.jpg,c_1611,Testing,pituitary,2,Testing|Training,pituitary,True,False
Training/pituitary/Tr-pi_44.jpg,c_1611,Training,pituitary,2,Testing|Training,pituitary,True,False
Testing/pituitary/Te-pi_155.jpg,c_1498,Testing,pituitary,2,Testing|Training,pituitary,True,False
Training/pituitary/Tr-pi_248.jpg,c_1498,Training,pituitary,2,Testing|Training,pituitary,True,False
Testing/pituitary/Te-pi_156.jpg,c_1675,Testing,pituitary,2,Testing|Training,pituitary,True,False
Training/pituitary/Tr-pi_546.jpg,c_1675,Training,pituitary,2,Testing|Training,pituitary,True,False
Testing/pituitary/Te-pi_157.jpg,c_0077,Testing,pituitary,2,Testing,pituitary,False,False
Testing/pituitary/Te-pi_88.jpg,c_0077,Testing,pituitary,2,Testing,pituitary,False,False
Testing/pituitary/Te-pi_158.jpg,c_1997,Testing,pituitary,4,Testing|Training,pituitary,True,False
Training/pituitary/Tr-pi_1273.jpg,c_1997,Training,pituitary,4,Testing|Training,pituitary,True,False
Testing/pituitary/Te-pi_159.jpg,c_1909,Testing,pituitary,2,Testing|Training,pituitary,True,False
Training/pituitary/Tr-pi_842.jpg,c_1909,Training,pituitary,2,Testing|Training,pituitary,True,False
Testing/pituitary/Te-pi_16.jpg,c_1817,Testing,pituitary,2,Testing|Training,pituitary,True,False
Training/pituitary/Tr-pi_726.jpg,c_1817,Training,pituitary,2,Testing|Training,pituitary,True,False
Testing/pituitary/Te-pi_160.jpg,c_1474,Testing,pituitary,2,Testing|Training,pituitary,True,False
Training/pituitary/Tr-pi_201.jpg,c_1474,Training,pituitary,2,Testing|Training,pituitary,True,False
Testing/pituitary/Te-pi_161.jpg,c_1424,Testing,pituitary,2,Testing|Training,pituitary,True,False
Training/pituitary/Tr-pi_1366.jpg,c_1424,Training,pituitary,2,Testing|Training,pituitary,True,False
Testing/pituitary/Te-pi_162.jpg,c_1670,Testing,pituitary,2,Testing|Training,pituitary,True,False
Training/pituitary/Tr-pi_539.jpg,c_1670,Training,pituitary,2,Testing|Training,pituitary,True,False
Testing/pituitary/Te-pi_163.jpg,c_1314,Testing,pituitary,2,Testing|Training,pituitary,True,False
Training/pituitary/Tr-pi_1074.jpg,c_1314,Training,pituitary,2,Testing|Training,pituitary,True,False
Testing/pituitary/Te-pi_164.jpg,c_1392,Testing,pituitary,2,Testing|Training,pituitary,True,False
Training/pituitary/Tr-pi_1292.jpg,c_1392,Training,pituitary,2,Testing|Training,pituitary,True,False
Testing/pituitary/Te-pi_166.jpg,c_1740,Testing,pituitary,2,Testing|Training,pituitary,True,False
Training/pituitary/Tr-pi_631.jpg,c_1740,Training,pituitary,2,Testing|Training,pituitary,True,False
Testing/pituitary/Te-pi_167.jpg,c_0053,Testing,pituitary,2,Testing,pituitary,False,False
Testing/pituitary/Te-pi_212.jpg,c_0053,Testing,pituitary,2,Testing,pituitary,False,False
Testing/pituitary/Te-pi_168.jpg,c_1566,Testing,pituitary,2,Testing|Training,pituitary,True,False
Training/pituitary/Tr-pi_366.jpg,c_1566,Training,pituitary,2,Testing|Training,pituitary,True,False
Testing/pituitary/Te-pi_169.jpg,c_1310,Testing,pituitary,2,Testing|Training,pituitary,True,False
Training/pituitary/Tr-pi_1067.jpg,c_1310,Training,pituitary,2,Testing|Training,pituitary,True,False
Testing/pituitary/Te-pi_17.jpg,c_1493,Testing,pituitary,2,Testing|Training,pituitary,True,False
Training/pituitary/Tr-pi_235.jpg,c_1493,Training,pituitary,2,Testing|Training,pituitary,True,False
Testing/pituitary/Te-pi_170.jpg,c_1649,Testing,pituitary,2,Testing|Training,pituitary,True,False
Training/pituitary/Tr-pi_5.jpg,c_1649,Training,pituitary,2,Testing|Training,pituitary,True,False
Testing/pituitary/Te-pi_171.jpg,c_1380,Testing,pituitary,2,Testing|Training,pituitary,True,False
Training/pituitary/Tr-pi_1262.jpg,c_1380,Training,pituitary,2,Testing|Training,pituitary,True,False
Testing/pituitary/Te-pi_172.jpg,c_1943,Testing,pituitary,2,Testing|Training,pituitary,True,False
Training/pituitary/Tr-pi_880.jpg,c_1943,Training,pituitary,2,Testing|Training,pituitary,True,False
Testing/pituitary/Te-pi_173.jpg,c_1883,Testing,pituitary,2,Testing|Training,pituitary,True,False
Training/pituitary/Tr-pi_809.jpg,c_1883,Training,pituitary,2,Testing|Training,pituitary,True,False
Testing/pituitary/Te-pi_174.jpg,c_1976,Testing,pituitary,2,Testing|Training,pituitary,True,False
Training/pituitary/Tr-pi_915.jpg,c_1976,Training,pituitary,2,Testing|Training,pituitary,True,False
Testing/pituitary/Te-pi_175.jpg,c_2009,Testing,pituitary,2,Testing|Training,pituitary,True,False
Training/pituitary/Tr-pi_951.jpg,c_2009,Training,pituitary,2,Testing|Training,pituitary,True,False
Testing/pituitary/Te-pi_176.jpg,c_1552,Testing,pituitary,2,Testing|Training,pituitary,True,False
Training/pituitary/Tr-pi_345.jpg,c_1552,Training,pituitary,2,Testing|Training,pituitary,True,False
Testing/pituitary/Te-pi_177.jpg,c_1318,Testing,pituitary,2,Testing|Training,pituitary,True,False
Training/pituitary/Tr-pi_1082.jpg,c_1318,Training,pituitary,2,Testing|Training,pituitary,True,False
Testing/pituitary/Te-pi_178.jpg,c_0068,Testing,pituitary,2,Testing,pituitary,False,False
Testing/pituitary/Te-pi_374.jpg,c_0068,Testing,pituitary,2,Testing,pituitary,False,False
Testing/pituitary/Te-pi_179.jpg,c_1311,Testing,pituitary,2,Testing|Training,pituitary,True,False
Training/pituitary/Tr-pi_1069.jpg,c_1311,Training,pituitary,2,Testing|Training,pituitary,True,False
Testing/pituitary/Te-pi_18.jpg,c_1337,Testing,pituitary,2,Testing|Training,pituitary,True,False
Training/pituitary/Tr-pi_1144.jpg,c_1337,Training,pituitary,2,Testing|Training,pituitary,True,False
Testing/pituitary/Te-pi_180.jpg,c_1944,Testing,pituitary,2,Testing|Training,pituitary,True,False
Training/pituitary/Tr-pi_881.jpg,c_1944,Training,pituitary,2,Testing|Training,pituitary,True,False
Testing/pituitary/Te-pi_181.jpg,c_1616,Testing,pituitary,2,Testing|Training,pituitary,True,False
Training/pituitary/Tr-pi_451.jpg,c_1616,Training,pituitary,2,Testing|Training,pituitary,True,False
Testing/pituitary/Te-pi_183.jpg,c_1439,Testing,pituitary,2,Testing|Training,pituitary,True,False
Training/pituitary/Tr-pi_14.jpg,c_1439,Training,pituitary,2,Testing|Training,pituitary,True,False
Testing/pituitary/Te-pi_184.jpg,c_1633,Testing,pituitary,2,Testing|Training,pituitary,True,False
Training/pituitary/Tr-pi_478.jpg,c_1633,Training,pituitary,2,Testing|Training,pituitary,True,False
Testing/pituitary/Te-pi_185.jpg,c_0065,Testing,pituitary,2,Testing,pituitary,False,False
Testing/pituitary/Te-pi_336.jpg,c_0065,Testing,pituitary,2,Testing,pituitary,False,False
Testing/pituitary/Te-pi_186.jpg,c_1878,Testing,pituitary,2,Testing|Training,pituitary,True,False
Training/pituitary/Tr-pi_800.jpg,c_1878,Training,pituitary,2,Testing|Training,pituitary,True,False
Testing/pituitary/Te-pi_187.jpg,c_1963,Testing,pituitary,2,Testing|Training,pituitary,True,False
Training/pituitary/Tr-pi_902.jpg,c_1963,Training,pituitary,2,Testing|Training,pituitary,True,False
Testing/pituitary/Te-pi_188.jpg,c_1413,Testing,pituitary,2,Testing|Training,pituitary,True,False
Training/pituitary/Tr-pi_1346.jpg,c_1413,Training,pituitary,2,Testing|Training,pituitary,True,False
Testing/pituitary/Te-pi_189.jpg,c_1609,Testing,pituitary,2,Testing|Training,pituitary,True,False
Training/pituitary/Tr-pi_436.jpg,c_1609,Training,pituitary,2,Testing|Training,pituitary,True,False
Testing/pituitary/Te-pi_19.jpg,c_2041,Testing,pituitary,2,Testing|Training,pituitary,True,False
Training/pituitary/Tr-pi_987.jpg,c_2041,Training,pituitary,2,Testing|Training,pituitary,True,False
Testing/pituitary/Te-pi_190.jpg,c_1621,Testing,pituitary,2,Testing|Training,pituitary,True,False
Training/pituitary/Tr-pi_460.jpg,c_1621,Training,pituitary,2,Testing|Training,pituitary,True,False
Testing/pituitary/Te-pi_191.jpg,c_1950,Testing,pituitary,2,Testing|Training,pituitary,True,False
Training/pituitary/Tr-pi_889.jpg,c_1950,Training,pituitary,2,Testing|Training,pituitary,True,False
Testing/pituitary/Te-pi_192.jpg,c_1714,Testing,pituitary,2,Testing|Training,pituitary,True,False
Training/pituitary/Tr-pi_600.jpg,c_1714,Training,pituitary,2,Testing|Training,pituitary,True,False
Testing/pituitary/Te-pi_193.jpg,c_1432,Testing,pituitary,2,Testing|Training,pituitary,True,False
Training/pituitary/Tr-pi_1388.jpg,c_1432,Training,pituitary,2,Testing|Training,pituitary,True,False
Testing/pituitary/Te-pi_194.jpg,c_1307,Testing,pituitary,2,Testing|Training,pituitary,True,False
Training/pituitary/Tr-pi_1046.jpg,c_1307,Training,pituitary,2,Testing|Training,pituitary,True,False
Testing/pituitary/Te-pi_196.jpg,c_1347,Testing,pituitary,2,Testing|Training,pituitary,True,False
Training/pituitary/Tr-pi_1168.jpg,c_1347,Training,pituitary,2,Testing|Training,pituitary,True,False
Testing/pituitary/Te-pi_197.jpg,c_1983,Testing,pituitary,2,Testing|Training,pituitary,True,False
Training/pituitary/Tr-pi_923.jpg,c_1983,Training,pituitary,2,Testing|Training,pituitary,True,False
Testing/pituitary/Te-pi_198.jpg,c_1462,Testing,pituitary,2,Testing|Training,pituitary,True,False
Training/pituitary/Tr-pi_176.jpg,c_1462,Training,pituitary,2,Testing|Training,pituitary,True,False
Testing/pituitary/Te-pi_199.jpg,c_1398,Testing,pituitary,2,Testing|Training,pituitary,True,False
Training/pituitary/Tr-pi_1319.jpg,c_1398,Training,pituitary,2,Testing|Training,pituitary,True,False
Testing/pituitary/Te-pi_2.jpg,c_0054,Testing,pituitary,2,Testing,pituitary,False,False
Testing/pituitary/Te-pi_219.jpg,c_0054,Testing,pituitary,2,Testing,pituitary,False,False
Testing/pituitary/Te-pi_20.jpg,c_1335,Testing,pituitary,2,Testing|Training,pituitary,True,False
Training/pituitary/Tr-pi_1138.jpg,c_1335,Training,pituitary,2,Testing|Training,pituitary,True,False
Testing/pituitary/Te-pi_200.jpg,c_1856,Testing,pituitary,2,Testing|Training,pituitary,True,False
Training/pituitary/Tr-pi_774.jpg,c_1856,Training,pituitary,2,Testing|Training,pituitary,True,False
Testing/pituitary/Te-pi_201.jpg,c_1716,Testing,pituitary,2,Testing|Training,pituitary,True,False
Training/pituitary/Tr-pi_602.jpg,c_1716,Training,pituitary,2,Testing|Training,pituitary,True,False
Testing/pituitary/Te-pi_202.jpg,c_1521,Testing,pituitary,2,Testing|Training,pituitary,True,False
Training/pituitary/Tr-pi_294.jpg,c_1521,Training,pituitary,2,Testing|Training,pituitary,True,False
Testing/pituitary/Te-pi_203.jpg,c_0060,Testing,pituitary,2,Testing,pituitary,False,False
Testing/pituitary/Te-pi_283.jpg,c_0060,Testing,pituitary,2,Testing,pituitary,False,False
Testing/pituitary/Te-pi_204.jpg,c_0057,Testing,pituitary,2,Testing,pituitary,False,False
Testing/pituitary/Te-pi_240.jpg,c_0057,Testing,pituitary,2,Testing,pituitary,False,False
Testing/pituitary/Te-pi_205.jpg,c_1627,Testing,pituitary,2,Testing|Training,pituitary,True,False
Training/pituitary/Tr-pi_47.jpg,c_1627,Training,pituitary,2,Testing|Training,pituitary,True,False
Testing/pituitary/Te-pi_207.jpg,c_1606,Testing,pituitary,2,Testing|Training,pituitary,True,False
Training/pituitary/Tr-pi_433.jpg,c_1606,Training,pituitary,2,Testing|Training,pituitary,True,False
Testing/pituitary/Te-pi_208.jpg,c_1336,Testing,pituitary,2,Testing|Training,pituitary,True,False
Training/pituitary/Tr-pi_1140.jpg,c_1336,Training,pituitary,2,Testing|Training,pituitary,True,False
Testing/pituitary/Te-pi_209.jpg,c_1571,Testing,pituitary,2,Testing|Training,pituitary,True,False
Training/pituitary/Tr-pi_370.jpg,c_1571,Training,pituitary,2,Testing|Training,pituitary,True,False
Testing/pituitary/Te-pi_21.jpg,c_1808,Testing,pituitary,2,Testing|Training,pituitary,True,False
Training/pituitary/Tr-pi_717.jpg,c_1808,Training,pituitary,2,Testing|Training,pituitary,True,False
Testing/pituitary/Te-pi_210.jpg,c_1744,Testing,pituitary,2,Testing|Training,pituitary,True,False
Training/pituitary/Tr-pi_638.jpg,c_1744,Training,pituitary,2,Testing|Training,pituitary,True,False
Testing/pituitary/Te-pi_211.jpg,c_1361,Testing,pituitary,2,Testing|Training,pituitary,True,False
Training/pituitary/Tr-pi_1217.jpg,c_1361,Training,pituitary,2,Testing|Training,pituitary,True,False
Testing/pituitary/Te-pi_213.jpg,c_1372,Testing,pituitary,2,Testing|Training,pituitary,True,False
Training/pituitary/Tr-pi_1248.jpg,c_1372,Training,pituitary,2,Testing|Training,pituitary,True,False
Testing/pituitary/Te-pi_215.jpg,c_1478,Testing,pituitary,2,Testing|Training,pituitary,True,False
Training/pituitary/Tr-pi_209.jpg,c_1478,Training,pituitary,2,Testing|Training,pituitary,True,False
Testing/pituitary/Te-pi_216.jpg,c_1654,Testing,pituitary,2,Testing|Training,pituitary,True,False
Training/pituitary/Tr-pi_510.jpg,c_1654,Training,pituitary,2,Testing|Training,pituitary,True,False
Testing/pituitary/Te-pi_218.jpg,c_1687,Testing,pituitary,3,Testing|Training,pituitary,True,False
Training/pituitary/Tr-pi_132.jpg,c_1687,Training,pituitary,3,Testing|Training,pituitary,True,False
Training/pituitary/Tr-pi_564.jpg,c_1687,Training,pituitary,3,Testing|Training,pituitary,True,False
Testing/pituitary/Te-pi_22.jpg,c_1862,Testing,pituitary,2,Testing|Training,pituitary,True,False
Training/pituitary/Tr-pi_784.jpg,c_1862,Training,pituitary,2,Testing|Training,pituitary,True,False
Testing/pituitary/Te-pi_220.jpg,c_1376,Testing,pituitary,2,Testing|Training,pituitary,True,False
Training/pituitary/Tr-pi_1254.jpg,c_1376,Training,pituitary,2,Testing|Training,pituitary,True,False
Testing/pituitary/Te-pi_221.jpg,c_1567,Testing,pituitary,2,Testing|Training,pituitary,True,False
Training/pituitary/Tr-pi_367.jpg,c_1567,Training,pituitary,2,Testing|Training,pituitary,True,False
Testing/pituitary/Te-pi_222.jpg,c_1508,Testing,pituitary,2,Testing|Training,pituitary,True,False
Training/pituitary/Tr-pi_274.jpg,c_1508,Training,pituitary,2,Testing|Training,pituitary,True,False
Testing/pituitary/Te-pi_224.jpg,c_2027,Testing,pituitary,2,Testing|Training,pituitary,True,False
Training/pituitary/Tr-pi_970.jpg,c_2027,Training,pituitary,2,Testing|Training,pituitary,True,False
Testing/pituitary/Te-pi_226.jpg,c_1490,Testing,pituitary,2,Testing|Training,pituitary,True,False
Training/pituitary/Tr-pi_23.jpg,c_1490,Training,pituitary,2,Testing|Training,pituitary,True,False
Testing/pituitary/Te-pi_227.jpg,c_1320,Testing,pituitary,2,Testing|Training,pituitary,True,False
Training/pituitary/Tr-pi_1090.jpg,c_1320,Training,pituitary,2,Testing|Training,pituitary,True,False
Testing/pituitary/Te-pi_228.jpg,c_0058,Testing,pituitary,2,Testing,pituitary,False,False
Testing/pituitary/Te-pi_245.jpg,c_0058,Testing,pituitary,2,Testing,pituitary,False,False
Testing/pituitary/Te-pi_23.jpg,c_1515,Testing,pituitary,3,Testing|Training,pituitary,True,False
Training/pituitary/Tr-pi_962.jpg,c_1515,Training,pituitary,3,Testing|Training,pituitary,True,False
Training/pituitary/Tr-pi_285.jpg,c_1515,Training,pituitary,3,Testing|Training,pituitary,True,False
Testing/pituitary/Te-pi_230.jpg,c_1487,Testing,pituitary,2,Testing|Training,pituitary,True,False
Training/pituitary/Tr-pi_225.jpg,c_1487,Training,pituitary,2,Testing|Training,pituitary,True,False
Testing/pituitary/Te-pi_231.jpg,c_0073,Testing,pituitary,2,Testing,pituitary,False,False
Testing/pituitary/Te-pi_54.jpg,c_0073,Testing,pituitary,2,Testing,pituitary,False,False
Training/pituitary/Tr-pi_281.jpg,c_1755,Training,pituitary,8,Testing|Training,pituitary,True,False
Training/pituitary/Tr-pi_831.jpg,c_1755,Training,pituitary,8,Testing|Training,pituitary,True,False
Training/pituitary/Tr-pi_467.jpg,c_1755,Training,pituitary,8,Testing|Training,pituitary,True,False
Training/pituitary/Tr-pi_651.jpg,c_1755,Training,pituitary,8,Testing|Training,pituitary,True,False
Testing/pituitary/Te-pi_233.jpg,c_0056,Testing,pituitary,2,Testing,pituitary,False,False
Testing/pituitary/Te-pi_236.jpg,c_0056,Testing,pituitary,2,Testing,pituitary,False,False
Testing/pituitary/Te-pi_234.jpg,c_1711,Testing,pituitary,2,Testing|Training,pituitary,True,False
Training/pituitary/Tr-pi_598.jpg,c_1711,Training,pituitary,2,Testing|Training,pituitary,True,False
Testing/pituitary/Te-pi_237.jpg,c_1485,Testing,pituitary,2,Testing|Training,pituitary,True,False
Training/pituitary/Tr-pi_220.jpg,c_1485,Training,pituitary,2,Testing|Training,pituitary,True,False
Testing/pituitary/Te-pi_238.jpg,c_1970,Testing,pituitary,4,Testing|Training,pituitary,True,False
Training/pituitary/Tr-pi_787.jpg,c_1970,Training,pituitary,4,Testing|Training,pituitary,True,False
Training/pituitary/Tr-pi_316.jpg,c_1970,Training,pituitary,4,Testing|Training,pituitary,True,False
Training/pituitary/Tr-pi_909.jpg,c_1970,Training,pituitary,4,Testing|Training,pituitary,True,False
Testing/pituitary/Te-pi_239.jpg,c_1440,Testing,pituitary,2,Testing|Training,pituitary,True,False
Training/pituitary/Tr-pi_140.jpg,c_1440,Training,pituitary,2,Testing|Training,pituitary,True,False
Testing/pituitary/Te-pi_24.jpg,c_1550,Testing,pituitary,2,Testing|Training,pituitary,True,False
Training/pituitary/Tr-pi_340.jpg,c_1550,Training,pituitary,2,Testing|Training,pituitary,True,False
Testing/pituitary/Te-pi_241.jpg,c_1575,Testing,pituitary,2,Testing|Training,pituitary,True,False
Training/pituitary/Tr-pi_378.jpg,c_1575,Training,pituitary,2,Testing|Training,pituitary,True,False
Testing/pituitary/Te-pi_242.jpg,c_1541,Testing,pituitary,2,Testing|Training,pituitary,True,False
Training/pituitary/Tr-pi_322.jpg,c_1541,Training,pituitary,2,Testing|Training,pituitary,True,False
Testing/pituitary/Te-pi_246.jpg,c_1421,Testing,pituitary,2,Testing|Training,pituitary,True,False
Training/pituitary/Tr-pi_1359.jpg,c_1421,Training,pituitary,2,Testing|Training,pituitary,True,False
Testing/pituitary/Te-pi_248.jpg,c_1760,Testing,pituitary,2,Testing|Training,pituitary,True,False
Training/pituitary/Tr-pi_66.jpg,c_1760,Training,pituitary,2,Testing|Training,pituitary,True,False
Testing/pituitary/Te-pi_249.jpg,c_0080,Testing,pituitary,2,Testing,pituitary,False,False
Testing/pituitary/Te-pi_94.jpg,c_0080,Testing,pituitary,2,Testing,pituitary,False,False
Testing/pituitary/Te-pi_25.jpg,c_1995,Testing,pituitary,2,Testing|Training,pituitary,True,False
Training/pituitary/Tr-pi_937.jpg,c_1995,Training,pituitary,2,Testing|Training,pituitary,True,False
Testing/pituitary/Te-pi_250.jpg,c_1366,Testing,pituitary,2,Testing|Training,pituitary,True,False
Training/pituitary/Tr-pi_1230.jpg,c_1366,Training,pituitary,2,Testing|Training,pituitary,True,False
Testing/pituitary/Te-pi_251.jpg,c_1573,Testing,pituitary,2,Testing|Training,pituitary,True,False
Training/pituitary/Tr-pi_374.jpg,c_1573,Training,pituitary,2,Testing|Training,pituitary,True,False
Testing/pituitary/Te-pi_252.jpg,c_1378,Testing,pituitary,2,Testing|Training,pituitary,True,False
Training/pituitary/Tr-pi_1259.jpg,c_1378,Training,pituitary,2,Testing|Training,pituitary,True,False
Testing/pituitary/Te-pi_253.jpg,c_1444,Testing,pituitary,2,Testing|Training,pituitary,True,False
Training/pituitary/Tr-pi_15.jpg,c_1444,Training,pituitary,2,Testing|Training,pituitary,True,False
Testing/pituitary/Te-pi_254.jpg,c_0061,Testing,pituitary,2,Testing,pituitary,False,False
Testing/pituitary/Te-pi_294.jpg,c_0061,Testing,pituitary,2,Testing,pituitary,False,False
Testing/pituitary/Te-pi_255.jpg,c_1407,Testing,pituitary,2,Testing|Training,pituitary,True,False
Training/pituitary/Tr-pi_1335.jpg,c_1407,Training,pituitary,2,Testing|Training,pituitary,True,False
Testing/pituitary/Te-pi_257.jpg,c_1415,Testing,pituitary,2,Testing|Training,pituitary,True,False
Training/pituitary/Tr-pi_135.jpg,c_1415,Training,pituitary,2,Testing|Training,pituitary,True,False
Testing/pituitary/Te-pi_258.jpg,c_0066,Testing,pituitary,2,Testing,pituitary,False,False
Testing/pituitary/Te-pi_361.jpg,c_0066,Testing,pituitary,2,Testing,pituitary,False,False
Testing/pituitary/Te-pi_259.jpg,c_1399,Testing,pituitary,2,Testing|Training,pituitary,True,False
Training/pituitary/Tr-pi_1322.jpg,c_1399,Training,pituitary,2,Testing|Training,pituitary,True,False
Testing/pituitary/Te-pi_26.jpg,c_1484,Testing,pituitary,2,Testing|Training,pituitary,True,False
Training/pituitary/Tr-pi_219.jpg,c_1484,Training,pituitary,2,Testing|Training,pituitary,True,False
Testing/pituitary/Te-pi_260.jpg,c_1795,Testing,pituitary,2,Testing|Training,pituitary,True,False
Training/pituitary/Tr-pi_701.jpg,c_1795,Training,pituitary,2,Testing|Training,pituitary,True,False
Testing/pituitary/Te-pi_262.jpg,c_1748,Testing,pituitary,2,Testing|Training,pituitary,True,False
Training/pituitary/Tr-pi_642.jpg,c_1748,Training,pituitary,2,Testing|Training,pituitary,True,False
Testing/pituitary/Te-pi_263.jpg,c_1377,Testing,pituitary,2,Testing|Training,pituitary,True,False
Training/pituitary/Tr-pi_1258.jpg,c_1377,Training,pituitary,2,Testing|Training,pituitary,True,False
Testing/pituitary/Te-pi_264.jpg,c_1826,Testing,pituitary,2,Testing|Training,pituitary,True,False
Training/pituitary/Tr-pi_738.jpg,c_1826,Training,pituitary,2,Testing|Training,pituitary,True,False
Testing/pituitary/Te-pi_265.jpg,c_1360,Testing,pituitary,2,Testing|Training,pituitary,True,False
Training/pituitary/Tr-pi_121.jpg,c_1360,Training,pituitary,2,Testing|Training,pituitary,True,False
Testing/pituitary/Te-pi_266.jpg,c_1887,Testing,pituitary,2,Testing|Training,pituitary,True,False
Training/pituitary/Tr-pi_815.jpg,c_1887,Training,pituitary,2,Testing|Training,pituitary,True,False
Testing/pituitary/Te-pi_267.jpg,c_1793,Testing,pituitary,2,Testing|Training,pituitary,True,False
Training/pituitary/Tr-pi_70.jpg,c_1793,Training,pituitary,2,Testing|Training,pituitary,True,False
Testing/pituitary/Te-pi_268.jpg,c_0070,Testing,pituitary,2,Testing,pituitary,False,False
Testing/pituitary/Te-pi_394.jpg,c_0070,Testing,pituitary,2,Testing,pituitary,False,False
Testing/pituitary/Te-pi_269.jpg,c_1476,Testing,pituitary,2,Testing|Training,pituitary,True,False
Training/pituitary/Tr-pi_203.jpg,c_1476,Training,pituitary,2,Testing|Training,pituitary,True,False
Testing/pituitary/Te-pi_27.jpg,c_1402,Testing,pituitary,2,Testing|Training,pituitary,True,False
Training/pituitary/Tr-pi_1326.jpg,c_1402,Training,pituitary,2,Testing|Training,pituitary,True,False
Testing/pituitary/Te-pi_270.jpg,c_1927,Testing,pituitary,2,Testing|Training,pituitary,True,False
Training/pituitary/Tr-pi_860.jpg,c_1927,Training,pituitary,2,Testing|Training,pituitary,True,False
Testing/pituitary/Te-pi_271.jpg,c_1522,Testing,pituitary,2,Testing|Training,pituitary,True,False
Training/pituitary/Tr-pi_295.jpg,c_1522,Training,pituitary,2,Testing|Training,pituitary,True,False
Testing/pituitary/Te-pi_272.jpg,c_1735,Testing,pituitary,2,Testing|Training,pituitary,True,False
Training/pituitary/Tr-pi_626.jpg,c_1735,Training,pituitary,2,Testing|Training,pituitary,True,False
Testing/pituitary/Te-pi_273.jpg,c_2050,Testing,pituitary,4,Testing|Training,pituitary,True,False
Training/pituitary/Tr-pi_657.jpg,c_2050,Training,pituitary,4,Testing|Training,pituitary,True,False
Training/pituitary/Tr-pi_49.jpg,c_2050,Training,pituitary,4,Testing|Training,pituitary,True,False
Training/pituitary/Tr-pi_996.jpg,c_2050,Training,pituitary,4,Testing|Training,pituitary,True,False
Testing/pituitary/Te-pi_274.jpg,c_1328,Testing,pituitary,2,Testing|Training,pituitary,True,False
Training/pituitary/Tr-pi_1119.jpg,c_1328,Training,pituitary,2,Testing|Training,pituitary,True,False
Testing/pituitary/Te-pi_275.jpg,c_1754,Testing,pituitary,2,Testing|Training,pituitary,True,False
Training/pituitary/Tr-pi_650.jpg,c_1754,Training,pituitary,2,Testing|Training,pituitary,True,False
Testing/pituitary/Te-pi_276.jpg,c_0078,Testing,pituitary,2,Testing,pituitary,False,False
Testing/pituitary/Te-pi_89.jpg,c_0078,Testing,pituitary,2,Testing,pituitary,False,False
Testing/pituitary/Te-pi_278.jpg,c_1674,Testing,pituitary,2,Testing|Training,pituitary,True,False
Training/pituitary/Tr-pi_545.jpg,c_1674,Training,pituitary,2,Testing|Training,pituitary,True,False
Testing/pituitary/Te-pi_279.jpg,c_1391,Testing,pituitary,2,Testing|Training,pituitary,True,False
Training/pituitary/Tr-pi_129.jpg,c_1391,Training,pituitary,2,Testing|Training,pituitary,True,False
Testing/pituitary/Te-pi_28.jpg,c_1382,Testing,pituitary,2,Testing|Training,pituitary,True,False
Training/pituitary/Tr-pi_1267.jpg,c_1382,Training,pituitary,2,Testing|Training,pituitary,True,False
Testing/pituitary/Te-pi_281.jpg,c_1853,Testing,pituitary,2,Testing|Training,pituitary,True,False
Training/pituitary/Tr-pi_771.jpg,c_1853,Training,pituitary,2,Testing|Training,pituitary,True,False
Testing/pituitary/Te-pi_282.jpg,c_1327,Testing,pituitary,2,Testing|Training,pituitary,True,False
Training/pituitary/Tr-pi_1118.jpg,c_1327,Training,pituitary,2,Testing|Training,pituitary,True,False
Testing/pituitary/Te-pi_284.jpg,c_1547,Testing,pituitary,2,Testing|Training,pituitary,True,False
Training/pituitary/Tr-pi_333.jpg,c_1547,Training,pituitary,2,Testing|Training,pituitary,True,False
Testing/pituitary/Te-pi_285.jpg,c_1644,Testing,pituitary,2,Testing|Training,pituitary,True,False
Training/pituitary/Tr-pi_494.jpg,c_1644,Training,pituitary,2,Testing|Training,pituitary,True,False
Testing/pituitary/Te-pi_286.jpg,c_1678,Testing,pituitary,2,Testing|Training,pituitary,True,False
Training/pituitary/Tr-pi_55.jpg,c_1678,Training,pituitary,2,Testing|Training,pituitary,True,False
Testing/pituitary/Te-pi_287.jpg,c_1791,Testing,pituitary,2,Testing|Training,pituitary,True,False
Training/pituitary/Tr-pi_699.jpg,c_1791,Training,pituitary,2,Testing|Training,pituitary,True,False
Testing/pituitary/Te-pi_288.jpg,c_1480,Testing,pituitary,3,Testing|Training,pituitary,True,False
Training/pituitary/Tr-pi_769.jpg,c_1480,Training,pituitary,3,Testing|Training,pituitary,True,False
Training/pituitary/Tr-pi_210.jpg,c_1480,Training,pituitary,3,Testing|Training,pituitary,True,False
Testing/pituitary/Te-pi_289.jpg,c_1693,Testing,pituitary,2,Testing|Training,pituitary,True,False
Training/pituitary/Tr-pi_571.jpg,c_1693,Training,pituitary,2,Testing|Training,pituitary,True,False
Testing/pituitary/Te-pi_29.jpg,c_1986,Testing,pituitary,2,Testing|Training,pituitary,True,False
Training/pituitary/Tr-pi_926.jpg,c_1986,Training,pituitary,2,Testing|Training,pituitary,True,False
Testing/pituitary/Te-pi_290.jpg,c_1473,Testing,pituitary,2,Testing|Training,pituitary,True,False
Training/pituitary/Tr-pi_199.jpg,c_1473,Training,pituitary,2,Testing|Training,pituitary,True,False
Testing/pituitary/Te-pi_291.jpg,c_1982,Testing,pituitary,2,Testing|Training,pituitary,True,False
Training/pituitary/Tr-pi_922.jpg,c_1982,Training,pituitary,2,Testing|Training,pituitary,True,False
Testing/pituitary/Te-pi_293.jpg,c_0069,Testing,pituitary,2,Testing,pituitary,False,False
Testing/pituitary/Te-pi_383.jpg,c_0069,Testing,pituitary,2,Testing,pituitary,False,False
Testing/pituitary/Te-pi_295.jpg,c_1577,Testing,pituitary,2,Testing|Training,pituitary,True,False
Training/pituitary/Tr-pi_380.jpg,c_1577,Training,pituitary,2,Testing|Training,pituitary,True,False
Testing/pituitary/Te-pi_296.jpg,c_1772,Testing,pituitary,6,Testing|Training,pituitary,True,False
Training/pituitary/Tr-pi_686.jpg,c_1772,Training,pituitary,6,Testing|Training,pituitary,True,False
Training/pituitary/Tr-pi_718.jpg,c_1772,Training,pituitary,6,Testing|Training,pituitary,True,False
Training/pituitary/Tr-pi_778.jpg,c_1772,Training,pituitary,6,Testing|Training,pituitary,True,False
Training/pituitary/Tr-pi_673.jpg,c_1772,Training,pituitary,6,Testing|Training,pituitary,True,False
Testing/pituitary/Te-pi_298.jpg,c_1954,Testing,pituitary,2,Testing|Training,pituitary,True,False
Training/pituitary/Tr-pi_892.jpg,c_1954,Training,pituitary,2,Testing|Training,pituitary,True,False
Testing/pituitary/Te-pi_299.jpg,c_1408,Testing,pituitary,2,Testing|Training,pituitary,True,False
Training/pituitary/Tr-pi_1337.jpg,c_1408,Training,pituitary,2,Testing|Training,pituitary,True,False
Testing/pituitary/Te-pi_30.jpg,c_1301,Testing,pituitary,2,Testing|Training,pituitary,True,False
Training/pituitary/Tr-pi_1015.jpg,c_1301,Training,pituitary,2,Testing|Training,pituitary,True,False
Testing/pituitary/Te-pi_300.jpg,c_1466,Testing,pituitary,2,Testing|Training,pituitary,True,False
Training/pituitary/Tr-pi_185.jpg,c_1466,Training,pituitary,2,Testing|Training,pituitary,True,False
Testing/pituitary/Te-pi_301.jpg,c_1601,Testing,pituitary,2,Testing|Training,pituitary,True,False
Training/pituitary/Tr-pi_424.jpg,c_1601,Training,pituitary,2,Testing|Training,pituitary,True,False
Testing/pituitary/Te-pi_302.jpg,c_1739,Testing,pituitary,2,Testing|Training,pituitary,True,False
Training/pituitary/Tr-pi_63.jpg,c_1739,Training,pituitary,2,Testing|Training,pituitary,True,False
Testing/pituitary/Te-pi_303.jpg,c_0075,Testing,pituitary,2,Testing,pituitary,False,False
Testing/pituitary/Te-pi_80.jpg,c_0075,Testing,pituitary,2,Testing,pituitary,False,False
Testing/pituitary/Te-pi_304.jpg,c_1719,Testing,pituitary,2,Testing|Training,pituitary,True,False
Training/pituitary/Tr-pi_606.jpg,c_1719,Training,pituitary,2,Testing|Training,pituitary,True,False
Testing/pituitary/Te-pi_305.jpg,c_1781,Testing,pituitary,2,Testing|Training,pituitary,True,False
Training/pituitary/Tr-pi_685.jpg,c_1781,Training,pituitary,2,Testing|Training,pituitary,True,False
Testing/pituitary/Te-pi_307.jpg,c_1902,Testing,pituitary,2,Testing|Training,pituitary,True,False
Training/pituitary/Tr-pi_833.jpg,c_1902,Training,pituitary,2,Testing|Training,pituitary,True,False
Testing/pituitary/Te-pi_308.jpg,c_1332,Testing,pituitary,2,Testing|Training,pituitary,True,False
Training/pituitary/Tr-pi_1129.jpg,c_1332,Training,pituitary,2,Testing|Training,pituitary,True,False
Testing/pituitary/Te-pi_309.jpg,c_1688,Testing,pituitary,4,Testing|Training,pituitary,True,False
Training/pituitary/Tr-pi_110.jpg,c_1688,Training,pituitary,4,Testing|Training,pituitary,True,False
Training/pituitary/Tr-pi_1130.jpg,c_1688,Training,pituitary,4,Testing|Training,pituitary,True,False
Testing/pituitary/Te-pi_31.jpg,c_1523,Testing,pituitary,2,Testing|Training,pituitary,True,False
Training/pituitary/Tr-pi_296.jpg,c_1523,Training,pituitary,2,Testing|Training,pituitary,True,False
Testing/pituitary/Te-pi_310.jpg,c_1964,Testing,pituitary,4,Testing|Training,pituitary,True,False
Training/pituitary/Tr-pi_1107.jpg,c_1964,Training,pituitary,4,Testing|Training,pituitary,True,False
Training/pituitary/Tr-pi_903.jpg,c_1964,Training,pituitary,4,Testing|Training,pituitary,True,False
Testing/pituitary/Te-pi_311.jpg,c_1975,Testing,pituitary,2,Testing|Training,pituitary,True,False
Training/pituitary/Tr-pi_914.jpg,c_1975,Training,pituitary,2,Testing|Training,pituitary,True,False
Testing/pituitary/Te-pi_312.jpg,c_1582,Testing,pituitary,2,Testing|Training,pituitary,True,False
Training/pituitary/Tr-pi_393.jpg,c_1582,Training,pituitary,2,Testing|Training,pituitary,True,False
Testing/pituitary/Te-pi_313.jpg,c_1452,Testing,pituitary,2,Testing|Training,pituitary,True,False
Training/pituitary/Tr-pi_159.jpg,c_1452,Training,pituitary,2,Testing|Training,pituitary,True,False
Testing/pituitary/Te-pi_314.jpg,c_1359,Testing,pituitary,2,Testing|Training,pituitary,True,False
Training/pituitary/Tr-pi_1202.jpg,c_1359,Training,pituitary,2,Testing|Training,pituitary,True,False
Testing/pituitary/Te-pi_316.jpg,c_1900,Testing,pituitary,2,Testing|Training,pituitary,True,False
Training/pituitary/Tr-pi_829.jpg,c_1900,Training,pituitary,2,Testing|Training,pituitary,True,False
Testing/pituitary/Te-pi_317.jpg,c_1489,Testing,pituitary,2,Testing|Training,pituitary,True,False
Training/pituitary/Tr-pi_228.jpg,c_1489,Training,pituitary,2,Testing|Training,pituitary,True,False
Testing/pituitary/Te-pi_318.jpg,c_1543,Testing,pituitary,2,Testing|Training,pituitary,True,False
Training/pituitary/Tr-pi_325.jpg,c_1543,Training,pituitary,2,Testing|Training,pituitary,True,False
Testing/pituitary/Te-pi_319.jpg,c_1839,Testing,pituitary,2,Testing|Training,pituitary,True,False
Training/pituitary/Tr-pi_755.jpg,c_1839,Training,pituitary,2,Testing|Training,pituitary,True,False
Testing/pituitary/Te-pi_32.jpg,c_1349,Testing,pituitary,2,Testing|Training,pituitary,True,False
Training/pituitary/Tr-pi_1174.jpg,c_1349,Training,pituitary,2,Testing|Training,pituitary,True,False
Testing/pituitary/Te-pi_320.jpg,c_1369,Testing,pituitary,2,Testing|Training,pituitary,True,False
Training/pituitary/Tr-pi_1237.jpg,c_1369,Training,pituitary,2,Testing|Training,pituitary,True,False
Testing/pituitary/Te-pi_321.jpg,c_1414,Testing,pituitary,2,Testing|Training,pituitary,True,False
Training/pituitary/Tr-pi_1347.jpg,c_1414,Training,pituitary,2,Testing|Training,pituitary,True,False
Testing/pituitary/Te-pi_322.jpg,c_1494,Testing,pituitary,2,Testing|Training,pituitary,True,False
Training/pituitary/Tr-pi_240.jpg,c_1494,Training,pituitary,2,Testing|Training,pituitary,True,False
Testing/pituitary/Te-pi_323.jpg,c_1712,Testing,pituitary,2,Testing|Training,pituitary,True,False
Training/pituitary/Tr-pi_599.jpg,c_1712,Training,pituitary,2,Testing|Training,pituitary,True,False
Testing/pituitary/Te-pi_324.jpg,c_1375,Testing,pituitary,2,Testing|Training,pituitary,True,False
Training/pituitary/Tr-pi_1253.jpg,c_1375,Training,pituitary,2,Testing|Training,pituitary,True,False
Testing/pituitary/Te-pi_325.jpg,c_0064,Testing,pituitary,2,Testing,pituitary,False,False
Testing/pituitary/Te-pi_333.jpg,c_0064,Testing,pituitary,2,Testing,pituitary,False,False
Testing/pituitary/Te-pi_326.jpg,c_1306,Testing,pituitary,2,Testing|Training,pituitary,True,False
Training/pituitary/Tr-pi_1041.jpg,c_1306,Training,pituitary,2,Testing|Training,pituitary,True,False
Testing/pituitary/Te-pi_327.jpg,c_1406,Testing,pituitary,2,Testing|Training,pituitary,True,False
Training/pituitary/Tr-pi_1334.jpg,c_1406,Training,pituitary,2,Testing|Training,pituitary,True,False
Testing/pituitary/Te-pi_328.jpg,c_1405,Testing,pituitary,2,Testing|Training,pituitary,True,False
Training/pituitary/Tr-pi_1333.jpg,c_1405,Training,pituitary,2,Testing|Training,pituitary,True,False
Testing/pituitary/Te-pi_33.jpg,c_1833,Testing,pituitary,2,Testing|Training,pituitary,True,False
Training/pituitary/Tr-pi_749.jpg,c_1833,Training,pituitary,2,Testing|Training,pituitary,True,False
Testing/pituitary/Te-pi_330.jpg,c_1949,Testing,pituitary,2,Testing|Training,pituitary,True,False
Training/pituitary/Tr-pi_888.jpg,c_1949,Training,pituitary,2,Testing|Training,pituitary,True,False
Testing/pituitary/Te-pi_331.jpg,c_1930,Testing,pituitary,2,Testing|Training,pituitary,True,False
Training/pituitary/Tr-pi_865.jpg,c_1930,Training,pituitary,2,Testing|Training,pituitary,True,False
Testing/pituitary/Te-pi_332.jpg,c_1340,Testing,pituitary,2,Testing|Training,pituitary,True,False
Training/pituitary/Tr-pi_1150.jpg,c_1340,Training,pituitary,2,Testing|Training,pituitary,True,False
Testing/pituitary/Te-pi_334.jpg,c_1843,Testing,pituitary,2,Testing|Training,pituitary,True,False
Training/pituitary/Tr-pi_76.jpg,c_1843,Training,pituitary,2,Testing|Training,pituitary,True,False
Testing/pituitary/Te-pi_34.jpg,c_1920,Testing,pituitary,2,Testing|Training,pituitary,True,False
Training/pituitary/Tr-pi_852.jpg,c_1920,Training,pituitary,2,Testing|Training,pituitary,True,False
Testing/pituitary/Te-pi_340.jpg,c_0081,Testing,pituitary,2,Testing,pituitary,False,False
Testing/pituitary/Te-pi_99.jpg,c_0081,Testing,pituitary,2,Testing,pituitary,False,False
Testing/pituitary/Te-pi_341.jpg,c_1830,Testing,pituitary,2,Testing|Training,pituitary,True,False
Training/pituitary/Tr-pi_744.jpg,c_1830,Training,pituitary,2,Testing|Training,pituitary,True,False
Testing/pituitary/Te-pi_342.jpg,c_1500,Testing,pituitary,2,Testing|Training,pituitary,True,False
Training/pituitary/Tr-pi_251.jpg,c_1500,Training,pituitary,2,Testing|Training,pituitary,True,False
Testing/pituitary/Te-pi_343.jpg,c_1520,Testing,pituitary,2,Testing|Training,pituitary,True,False
Training/pituitary/Tr-pi_292.jpg,c_1520,Training,pituitary,2,Testing|Training,pituitary,True,False
Testing/pituitary/Te-pi_344.jpg,c_1519,Testing,pituitary,2,Testing|Training,pituitary,True,False
Training/pituitary/Tr-pi_291.jpg,c_1519,Training,pituitary,2,Testing|Training,pituitary,True,False
Testing/pituitary/Te-pi_345.jpg,c_1638,Testing,pituitary,2,Testing|Training,pituitary,True,False
Training/pituitary/Tr-pi_487.jpg,c_1638,Training,pituitary,2,Testing|Training,pituitary,True,False
Testing/pituitary/Te-pi_346.jpg,c_1441,Testing,pituitary,2,Testing|Training,pituitary,True,False
Training/pituitary/Tr-pi_1400.jpg,c_1441,Training,pituitary,2,Testing|Training,pituitary,True,False
Testing/pituitary/Te-pi_347.jpg,c_1400,Testing,pituitary,2,Testing|Training,pituitary,True,False
Training/pituitary/Tr-pi_1324.jpg,c_1400,Training,pituitary,2,Testing|Training,pituitary,True,False
Testing/pituitary/Te-pi_348.jpg,c_1917,Testing,pituitary,2,Testing|Training,pituitary,True,False
Training/pituitary/Tr-pi_85.jpg,c_1917,Training,pituitary,2,Testing|Training,pituitary,True,False
Testing/pituitary/Te-pi_349.jpg,c_1564,Testing,pituitary,2,Testing|Training,pituitary,True,False
Training/pituitary/Tr-pi_364.jpg,c_1564,Training,pituitary,2,Testing|Training,pituitary,True,False
Testing/pituitary/Te-pi_35.jpg,c_1905,Testing,pituitary,2,Testing|Training,pituitary,True,False
Training/pituitary/Tr-pi_837.jpg,c_1905,Training,pituitary,2,Testing|Training,pituitary,True,False
Testing/pituitary/Te-pi_350.jpg,c_1953,Testing,pituitary,2,Testing|Training,pituitary,True,False
Training/pituitary/Tr-pi_891.jpg,c_1953,Training,pituitary,2,Testing|Training,pituitary,True,False
Testing/pituitary/Te-pi_351.jpg,c_2040,Testing,pituitary,2,Testing|Training,pituitary,True,False
Training/pituitary/Tr-pi_986.jpg,c_2040,Training,pituitary,2,Testing|Training,pituitary,True,False
Testing/pituitary/Te-pi_352.jpg,c_1324,Testing,pituitary,2,Testing|Training,pituitary,True,False
Training/pituitary/Tr-pi_1104.jpg,c_1324,Training,pituitary,2,Testing|Training,pituitary,True,False
Testing/pituitary/Te-pi_353.jpg,c_1770,Testing,pituitary,2,Testing|Training,pituitary,True,False
Training/pituitary/Tr-pi_671.jpg,c_1770,Training,pituitary,2,Testing|Training,pituitary,True,False
Testing/pituitary/Te-pi_354.jpg,c_1697,Testing,pituitary,2,Testing|Training,pituitary,True,False
Training/pituitary/Tr-pi_578.jpg,c_1697,Training,pituitary,2,Testing|Training,pituitary,True,False
Testing/pituitary/Te-pi_355.jpg,c_1626,Testing,pituitary,2,Testing|Training,pituitary,True,False
Training/pituitary/Tr-pi_469.jpg,c_1626,Training,pituitary,2,Testing|Training,pituitary,True,False
Testing/pituitary/Te-pi_356.jpg,c_1727,Testing,pituitary,2,Testing|Training,pituitary,True,False
Training/pituitary/Tr-pi_616.jpg,c_1727,Training,pituitary,2,Testing|Training,pituitary,True,False
Testing/pituitary/Te-pi_357.jpg,c_1308,Testing,pituitary,2,Testing|Training,pituitary,True,False
Training/pituitary/Tr-pi_105.jpg,c_1308,Training,pituitary,2,Testing|Training,pituitary,True,False
Testing/pituitary/Te-pi_358.jpg,c_1672,Testing,pituitary,2,Testing|Training,pituitary,True,False
Training/pituitary/Tr-pi_543.jpg,c_1672,Training,pituitary,2,Testing|Training,pituitary,True,False
Testing/pituitary/Te-pi_359.jpg,c_1388,Testing,pituitary,2,Testing|Training,pituitary,True,False
Training/pituitary/Tr-pi_1281.jpg,c_1388,Training,pituitary,2,Testing|Training,pituitary,True,False
Testing/pituitary/Te-pi_360.jpg,c_1358,Testing,pituitary,2,Testing|Training,pituitary,True,False
Training/pituitary/Tr-pi_1197.jpg,c_1358,Training,pituitary,2,Testing|Training,pituitary,True,False
Testing/pituitary/Te-pi_362.jpg,c_1437,Testing,pituitary,2,Testing|Training,pituitary,True,False
Training/pituitary/Tr-pi_1394.jpg,c_1437,Training,pituitary,2,Testing|Training,pituitary,True,False
Testing/pituitary/Te-pi_365.jpg,c_1412,Testing,pituitary,2,Testing|Training,pituitary,True,False
Training/pituitary/Tr-pi_1345.jpg,c_1412,Training,pituitary,2,Testing|Training,pituitary,True,False
Testing/pituitary/Te-pi_366.jpg,c_2011,Testing,pituitary,2,Testing|Training,pituitary,True,False
Training/pituitary/Tr-pi_953.jpg,c_2011,Training,pituitary,2,Testing|Training,pituitary,True,False
Testing/pituitary/Te-pi_368.jpg,c_1707,Testing,pituitary,2,Testing|Training,pituitary,True,False
Training/pituitary/Tr-pi_593.jpg,c_1707,Training,pituitary,2,Testing|Training,pituitary,True,False
Testing/pituitary/Te-pi_369.jpg,c_1383,Testing,pituitary,2,Testing|Training,pituitary,True,False
Training/pituitary/Tr-pi_1268.jpg,c_1383,Training,pituitary,2,Testing|Training,pituitary,True,False
Testing/pituitary/Te-pi_37.jpg,c_1362,Testing,pituitary,2,Testing|Training,pituitary,True,False
Training/pituitary/Tr-pi_1223.jpg,c_1362,Training,pituitary,2,Testing|Training,pituitary,True,False
Testing/pituitary/Te-pi_370.jpg,c_1752,Testing,pituitary,2,Testing|Training,pituitary,True,False
Training/pituitary/Tr-pi_647.jpg,c_1752,Training,pituitary,2,Testing|Training,pituitary,True,False
Testing/pituitary/Te-pi_371.jpg,c_1844,Testing,pituitary,2,Testing|Training,pituitary,True,False
Training/pituitary/Tr-pi_760.jpg,c_1844,Training,pituitary,2,Testing|Training,pituitary,True,False
Testing/pituitary/Te-pi_373.jpg,c_1527,Testing,pituitary,2,Testing|Training,pituitary,True,False
Training/pituitary/Tr-pi_301.jpg,c_1527,Training,pituitary,2,Testing|Training,pituitary,True,False
Testing/pituitary/Te-pi_376.jpg,c_0072,Testing,pituitary,2,Testing,pituitary,False,False
Testing/pituitary/Te-pi_43.jpg,c_0072,Testing,pituitary,2,Testing,pituitary,False,False
Testing/pituitary/Te-pi_377.jpg,c_1373,Testing,pituitary,2,Testing|Training,pituitary,True,False
Training/pituitary/Tr-pi_1249.jpg,c_1373,Training,pituitary,2,Testing|Training,pituitary,True,False
Testing/pituitary/Te-pi_379.jpg,c_1622,Testing,pituitary,2,Testing|Training,pituitary,True,False
Training/pituitary/Tr-pi_462.jpg,c_1622,Training,pituitary,2,Testing|Training,pituitary,True,False
Testing/pituitary/Te-pi_380.jpg,c_1974,Testing,pituitary,2,Testing|Training,pituitary,True,False
Training/pituitary/Tr-pi_913.jpg,c_1974,Training,pituitary,2,Testing|Training,pituitary,True,False
Testing/pituitary/Te-pi_382.jpg,c_1799,Testing,pituitary,2,Testing|Training,pituitary,True,False
Training/pituitary/Tr-pi_708.jpg,c_1799,Training,pituitary,2,Testing|Training,pituitary,True,False
Testing/pituitary/Te-pi_384.jpg,c_1401,Testing,pituitary,2,Testing|Training,pituitary,True,False
Training/pituitary/Tr-pi_1325.jpg,c_1401,Training,pituitary,2,Testing|Training,pituitary,True,False
Testing/pituitary/Te-pi_385.jpg,c_1548,Testing,pituitary,2,Testing|Training,pituitary,True,False
Training/pituitary/Tr-pi_334.jpg,c_1548,Training,pituitary,2,Testing|Training,pituitary,True,False
Testing/pituitary/Te-pi_386.jpg,c_1581,Testing,pituitary,2,Testing|Training,pituitary,True,False
Training/pituitary/Tr-pi_392.jpg,c_1581,Training,pituitary,2,Testing|Training,pituitary,True,False
Testing/pituitary/Te-pi_387.jpg,c_1423,Testing,pituitary,2,Testing|Training,pituitary,True,False
Training/pituitary/Tr-pi_1362.jpg,c_1423,Training,pituitary,2,Testing|Training,pituitary,True,False
Testing/pituitary/Te-pi_389.jpg,c_1867,Testing,pituitary,2,Testing|Training,pituitary,True,False
Training/pituitary/Tr-pi_790.jpg,c_1867,Training,pituitary,2,Testing|Training,pituitary,True,False
Testing/pituitary/Te-pi_39.jpg,c_1607,Testing,pituitary,2,Testing|Training,pituitary,True,False
Training/pituitary/Tr-pi_434.jpg,c_1607,Training,pituitary,2,Testing|Training,pituitary,True,False
Testing/pituitary/Te-pi_390.jpg,c_1404,Testing,pituitary,2,Testing|Training,pituitary,True,False
Training/pituitary/Tr-pi_1328.jpg,c_1404,Training,pituitary,2,Testing|Training,pituitary,True,False
Testing/pituitary/Te-pi_391.jpg,c_1464,Testing,pituitary,4,Testing|Training,pituitary,True,False
Training/pituitary/Tr-pi_1092.jpg,c_1464,Training,pituitary,4,Testing|Training,pituitary,True,False
Training/pituitary/Tr-pi_586.jpg,c_1464,Training,pituitary,4,Testing|Training,pituitary,True,False
Training/pituitary/Tr-pi_182.jpg,c_1464,Training,pituitary,4,Testing|Training,pituitary,True,False
Testing/pituitary/Te-pi_392.jpg,c_1331,Testing,pituitary,2,Testing|Training,pituitary,True,False
Training/pituitary/Tr-pi_1126.jpg,c_1331,Training,pituitary,2,Testing|Training,pituitary,True,False
Testing/pituitary/Te-pi_393.jpg,c_1857,Testing,pituitary,2,Testing|Training,pituitary,True,False
Training/pituitary/Tr-pi_776.jpg,c_1857,Training,pituitary,2,Testing|Training,pituitary,True,False
Testing/pituitary/Te-pi_397.jpg,c_1556,Testing,pituitary,2,Testing|Training,pituitary,True,False
Training/pituitary/Tr-pi_352.jpg,c_1556,Training,pituitary,2,Testing|Training,pituitary,True,False
Testing/pituitary/Te-pi_398.jpg,c_1298,Testing,pituitary,2,Testing|Training,pituitary,True,False
Training/pituitary/Tr-pi_1002.jpg,c_1298,Training,pituitary,2,Testing|Training,pituitary,True,False
Testing/pituitary/Te-pi_399.jpg,c_1323,Testing,pituitary,2,Testing|Training,pituitary,True,False
Training/pituitary/Tr-pi_1100.jpg,c_1323,Training,pituitary,2,Testing|Training,pituitary,True,False
Testing/pituitary/Te-pi_4.jpg,c_2007,Testing,pituitary,2,Testing|Training,pituitary,True,False
Training/pituitary/Tr-pi_95.jpg,c_2007,Training,pituitary,2,Testing|Training,pituitary,True,False
Testing/pituitary/Te-pi_40.jpg,c_0074,Testing,pituitary,2,Testing,pituitary,False,False
Testing/pituitary/Te-pi_58.jpg,c_0074,Testing,pituitary,2,Testing,pituitary,False,False
Testing/pituitary/Te-pi_400.jpg,c_1859,Testing,pituitary,2,Testing|Training,pituitary,True,False
Training/pituitary/Tr-pi_78.jpg,c_1859,Training,pituitary,2,Testing|Training,pituitary,True,False
Testing/pituitary/Te-pi_41.jpg,c_1509,Testing,pituitary,2,Testing|Training,pituitary,True,False
Training/pituitary/Tr-pi_276.jpg,c_1509,Training,pituitary,2,Testing|Training,pituitary,True,False
Testing/pituitary/Te-pi_42.jpg,c_1968,Testing,pituitary,2,Testing|Training,pituitary,True,False
Training/pituitary/Tr-pi_907.jpg,c_1968,Training,pituitary,2,Testing|Training,pituitary,True,False
Testing/pituitary/Te-pi_44.jpg,c_1501,Testing,pituitary,2,Testing|Training,pituitary,True,False
Training/pituitary/Tr-pi_252.jpg,c_1501,Training,pituitary,2,Testing|Training,pituitary,True,False
Testing/pituitary/Te-pi_45.jpg,c_1910,Testing,pituitary,2,Testing|Training,pituitary,True,False
Training/pituitary/Tr-pi_843.jpg,c_1910,Training,pituitary,2,Testing|Training,pituitary,True,False
Testing/pituitary/Te-pi_47.jpg,c_1403,Testing,pituitary,2,Testing|Training,pituitary,True,False
Training/pituitary/Tr-pi_1327.jpg,c_1403,Training,pituitary,2,Testing|Training,pituitary,True,False
Testing/pituitary/Te-pi_49.jpg,c_1364,Testing,pituitary,2,Testing|Training,pituitary,True,False
Training/pituitary/Tr-pi_1226.jpg,c_1364,Training,pituitary,2,Testing|Training,pituitary,True,False
Testing/pituitary/Te-pi_5.jpg,c_1886,Testing,pituitary,2,Testing|Training,pituitary,True,False
Training/pituitary/Tr-pi_814.jpg,c_1886,Training,pituitary,2,Testing|Training,pituitary,True,False
Testing/pituitary/Te-pi_50.jpg,c_1309,Testing,pituitary,2,Testing|Training,pituitary,True,False
Training/pituitary/Tr-pi_1062.jpg,c_1309,Training,pituitary,2,Testing|Training,pituitary,True,False
Testing/pituitary/Te-pi_51.jpg,c_1545,Testing,pituitary,2,Testing|Training,pituitary,True,False
Training/pituitary/Tr-pi_33.jpg,c_1545,Training,pituitary,2,Testing|Training,pituitary,True,False
Testing/pituitary/Te-pi_52.jpg,c_1374,Testing,pituitary,2,Testing|Training,pituitary,True,False
Training/pituitary/Tr-pi_1250.jpg,c_1374,Training,pituitary,2,Testing|Training,pituitary,True,False
Testing/pituitary/Te-pi_53.jpg,c_1889,Testing,pituitary,2,Testing|Training,pituitary,True,False
Training/pituitary/Tr-pi_817.jpg,c_1889,Training,pituitary,2,Testing|Training,pituitary,True,False
Testing/pituitary/Te-pi_55.jpg,c_1330,Testing,pituitary,2,Testing|Training,pituitary,True,False
Training/pituitary/Tr-pi_1124.jpg,c_1330,Training,pituitary,2,Testing|Training,pituitary,True,False
Testing/pituitary/Te-pi_56.jpg,c_1679,Testing,pituitary,2,Testing|Training,pituitary,True,False
Training/pituitary/Tr-pi_550.jpg,c_1679,Training,pituitary,2,Testing|Training,pituitary,True,False
Testing/pituitary/Te-pi_57.jpg,c_1763,Testing,pituitary,2,Testing|Training,pituitary,True,False
Training/pituitary/Tr-pi_663.jpg,c_1763,Training,pituitary,2,Testing|Training,pituitary,True,False
Testing/pituitary/Te-pi_59.jpg,c_1652,Testing,pituitary,2,Testing|Training,pituitary,True,False
Training/pituitary/Tr-pi_507.jpg,c_1652,Training,pituitary,2,Testing|Training,pituitary,True,False
Testing/pituitary/Te-pi_61.jpg,c_1608,Testing,pituitary,2,Testing|Training,pituitary,True,False
Training/pituitary/Tr-pi_435.jpg,c_1608,Training,pituitary,2,Testing|Training,pituitary,True,False
Testing/pituitary/Te-pi_62.jpg,c_1618,Testing,pituitary,2,Testing|Training,pituitary,True,False
Training/pituitary/Tr-pi_458.jpg,c_1618,Training,pituitary,2,Testing|Training,pituitary,True,False
Testing/pituitary/Te-pi_63.jpg,c_1389,Testing,pituitary,2,Testing|Training,pituitary,True,False
Training/pituitary/Tr-pi_1283.jpg,c_1389,Training,pituitary,2,Testing|Training,pituitary,True,False
Testing/pituitary/Te-pi_64.jpg,c_1535,Testing,pituitary,2,Testing|Training,pituitary,True,False
Training/pituitary/Tr-pi_313.jpg,c_1535,Training,pituitary,2,Testing|Training,pituitary,True,False
Testing/pituitary/Te-pi_65.jpg,c_1499,Testing,pituitary,2,Testing|Training,pituitary,True,False
Training/pituitary/Tr-pi_25.jpg,c_1499,Training,pituitary,2,Testing|Training,pituitary,True,False
Testing/pituitary/Te-pi_67.jpg,c_1317,Testing,pituitary,2,Testing|Training,pituitary,True,False
Training/pituitary/Tr-pi_1080.jpg,c_1317,Training,pituitary,2,Testing|Training,pituitary,True,False
Testing/pituitary/Te-pi_68.jpg,c_1671,Testing,pituitary,2,Testing|Training,pituitary,True,False
Training/pituitary/Tr-pi_54.jpg,c_1671,Training,pituitary,2,Testing|Training,pituitary,True,False
Testing/pituitary/Te-pi_69.jpg,c_1343,Testing,pituitary,2,Testing|Training,pituitary,True,False
Training/pituitary/Tr-pi_1159.jpg,c_1343,Training,pituitary,2,Testing|Training,pituitary,True,False
Testing/pituitary/Te-pi_7.jpg,c_1779,Testing,pituitary,2,Testing|Training,pituitary,True,False
Training/pituitary/Tr-pi_683.jpg,c_1779,Training,pituitary,2,Testing|Training,pituitary,True,False
Testing/pituitary/Te-pi_70.jpg,c_1427,Testing,pituitary,2,Testing|Training,pituitary,True,False
Training/pituitary/Tr-pi_1370.jpg,c_1427,Training,pituitary,2,Testing|Training,pituitary,True,False
Testing/pituitary/Te-pi_71.jpg,c_1495,Testing,pituitary,2,Testing|Training,pituitary,True,False
Training/pituitary/Tr-pi_241.jpg,c_1495,Training,pituitary,2,Testing|Training,pituitary,True,False
Testing/pituitary/Te-pi_72.jpg,c_1796,Testing,pituitary,2,Testing|Training,pituitary,True,False
Training/pituitary/Tr-pi_704.jpg,c_1796,Training,pituitary,2,Testing|Training,pituitary,True,False
Testing/pituitary/Te-pi_73.jpg,c_1448,Testing,pituitary,2,Testing|Training,pituitary,True,False
Training/pituitary/Tr-pi_154.jpg,c_1448,Training,pituitary,2,Testing|Training,pituitary,True,False
Testing/pituitary/Te-pi_74.jpg,c_0076,Testing,pituitary,2,Testing,pituitary,False,False
Testing/pituitary/Te-pi_86.jpg,c_0076,Testing,pituitary,2,Testing,pituitary,False,False
Testing/pituitary/Te-pi_75.jpg,c_1313,Testing,pituitary,2,Testing|Training,pituitary,True,False
Training/pituitary/Tr-pi_1073.jpg,c_1313,Training,pituitary,2,Testing|Training,pituitary,True,False
Testing/pituitary/Te-pi_76.jpg,c_1321,Testing,pituitary,2,Testing|Training,pituitary,True,False
Training/pituitary/Tr-pi_1095.jpg,c_1321,Training,pituitary,2,Testing|Training,pituitary,True,False
Testing/pituitary/Te-pi_77.jpg,c_1511,Testing,pituitary,2,Testing|Training,pituitary,True,False
Training/pituitary/Tr-pi_278.jpg,c_1511,Training,pituitary,2,Testing|Training,pituitary,True,False
Testing/pituitary/Te-pi_78.jpg,c_1338,Testing,pituitary,3,Testing|Training,pituitary,True,False
Training/pituitary/Tr-pi_1108.jpg,c_1338,Training,pituitary,3,Testing|Training,pituitary,True,False
Training/pituitary/Tr-pi_1146.jpg,c_1338,Training,pituitary,3,Testing|Training,pituitary,True,False
Testing/pituitary/Te-pi_79.jpg,c_1394,Testing,pituitary,2,Testing|Training,pituitary,True,False
Training/pituitary/Tr-pi_1298.jpg,c_1394,Training,pituitary,2,Testing|Training,pituitary,True,False
Testing/pituitary/Te-pi_8.jpg,c_1302,Testing,pituitary,2,Testing|Training,pituitary,True,False
Training/pituitary/Tr-pi_1025.jpg,c_1302,Training,pituitary,2,Testing|Training,pituitary,True,False
Testing/pituitary/Te-pi_81.jpg,c_1326,Testing,pituitary,2,Testing|Training,pituitary,True,False
Training/pituitary/Tr-pi_1113.jpg,c_1326,Training,pituitary,2,Testing|Training,pituitary,True,False
Testing/pituitary/Te-pi_82.jpg,c_1305,Testing,pituitary,2,Testing|Training,pituitary,True,False
Training/pituitary/Tr-pi_1039.jpg,c_1305,Training,pituitary,2,Testing|Training,pituitary,True,False
Testing/pituitary/Te-pi_83.jpg,c_1384,Testing,pituitary,2,Testing|Training,pituitary,True,False
Training/pituitary/Tr-pi_1270.jpg,c_1384,Training,pituitary,2,Testing|Training,pituitary,True,False
Testing/pituitary/Te-pi_84.jpg,c_1482,Testing,pituitary,2,Testing|Training,pituitary,True,False
Training/pituitary/Tr-pi_215.jpg,c_1482,Training,pituitary,2,Testing|Training,pituitary,True,False
Testing/pituitary/Te-pi_87.jpg,c_1746,Testing,pituitary,2,Testing|Training,pituitary,True,False
Training/pituitary/Tr-pi_640.jpg,c_1746,Training,pituitary,2,Testing|Training,pituitary,True,False
Testing/pituitary/Te-pi_9.jpg,c_1393,Testing,pituitary,2,Testing|Training,pituitary,True,False
Training/pituitary/Tr-pi_1294.jpg,c_1393,Training,pituitary,2,Testing|Training,pituitary,True,False
Testing/pituitary/Te-pi_90.jpg,c_1641,Testing,pituitary,2,Testing|Training,pituitary,True,False
Training/pituitary/Tr-pi_490.jpg,c_1641,Training,pituitary,2,Testing|Training,pituitary,True,False
Testing/pituitary/Te-pi_92.jpg,c_1916,Testing,pituitary,4,Testing|Training,pituitary,True,False
Training/pituitary/Tr-pi_731.jpg,c_1916,Training,pituitary,4,Testing|Training,pituitary,True,False
Training/pituitary/Tr-pi_849.jpg,c_1916,Training,pituitary,4,Testing|Training,pituitary,True,False
Testing/pituitary/Te-pi_93.jpg,c_1614,Testing,pituitary,2,Testing|Training,pituitary,True,False
Training/pituitary/Tr-pi_448.jpg,c_1614,Training,pituitary,2,Testing|Training,pituitary,True,False
Testing/pituitary/Te-pi_95.jpg,c_1786,Testing,pituitary,2,Testing|Training,pituitary,True,False
Training/pituitary/Tr-pi_691.jpg,c_1786,Training,pituitary,2,Testing|Training,pituitary,True,False
Testing/pituitary/Te-pi_96.jpg,c_1724,Testing,pituitary,2,Testing|Training,pituitary,True,False
Training/pituitary/Tr-pi_612.jpg,c_1724,Training,pituitary,2,Testing|Training,pituitary,True,False
Testing/pituitary/Te-pi_97.jpg,c_1390,Testing,pituitary,2,Testing|Training,pituitary,True,False
Training/pituitary/Tr-pi_1287.jpg,c_1390,Training,pituitary,2,Testing|Training,pituitary,True,False
Training/glioma/Tr-gl_1002.jpg,c_0166,Training,glioma,2,Training,glioma,False,False
Training/glioma/Tr-gl_297.jpg,c_0166,Training,glioma,2,Training,glioma,False,False
Training/glioma/Tr-gl_1003.jpg,c_0161,Training,glioma,2,Training,glioma,False,False
Training/glioma/Tr-gl_28.jpg,c_0161,Training,glioma,2,Training,glioma,False,False
Training/glioma/Tr-gl_1006.jpg,c_0199,Training,glioma,2,Training,glioma,False,False
Training/glioma/Tr-gl_429.jpg,c_0199,Training,glioma,2,Training,glioma,False,False
Training/glioma/Tr-gl_101.jpg,c_0144,Training,glioma,3,Training,glioma,False,False
Training/glioma/Tr-gl_177.jpg,c_0144,Training,glioma,3,Training,glioma,False,False
Training/glioma/Tr-gl_197.jpg,c_0144,Training,glioma,3,Training,glioma,False,False
Training/glioma/Tr-gl_1011.jpg,c_0101,Training,glioma,2,Training,glioma,False,False
Training/glioma/Tr-gl_1192.jpg,c_0101,Training,glioma,2,Training,glioma,False,False
Training/glioma/Tr-gl_1014.jpg,c_0205,Training,glioma,2,Training,glioma,False,False
Training/glioma/Tr-gl_450.jpg,c_0205,Training,glioma,2,Training,glioma,False,False
Training/glioma/Tr-gl_1017.jpg,c_0182,Training,glioma,2,Training,glioma,False,False
Training/glioma/Tr-gl_360.jpg,c_0182,Training,glioma,2,Training,glioma,False,False
Training/glioma/Tr-gl_1018.jpg,c_0210,Training,glioma,2,Training,glioma,False,False
Training/glioma/Tr-gl_468.jpg,c_0210,Training,glioma,2,Training,glioma,False,False
Training/glioma/Tr-gl_1022.jpg,c_0163,Training,glioma,2,Training,glioma,False,False
Training/glioma/Tr-gl_285.jpg,c_0163,Training,glioma,2,Training,glioma,False,False
Training/glioma/Tr-gl_1024.jpg,c_0140,Training,glioma,2,Training,glioma,False,False
Training/glioma/Tr-gl_185.jpg,c_0140,Training,glioma,2,Training,glioma,False,False
Training/glioma/Tr-gl_1029.jpg,c_0112,Training,glioma,2,Training,glioma,False,False
Training/glioma/Tr-gl_1287.jpg,c_0112,Training,glioma,2,Training,glioma,False,False
Training/glioma/Tr-gl_1030.jpg,c_0184,Training,glioma,4,Testing|Training,glioma,True,False
Training/glioma/Tr-gl_697.jpg,c_0184,Training,glioma,4,Testing|Training,glioma,True,False
Training/glioma/Tr-gl_1033.jpg,c_0137,Training,glioma,2,Training,glioma,False,False
Training/glioma/Tr-gl_178.jpg,c_0137,Training,glioma,2,Training,glioma,False,False
Training/glioma/Tr-gl_1038.jpg,c_0126,Training,glioma,2,Training,glioma,False,False
Training/glioma/Tr-gl_1375.jpg,c_0126,Training,glioma,2,Training,glioma,False,False
Training/glioma/Tr-gl_1039.jpg,c_0325,Training,glioma,2,Training,glioma,False,False
Training/glioma/Tr-gl_818.jpg,c_0325,Training,glioma,2,Training,glioma,False,False
Training/glioma/Tr-gl_104.jpg,c_0231,Training,glioma,2,Training,glioma,False,False
Training/glioma/Tr-gl_539.jpg,c_0231,Training,glioma,2,Training,glioma,False,False
Training/glioma/Tr-gl_1041.jpg,c_0305,Training,glioma,5,Training,glioma,False,False
Training/glioma/Tr-gl_258.jpg,c_0305,Training,glioma,5,Training,glioma,False,False
Training/glioma/Tr-gl_1318.jpg,c_0305,Training,glioma,5,Training,glioma,False,False
Training/glioma/Tr-gl_1183.jpg,c_0305,Training,glioma,5,Training,glioma,False,False
Training/glioma/Tr-gl_1046.jpg,c_0356,Training,glioma,2,Training,glioma,False,False
Training/glioma/Tr-gl_895.jpg,c_0356,Training,glioma,2,Training,glioma,False,False
Training/glioma/Tr-gl_1052.jpg,c_0312,Training,glioma,2,Training,glioma,False,False
Training/glioma/Tr-gl_772.jpg,c_0312,Training,glioma,2,Training,glioma,False,False
Training/glioma/Tr-gl_1053.jpg,c_0265,Training,glioma,2,Training,glioma,False,False
Training/glioma/Tr-gl_646.jpg,c_0265,Training,glioma,2,Training,glioma,False,False
Training/glioma/Tr-gl_1063.jpg,c_0244,Training,glioma,2,Training,glioma,False,False
Training/glioma/Tr-gl_576.jpg,c_0244,Training,glioma,2,Training,glioma,False,False
Training/glioma/Tr-gl_1065.jpg,c_0156,Training,glioma,2,Training,glioma,False,False
Training/glioma/Tr-gl_271.jpg,c_0156,Training,glioma,2,Training,glioma,False,False
Training/glioma/Tr-gl_1066.jpg,c_0224,Training,glioma,3,Training,glioma,False,False
Training/glioma/Tr-gl_1252.jpg,c_0224,Training,glioma,3,Training,glioma,False,False
Training/glioma/Tr-gl_515.jpg,c_0224,Training,glioma,3,Training,glioma,False,False
Training/glioma/Tr-gl_107.jpg,c_0285,Training,glioma,2,Training,glioma,False,False
Training/glioma/Tr-gl_692.jpg,c_0285,Training,glioma,2,Training,glioma,False,False
Training/glioma/Tr-gl_1071.jpg,c_0149,Training,glioma,2,Training,glioma,False,False
Training/glioma/Tr-gl_232.jpg,c_0149,Training,glioma,2,Training,glioma,False,False
Training/glioma/Tr-gl_108.jpg,c_0089,Training,glioma,2,Training,glioma,False,False
Training/glioma/Tr-gl_1084.jpg,c_0089,Training,glioma,2,Training,glioma,False,False
Training/glioma/Tr-gl_1083.jpg,c_0105,Training,glioma,2,Training,glioma,False,False
Training/glioma/Tr-gl_1235.jpg,c_0105,Training,glioma,2,Training,glioma,False,False
Training/glioma/Tr-gl_1086.jpg,c_0170,Training,glioma,2,Training,glioma,False,False
Training/glioma/Tr-gl_311.jpg,c_0170,Training,glioma,2,Training,glioma,False,False
Training/glioma/Tr-gl_1088.jpg,c_0185,Training,glioma,2,Training,glioma,False,False
Training/glioma/Tr-gl_371.jpg,c_0185,Training,glioma,2,Training,glioma,False,False
Training/glioma/Tr-gl_1089.jpg,c_0329,Training,glioma,3,Training,glioma,False,False
Training/glioma/Tr-gl_935.jpg,c_0329,Training,glioma,3,Training,glioma,False,False
Training/glioma/Tr-gl_827.jpg,c_0329,Training,glioma,3,Training,glioma,False,False
Training/glioma/Tr-gl_1094.jpg,c_0361,Training,glioma,2,Training,glioma,False,False
Training/glioma/Tr-gl_910.jpg,c_0361,Training,glioma,2,Training,glioma,False,False
Training/glioma/Tr-gl_1098.jpg,c_0297,Training,glioma,2,Training,glioma,False,False
Training/glioma/Tr-gl_727.jpg,c_0297,Training,glioma,2,Training,glioma,False,False
Training/glioma/Tr-gl_1101.jpg,c_0100,Training,glioma,2,Training,glioma,False,False
Training/glioma/Tr-gl_1186.jpg,c_0100,Training,glioma,2,Training,glioma,False,False
Training/glioma/Tr-gl_1110.jpg,c_0108,Training,glioma,2,Training,glioma,False,False
Training/glioma/Tr-gl_127.jpg,c_0108,Training,glioma,2,Training,glioma,False,False
Training/glioma/Tr-gl_1115.jpg,c_0287,Training,glioma,2,Training,glioma,False,False
Training/glioma/Tr-gl_699.jpg,c_0287,Training,glioma,2,Training,glioma,False,False
Training/glioma/Tr-gl_1119.jpg,c_0366,Training,glioma,2,Training,glioma,False,False
Training/glioma/Tr-gl_923.jpg,c_0366,Training,glioma,2,Training,glioma,False,False
Training/glioma/Tr-gl_1123.jpg,c_0136,Training,glioma,2,Training,glioma,False,False
Training/glioma/Tr-gl_168.jpg,c_0136,Training,glioma,2,Training,glioma,False,False
Training/glioma/Tr-gl_1128.jpg,c_0129,Training,glioma,2,Training,glioma,False,False
Training/glioma/Tr-gl_1385.jpg,c_0129,Training,glioma,2,Training,glioma,False,False
Training/glioma/Tr-gl_113.jpg,c_0221,Training,glioma,2,Training,glioma,False,False
Training/glioma/Tr-gl_51.jpg,c_0221,Training,glioma,2,Training,glioma,False,False
Training/glioma/Tr-gl_1130.jpg,c_0252,Training,glioma,2,Training,glioma,False,False
Training/glioma/Tr-gl_598.jpg,c_0252,Training,glioma,2,Training,glioma,False,False
Training/glioma/Tr-gl_1131.jpg,c_0225,Training,glioma,2,Training,glioma,False,False
Training/glioma/Tr-gl_516.jpg,c_0225,Training,glioma,2,Training,glioma,False,False
Training/glioma/Tr-gl_1136.jpg,c_0155,Training,glioma,2,Training,glioma,False,False
Training/glioma/Tr-gl_268.jpg,c_0155,Training,glioma,2,Training,glioma,False,False
Training/glioma/Tr-gl_1144.jpg,c_0227,Training,glioma,2,Training,glioma,False,False
Training/glioma/Tr-gl_524.jpg,c_0227,Training,glioma,2,Training,glioma,False,False
Training/glioma/Tr-gl_1147.jpg,c_0249,Training,glioma,2,Training,glioma,False,False
Training/glioma/Tr-gl_583.jpg,c_0249,Training,glioma,2,Training,glioma,False,False
Training/glioma/Tr-gl_1155.jpg,c_0319,Training,glioma,2,Training,glioma,False,False
Training/glioma/Tr-gl_798.jpg,c_0319,Training,glioma,2,Training,glioma,False,False
Training/glioma/Tr-gl_1165.jpg,c_0197,Training,glioma,2,Training,glioma,False,False
Training/glioma/Tr-gl_421.jpg,c_0197,Training,glioma,2,Training,glioma,False,False
Training/glioma/Tr-gl_1168.jpg,c_0269,Training,glioma,2,Training,glioma,False,False
Training/glioma/Tr-gl_657.jpg,c_0269,Training,glioma,2,Training,glioma,False,False
Training/glioma/Tr-gl_1174.jpg,c_0131,Training,glioma,2,Training,glioma,False,False
Training/glioma/Tr-gl_14.jpg,c_0131,Training,glioma,2,Training,glioma,False,False
Training/glioma/Tr-gl_1176.jpg,c_0254,Training,glioma,2,Training,glioma,False,False
Training/glioma/Tr-gl_606.jpg,c_0254,Training,glioma,2,Training,glioma,False,False
Training/glioma/Tr-gl_750.jpg,c_0305,Training,glioma,5,Training,glioma,False,False
Training/glioma/Tr-gl_1185.jpg,c_0102,Training,glioma,2,Training,glioma,False,False
Training/glioma/Tr-gl_1193.jpg,c_0102,Training,glioma,2,Training,glioma,False,False
Training/glioma/Tr-gl_1187.jpg,c_0200,Training,glioma,2,Training,glioma,False,False
Training/glioma/Tr-gl_43.jpg,c_0200,Training,glioma,2,Training,glioma,False,False
Training/glioma/Tr-gl_119.jpg,c_0256,Training,glioma,2,Training,glioma,False,False
Training/glioma/Tr-gl_615.jpg,c_0256,Training,glioma,2,Training,glioma,False,False
Training/glioma/Tr-gl_1197.jpg,c_0382,Training,glioma,2,Training,glioma,False,False
Training/glioma/Tr-gl_980.jpg,c_0382,Training,glioma,2,Training,glioma,False,False
Training/glioma/Tr-gl_1200.jpg,c_0128,Training,glioma,2,Training,glioma,False,False
Training/glioma/Tr-gl_1383.jpg,c_0128,Training,glioma,2,Training,glioma,False,False
Training/glioma/Tr-gl_1204.jpg,c_0340,Training,glioma,2,Training,glioma,False,False
Training/glioma/Tr-gl_858.jpg,c_0340,Training,glioma,2,Training,glioma,False,False
Training/glioma/Tr-gl_1205.jpg,c_0186,Training,glioma,2,Training,glioma,False,False
Training/glioma/Tr-gl_384.jpg,c_0186,Training,glioma,2,Training,glioma,False,False
Training/glioma/Tr-gl_1209.jpg,c_0157,Training,glioma,2,Training,glioma,False,False
Training/glioma/Tr-gl_274.jpg,c_0157,Training,glioma,2,Training,glioma,False,False
Training/glioma/Tr-gl_1215.jpg,c_0167,Training,glioma,2,Training,glioma,False,False
Training/glioma/Tr-gl_298.jpg,c_0167,Training,glioma,2,Training,glioma,False,False
Training/glioma/Tr-gl_1217.jpg,c_0150,Training,glioma,2,Training,glioma,False,False
Training/glioma/Tr-gl_233.jpg,c_0150,Training,glioma,2,Training,glioma,False,False
Training/glioma/Tr-gl_1218.jpg,c_0148,Training,glioma,2,Training,glioma,False,False
Training/glioma/Tr-gl_225.jpg,c_0148,Training,glioma,2,Training,glioma,False,False
Training/glioma/Tr-gl_1221.jpg,c_0146,Training,glioma,2,Training,glioma,False,False
Training/glioma/Tr-gl_215.jpg,c_0146,Training,glioma,2,Training,glioma,False,False
Training/glioma/Tr-gl_1222.jpg,c_0133,Training,glioma,2,Training,glioma,False,False
Training/glioma/Tr-gl_148.jpg,c_0133,Training,glioma,2,Training,glioma,False,False
Training/glioma/Tr-gl_1223.jpg,c_0272,Training,glioma,3,Training,glioma,False,False
Training/glioma/Tr-gl_664.jpg,c_0272,Training,glioma,3,Training,glioma,False,False
Training/glioma/Tr-gl_1227.jpg,c_0328,Training,glioma,2,Training,glioma,False,False
Training/glioma/Tr-gl_825.jpg,c_0328,Training,glioma,2,Training,glioma,False,False
Training/glioma/Tr-gl_1228.jpg,c_0208,Training,glioma,2,Training,glioma,False,False
Training/glioma/Tr-gl_457.jpg,c_0208,Training,glioma,2,Training,glioma,False,False
Training/glioma/Tr-gl_1231.jpg,c_0262,Training,glioma,2,Training,glioma,False,False
Training/glioma/Tr-gl_630.jpg,c_0262,Training,glioma,2,Training,glioma,False,False
Training/glioma/Tr-gl_1236.jpg,c_0226,Training,glioma,2,Training,glioma,False,False
Training/glioma/Tr-gl_518.jpg,c_0226,Training,glioma,2,Training,glioma,False,False
Training/glioma/Tr-gl_1238.jpg,c_0304,Training,glioma,2,Training,glioma,False,False
Training/glioma/Tr-gl_744.jpg,c_0304,Training,glioma,2,Training,glioma,False,False
Training/glioma/Tr-gl_1242.jpg,c_0174,Training,glioma,2,Training,glioma,False,False
Training/glioma/Tr-gl_319.jpg,c_0174,Training,glioma,2,Training,glioma,False,False
Training/glioma/Tr-gl_1243.jpg,c_0228,Training,glioma,2,Training,glioma,False,False
Training/glioma/Tr-gl_525.jpg,c_0228,Training,glioma,2,Training,glioma,False,False
Training/glioma/Tr-gl_1244.jpg,c_0308,Training,glioma,2,Training,glioma,False,False
Training/glioma/Tr-gl_761.jpg,c_0308,Training,glioma,2,Training,glioma,False,False
Training/glioma/Tr-gl_125.jpg,c_0292,Training,glioma,3,Training,glioma,False,False
Training/glioma/Tr-gl_714.jpg,c_0292,Training,glioma,3,Training,glioma,False,False
Training/glioma/Tr-gl_1254.jpg,c_0162,Training,glioma,2,Training,glioma,False,False
Training/glioma/Tr-gl_284.jpg,c_0162,Training,glioma,2,Training,glioma,False,False
Training/glioma/Tr-gl_1255.jpg,c_0158,Training,glioma,2,Training,glioma,False,False
Training/glioma/Tr-gl_275.jpg,c_0158,Training,glioma,2,Training,glioma,False,False
Training/glioma/Tr-gl_1256.jpg,c_0222,Training,glioma,2,Training,glioma,False,False
Training/glioma/Tr-gl_510.jpg,c_0222,Training,glioma,2,Training,glioma,False,False
Training/glioma/Tr-gl_1257.jpg,c_0142,Training,glioma,2,Training,glioma,False,False
Training/glioma/Tr-gl_192.jpg,c_0142,Training,glioma,2,Training,glioma,False,False
Training/glioma/Tr-gl_1258.jpg,c_0180,Training,glioma,2,Training,glioma,False,False
Training/glioma/Tr-gl_358.jpg,c_0180,Training,glioma,2,Training,glioma,False,False
Training/glioma/Tr-gl_1265.jpg,c_0173,Training,glioma,2,Training,glioma,False,False
Training/glioma/Tr-gl_318.jpg,c_0173,Training,glioma,2,Training,glioma,False,False
Training/glioma/Tr-gl_1273.jpg,c_0359,Training,glioma,2,Training,glioma,False,False
Training/glioma/Tr-gl_903.jpg,c_0359,Training,glioma,2,Training,glioma,False,False
Training/glioma/Tr-gl_1275.jpg,c_0125,Training,glioma,2,Training,glioma,False,False
Training/glioma/Tr-gl_1370.jpg,c_0125,Training,glioma,2,Training,glioma,False,False
Training/glioma/Tr-gl_128.jpg,c_0214,Training,glioma,2,Training,glioma,False,False
Training/glioma/Tr-gl_488.jpg,c_0214,Training,glioma,2,Training,glioma,False,False
Training/glioma/Tr-gl_1282.jpg,c_0266,Training,glioma,2,Training,glioma,False,False
Training/glioma/Tr-gl_652.jpg,c_0266,Training,glioma,2,Training,glioma,False,False
Training/glioma/Tr-gl_129.jpg,c_0253,Training,glioma,2,Training,glioma,False,False
Training/glioma/Tr-gl_603.jpg,c_0253,Training,glioma,2,Training,glioma,False,False
Training/glioma/Tr-gl_1295.jpg,c_0122,Training,glioma,2,Training,glioma,False,False
Training/glioma/Tr-gl_1367.jpg,c_0122,Training,glioma,2,Training,glioma,False,False
Training/glioma/Tr-gl_1296.jpg,c_0238,Training,glioma,3,Training,glioma,False,False
Training/glioma/Tr-gl_951.jpg,c_0238,Training,glioma,3,Training,glioma,False,False
Training/glioma/Tr-gl_553.jpg,c_0238,Training,glioma,3,Training,glioma,False,False
Training/glioma/Tr-gl_1297.jpg,c_0381,Training,glioma,2,Training,glioma,False,False
Training/glioma/Tr-gl_974.jpg,c_0381,Training,glioma,2,Training,glioma,False,False
Training/glioma/Tr-gl_1299.jpg,c_0278,Training,glioma,2,Training,glioma,False,False
Training/glioma/Tr-gl_677.jpg,c_0278,Training,glioma,2,Training,glioma,False,False
Training/glioma/Tr-gl_1300.jpg,c_0121,Training,glioma,2,Training,glioma,False,False
Training/glioma/Tr-gl_136.jpg,c_0121,Training,glioma,2,Training,glioma,False,False
Training/glioma/Tr-gl_1302.jpg,c_0187,Training,glioma,2,Training,glioma,False,False
Training/glioma/Tr-gl_389.jpg,c_0187,Training,glioma,2,Training,glioma,False,False
Training/glioma/Tr-gl_131.jpg,c_0123,Training,glioma,2,Training,glioma,False,False
Training/glioma/Tr-gl_1369.jpg,c_0123,Training,glioma,2,Training,glioma,False,False
Training/glioma/Tr-gl_1311.jpg,c_0250,Training,glioma,2,Training,glioma,False,False
Training/glioma/Tr-gl_584.jpg,c_0250,Training,glioma,2,Training,glioma,False,False
Training/glioma/Tr-gl_1314.jpg,c_0119,Training,glioma,2,Training,glioma,False,False
Training/glioma/Tr-gl_1347.jpg,c_0119,Training,glioma,2,Training,glioma,False,False
Training/glioma/Tr-gl_1315.jpg,c_0209,Training,glioma,2,Training,glioma,False,False
Training/glioma/Tr-gl_463.jpg,c_0209,Training,glioma,2,Training,glioma,False,False
Training/glioma/Tr-gl_1323.jpg,c_0380,Training,glioma,2,Training,glioma,False,False
Training/glioma/Tr-gl_970.jpg,c_0380,Training,glioma,2,Training,glioma,False,False
Training/glioma/Tr-gl_1324.jpg,c_0310,Training,glioma,2,Training,glioma,False,False
Training/glioma/Tr-gl_763.jpg,c_0310,Training,glioma,2,Training,glioma,False,False
Training/glioma/Tr-gl_1335.jpg,c_0348,Training,glioma,2,Training,glioma,False,False
Training/glioma/Tr-gl_880.jpg,c_0348,Training,glioma,2,Training,glioma,False,False
Training/glioma/Tr-gl_134.jpg,c_0152,Training,glioma,2,Training,glioma,False,False
Training/glioma/Tr-gl_242.jpg,c_0152,Training,glioma,2,Training,glioma,False,False
Training/glioma/Tr-gl_1342.jpg,c_0281,Training,glioma,3,Training,glioma,False,False
Training/glioma/Tr-gl_204.jpg,c_0281,Training,glioma,3,Training,glioma,False,False
Training/glioma/Tr-gl_1346.jpg,c_0206,Training,glioma,2,Training,glioma,False,False
Training/glioma/Tr-gl_451.jpg,c_0206,Training,glioma,2,Training,glioma,False,False
Training/glioma/Tr-gl_1348.jpg,c_0216,Training,glioma,2,Training,glioma,False,False
Training/glioma/Tr-gl_493.jpg,c_0216,Training,glioma,2,Training,glioma,False,False
Training/glioma/Tr-gl_1349.jpg,c_0145,Training,glioma,2,Training,glioma,False,False
Training/glioma/Tr-gl_213.jpg,c_0145,Training,glioma,2,Training,glioma,False,False
Training/glioma/Tr-gl_1350.jpg,c_0324,Training,glioma,2,Training,glioma,False,False
Training/glioma/Tr-gl_817.jpg,c_0324,Training,glioma,2,Training,glioma,False,False
Training/glioma/Tr-gl_1366.jpg,c_0196,Training,glioma,2,Training,glioma,False,False
Training/glioma/Tr-gl_419.jpg,c_0196,Training,glioma,2,Training,glioma,False,False
Training/glioma/Tr-gl_1378.jpg,c_0160,Training,glioma,2,Training,glioma,False,False
Training/glioma/Tr-gl_278.jpg,c_0160,Training,glioma,2,Training,glioma,False,False
Training/glioma/Tr-gl_1387.jpg,c_0322,Training,glioma,2,Training,glioma,False,False
Training/glioma/Tr-gl_806.jpg,c_0322,Training,glioma,2,Training,glioma,False,False
Training/glioma/Tr-gl_1388.jpg,c_0335,Training,glioma,2,Training,glioma,False,False
Training/glioma/Tr-gl_839.jpg,c_0335,Training,glioma,2,Training,glioma,False,False
Training/glioma/Tr-gl_1393.jpg,c_0272,Training,glioma,3,Training,glioma,False,False
Training/glioma/Tr-gl_1396.jpg,c_0288,Training,glioma,2,Training,glioma,False,False
Training/glioma/Tr-gl_702.jpg,c_0288,Training,glioma,2,Training,glioma,False,False
Training/glioma/Tr-gl_1400.jpg,c_0309,Training,glioma,2,Training,glioma,False,False
Training/glioma/Tr-gl_762.jpg,c_0309,Training,glioma,2,Training,glioma,False,False
Training/glioma/Tr-gl_153.jpg,c_0179,Training,glioma,2,Training,glioma,False,False
Training/glioma/Tr-gl_354.jpg,c_0179,Training,glioma,2,Training,glioma,False,False
Training/glioma/Tr-gl_154.jpg,c_0275,Training,glioma,2,Training,glioma,False,False
Training/glioma/Tr-gl_67.jpg,c_0275,Training,glioma,2,Training,glioma,False,False
Training/glioma/Tr-gl_159.jpg,c_0316,Training,glioma,2,Training,glioma,False,False
Training/glioma/Tr-gl_782.jpg,c_0316,Training,glioma,2,Training,glioma,False,False
Training/glioma/Tr-gl_160.jpg,c_0147,Training,glioma,2,Training,glioma,False,False
Training/glioma/Tr-gl_217.jpg,c_0147,Training,glioma,2,Training,glioma,False,False
Training/glioma/Tr-gl_161.jpg,c_0164,Training,glioma,2,Training,glioma,False,False
Training/glioma/Tr-gl_286.jpg,c_0164,Training,glioma,2,Training,glioma,False,False
Training/glioma/Tr-gl_169.jpg,c_0138,Training,glioma,2,Training,glioma,False,False
Training/glioma/Tr-gl_179.jpg,c_0138,Training,glioma,2,Training,glioma,False,False
Training/glioma/Tr-gl_170.jpg,c_0339,Training,glioma,2,Training,glioma,False,False
Training/glioma/Tr-gl_853.jpg,c_0339,Training,glioma,2,Training,glioma,False,False
Training/glioma/Tr-gl_172.jpg,c_0330,Training,glioma,2,Training,glioma,False,False
Training/glioma/Tr-gl_828.jpg,c_0330,Training,glioma,2,Training,glioma,False,False
Training/glioma/Tr-gl_174.jpg,c_0386,Training,glioma,2,Training,glioma,False,False
Training/glioma/Tr-gl_994.jpg,c_0386,Training,glioma,2,Training,glioma,False,False
Training/glioma/Tr-gl_189.jpg,c_0279,Training,glioma,2,Training,glioma,False,False
Training/glioma/Tr-gl_68.jpg,c_0279,Training,glioma,2,Training,glioma,False,False
Training/glioma/Tr-gl_19.jpg,c_0346,Training,glioma,2,Training,glioma,False,False
Training/glioma/Tr-gl_879.jpg,c_0346,Training,glioma,2,Training,glioma,False,False
Training/glioma/Tr-gl_194.jpg,c_0247,Training,glioma,3,Training,glioma,False,False
Training/glioma/Tr-gl_314.jpg,c_0247,Training,glioma,3,Training,glioma,False,False
Training/glioma/Tr-gl_2.jpg,c_0202,Training,glioma,2,Training,glioma,False,False
Training/glioma/Tr-gl_445.jpg,c_0202,Training,glioma,2,Training,glioma,False,False
Training/glioma/Tr-gl_201.jpg,c_0248,Training,glioma,2,Training,glioma,False,False
Training/glioma/Tr-gl_580.jpg,c_0248,Training,glioma,2,Training,glioma,False,False
Training/glioma/Tr-gl_686.jpg,c_0281,Training,glioma,3,Training,glioma,False,False
Training/glioma/Tr-gl_207.jpg,c_0169,Training,glioma,2,Training,glioma,False,False
Training/glioma/Tr-gl_31.jpg,c_0169,Training,glioma,2,Training,glioma,False,False
Training/glioma/Tr-gl_209.jpg,c_0341,Training,glioma,2,Training,glioma,False,False
Training/glioma/Tr-gl_861.jpg,c_0341,Training,glioma,2,Training,glioma,False,False
Training/glioma/Tr-gl_220.jpg,c_0258,Training,glioma,2,Training,glioma,False,False
Training/glioma/Tr-gl_619.jpg,c_0258,Training,glioma,2,Training,glioma,False,False
Training/glioma/Tr-gl_228.jpg,c_0151,Training,glioma,2,Training,glioma,False,False
Training/glioma/Tr-gl_24.jpg,c_0151,Training,glioma,2,Training,glioma,False,False
Training/glioma/Tr-gl_231.jpg,c_0177,Training,glioma,2,Training,glioma,False,False
Training/glioma/Tr-gl_335.jpg,c_0177,Training,glioma,2,Training,glioma,False,False
Training/glioma/Tr-gl_239.jpg,c_0321,Training,glioma,2,Training,glioma,False,False
Training/glioma/Tr-gl_80.jpg,c_0321,Training,glioma,2,Training,glioma,False,False
Training/glioma/Tr-gl_244.jpg,c_0263,Training,glioma,2,Training,glioma,False,False
Training/glioma/Tr-gl_636.jpg,c_0263,Training,glioma,2,Training,glioma,False,False
Training/glioma/Tr-gl_256.jpg,c_0232,Training,glioma,2,Training,glioma,False,False
Training/glioma/Tr-gl_543.jpg,c_0232,Training,glioma,2,Training,glioma,False,False
Training/glioma/Tr-gl_264.jpg,c_0337,Training,glioma,2,Training,glioma,False,False
Training/glioma/Tr-gl_843.jpg,c_0337,Training,glioma,2,Training,glioma,False,False
Training/glioma/Tr-gl_27.jpg,c_0274,Training,glioma,2,Training,glioma,False,False
Training/glioma/Tr-gl_668.jpg,c_0274,Training,glioma,2,Training,glioma,False,False
Training/glioma/Tr-gl_282.jpg,c_0331,Training,glioma,2,Training,glioma,False,False
Training/glioma/Tr-gl_829.jpg,c_0331,Training,glioma,2,Training,glioma,False,False
Training/glioma/Tr-gl_290.jpg,c_0301,Training,glioma,2,Training,glioma,False,False
Training/glioma/Tr-gl_740.jpg,c_0301,Training,glioma,2,Training,glioma,False,False
Training/glioma/Tr-gl_294.jpg,c_0220,Training,glioma,2,Training,glioma,False,False
Training/glioma/Tr-gl_508.jpg,c_0220,Training,glioma,2,Training,glioma,False,False
Training/glioma/Tr-gl_301.jpg,c_0190,Training,glioma,2,Training,glioma,False,False
Training/glioma/Tr-gl_4.jpg,c_0190,Training,glioma,2,Training,glioma,False,False
Training/glioma/Tr-gl_303.jpg,c_0223,Training,glioma,2,Training,glioma,False,False
Training/glioma/Tr-gl_512.jpg,c_0223,Training,glioma,2,Training,glioma,False,False
Training/glioma/Tr-gl_305.jpg,c_0370,Training,glioma,2,Training,glioma,False,False
Training/glioma/Tr-gl_931.jpg,c_0370,Training,glioma,2,Training,glioma,False,False
Training/glioma/Tr-gl_58.jpg,c_0247,Training,glioma,3,Training,glioma,False,False
Training/glioma/Tr-gl_323.jpg,c_0217,Training,glioma,2,Training,glioma,False,False
Training/glioma/Tr-gl_50.jpg,c_0217,Training,glioma,2,Training,glioma,False,False
Training/glioma/Tr-gl_324.jpg,c_0280,Training,glioma,2,Training,glioma,False,False
Training/glioma/Tr-gl_683.jpg,c_0280,Training,glioma,2,Training,glioma,False,False
Training/glioma/Tr-gl_326.jpg,c_0175,Training,glioma,3,Training,glioma,False,False
Training/glioma/Tr-gl_629.jpg,c_0175,Training,glioma,3,Training,glioma,False,False
Training/glioma/Tr-gl_327.jpg,c_0175,Training,glioma,3,Training,glioma,False,False
Training/glioma/Tr-gl_329.jpg,c_0311,Training,glioma,2,Training,glioma,False,False
Training/glioma/Tr-gl_768.jpg,c_0311,Training,glioma,2,Training,glioma,False,False
Training/glioma/Tr-gl_333.jpg,c_0270,Training,glioma,2,Training,glioma,False,False
Training/glioma/Tr-gl_660.jpg,c_0270,Training,glioma,2,Training,glioma,False,False
Training/glioma/Tr-gl_342.jpg,c_0320,Training,glioma,2,Training,glioma,False,False
Training/glioma/Tr-gl_8.jpg,c_0320,Training,glioma,2,Training,glioma,False,False
Training/glioma/Tr-gl_346.jpg,c_0198,Training,glioma,2,Training,glioma,False,False
Training/glioma/Tr-gl_424.jpg,c_0198,Training,glioma,2,Training,glioma,False,False
Training/glioma/Tr-gl_347.jpg,c_0373,Training,glioma,2,Training,glioma,False,False
Training/glioma/Tr-gl_943.jpg,c_0373,Training,glioma,2,Training,glioma,False,False
Training/glioma/Tr-gl_356.jpg,c_0314,Training,glioma,2,Training,glioma,False,False
Training/glioma/Tr-gl_777.jpg,c_0314,Training,glioma,2,Training,glioma,False,False
Training/glioma/Tr-gl_364.jpg,c_0241,Training,glioma,2,Training,glioma,False,False
Training/glioma/Tr-gl_561.jpg,c_0241,Training,glioma,2,Training,glioma,False,False
Training/glioma/Tr-gl_365.jpg,c_0207,Training,glioma,2,Training,glioma,False,False
Training/glioma/Tr-gl_452.jpg,c_0207,Training,glioma,2,Training,glioma,False,False
Training/glioma/Tr-gl_369.jpg,c_0236,Training,glioma,2,Training,glioma,False,False
Training/glioma/Tr-gl_550.jpg,c_0236,Training,glioma,2,Training,glioma,False,False
Training/glioma/Tr-gl_37.jpg,c_0257,Training,glioma,2,Training,glioma,False,False
Training/glioma/Tr-gl_617.jpg,c_0257,Training,glioma,2,Training,glioma,False,False
Training/glioma/Tr-gl_377.jpg,c_0211,Training,glioma,2,Training,glioma,False,False
Training/glioma/Tr-gl_471.jpg,c_0211,Training,glioma,2,Training,glioma,False,False
Training/glioma/Tr-gl_378.jpg,c_0318,Training,glioma,2,Training,glioma,False,False
Training/glioma/Tr-gl_797.jpg,c_0318,Training,glioma,2,Training,glioma,False,False
Training/glioma/Tr-gl_383.jpg,c_0302,Training,glioma,2,Training,glioma,False,False
Training/glioma/Tr-gl_741.jpg,c_0302,Training,glioma,2,Training,glioma,False,False
Training/glioma/Tr-gl_388.jpg,c_0237,Training,glioma,2,Training,glioma,False,False
Training/glioma/Tr-gl_551.jpg,c_0237,Training,glioma,2,Training,glioma,False,False
Training/glioma/Tr-gl_392.jpg,c_0294,Training,glioma,2,Training,glioma,False,False
Training/glioma/Tr-gl_718.jpg,c_0294,Training,glioma,2,Training,glioma,False,False
Training/glioma/Tr-gl_399.jpg,c_0336,Training,glioma,2,Training,glioma,False,False
Training/glioma/Tr-gl_841.jpg,c_0336,Training,glioma,2,Training,glioma,False,False
Training/glioma/Tr-gl_406.jpg,c_0332,Training,glioma,2,Training,glioma,False,False
Training/glioma/Tr-gl_836.jpg,c_0332,Training,glioma,2,Training,glioma,False,False
Training/glioma/Tr-gl_413.jpg,c_0284,Training,glioma,2,Training,glioma,False,False
Training/glioma/Tr-gl_691.jpg,c_0284,Training,glioma,2,Training,glioma,False,False
Training/glioma/Tr-gl_42.jpg,c_0379,Training,glioma,2,Training,glioma,False,False
Training/glioma/Tr-gl_967.jpg,c_0379,Training,glioma,2,Training,glioma,False,False
Training/glioma/Tr-gl_423.jpg,c_0293,Training,glioma,2,Training,glioma,False,False
Training/glioma/Tr-gl_716.jpg,c_0293,Training,glioma,2,Training,glioma,False,False
Training/glioma/Tr-gl_44.jpg,c_0234,Training,glioma,2,Training,glioma,False,False
Training/glioma/Tr-gl_545.jpg,c_0234,Training,glioma,2,Training,glioma,False,False
Training/glioma/Tr-gl_441.jpg,c_0362,Training,glioma,2,Training,glioma,False,False
Training/glioma/Tr-gl_911.jpg,c_0362,Training,glioma,2,Training,glioma,False,False
Training/glioma/Tr-gl_448.jpg,c_0367,Training,glioma,2,Training,glioma,False,False
Training/glioma/Tr-gl_924.jpg,c_0367,Training,glioma,2,Training,glioma,False,False
Training/glioma/Tr-gl_465.jpg,c_0342,Training,glioma,2,Training,glioma,False,False
Training/glioma/Tr-gl_862.jpg,c_0342,Training,glioma,2,Training,glioma,False,False
Training/glioma/Tr-gl_474.jpg,c_0344,Training,glioma,2,Training,glioma,False,False
Training/glioma/Tr-gl_868.jpg,c_0344,Training,glioma,2,Training,glioma,False,False
Training/glioma/Tr-gl_477.jpg,c_0218,Training,glioma,2,Training,glioma,False,False
Training/glioma/Tr-gl_503.jpg,c_0218,Training,glioma,2,Training,glioma,False,False
Training/glioma/Tr-gl_479.jpg,c_0246,Training,glioma,2,Training,glioma,False,False
Training/glioma/Tr-gl_579.jpg,c_0246,Training,glioma,2,Training,glioma,False,False
Training/glioma/Tr-gl_48.jpg,c_0369,Training,glioma,2,Training,glioma,False,False
Training/glioma/Tr-gl_93.jpg,c_0369,Training,glioma,2,Training,glioma,False,False
Training/glioma/Tr-gl_491.jpg,c_0363,Training,glioma,2,Training,glioma,False,False
Training/glioma/Tr-gl_914.jpg,c_0363,Training,glioma,2,Training,glioma,False,False
Training/glioma/Tr-gl_498.jpg,c_0334,Training,glioma,2,Training,glioma,False,False
Training/glioma/Tr-gl_838.jpg,c_0334,Training,glioma,2,Training,glioma,False,False
Training/glioma/Tr-gl_535.jpg,c_0268,Training,glioma,2,Training,glioma,False,False
Training/glioma/Tr-gl_656.jpg,c_0268,Training,glioma,2,Training,glioma,False,False
Training/glioma/Tr-gl_54.jpg,c_0243,Training,glioma,2,Training,glioma,False,False
Training/glioma/Tr-gl_568.jpg,c_0243,Training,glioma,2,Training,glioma,False,False
Training/glioma/Tr-gl_552.jpg,c_0292,Training,glioma,3,Training,glioma,False,False
Training/glioma/Tr-gl_585.jpg,c_0364,Training,glioma,2,Training,glioma,False,False
Training/glioma/Tr-gl_917.jpg,c_0364,Training,glioma,2,Training,glioma,False,False
Training/glioma/Tr-gl_586.jpg,c_0345,Training,glioma,2,Training,glioma,False,False
Training/glioma/Tr-gl_87.jpg,c_0345,Training,glioma,2,Training,glioma,False,False
Training/glioma/Tr-gl_589.jpg,c_0360,Training,glioma,2,Training,glioma,False,False
Training/glioma/Tr-gl_907.jpg,c_0360,Training,glioma,2,Training,glioma,False,False
Training/glioma/Tr-gl_59.jpg,c_0323,Training,glioma,2,Training,glioma,False,False
Training/glioma/Tr-gl_812.jpg,c_0323,Training,glioma,2,Training,glioma,False,False
Training/glioma/Tr-gl_608.jpg,c_0387,Training,glioma,2,Training,glioma,False,False
Training/glioma/Tr-gl_997.jpg,c_0387,Training,glioma,2,Training,glioma,False,False
Training/glioma/Tr-gl_610.jpg,c_0303,Training,glioma,2,Training,glioma,False,False
Training/glioma/Tr-gl_742.jpg,c_0303,Training,glioma,2,Training,glioma,False,False
Training/glioma/Tr-gl_614.jpg,c_0300,Training,glioma,3,Testing|Training,glioma,True,False
Training/glioma/Tr-gl_631.jpg,c_0374,Training,glioma,2,Training,glioma,False,False
Training/glioma/Tr-gl_945.jpg,c_0374,Training,glioma,2,Training,glioma,False,False
Training/glioma/Tr-gl_641.jpg,c_0383,Training,glioma,2,Training,glioma,False,False
Training/glioma/Tr-gl_981.jpg,c_0383,Training,glioma,2,Training,glioma,False,False
Training/glioma/Tr-gl_696.jpg,c_0338,Training,glioma,2,Training,glioma,False,False
Training/glioma/Tr-gl_85.jpg,c_0338,Training,glioma,2,Training,glioma,False,False
Training/glioma/Tr-gl_719.jpg,c_0377,Training,glioma,2,Training,glioma,False,False
Training/glioma/Tr-gl_950.jpg,c_0377,Training,glioma,2,Training,glioma,False,False
Training/glioma/Tr-gl_721.jpg,c_0376,Training,glioma,2,Training,glioma,False,False
Training/glioma/Tr-gl_95.jpg,c_0376,Training,glioma,2,Training,glioma,False,False
Training/glioma/Tr-gl_746.jpg,c_0326,Training,glioma,2,Training,glioma,False,False
Training/glioma/Tr-gl_819.jpg,c_0326,Training,glioma,2,Training,glioma,False,False
Training/glioma/Tr-gl_751.jpg,c_0365,Training,glioma,2,Training,glioma,False,False
Training/glioma/Tr-gl_918.jpg,c_0365,Training,glioma,2,Training,glioma,False,False
Training/glioma/Tr-gl_755.jpg,c_0347,Training,glioma,2,Training,glioma,False,False
Training/glioma/Tr-gl_88.jpg,c_0347,Training,glioma,2,Training,glioma,False,False
Training/glioma/Tr-gl_76.jpg,c_0375,Training,glioma,2,Training,glioma,False,False
Training/glioma/Tr-gl_946.jpg,c_0375,Training,glioma,2,Training,glioma,False,False
Training/glioma/Tr-gl_781.jpg,c_0351,Training,glioma,2,Training,glioma,False,False
Training/glioma/Tr-gl_885.jpg,c_0351,Training,glioma,2,Training,glioma,False,False
Training/glioma/Tr-gl_792.jpg,c_0317,Training,glioma,2,Training,glioma,False,False
Training/glioma/Tr-gl_793.jpg,c_0317,Training,glioma,2,Training,glioma,False,False
Training/glioma/Tr-gl_820.jpg,c_0357,Training,glioma,2,Training,glioma,False,False
Training/glioma/Tr-gl_90.jpg,c_0357,Training,glioma,2,Training,glioma,False,False
Training/glioma/Tr-gl_824.jpg,c_0350,Training,glioma,2,Training,glioma,False,False
Training/glioma/Tr-gl_883.jpg,c_0350,Training,glioma,2,Training,glioma,False,False
Training/glioma/Tr-gl_830.jpg,c_0355,Training,glioma,2,Training,glioma,False,False
Training/glioma/Tr-gl_894.jpg,c_0355,Training,glioma,2,Training,glioma,False,False
Training/glioma/Tr-gl_855.jpg,c_0353,Training,glioma,2,Training,glioma,False,False
Training/glioma/Tr-gl_89.jpg,c_0353,Training,glioma,2,Training,glioma,False,False
Training/glioma/Tr-gl_926.jpg,c_0368,Training,glioma,2,Training,glioma,False,False
Training/glioma/Tr-gl_927.jpg,c_0368,Training,glioma,2,Training,glioma,False,False
Training/meningioma/Tr-aug-me_100.jpg,c_0962,Training,meningioma,2,Training,meningioma,False,False
Training/meningioma/Tr-me_848.jpg,c_0962,Training,meningioma,2,Training,meningioma,False,False
Training/meningioma/Tr-aug-me_15.jpg,c_0867,Training,meningioma,3,Training,meningioma,False,False
Training/meningioma/Tr-me_908.jpg,c_0867,Training,meningioma,3,Training,meningioma,False,False
Training/meningioma/Tr-me_739.jpg,c_0867,Training,meningioma,3,Training,meningioma,False,False
Training/meningioma/Tr-aug-me_19.jpg,c_1090,Training,meningioma,3,Training,meningioma,False,False
Training/meningioma/Tr-me_826.jpg,c_1090,Training,meningioma,3,Training,meningioma,False,False
Training/meningioma/Tr-me_983.jpg,c_1090,Training,meningioma,3,Training,meningioma,False,False
Training/meningioma/Tr-aug-me_25.jpg,c_0456,Training,meningioma,3,Training,meningioma,False,False
Training/meningioma/Tr-me_350.jpg,c_0456,Training,meningioma,3,Training,meningioma,False,False
Training/meningioma/Tr-me_1229.jpg,c_0456,Training,meningioma,3,Training,meningioma,False,False
Training/meningioma/Tr-aug-me_4.jpg,c_0545,Training,meningioma,2,Training,meningioma,False,False
Training/meningioma/Tr-me_237.jpg,c_0545,Training,meningioma,2,Training,meningioma,False,False
Training/meningioma/Tr-aug-me_67.jpg,c_0485,Training,meningioma,2,Training,meningioma,False,False
Training/meningioma/Tr-me_1287.jpg,c_0485,Training,meningioma,2,Training,meningioma,False,False
Training/meningioma/Tr-aug-me_71.jpg,c_0455,Training,meningioma,3,Training,meningioma,False,False
Training/meningioma/Tr-me_668.jpg,c_0455,Training,meningioma,3,Training,meningioma,False,False
Training/meningioma/Tr-me_1226.jpg,c_0455,Training,meningioma,3,Training,meningioma,False,False
Training/meningioma/Tr-aug-me_77.jpg,c_0969,Training,meningioma,3,Training,meningioma,False,False
Training/meningioma/Tr-me_855.jpg,c_0969,Training,meningioma,3,Training,meningioma,False,False
Training/meningioma/Tr-aug-me_85.jpg,c_0605,Training,meningioma,3,Training,meningioma,False,False
Training/meningioma/Tr-me_422.jpg,c_0605,Training,meningioma,3,Training,meningioma,False,False
Training/meningioma/Tr-me_359.jpg,c_0605,Training,meningioma,3,Training,meningioma,False,False
Training/meningioma/Tr-aug-me_89.jpg,c_0999,Training,meningioma,3,Training,meningioma,False,False
Training/meningioma/Tr-me_41.jpg,c_0999,Training,meningioma,3,Training,meningioma,False,False
Training/meningioma/Tr-me_889.jpg,c_0999,Training,meningioma,3,Training,meningioma,False,False
Training/meningioma/Tr-aug-me_91.jpg,c_0548,Training,meningioma,3,Training,meningioma,False,False
Training/meningioma/Tr-me_398.jpg,c_0548,Training,meningioma,3,Training,meningioma,False,False
Training/meningioma/Tr-me_245.jpg,c_0548,Training,meningioma,3,Training,meningioma,False,False
Training/meningioma/Tr-aug-me_92.jpg,c_0422,Training,meningioma,3,Training,meningioma,False,False
Training/meningioma/Tr-me_268.jpg,c_0422,Training,meningioma,3,Training,meningioma,False,False
Training/meningioma/Tr-me_1129.jpg,c_0422,Training,meningioma,3,Training,meningioma,False,False
Training/meningioma/Tr-aug-me_93.jpg,c_1070,Training,meningioma,2,Training,meningioma,False,False
Training/meningioma/Tr-me_963.jpg,c_1070,Training,meningioma,2,Training,meningioma,False,False
Training/meningioma/Tr-aug-me_94.jpg,c_0943,Training,meningioma,3,Training,meningioma,False,False
Training/meningioma/Tr-me_741.jpg,c_0943,Training,meningioma,3,Training,meningioma,False,False
Training/meningioma/Tr-me_824.jpg,c_0943,Training,meningioma,3,Training,meningioma,False,False
Training/meningioma/Tr-aug-me_95.jpg,c_0415,Training,meningioma,3,Training,meningioma,False,False
Training/meningioma/Tr-me_1295.jpg,c_0415,Training,meningioma,3,Training,meningioma,False,False
Training/meningioma/Tr-me_1116.jpg,c_0415,Training,meningioma,3,Training,meningioma,False,False
Training/meningioma/Tr-aug-me_96.jpg,c_0763,Training,meningioma,2,Training,meningioma,False,False
Training/meningioma/Tr-me_607.jpg,c_0763,Training,meningioma,2,Training,meningioma,False,False
Training/meningioma/Tr-aug-me_97.jpg,c_0715,Training,meningioma,3,Training,meningioma,False,False
Training/meningioma/Tr-me_1161.jpg,c_0715,Training,meningioma,3,Training,meningioma,False,False
Training/meningioma/Tr-me_532.jpg,c_0715,Training,meningioma,3,Training,meningioma,False,False
Training/meningioma/Tr-aug-me_98.jpg,c_0478,Training,meningioma,3,Training,meningioma,False,False
Training/meningioma/Tr-me_1090.jpg,c_0478,Training,meningioma,3,Training,meningioma,False,False
Training/meningioma/Tr-me_1274.jpg,c_0478,Training,meningioma,3,Training,meningioma,False,False
Training/meningioma/Tr-aug-me_99.jpg,c_0931,Training,meningioma,2,Training,meningioma,False,False
Training/meningioma/Tr-me_809.jpg,c_0931,Training,meningioma,2,Training,meningioma,False,False
Training/meningioma/Tr-me_1.jpg,c_0573,Training,meningioma,2,Training,meningioma,False,False
Training/meningioma/Tr-me_291.jpg,c_0573,Training,meningioma,2,Training,meningioma,False,False
Training/meningioma/Tr-me_100.jpg,c_0561,Training,meningioma,2,Training,meningioma,False,False
Training/meningioma/Tr-me_272.jpg,c_0561,Training,meningioma,2,Training,meningioma,False,False
Training/meningioma/Tr-me_1000.jpg,c_0524,Training,meningioma,2,Training,meningioma,False,False
Training/meningioma/Tr-me_201.jpg,c_0524,Training,meningioma,2,Training,meningioma,False,False
Training/meningioma/Tr-me_1001.jpg,c_0496,Training,meningioma,2,Training,meningioma,False,False
Training/meningioma/Tr-me_138.jpg,c_0496,Training,meningioma,2,Training,meningioma,False,False
Training/meningioma/Tr-me_1002.jpg,c_0504,Training,meningioma,2,Training,meningioma,False,False
Training/meningioma/Tr-me_156.jpg,c_0504,Training,meningioma,2,Training,meningioma,False,False
Training/meningioma/Tr-me_1003.jpg,c_0558,Training,meningioma,2,Training,meningioma,False,False
Training/meningioma/Tr-me_267.jpg,c_0558,Training,meningioma,2,Training,meningioma,False,False
Training/meningioma/Tr-me_1004.jpg,c_0771,Training,meningioma,2,Training,meningioma,False,False
Training/meningioma/Tr-me_617.jpg,c_0771,Training,meningioma,2,Training,meningioma,False,False
Training/meningioma/Tr-me_1005.jpg,c_0543,Training,meningioma,2,Training,meningioma,False,False
Training/meningioma/Tr-me_235.jpg,c_0543,Training,meningioma,2,Training,meningioma,False,False
Training/meningioma/Tr-me_1006.jpg,c_0493,Training,meningioma,2,Training,meningioma,False,False
Training/meningioma/Tr-me_133.jpg,c_0493,Training,meningioma,2,Training,meningioma,False,False
Training/meningioma/Tr-me_1007.jpg,c_0757,Training,meningioma,2,Training,meningioma,False,False
Training/meningioma/Tr-me_598.jpg,c_0757,Training,meningioma,2,Training,meningioma,False,False
Training/meningioma/Tr-me_1008.jpg,c_0649,Training,meningioma,2,Training,meningioma,False,False
Training/meningioma/Tr-me_43.jpg,c_0649,Training,meningioma,2,Training,meningioma,False,False
Training/meningioma/Tr-me_1009.jpg,c_0698,Training,meningioma,2,Training,meningioma,False,False
Training/meningioma/Tr-me_505.jpg,c_0698,Training,meningioma,2,Training,meningioma,False,False
Training/meningioma/Tr-me_1011.jpg,c_1036,Training,meningioma,2,Training,meningioma,False,False
Training/meningioma/Tr-me_928.jpg,c_1036,Training,meningioma,2,Training,meningioma,False,False
Training/meningioma/Tr-me_1012.jpg,c_0796,Training,meningioma,2,Training,meningioma,False,False
Training/meningioma/Tr-me_648.jpg,c_0796,Training,meningioma,2,Training,meningioma,False,False
Training/meningioma/Tr-me_1013.jpg,c_1055,Training,meningioma,2,Training,meningioma,False,False
Training/meningioma/Tr-me_948.jpg,c_1055,Training,meningioma,2,Training,meningioma,False,False
Training/meningioma/Tr-me_1015.jpg,c_0655,Training,meningioma,2,Training,meningioma,False,False
Training/meningioma/Tr-me_439.jpg,c_0655,Training,meningioma,2,Training,meningioma,False,False
Training/meningioma/Tr-me_1017.jpg,c_0410,Training,meningioma,2,Training,meningioma,False,False
Training/meningioma/Tr-me_11.jpg,c_0410,Training,meningioma,2,Training,meningioma,False,False
Training/meningioma/Tr-me_1018.jpg,c_0643,Training,meningioma,2,Training,meningioma,False,False
Training/meningioma/Tr-me_415.jpg,c_0643,Training,meningioma,2,Training,meningioma,False,False
Training/meningioma/Tr-me_1019.jpg,c_0906,Training,meningioma,2,Training,meningioma,False,False
Training/meningioma/Tr-me_783.jpg,c_0906,Training,meningioma,2,Training,meningioma,False,False
Training/meningioma/Tr-me_102.jpg,c_0720,Training,meningioma,2,Training,meningioma,False,False
Training/meningioma/Tr-me_542.jpg,c_0720,Training,meningioma,2,Training,meningioma,False,False
Training/meningioma/Tr-me_1020.jpg,c_0495,Training,meningioma,2,Training,meningioma,False,False
Training/meningioma/Tr-me_137.jpg,c_0495,Training,meningioma,2,Training,meningioma,False,False
Training/meningioma/Tr-me_1021.jpg,c_0625,Training,meningioma,2,Training,meningioma,False,False
Training/meningioma/Tr-me_391.jpg,c_0625,Training,meningioma,2,Training,meningioma,False,False
Training/meningioma/Tr-me_1022.jpg,c_0774,Training,meningioma,2,Training,meningioma,False,False
Training/meningioma/Tr-me_62.jpg,c_0774,Training,meningioma,2,Training,meningioma,False,False
Training/meningioma/Tr-me_1023.jpg,c_0544,Training,meningioma,2,Training,meningioma,False,False
Training/meningioma/Tr-me_236.jpg,c_0544,Training,meningioma,2,Training,meningioma,False,False
Training/meningioma/Tr-me_1024.jpg,c_0541,Training,meningioma,2,Training,meningioma,False,False
Training/meningioma/Tr-me_229.jpg,c_0541,Training,meningioma,2,Training,meningioma,False,False
Training/meningioma/Tr-me_1025.jpg,c_0847,Training,meningioma,2,Training,meningioma,False,False
Training/meningioma/Tr-me_709.jpg,c_0847,Training,meningioma,2,Training,meningioma,False,False
Training/meningioma/Tr-me_1026.jpg,c_0843,Training,meningioma,4,Training,meningioma,False,False
Training/meningioma/Tr-me_545.jpg,c_0843,Training,meningioma,4,Training,meningioma,False,False
Training/meningioma/Tr-me_718.jpg,c_0843,Training,meningioma,4,Training,meningioma,False,False
Training/meningioma/Tr-me_705.jpg,c_0843,Training,meningioma,4,Training,meningioma,False,False
Training/meningioma/Tr-me_1027.jpg,c_0424,Training,meningioma,2,Training,meningioma,False,False
Training/meningioma/Tr-me_1139.jpg,c_0424,Training,meningioma,2,Training,meningioma,False,False
Training/meningioma/Tr-me_1028.jpg,c_0856,Training,meningioma,2,Training,meningioma,False,False
Training/meningioma/Tr-me_725.jpg,c_0856,Training,meningioma,2,Training,meningioma,False,False
Training/meningioma/Tr-me_1029.jpg,c_0551,Training,meningioma,2,Training,meningioma,False,False
Training/meningioma/Tr-me_253.jpg,c_0551,Training,meningioma,2,Training,meningioma,False,False
Training/meningioma/Tr-me_1033.jpg,c_0442,Training,meningioma,2,Training,meningioma,False,False
Training/meningioma/Tr-me_1179.jpg,c_0442,Training,meningioma,2,Training,meningioma,False,False
Training/meningioma/Tr-me_1034.jpg,c_0741,Training,meningioma,2,Training,meningioma,False,False
Training/meningioma/Tr-me_571.jpg,c_0741,Training,meningioma,2,Training,meningioma,False,False
Training/meningioma/Tr-me_1035.jpg,c_0588,Training,meningioma,2,Training,meningioma,False,False
Training/meningioma/Tr-me_327.jpg,c_0588,Training,meningioma,2,Training,meningioma,False,False
Training/meningioma/Tr-me_1036.jpg,c_0878,Training,meningioma,2,Training,meningioma,False,False
Training/meningioma/Tr-me_751.jpg,c_0878,Training,meningioma,2,Training,meningioma,False,False
Training/meningioma/Tr-me_1037.jpg,c_0929,Training,meningioma,2,Training,meningioma,False,False
Training/meningioma/Tr-me_807.jpg,c_0929,Training,meningioma,2,Training,meningioma,False,False
Training/meningioma/Tr-me_104.jpg,c_0787,Training,meningioma,2,Training,meningioma,False,False
Training/meningioma/Tr-me_634.jpg,c_0787,Training,meningioma,2,Training,meningioma,False,False
Training/meningioma/Tr-me_1040.jpg,c_0642,Training,meningioma,2,Training,meningioma,False,False
Training/meningioma/Tr-me_413.jpg,c_0642,Training,meningioma,2,Training,meningioma,False,False
Training/meningioma/Tr-me_1042.jpg,c_0633,Training,meningioma,2,Training,meningioma,False,False
Training/meningioma/Tr-me_401.jpg,c_0633,Training,meningioma,2,Training,meningioma,False,False
Training/meningioma/Tr-me_1043.jpg,c_0530,Training,meningioma,2,Training,meningioma,False,False
Training/meningioma/Tr-me_211.jpg,c_0530,Training,meningioma,2,Training,meningioma,False,False
Training/meningioma/Tr-me_1047.jpg,c_0712,Training,meningioma,2,Training,meningioma,False,False
Training/meningioma/Tr-me_527.jpg,c_0712,Training,meningioma,2,Training,meningioma,False,False
Training/meningioma/Tr-me_1048.jpg,c_0980,Training,meningioma,2,Training,meningioma,False,False
Training/meningioma/Tr-me_87.jpg,c_0980,Training,meningioma,2,Training,meningioma,False,False
Training/meningioma/Tr-me_105.jpg,c_1312,Training,meningioma,5,Training,meningioma|pituitary,False,True
Training/pituitary/Tr-pi_1023.jpg,c_1312,Training,pituitary,5,Training,meningioma|pituitary,False,True
Training/pituitary/Tr-pi_1207.jpg,c_1312,Training,pituitary,5,Training,meningioma|pituitary,False,True
Training/pituitary/Tr-pi_991.jpg,c_1312,Training,pituitary,5,Training,meningioma|pituitary,False,True
Training/pituitary/Tr-pi_1071.jpg,c_1312,Training,pituitary,5,Training,meningioma|pituitary,False,True
Training/meningioma/Tr-me_1050.jpg,c_0804,Training,meningioma,2,Training,meningioma,False,False
Training/meningioma/Tr-me_658.jpg,c_0804,Training,meningioma,2,Training,meningioma,False,False
Training/meningioma/Tr-me_1051.jpg,c_0640,Training,meningioma,2,Training,meningioma,False,False
Training/meningioma/Tr-me_408.jpg,c_0640,Training,meningioma,2,Training,meningioma,False,False
Training/meningioma/Tr-me_1052.jpg,c_0516,Training,meningioma,2,Training,meningioma,False,False
Training/meningioma/Tr-me_190.jpg,c_0516,Training,meningioma,2,Training,meningioma,False,False
Training/meningioma/Tr-me_1053.jpg,c_1092,Training,meningioma,2,Training,meningioma,False,False
Training/meningioma/Tr-me_985.jpg,c_1092,Training,meningioma,2,Training,meningioma,False,False
Training/meningioma/Tr-me_1054.jpg,c_0967,Training,meningioma,2,Training,meningioma,False,False
Training/meningioma/Tr-me_853.jpg,c_0967,Training,meningioma,2,Training,meningioma,False,False
Training/meningioma/Tr-me_1055.jpg,c_0462,Training,meningioma,2,Training,meningioma,False,False
Training/meningioma/Tr-me_1243.jpg,c_0462,Training,meningioma,2,Training,meningioma,False,False
Training/meningioma/Tr-me_1056.jpg,c_1102,Training,meningioma,2,Training,meningioma,False,False
Training/meningioma/Tr-me_995.jpg,c_1102,Training,meningioma,2,Training,meningioma,False,False
Training/meningioma/Tr-me_1058.jpg,c_0458,Training,meningioma,2,Training,meningioma,False,False
Training/meningioma/Tr-me_1232.jpg,c_0458,Training,meningioma,2,Training,meningioma,False,False
Training/meningioma/Tr-me_1059.jpg,c_1013,Training,meningioma,2,Training,meningioma,False,False
Training/meningioma/Tr-me_902.jpg,c_1013,Training,meningioma,2,Training,meningioma,False,False
Training/meningioma/Tr-me_106.jpg,c_0444,Training,meningioma,2,Training,meningioma,False,False
Training/meningioma/Tr-me_1185.jpg,c_0444,Training,meningioma,2,Training,meningioma,False,False
Training/meningioma/Tr-me_1060.jpg,c_1085,Training,meningioma,2,Training,meningioma,False,False
Training/meningioma/Tr-me_978.jpg,c_1085,Training,meningioma,2,Training,meningioma,False,False
Training/meningioma/Tr-me_1061.jpg,c_0583,Training,meningioma,2,Training,meningioma,False,False
Training/meningioma/Tr-me_316.jpg,c_0583,Training,meningioma,2,Training,meningioma,False,False
Training/meningioma/Tr-me_1062.jpg,c_0772,Training,meningioma,2,Training,meningioma,False,False
Training/meningioma/Tr-me_618.jpg,c_0772,Training,meningioma,2,Training,meningioma,False,False
Training/meningioma/Tr-me_1063.jpg,c_0889,Training,meningioma,2,Training,meningioma,False,False
Training/meningioma/Tr-me_765.jpg,c_0889,Training,meningioma,2,Training,meningioma,False,False
Training/meningioma/Tr-me_1065.jpg,c_1012,Training,meningioma,2,Training,meningioma,False,False
Training/meningioma/Tr-me_901.jpg,c_1012,Training,meningioma,2,Training,meningioma,False,False
Training/meningioma/Tr-me_1066.jpg,c_0512,Training,meningioma,2,Training,meningioma,False,False
Training/meningioma/Tr-me_179.jpg,c_0512,Training,meningioma,2,Training,meningioma,False,False
Training/meningioma/Tr-me_1067.jpg,c_0460,Training,meningioma,2,Training,meningioma,False,False
Training/meningioma/Tr-me_1240.jpg,c_0460,Training,meningioma,2,Training,meningioma,False,False
Training/meningioma/Tr-me_9.jpg,c_1010,Training,meningioma,3,Testing|Training,meningioma,True,False
Training/meningioma/Tr-me_1070.jpg,c_0440,Training,meningioma,2,Training,meningioma,False,False
Training/meningioma/Tr-me_1174.jpg,c_0440,Training,meningioma,2,Training,meningioma,False,False
Training/meningioma/Tr-me_1071.jpg,c_0426,Training,meningioma,2,Training,meningioma,False,False
Training/meningioma/Tr-me_1143.jpg,c_0426,Training,meningioma,2,Training,meningioma,False,False
Training/meningioma/Tr-me_1072.jpg,c_0795,Training,meningioma,2,Training,meningioma,False,False
Training/meningioma/Tr-me_647.jpg,c_0795,Training,meningioma,2,Training,meningioma,False,False
Training/meningioma/Tr-me_1073.jpg,c_0934,Training,meningioma,2,Training,meningioma,False,False
Training/meningioma/Tr-me_812.jpg,c_0934,Training,meningioma,2,Training,meningioma,False,False
Training/meningioma/Tr-me_1074.jpg,c_0688,Training,meningioma,2,Training,meningioma,False,False
Training/meningioma/Tr-me_494.jpg,c_0688,Training,meningioma,2,Training,meningioma,False,False
Training/meningioma/Tr-me_1077.jpg,c_0465,Training,meningioma,2,Training,meningioma,False,False
Training/meningioma/Tr-me_125.jpg,c_0465,Training,meningioma,2,Training,meningioma,False,False
Training/meningioma/Tr-me_1078.jpg,c_0538,Training,meningioma,2,Training,meningioma,False,False
Training/meningioma/Tr-me_225.jpg,c_0538,Training,meningioma,2,Training,meningioma,False,False
Training/meningioma/Tr-me_1079.jpg,c_0417,Training,meningioma,2,Training,meningioma,False,False
Training/meningioma/Tr-me_1120.jpg,c_0417,Training,meningioma,2,Training,meningioma,False,False
Training/meningioma/Tr-me_108.jpg,c_0473,Training,meningioma,2,Training,meningioma,False,False
Training/meningioma/Tr-me_1267.jpg,c_0473,Training,meningioma,2,Training,meningioma,False,False
Training/meningioma/Tr-me_1081.jpg,c_0536,Training,meningioma,2,Training,meningioma,False,False
Training/meningioma/Tr-me_223.jpg,c_0536,Training,meningioma,2,Training,meningioma,False,False
Training/meningioma/Tr-me_1082.jpg,c_0476,Training,meningioma,2,Training,meningioma,False,False
Training/meningioma/Tr-me_127.jpg,c_0476,Training,meningioma,2,Training,meningioma,False,False
Training/meningioma/Tr-me_1084.jpg,c_0610,Training,meningioma,2,Training,meningioma,False,False
Training/meningioma/Tr-me_368.jpg,c_0610,Training,meningioma,2,Training,meningioma,False,False
Training/meningioma/Tr-me_1085.jpg,c_0994,Training,meningioma,2,Training,meningioma,False,False
Training/meningioma/Tr-me_883.jpg,c_0994,Training,meningioma,2,Training,meningioma,False,False
Training/meningioma/Tr-me_1086.jpg,c_0701,Training,meningioma,2,Training,meningioma,False,False
Training/meningioma/Tr-me_509.jpg,c_0701,Training,meningioma,2,Training,meningioma,False,False
Training/meningioma/Tr-me_1087.jpg,c_0439,Training,meningioma,2,Training,meningioma,False,False
Training/meningioma/Tr-me_1173.jpg,c_0439,Training,meningioma,2,Training,meningioma,False,False
Training/meningioma/Tr-me_1088.jpg,c_1034,Training,meningioma,2,Training,meningioma,False,False
Training/meningioma/Tr-me_926.jpg,c_1034,Training,meningioma,2,Training,meningioma,False,False
Training/meningioma/Tr-me_1092.jpg,c_0860,Training,meningioma,2,Training,meningioma,False,False
Training/meningioma/Tr-me_730.jpg,c_0860,Training,meningioma,2,Training,meningioma,False,False
Training/meningioma/Tr-me_1093.jpg,c_0578,Training,meningioma,2,Training,meningioma,False,False
Training/meningioma/Tr-me_301.jpg,c_0578,Training,meningioma,2,Training,meningioma,False,False
Training/meningioma/Tr-me_1094.jpg,c_0535,Training,meningioma,3,Training,meningioma,False,False
Training/meningioma/Tr-me_761.jpg,c_0535,Training,meningioma,3,Training,meningioma,False,False
Training/meningioma/Tr-me_219.jpg,c_0535,Training,meningioma,3,Training,meningioma,False,False
Training/meningioma/Tr-me_1095.jpg,c_0443,Training,meningioma,2,Training,meningioma,False,False
Training/meningioma/Tr-me_1180.jpg,c_0443,Training,meningioma,2,Training,meningioma,False,False
Training/meningioma/Tr-me_1096.jpg,c_0441,Training,meningioma,2,Training,meningioma,False,False
Training/meningioma/Tr-me_1177.jpg,c_0441,Training,meningioma,2,Training,meningioma,False,False
Training/meningioma/Tr-me_1097.jpg,c_0876,Training,meningioma,2,Training,meningioma,False,False
Training/meningioma/Tr-me_749.jpg,c_0876,Training,meningioma,2,Training,meningioma,False,False
Training/meningioma/Tr-me_1099.jpg,c_0634,Training,meningioma,2,Training,meningioma,False,False
Training/meningioma/Tr-me_402.jpg,c_0634,Training,meningioma,2,Training,meningioma,False,False
Training/meningioma/Tr-me_1100.jpg,c_0768,Training,meningioma,2,Training,meningioma,False,False
Training/meningioma/Tr-me_613.jpg,c_0768,Training,meningioma,2,Training,meningioma,False,False
Training/meningioma/Tr-me_1101.jpg,c_0457,Training,meningioma,3,Training,meningioma,False,False
Training/meningioma/Tr-me_836.jpg,c_0457,Training,meningioma,3,Training,meningioma,False,False
Training/meningioma/Tr-me_123.jpg,c_0457,Training,meningioma,3,Training,meningioma,False,False
Training/meningioma/Tr-me_1102.jpg,c_0554,Training,meningioma,2,Training,meningioma,False,False
Training/meningioma/Tr-me_259.jpg,c_0554,Training,meningioma,2,Training,meningioma,False,False
Training/meningioma/Tr-me_1103.jpg,c_0904,Training,meningioma,2,Training,meningioma,False,False
Training/meningioma/Tr-me_781.jpg,c_0904,Training,meningioma,2,Training,meningioma,False,False
Training/meningioma/Tr-me_1104.jpg,c_0705,Training,meningioma,2,Training,meningioma,False,False
Training/meningioma/Tr-me_513.jpg,c_0705,Training,meningioma,2,Training,meningioma,False,False
Training/meningioma/Tr-me_1107.jpg,c_0708,Training,meningioma,2,Training,meningioma,False,False
Training/meningioma/Tr-me_520.jpg,c_0708,Training,meningioma,2,Training,meningioma,False,False
Training/meningioma/Tr-me_1108.jpg,c_0562,Training,meningioma,2,Training,meningioma,False,False
Training/meningioma/Tr-me_274.jpg,c_0562,Training,meningioma,2,Training,meningioma,False,False
Training/meningioma/Tr-me_111.jpg,c_0563,Training,meningioma,2,Training,meningioma,False,False
Training/meningioma/Tr-me_275.jpg,c_0563,Training,meningioma,2,Training,meningioma,False,False
Training/meningioma/Tr-me_1111.jpg,c_0560,Training,meningioma,2,Training,meningioma,False,False
Training/meningioma/Tr-me_27.jpg,c_0560,Training,meningioma,2,Training,meningioma,False,False
Training/meningioma/Tr-me_1113.jpg,c_0779,Training,meningioma,2,Training,meningioma,False,False
Training/meningioma/Tr-me_625.jpg,c_0779,Training,meningioma,2,Training,meningioma,False,False
Training/meningioma/Tr-me_1114.jpg,c_0425,Training,meningioma,2,Training,meningioma,False,False
Training/meningioma/Tr-me_1140.jpg,c_0425,Training,meningioma,2,Training,meningioma,False,False
Training/meningioma/Tr-me_1118.jpg,c_0682,Training,meningioma,2,Training,meningioma,False,False
Training/meningioma/Tr-me_488.jpg,c_0682,Training,meningioma,2,Training,meningioma,False,False
Training/meningioma/Tr-me_1119.jpg,c_0658,Training,meningioma,2,Training,meningioma,False,False
Training/meningioma/Tr-me_445.jpg,c_0658,Training,meningioma,2,Training,meningioma,False,False
Training/meningioma/Tr-me_112.jpg,c_0783,Training,meningioma,2,Training,meningioma,False,False
Training/meningioma/Tr-me_630.jpg,c_0783,Training,meningioma,2,Training,meningioma,False,False
Training/meningioma/Tr-me_1123.jpg,c_0703,Training,meningioma,2,Training,meningioma,False,False
Training/meningioma/Tr-me_510.jpg,c_0703,Training,meningioma,2,Training,meningioma,False,False
Training/meningioma/Tr-me_1128.jpg,c_0479,Training,meningioma,2,Training,meningioma,False,False
Training/meningioma/Tr-me_1279.jpg,c_0479,Training,meningioma,2,Training,meningioma,False,False
Training/meningioma/Tr-me_113.jpg,c_0533,Training,meningioma,2,Training,meningioma,False,False
Training/meningioma/Tr-me_216.jpg,c_0533,Training,meningioma,2,Training,meningioma,False,False
Training/meningioma/Tr-me_1130.jpg,c_0540,Training,meningioma,2,Training,meningioma,False,False
Training/meningioma/Tr-me_227.jpg,c_0540,Training,meningioma,2,Training,meningioma,False,False
Training/meningioma/Tr-me_1131.jpg,c_0510,Training,meningioma,2,Training,meningioma,False,False
Training/meningioma/Tr-me_169.jpg,c_0510,Training,meningioma,2,Training,meningioma,False,False
Training/meningioma/Tr-me_1132.jpg,c_0576,Training,meningioma,2,Training,meningioma,False,False
Training/meningioma/Tr-me_298.jpg,c_0576,Training,meningioma,2,Training,meningioma,False,False
Training/meningioma/Tr-me_1133.jpg,c_0585,Training,meningioma,2,Training,meningioma,False,False
Training/meningioma/Tr-me_320.jpg,c_0585,Training,meningioma,2,Training,meningioma,False,False
Training/meningioma/Tr-me_1135.jpg,c_1004,Training,meningioma,2,Training,meningioma,False,False
Training/meningioma/Tr-me_894.jpg,c_1004,Training,meningioma,2,Training,meningioma,False,False
Training/meningioma/Tr-me_1136.jpg,c_0982,Training,meningioma,2,Training,meningioma,False,False
Training/meningioma/Tr-me_872.jpg,c_0982,Training,meningioma,2,Training,meningioma,False,False
Training/meningioma/Tr-me_1137.jpg,c_0501,Training,meningioma,2,Training,meningioma,False,False
Training/meningioma/Tr-me_15.jpg,c_0501,Training,meningioma,2,Training,meningioma,False,False
Training/meningioma/Tr-me_114.jpg,c_0430,Training,meningioma,2,Training,meningioma,False,False
Training/meningioma/Tr-me_1151.jpg,c_0430,Training,meningioma,2,Training,meningioma,False,False
Training/meningioma/Tr-me_1141.jpg,c_0871,Training,meningioma,2,Training,meningioma,False,False
Training/meningioma/Tr-me_744.jpg,c_0871,Training,meningioma,2,Training,meningioma,False,False
Training/meningioma/Tr-me_1142.jpg,c_0452,Training,meningioma,2,Training,meningioma,False,False
Training/meningioma/Tr-me_1209.jpg,c_0452,Training,meningioma,2,Training,meningioma,False,False
Training/meningioma/Tr-me_1144.jpg,c_0486,Training,meningioma,2,Training,meningioma,False,False
Training/meningioma/Tr-me_1288.jpg,c_0486,Training,meningioma,2,Training,meningioma,False,False
Training/meningioma/Tr-me_1147.jpg,c_0793,Training,meningioma,2,Training,meningioma,False,False
Training/meningioma/Tr-me_641.jpg,c_0793,Training,meningioma,2,Training,meningioma,False,False
Training/meningioma/Tr-me_1148.jpg,c_0601,Training,meningioma,2,Training,meningioma,False,False
Training/meningioma/Tr-me_349.jpg,c_0601,Training,meningioma,2,Training,meningioma,False,False
Training/meningioma/Tr-me_1149.jpg,c_1086,Training,meningioma,2,Training,meningioma,False,False
Training/meningioma/Tr-me_979.jpg,c_1086,Training,meningioma,2,Training,meningioma,False,False
Training/meningioma/Tr-me_115.jpg,c_0598,Training,meningioma,2,Training,meningioma,False,False
Training/meningioma/Tr-me_345.jpg,c_0598,Training,meningioma,2,Training,meningioma,False,False
Training/meningioma/Tr-me_1153.jpg,c_1040,Training,meningioma,2,Training,meningioma,False,False
Training/meningioma/Tr-me_931.jpg,c_1040,Training,meningioma,2,Training,meningioma,False,False
Training/meningioma/Tr-me_1154.jpg,c_1080,Training,meningioma,2,Training,meningioma,False,False
Training/meningioma/Tr-me_973.jpg,c_1080,Training,meningioma,2,Training,meningioma,False,False
Training/meningioma/Tr-me_1155.jpg,c_0728,Training,meningioma,2,Training,meningioma,False,False
Training/meningioma/Tr-me_552.jpg,c_0728,Training,meningioma,2,Training,meningioma,False,False
Training/meningioma/Tr-me_1156.jpg,c_0689,Training,meningioma,2,Training,meningioma,False,False
Training/meningioma/Tr-me_496.jpg,c_0689,Training,meningioma,2,Training,meningioma,False,False
Training/meningioma/Tr-me_1157.jpg,c_0466,Training,meningioma,2,Training,meningioma,False,False
Training/meningioma/Tr-me_1252.jpg,c_0466,Training,meningioma,2,Training,meningioma,False,False
Training/meningioma/Tr-me_1158.jpg,c_0497,Training,meningioma,2,Training,meningioma,False,False
Training/meningioma/Tr-me_139.jpg,c_0497,Training,meningioma,2,Training,meningioma,False,False
Training/meningioma/Tr-me_116.jpg,c_1334,Training,meningioma,3,Training,meningioma|pituitary,False,True
Training/pituitary/Tr-pi_1320.jpg,c_1334,Training,pituitary,3,Training,meningioma|pituitary,False,True
Training/pituitary/Tr-pi_1133.jpg,c_1334,Training,pituitary,3,Training,meningioma|pituitary,False,True
Training/meningioma/Tr-me_1164.jpg,c_1066,Training,meningioma,2,Training,meningioma,False,False
Training/meningioma/Tr-me_96.jpg,c_1066,Training,meningioma,2,Training,meningioma,False,False
Training/meningioma/Tr-me_1165.jpg,c_0616,Training,meningioma,2,Training,meningioma,False,False
Training/meningioma/Tr-me_379.jpg,c_0616,Training,meningioma,2,Training,meningioma,False,False
Training/meningioma/Tr-me_1169.jpg,c_0623,Training,meningioma,2,Training,meningioma,False,False
Training/meningioma/Tr-me_389.jpg,c_0623,Training,meningioma,2,Training,meningioma,False,False
Training/meningioma/Tr-me_117.jpg,c_0534,Training,meningioma,2,Training,meningioma,False,False
Training/meningioma/Tr-me_217.jpg,c_0534,Training,meningioma,2,Training,meningioma,False,False
Training/meningioma/Tr-me_1170.jpg,c_0733,Training,meningioma,2,Training,meningioma,False,False
Training/meningioma/Tr-me_559.jpg,c_0733,Training,meningioma,2,Training,meningioma,False,False
Training/meningioma/Tr-me_1175.jpg,c_1035,Training,meningioma,2,Training,meningioma,False,False
Training/meningioma/Tr-me_927.jpg,c_1035,Training,meningioma,2,Training,meningioma,False,False
Training/meningioma/Tr-me_1176.jpg,c_0719,Training,meningioma,2,Training,meningioma,False,False
Training/meningioma/Tr-me_541.jpg,c_0719,Training,meningioma,2,Training,meningioma,False,False
Training/meningioma/Tr-me_1178.jpg,c_0845,Training,meningioma,2,Training,meningioma,False,False
Training/meningioma/Tr-me_707.jpg,c_0845,Training,meningioma,2,Training,meningioma,False,False
Training/meningioma/Tr-me_118.jpg,c_0470,Training,meningioma,2,Training,meningioma,False,False
Training/meningioma/Tr-me_1261.jpg,c_0470,Training,meningioma,2,Training,meningioma,False,False
Training/meningioma/Tr-me_1181.jpg,c_0513,Training,meningioma,2,Training,meningioma,False,False
Training/meningioma/Tr-me_18.jpg,c_0513,Training,meningioma,2,Training,meningioma,False,False
Training/meningioma/Tr-me_1182.jpg,c_0736,Training,meningioma,2,Training,meningioma,False,False
Training/meningioma/Tr-me_563.jpg,c_0736,Training,meningioma,2,Training,meningioma,False,False
Training/meningioma/Tr-me_1183.jpg,c_0711,Training,meningioma,2,Training,meningioma,False,False
Training/meningioma/Tr-me_525.jpg,c_0711,Training,meningioma,2,Training,meningioma,False,False
Training/meningioma/Tr-me_1184.jpg,c_0827,Training,meningioma,2,Training,meningioma,False,False
Training/meningioma/Tr-me_689.jpg,c_0827,Training,meningioma,2,Training,meningioma,False,False
Training/meningioma/Tr-me_1187.jpg,c_0631,Training,meningioma,2,Training,meningioma,False,False
Training/meningioma/Tr-me_40.jpg,c_0631,Training,meningioma,2,Training,meningioma,False,False
Training/meningioma/Tr-me_1188.jpg,c_0567,Training,meningioma,2,Training,meningioma,False,False
Training/meningioma/Tr-me_280.jpg,c_0567,Training,meningioma,2,Training,meningioma,False,False
Training/meningioma/Tr-me_1189.jpg,c_0735,Training,meningioma,2,Training,meningioma,False,False
Training/meningioma/Tr-me_562.jpg,c_0735,Training,meningioma,2,Training,meningioma,False,False
Training/meningioma/Tr-me_119.jpg,c_0568,Training,meningioma,2,Training,meningioma,False,False
Training/meningioma/Tr-me_281.jpg,c_0568,Training,meningioma,2,Training,meningioma,False,False
Training/meningioma/Tr-me_1190.jpg,c_0582,Training,meningioma,2,Training,meningioma,False,False
Training/meningioma/Tr-me_310.jpg,c_0582,Training,meningioma,2,Training,meningioma,False,False
Training/meningioma/Tr-me_1191.jpg,c_0726,Training,meningioma,4,Training,meningioma,False,False
Training/meningioma/Tr-me_646.jpg,c_0726,Training,meningioma,4,Training,meningioma,False,False
Training/meningioma/Tr-me_868.jpg,c_0726,Training,meningioma,4,Training,meningioma,False,False
Training/meningioma/Tr-me_550.jpg,c_0726,Training,meningioma,4,Training,meningioma,False,False
Training/meningioma/Tr-me_1192.jpg,c_0453,Training,meningioma,2,Training,meningioma,False,False
Training/meningioma/Tr-me_1212.jpg,c_0453,Training,meningioma,2,Training,meningioma,False,False
Training/meningioma/Tr-me_1193.jpg,c_0607,Training,meningioma,2,Training,meningioma,False,False
Training/meningioma/Tr-me_360.jpg,c_0607,Training,meningioma,2,Training,meningioma,False,False
Training/meningioma/Tr-me_1195.jpg,c_0503,Training,meningioma,2,Training,meningioma,False,False
Training/meningioma/Tr-me_155.jpg,c_0503,Training,meningioma,2,Training,meningioma,False,False
Training/meningioma/Tr-me_1196.jpg,c_0552,Training,meningioma,2,Training,meningioma,False,False
Training/meningioma/Tr-me_255.jpg,c_0552,Training,meningioma,2,Training,meningioma,False,False
Training/meningioma/Tr-me_1197.jpg,c_0775,Training,meningioma,2,Training,meningioma,False,False
Training/meningioma/Tr-me_620.jpg,c_0775,Training,meningioma,2,Training,meningioma,False,False
Training/meningioma/Tr-me_1200.jpg,c_0571,Training,meningioma,2,Training,meningioma,False,False
Training/meningioma/Tr-me_287.jpg,c_0571,Training,meningioma,2,Training,meningioma,False,False
Training/meningioma/Tr-me_1201.jpg,c_0644,Training,meningioma,2,Training,meningioma,False,False
Training/meningioma/Tr-me_416.jpg,c_0644,Training,meningioma,2,Training,meningioma,False,False
Training/meningioma/Tr-me_1202.jpg,c_1061,Training,meningioma,2,Training,meningioma,False,False
Training/meningioma/Tr-me_953.jpg,c_1061,Training,meningioma,2,Training,meningioma,False,False
Training/meningioma/Tr-me_1204.jpg,c_0621,Training,meningioma,2,Training,meningioma,False,False
Training/meningioma/Tr-me_386.jpg,c_0621,Training,meningioma,2,Training,meningioma,False,False
Training/meningioma/Tr-me_1207.jpg,c_0780,Training,meningioma,2,Training,meningioma,False,False
Training/meningioma/Tr-me_627.jpg,c_0780,Training,meningioma,2,Training,meningioma,False,False
Training/meningioma/Tr-me_121.jpg,c_0521,Training,meningioma,2,Training,meningioma,False,False
Training/meningioma/Tr-me_199.jpg,c_0521,Training,meningioma,2,Training,meningioma,False,False
Training/meningioma/Tr-me_1210.jpg,c_1006,Training,meningioma,2,Training,meningioma,False,False
Training/meningioma/Tr-me_896.jpg,c_1006,Training,meningioma,2,Training,meningioma,False,False
Training/meningioma/Tr-me_1211.jpg,c_0836,Training,meningioma,2,Training,meningioma,False,False
Training/meningioma/Tr-me_7.jpg,c_0836,Training,meningioma,2,Training,meningioma,False,False
Training/meningioma/Tr-me_1213.jpg,c_0586,Training,meningioma,2,Training,meningioma,False,False
Training/meningioma/Tr-me_321.jpg,c_0586,Training,meningioma,2,Training,meningioma,False,False
Training/meningioma/Tr-me_1214.jpg,c_0695,Training,meningioma,2,Training,meningioma,False,False
Training/meningioma/Tr-me_501.jpg,c_0695,Training,meningioma,2,Training,meningioma,False,False
Training/meningioma/Tr-me_1215.jpg,c_0875,Training,meningioma,2,Training,meningioma,False,False
Training/meningioma/Tr-me_748.jpg,c_0875,Training,meningioma,2,Training,meningioma,False,False
Training/meningioma/Tr-me_1216.jpg,c_1002,Training,meningioma,2,Training,meningioma,False,False
Training/meningioma/Tr-me_892.jpg,c_1002,Training,meningioma,2,Training,meningioma,False,False
Training/meningioma/Tr-me_1217.jpg,c_0594,Training,meningioma,2,Training,meningioma,False,False
Training/meningioma/Tr-me_34.jpg,c_0594,Training,meningioma,2,Training,meningioma,False,False
Training/meningioma/Tr-me_1218.jpg,c_0725,Training,meningioma,2,Training,meningioma,False,False
Training/meningioma/Tr-me_55.jpg,c_0725,Training,meningioma,2,Training,meningioma,False,False
Training/meningioma/Tr-me_122.jpg,c_0472,Training,meningioma,2,Training,meningioma,False,False
Training/meningioma/Tr-me_1265.jpg,c_0472,Training,meningioma,2,Training,meningioma,False,False
Training/meningioma/Tr-me_1221.jpg,c_0883,Training,meningioma,2,Training,meningioma,False,False
Training/meningioma/Tr-me_757.jpg,c_0883,Training,meningioma,2,Training,meningioma,False,False
Training/meningioma/Tr-me_1222.jpg,c_0647,Training,meningioma,2,Training,meningioma,False,False
Training/meningioma/Tr-me_427.jpg,c_0647,Training,meningioma,2,Training,meningioma,False,False
Training/meningioma/Tr-me_1223.jpg,c_0814,Training,meningioma,2,Training,meningioma,False,False
Training/meningioma/Tr-me_671.jpg,c_0814,Training,meningioma,2,Training,meningioma,False,False
Training/meningioma/Tr-me_1224.jpg,c_0746,Training,meningioma,2,Training,meningioma,False,False
Training/meningioma/Tr-me_582.jpg,c_0746,Training,meningioma,2,Training,meningioma,False,False
Training/meningioma/Tr-me_1227.jpg,c_1005,Training,meningioma,2,Training,meningioma,False,False
Training/meningioma/Tr-me_895.jpg,c_1005,Training,meningioma,2,Training,meningioma,False,False
Training/meningioma/Tr-me_1228.jpg,c_0686,Training,meningioma,2,Training,meningioma,False,False
Training/meningioma/Tr-me_492.jpg,c_0686,Training,meningioma,2,Training,meningioma,False,False
Training/meningioma/Tr-me_1230.jpg,c_0868,Training,meningioma,2,Training,meningioma,False,False
Training/meningioma/Tr-me_74.jpg,c_0868,Training,meningioma,2,Training,meningioma,False,False
Training/meningioma/Tr-me_1231.jpg,c_1096,Training,meningioma,2,Training,meningioma,False,False
Training/meningioma/Tr-me_989.jpg,c_1096,Training,meningioma,2,Training,meningioma,False,False
Training/meningioma/Tr-me_1233.jpg,c_0480,Training,meningioma,2,Training,meningioma,False,False
Training/meningioma/Tr-me_128.jpg,c_0480,Training,meningioma,2,Training,meningioma,False,False
Training/meningioma/Tr-me_1234.jpg,c_0666,Training,meningioma,2,Training,meningioma,False,False
Training/meningioma/Tr-me_459.jpg,c_0666,Training,meningioma,2,Training,meningioma,False,False
Training/meningioma/Tr-me_1235.jpg,c_0951,Training,meningioma,2,Training,meningioma,False,False
Training/meningioma/Tr-me_833.jpg,c_0951,Training,meningioma,2,Training,meningioma,False,False
Training/meningioma/Tr-me_1236.jpg,c_0853,Training,meningioma,4,Training,meningioma,False,False
Training/meningioma/Tr-me_691.jpg,c_0853,Training,meningioma,4,Training,meningioma,False,False
Training/meningioma/Tr-me_418.jpg,c_0853,Training,meningioma,4,Training,meningioma,False,False
Training/meningioma/Tr-me_1238.jpg,c_0717,Training,meningioma,2,Training,meningioma,False,False
Training/meningioma/Tr-me_538.jpg,c_0717,Training,meningioma,2,Training,meningioma,False,False
Training/meningioma/Tr-me_1239.jpg,c_1072,Training,meningioma,2,Training,meningioma,False,False
Training/meningioma/Tr-me_966.jpg,c_1072,Training,meningioma,2,Training,meningioma,False,False
Training/meningioma/Tr-me_1241.jpg,c_0765,Training,meningioma,4,Training,meningioma,False,False
Training/meningioma/Tr-me_25.jpg,c_0765,Training,meningioma,4,Training,meningioma,False,False
Training/meningioma/Tr-me_260.jpg,c_0765,Training,meningioma,4,Training,meningioma,False,False
Training/meningioma/Tr-me_609.jpg,c_0765,Training,meningioma,4,Training,meningioma,False,False
Training/meningioma/Tr-me_1244.jpg,c_0596,Training,meningioma,2,Training,meningioma,False,False
Training/meningioma/Tr-me_341.jpg,c_0596,Training,meningioma,2,Training,meningioma,False,False
Training/meningioma/Tr-me_1245.jpg,c_0879,Training,meningioma,2,Training,meningioma,False,False
Training/meningioma/Tr-me_752.jpg,c_0879,Training,meningioma,2,Training,meningioma,False,False
Training/meningioma/Tr-me_1248.jpg,c_0579,Training,meningioma,2,Training,meningioma,False,False
Training/meningioma/Tr-me_307.jpg,c_0579,Training,meningioma,2,Training,meningioma,False,False
Training/meningioma/Tr-me_1250.jpg,c_0474,Training,meningioma,2,Training,meningioma,False,False
Training/meningioma/Tr-me_1268.jpg,c_0474,Training,meningioma,2,Training,meningioma,False,False
Training/meningioma/Tr-me_1251.jpg,c_0665,Training,meningioma,2,Training,meningioma,False,False
Training/meningioma/Tr-me_456.jpg,c_0665,Training,meningioma,2,Training,meningioma,False,False
Training/meningioma/Tr-me_1253.jpg,c_0704,Training,meningioma,2,Training,meningioma,False,False
Training/meningioma/Tr-me_511.jpg,c_0704,Training,meningioma,2,Training,meningioma,False,False
Training/meningioma/Tr-me_1255.jpg,c_1082,Training,meningioma,2,Training,meningioma,False,False
Training/meningioma/Tr-me_975.jpg,c_1082,Training,meningioma,2,Training,meningioma,False,False
Training/meningioma/Tr-me_1256.jpg,c_0507,Training,meningioma,2,Training,meningioma,False,False
Training/meningioma/Tr-me_160.jpg,c_0507,Training,meningioma,2,Training,meningioma,False,False
Training/meningioma/Tr-me_1257.jpg,c_0832,Training,meningioma,2,Training,meningioma,False,False
Training/meningioma/Tr-me_696.jpg,c_0832,Training,meningioma,2,Training,meningioma,False,False
Training/meningioma/Tr-me_142.jpg,c_0498,Training,meningioma,3,Testing|Training,meningioma,True,False
Training/meningioma/Tr-me_1260.jpg,c_0556,Training,meningioma,2,Training,meningioma,False,False
Training/meningioma/Tr-me_265.jpg,c_0556,Training,meningioma,2,Training,meningioma,False,False
Training/meningioma/Tr-me_1263.jpg,c_0580,Training,meningioma,2,Training,meningioma,False,False
Training/meningioma/Tr-me_308.jpg,c_0580,Training,meningioma,2,Training,meningioma,False,False
Training/meningioma/Tr-me_1264.jpg,c_0989,Training,meningioma,2,Training,meningioma,False,False
Training/meningioma/Tr-me_879.jpg,c_0989,Training,meningioma,2,Training,meningioma,False,False
Training/meningioma/Tr-me_1266.jpg,c_0537,Training,meningioma,2,Training,meningioma,False,False
Training/meningioma/Tr-me_224.jpg,c_0537,Training,meningioma,2,Training,meningioma,False,False
Training/meningioma/Tr-me_1271.jpg,c_1105,Training,meningioma,2,Training,meningioma,False,False
Training/meningioma/Tr-me_998.jpg,c_1105,Training,meningioma,2,Training,meningioma,False,False
Training/meningioma/Tr-me_1272.jpg,c_0685,Training,meningioma,2,Training,meningioma,False,False
Training/meningioma/Tr-me_491.jpg,c_0685,Training,meningioma,2,Training,meningioma,False,False
Training/meningioma/Tr-me_1273.jpg,c_0922,Training,meningioma,2,Training,meningioma,False,False
Training/meningioma/Tr-me_8.jpg,c_0922,Training,meningioma,2,Training,meningioma,False,False
Training/meningioma/Tr-me_1275.jpg,c_0539,Training,meningioma,2,Training,meningioma,False,False
Training/meningioma/Tr-me_226.jpg,c_0539,Training,meningioma,2,Training,meningioma,False,False
Training/meningioma/Tr-me_1276.jpg,c_0622,Training,meningioma,2,Training,meningioma,False,False
Training/meningioma/Tr-me_388.jpg,c_0622,Training,meningioma,2,Training,meningioma,False,False
Training/meningioma/Tr-me_1277.jpg,c_0489,Training,meningioma,2,Training,meningioma,False,False
Training/meningioma/Tr-me_1292.jpg,c_0489,Training,meningioma,2,Training,meningioma,False,False
Training/meningioma/Tr-me_1278.jpg,c_0687,Training,meningioma,2,Training,meningioma,False,False
Training/meningioma/Tr-me_493.jpg,c_0687,Training,meningioma,2,Training,meningioma,False,False
Training/meningioma/Tr-me_1280.jpg,c_0891,Training,meningioma,2,Training,meningioma,False,False
Training/meningioma/Tr-me_768.jpg,c_0891,Training,meningioma,2,Training,meningioma,False,False
Training/meningioma/Tr-me_1281.jpg,c_0737,Training,meningioma,2,Training,meningioma,False,False
Training/meningioma/Tr-me_564.jpg,c_0737,Training,meningioma,2,Training,meningioma,False,False
Training/meningioma/Tr-me_1283.jpg,c_0863,Training,meningioma,2,Training,meningioma,False,False
Training/meningioma/Tr-me_735.jpg,c_0863,Training,meningioma,2,Training,meningioma,False,False
Training/meningioma/Tr-me_129.jpg,c_0566,Training,meningioma,2,Training,meningioma,False,False
Training/meningioma/Tr-me_279.jpg,c_0566,Training,meningioma,2,Training,meningioma,False,False
Training/meningioma/Tr-me_1291.jpg,c_1041,Training,meningioma,2,Training,meningioma,False,False
Training/meningioma/Tr-me_932.jpg,c_1041,Training,meningioma,2,Training,meningioma,False,False
Training/meningioma/Tr-me_1293.jpg,c_0930,Training,meningioma,2,Training,meningioma,False,False
Training/meningioma/Tr-me_808.jpg,c_0930,Training,meningioma,2,Training,meningioma,False,False
Training/meningioma/Tr-me_1297.jpg,c_0677,Training,meningioma,2,Training,meningioma,False,False
Training/meningioma/Tr-me_48.jpg,c_0677,Training,meningioma,2,Training,meningioma,False,False
Training/meningioma/Tr-me_1298.jpg,c_0788,Training,meningioma,2,Training,meningioma,False,False
Training/meningioma/Tr-me_635.jpg,c_0788,Training,meningioma,2,Training,meningioma,False,False
Training/meningioma/Tr-me_13.jpg,c_0675,Training,meningioma,2,Training,meningioma,False,False
Training/meningioma/Tr-me_478.jpg,c_0675,Training,meningioma,2,Training,meningioma,False,False
Training/meningioma/Tr-me_1300.jpg,c_0924,Training,meningioma,2,Training,meningioma,False,False
Training/meningioma/Tr-me_802.jpg,c_0924,Training,meningioma,2,Training,meningioma,False,False
Training/meningioma/Tr-me_132.jpg,c_0684,Training,meningioma,2,Training,meningioma,False,False
Training/meningioma/Tr-me_49.jpg,c_0684,Training,meningioma,2,Training,meningioma,False,False
Training/meningioma/Tr-me_135.jpg,c_0764,Training,meningioma,2,Training,meningioma,False,False
Training/meningioma/Tr-me_608.jpg,c_0764,Training,meningioma,2,Training,meningioma,False,False
Training/meningioma/Tr-me_136.jpg,c_1059,Training,meningioma,2,Training,meningioma,False,False
Training/meningioma/Tr-me_951.jpg,c_1059,Training,meningioma,2,Training,meningioma,False,False
Training/meningioma/Tr-me_140.jpg,c_0620,Training,meningioma,2,Training,meningioma,False,False
Training/meningioma/Tr-me_385.jpg,c_0620,Training,meningioma,2,Training,meningioma,False,False
Training/meningioma/Tr-me_141.jpg,c_0754,Training,meningioma,2,Training,meningioma,False,False
Training/meningioma/Tr-me_592.jpg,c_0754,Training,meningioma,2,Training,meningioma,False,False
Training/meningioma/Tr-me_143.jpg,c_0811,Training,meningioma,2,Training,meningioma,False,False
Training/meningioma/Tr-me_667.jpg,c_0811,Training,meningioma,2,Training,meningioma,False,False
Training/meningioma/Tr-me_144.jpg,c_0997,Training,meningioma,2,Training,meningioma,False,False
Training/meningioma/Tr-me_887.jpg,c_0997,Training,meningioma,2,Training,meningioma,False,False
Training/meningioma/Tr-me_146.jpg,c_0798,Training,meningioma,2,Training,meningioma,False,False
Training/meningioma/Tr-me_65.jpg,c_0798,Training,meningioma,2,Training,meningioma,False,False
Training/meningioma/Tr-me_148.jpg,c_1077,Training,meningioma,2,Training,meningioma,False,False
Training/meningioma/Tr-me_970.jpg,c_1077,Training,meningioma,2,Training,meningioma,False,False
Training/meningioma/Tr-me_149.jpg,c_1099,Training,meningioma,2,Training,meningioma,False,False
Training/meningioma/Tr-me_991.jpg,c_1099,Training,meningioma,2,Training,meningioma,False,False
Training/meningioma/Tr-me_150.jpg,c_0593,Training,meningioma,2,Training,meningioma,False,False
Training/meningioma/Tr-me_338.jpg,c_0593,Training,meningioma,2,Training,meningioma,False,False
Training/meningioma/Tr-me_151.jpg,c_0842,Training,meningioma,2,Training,meningioma,False,False
Training/meningioma/Tr-me_704.jpg,c_0842,Training,meningioma,2,Training,meningioma,False,False
Training/meningioma/Tr-me_152.jpg,c_0966,Training,meningioma,4,Training,meningioma,False,False
Training/meningioma/Tr-me_644.jpg,c_0966,Training,meningioma,4,Training,meningioma,False,False
Training/meningioma/Tr-me_719.jpg,c_0966,Training,meningioma,4,Training,meningioma,False,False
Training/meningioma/Tr-me_852.jpg,c_0966,Training,meningioma,4,Training,meningioma,False,False
Training/meningioma/Tr-me_153.jpg,c_0932,Training,meningioma,2,Training,meningioma,False,False
Training/meningioma/Tr-me_81.jpg,c_0932,Training,meningioma,2,Training,meningioma,False,False
Training/meningioma/Tr-me_159.jpg,c_0784,Training,meningioma,2,Training,meningioma,False,False
Training/meningioma/Tr-me_631.jpg,c_0784,Training,meningioma,2,Training,meningioma,False,False
Training/meningioma/Tr-me_16.jpg,c_0794,Training,meningioma,2,Training,meningioma,False,False
Training/meningioma/Tr-me_642.jpg,c_0794,Training,meningioma,2,Training,meningioma,False,False
Training/meningioma/Tr-me_161.jpg,c_0964,Training,meningioma,2,Training,meningioma,False,False
Training/meningioma/Tr-me_850.jpg,c_0964,Training,meningioma,2,Training,meningioma,False,False
Training/meningioma/Tr-me_162.jpg,c_1101,Training,meningioma,2,Training,meningioma,False,False
Training/meningioma/Tr-me_994.jpg,c_1101,Training,meningioma,2,Training,meningioma,False,False
Training/meningioma/Tr-me_164.jpg,c_0897,Training,meningioma,2,Training,meningioma,False,False
Training/meningioma/Tr-me_774.jpg,c_0897,Training,meningioma,2,Training,meningioma,False,False
Training/meningioma/Tr-me_165.jpg,c_0611,Training,meningioma,2,Training,meningioma,False,False
Training/meningioma/Tr-me_370.jpg,c_0611,Training,meningioma,2,Training,meningioma,False,False
Training/meningioma/Tr-me_166.jpg,c_1052,Training,meningioma,2,Training,meningioma,False,False
Training/meningioma/Tr-me_945.jpg,c_1052,Training,meningioma,2,Training,meningioma,False,False
Training/meningioma/Tr-me_17.jpg,c_1057,Training,meningioma,2,Training,meningioma,False,False
Training/meningioma/Tr-me_95.jpg,c_1057,Training,meningioma,2,Training,meningioma,False,False
Training/meningioma/Tr-me_170.jpg,c_0664,Training,meningioma,2,Training,meningioma,False,False
Training/meningioma/Tr-me_454.jpg,c_0664,Training,meningioma,2,Training,meningioma,False,False
Training/meningioma/Tr-me_171.jpg,c_1104,Training,meningioma,2,Training,meningioma,False,False
Training/meningioma/Tr-me_997.jpg,c_1104,Training,meningioma,2,Training,meningioma,False,False
Training/meningioma/Tr-me_173.jpg,c_0549,Training,meningioma,2,Training,meningioma,False,False
Training/meningioma/Tr-me_248.jpg,c_0549,Training,meningioma,2,Training,meningioma,False,False
Training/meningioma/Tr-me_174.jpg,c_0896,Training,meningioma,2,Training,meningioma,False,False
Training/meningioma/Tr-me_772.jpg,c_0896,Training,meningioma,2,Training,meningioma,False,False
Training/meningioma/Tr-me_175.jpg,c_0595,Training,meningioma,4,Training,meningioma,False,False
Training/meningioma/Tr-me_712.jpg,c_0595,Training,meningioma,4,Training,meningioma,False,False
Training/meningioma/Tr-me_176.jpg,c_0882,Training,meningioma,2,Training,meningioma,False,False
Training/meningioma/Tr-me_756.jpg,c_0882,Training,meningioma,2,Training,meningioma,False,False
Training/meningioma/Tr-me_177.jpg,c_1089,Training,meningioma,2,Training,meningioma,False,False
Training/meningioma/Tr-me_982.jpg,c_1089,Training,meningioma,2,Training,meningioma,False,False
Training/meningioma/Tr-me_180.jpg,c_1081,Training,meningioma,2,Training,meningioma,False,False
Training/meningioma/Tr-me_974.jpg,c_1081,Training,meningioma,2,Training,meningioma,False,False
Training/meningioma/Tr-me_181.jpg,c_1009,Training,meningioma,2,Training,meningioma,False,False
Training/meningioma/Tr-me_899.jpg,c_1009,Training,meningioma,2,Training,meningioma,False,False
Training/meningioma/Tr-me_184.jpg,c_0824,Training,meningioma,2,Training,meningioma,False,False
Training/meningioma/Tr-me_682.jpg,c_0824,Training,meningioma,2,Training,meningioma,False,False
Training/meningioma/Tr-me_187.jpg,c_0518,Training,meningioma,2,Training,meningioma,False,False
Training/meningioma/Tr-me_195.jpg,c_0518,Training,meningioma,2,Training,meningioma,False,False
Training/meningioma/Tr-me_188.jpg,c_0626,Training,meningioma,2,Training,meningioma,False,False
Training/meningioma/Tr-me_394.jpg,c_0626,Training,meningioma,2,Training,meningioma,False,False
Training/meningioma/Tr-me_191.jpg,c_0654,Training,meningioma,2,Training,meningioma,False,False
Training/meningioma/Tr-me_438.jpg,c_0654,Training,meningioma,2,Training,meningioma,False,False
Training/meningioma/Tr-me_193.jpg,c_0599,Training,meningioma,2,Training,meningioma,False,False
Training/meningioma/Tr-me_346.jpg,c_0599,Training,meningioma,2,Training,meningioma,False,False
Training/meningioma/Tr-me_194.jpg,c_0829,Training,meningioma,2,Training,meningioma,False,False
Training/meningioma/Tr-me_692.jpg,c_0829,Training,meningioma,2,Training,meningioma,False,False
Training/meningioma/Tr-me_196.jpg,c_0952,Training,meningioma,2,Training,meningioma,False,False
Training/meningioma/Tr-me_834.jpg,c_0952,Training,meningioma,2,Training,meningioma,False,False
Training/meningioma/Tr-me_204.jpg,c_1028,Training,meningioma,2,Training,meningioma,False,False
Training/meningioma/Tr-me_919.jpg,c_1028,Training,meningioma,2,Training,meningioma,False,False
Training/meningioma/Tr-me_206.jpg,c_0885,Training,meningioma,2,Training,meningioma,False,False
Training/meningioma/Tr-me_759.jpg,c_0885,Training,meningioma,2,Training,meningioma,False,False
Training/meningioma/Tr-me_209.jpg,c_0802,Training,meningioma,2,Training,meningioma,False,False
Training/meningioma/Tr-me_655.jpg,c_0802,Training,meningioma,2,Training,meningioma,False,False
Training/meningioma/Tr-me_210.jpg,c_0706,Training,meningioma,2,Training,meningioma,False,False
Training/meningioma/Tr-me_516.jpg,c_0706,Training,meningioma,2,Training,meningioma,False,False
Training/meningioma/Tr-me_213.jpg,c_0910,Training,meningioma,2,Training,meningioma,False,False
Training/meningioma/Tr-me_787.jpg,c_0910,Training,meningioma,2,Training,meningioma,False,False
Training/meningioma/Tr-me_215.jpg,c_0839,Training,meningioma,2,Training,meningioma,False,False
Training/meningioma/Tr-me_701.jpg,c_0839,Training,meningioma,2,Training,meningioma,False,False
Training/meningioma/Tr-me_669.jpg,c_0569,Training,meningioma,5,Testing|Training,meningioma,True,False
Training/meningioma/Tr-me_283.jpg,c_0569,Training,meningioma,5,Testing|Training,meningioma,True,False
Training/meningioma/Tr-me_220.jpg,c_0840,Training,meningioma,2,Training,meningioma,False,False
Training/meningioma/Tr-me_702.jpg,c_0840,Training,meningioma,2,Training,meningioma,False,False
Training/meningioma/Tr-me_222.jpg,c_0550,Training,meningioma,2,Training,meningioma,False,False
Training/meningioma/Tr-me_251.jpg,c_0550,Training,meningioma,2,Training,meningioma,False,False
Training/meningioma/Tr-me_228.jpg,c_0638,Training,meningioma,2,Training,meningioma,False,False
Training/meningioma/Tr-me_406.jpg,c_0638,Training,meningioma,2,Training,meningioma,False,False
Training/meningioma/Tr-me_230.jpg,c_0608,Training,meningioma,2,Training,meningioma,False,False
Training/meningioma/Tr-me_365.jpg,c_0608,Training,meningioma,2,Training,meningioma,False,False
Training/meningioma/Tr-me_231.jpg,c_0969,Training,meningioma,3,Training,meningioma,False,False
Training/meningioma/Tr-me_232.jpg,c_0893,Training,meningioma,2,Training,meningioma,False,False
Training/meningioma/Tr-me_77.jpg,c_0893,Training,meningioma,2,Training,meningioma,False,False
Training/meningioma/Tr-me_234.jpg,c_0600,Training,meningioma,2,Training,meningioma,False,False
Training/meningioma/Tr-me_347.jpg,c_0600,Training,meningioma,2,Training,meningioma,False,False
Training/meningioma/Tr-me_24.jpg,c_0702,Training,meningioma,2,Training,meningioma,False,False
Training/meningioma/Tr-me_51.jpg,c_0702,Training,meningioma,2,Training,meningioma,False,False
Training/meningioma/Tr-me_240.jpg,c_0818,Training,meningioma,2,Training,meningioma,False,False
Training/meningioma/Tr-me_675.jpg,c_0818,Training,meningioma,2,Training,meningioma,False,False
Training/meningioma/Tr-me_243.jpg,c_0837,Training,meningioma,2,Training,meningioma,False,False
Training/meningioma/Tr-me_70.jpg,c_0837,Training,meningioma,2,Training,meningioma,False,False
Training/meningioma/Tr-me_244.jpg,c_0615,Training,meningioma,2,Training,meningioma,False,False
Training/meningioma/Tr-me_378.jpg,c_0615,Training,meningioma,2,Training,meningioma,False,False
Training/meningioma/Tr-me_246.jpg,c_0857,Training,meningioma,2,Training,meningioma,False,False
Training/meningioma/Tr-me_727.jpg,c_0857,Training,meningioma,2,Training,meningioma,False,False
Training/meningioma/Tr-me_247.jpg,c_0976,Training,meningioma,2,Training,meningioma,False,False
Training/meningioma/Tr-me_863.jpg,c_0976,Training,meningioma,2,Training,meningioma,False,False
Training/meningioma/Tr-me_249.jpg,c_1103,Training,meningioma,2,Training,meningioma,False,False
Training/meningioma/Tr-me_996.jpg,c_1103,Training,meningioma,2,Training,meningioma,False,False
Training/meningioma/Tr-me_250.jpg,c_0838,Training,meningioma,2,Training,meningioma,False,False
Training/meningioma/Tr-me_700.jpg,c_0838,Training,meningioma,2,Training,meningioma,False,False
Training/meningioma/Tr-me_252.jpg,c_0564,Training,meningioma,2,Training,meningioma,False,False
Training/meningioma/Tr-me_277.jpg,c_0564,Training,meningioma,2,Training,meningioma,False,False
Training/meningioma/Tr-me_254.jpg,c_0570,Training,meningioma,2,Training,meningioma,False,False
Training/meningioma/Tr-me_284.jpg,c_0570,Training,meningioma,2,Training,meningioma,False,False
Training/meningioma/Tr-me_256.jpg,c_0806,Training,meningioma,2,Training,meningioma,False,False
Training/meningioma/Tr-me_66.jpg,c_0806,Training,meningioma,2,Training,meningioma,False,False
Training/meningioma/Tr-me_258.jpg,c_0565,Training,meningioma,2,Training,meningioma,False,False
Training/meningioma/Tr-me_278.jpg,c_0565,Training,meningioma,2,Training,meningioma,False,False
Training/meningioma/Tr-me_26.jpg,c_0595,Training,meningioma,4,Training,meningioma,False,False
Training/meningioma/Tr-me_340.jpg,c_0595,Training,meningioma,4,Training,meningioma,False,False
Training/meningioma/Tr-me_262.jpg,c_0680,Training,meningioma,2,Training,meningioma,False,False
Training/meningioma/Tr-me_482.jpg,c_0680,Training,meningioma,2,Training,meningioma,False,False
Training/meningioma/Tr-me_263.jpg,c_0652,Training,meningioma,2,Training,meningioma,False,False
Training/meningioma/Tr-me_436.jpg,c_0652,Training,meningioma,2,Training,meningioma,False,False
Training/meningioma/Tr-me_264.jpg,c_0767,Training,meningioma,2,Training,meningioma,False,False
Training/meningioma/Tr-me_611.jpg,c_0767,Training,meningioma,2,Training,meningioma,False,False
Training/meningioma/Tr-me_270.jpg,c_0618,Training,meningioma,2,Training,meningioma,False,False
Training/meningioma/Tr-me_383.jpg,c_0618,Training,meningioma,2,Training,meningioma,False,False
Training/meningioma/Tr-me_273.jpg,c_0781,Training,meningioma,2,Training,meningioma,False,False
Training/meningioma/Tr-me_628.jpg,c_0781,Training,meningioma,2,Training,meningioma,False,False
Training/meningioma/Tr-me_28.jpg,c_0587,Training,meningioma,2,Training,meningioma,False,False
Training/meningioma/Tr-me_323.jpg,c_0587,Training,meningioma,2,Training,meningioma,False,False
Training/meningioma/Tr-me_282.jpg,c_0946,Training,meningioma,2,Training,meningioma,False,False
Training/meningioma/Tr-me_829.jpg,c_0946,Training,meningioma,2,Training,meningioma,False,False
Training/meningioma/Tr-me_285.jpg,c_0629,Training,meningioma,2,Training,meningioma,False,False
Training/meningioma/Tr-me_397.jpg,c_0629,Training,meningioma,2,Training,meningioma,False,False
Training/meningioma/Tr-me_286.jpg,c_0819,Training,meningioma,2,Training,meningioma,False,False
Training/meningioma/Tr-me_676.jpg,c_0819,Training,meningioma,2,Training,meningioma,False,False
Training/meningioma/Tr-me_288.jpg,c_1065,Training,meningioma,2,Training,meningioma,False,False
Training/meningioma/Tr-me_958.jpg,c_1065,Training,meningioma,2,Training,meningioma,False,False
Training/meningioma/Tr-me_290.jpg,c_0617,Training,meningioma,2,Training,meningioma,False,False
Training/meningioma/Tr-me_382.jpg,c_0617,Training,meningioma,2,Training,meningioma,False,False
Training/meningioma/Tr-me_293.jpg,c_0919,Training,meningioma,2,Training,meningioma,False,False
Training/meningioma/Tr-me_795.jpg,c_0919,Training,meningioma,2,Training,meningioma,False,False
Training/meningioma/Tr-me_295.jpg,c_0862,Training,meningioma,2,Training,meningioma,False,False
Training/meningioma/Tr-me_733.jpg,c_0862,Training,meningioma,2,Training,meningioma,False,False
Training/meningioma/Tr-me_297.jpg,c_0812,Training,meningioma,2,Training,meningioma,False,False
Training/meningioma/Tr-me_67.jpg,c_0812,Training,meningioma,2,Training,meningioma,False,False
Training/meningioma/Tr-me_299.jpg,c_0908,Training,meningioma,2,Training,meningioma,False,False
Training/meningioma/Tr-me_785.jpg,c_0908,Training,meningioma,2,Training,meningioma,False,False
Training/meningioma/Tr-me_300.jpg,c_0584,Training,meningioma,2,Training,meningioma,False,False
Training/meningioma/Tr-me_317.jpg,c_0584,Training,meningioma,2,Training,meningioma,False,False
Training/meningioma/Tr-me_302.jpg,c_0926,Training,meningioma,2,Training,meningioma,False,False
Training/meningioma/Tr-me_804.jpg,c_0926,Training,meningioma,2,Training,meningioma,False,False
Training/meningioma/Tr-me_303.jpg,c_0830,Training,meningioma,2,Training,meningioma,False,False
Training/meningioma/Tr-me_693.jpg,c_0830,Training,meningioma,2,Training,meningioma,False,False
Training/meningioma/Tr-me_304.jpg,c_0667,Training,meningioma,2,Training,meningioma,False,False
Training/meningioma/Tr-me_461.jpg,c_0667,Training,meningioma,2,Training,meningioma,False,False
Training/meningioma/Tr-me_306.jpg,c_0859,Training,meningioma,2,Training,meningioma,False,False
Training/meningioma/Tr-me_73.jpg,c_0859,Training,meningioma,2,Training,meningioma,False,False
Training/meningioma/Tr-me_309.jpg,c_0674,Training,meningioma,2,Training,meningioma,False,False
Training/meningioma/Tr-me_475.jpg,c_0674,Training,meningioma,2,Training,meningioma,False,False
Training/meningioma/Tr-me_311.jpg,c_0777,Training,meningioma,2,Training,meningioma,False,False
Training/meningioma/Tr-me_622.jpg,c_0777,Training,meningioma,2,Training,meningioma,False,False
Training/meningioma/Tr-me_312.jpg,c_0743,Training,meningioma,2,Training,meningioma,False,False
Training/meningioma/Tr-me_576.jpg,c_0743,Training,meningioma,2,Training,meningioma,False,False
Training/meningioma/Tr-me_314.jpg,c_0990,Training,meningioma,2,Training,meningioma,False,False
Training/meningioma/Tr-me_88.jpg,c_0990,Training,meningioma,2,Training,meningioma,False,False
Training/meningioma/Tr-me_315.jpg,c_0691,Training,meningioma,2,Training,meningioma,False,False
Training/meningioma/Tr-me_498.jpg,c_0691,Training,meningioma,2,Training,meningioma,False,False
Training/meningioma/Tr-me_319.jpg,c_0872,Training,meningioma,2,Training,meningioma,False,False
Training/meningioma/Tr-me_745.jpg,c_0872,Training,meningioma,2,Training,meningioma,False,False
Training/meningioma/Tr-me_32.jpg,c_0718,Training,meningioma,2,Training,meningioma,False,False
Training/meningioma/Tr-me_539.jpg,c_0718,Training,meningioma,2,Training,meningioma,False,False
Training/meningioma/Tr-me_322.jpg,c_0628,Training,meningioma,2,Training,meningioma,False,False
Training/meningioma/Tr-me_396.jpg,c_0628,Training,meningioma,2,Training,meningioma,False,False
Training/meningioma/Tr-me_324.jpg,c_0815,Training,meningioma,2,Training,meningioma,False,False
Training/meningioma/Tr-me_672.jpg,c_0815,Training,meningioma,2,Training,meningioma,False,False
Training/meningioma/Tr-me_325.jpg,c_0809,Training,meningioma,2,Training,meningioma,False,False
Training/meningioma/Tr-me_665.jpg,c_0809,Training,meningioma,2,Training,meningioma,False,False
Training/meningioma/Tr-me_326.jpg,c_0968,Training,meningioma,2,Training,meningioma,False,False
Training/meningioma/Tr-me_854.jpg,c_0968,Training,meningioma,2,Training,meningioma,False,False
Training/meningioma/Tr-me_328.jpg,c_0988,Training,meningioma,2,Training,meningioma,False,False
Training/meningioma/Tr-me_878.jpg,c_0988,Training,meningioma,2,Training,meningioma,False,False
Training/meningioma/Tr-me_33.jpg,c_0678,Training,meningioma,2,Training,meningioma,False,False
Training/meningioma/Tr-me_480.jpg,c_0678,Training,meningioma,2,Training,meningioma,False,False
Training/meningioma/Tr-me_332.jpg,c_0744,Training,meningioma,2,Training,meningioma,False,False
Training/meningioma/Tr-me_577.jpg,c_0744,Training,meningioma,2,Training,meningioma,False,False
Training/meningioma/Tr-me_333.jpg,c_0813,Training,meningioma,2,Training,meningioma,False,False
Training/meningioma/Tr-me_670.jpg,c_0813,Training,meningioma,2,Training,meningioma,False,False
Training/meningioma/Tr-me_334.jpg,c_0697,Training,meningioma,2,Training,meningioma,False,False
Training/meningioma/Tr-me_503.jpg,c_0697,Training,meningioma,2,Training,meningioma,False,False
Training/meningioma/Tr-me_335.jpg,c_0732,Training,meningioma,2,Training,meningioma,False,False
Training/meningioma/Tr-me_558.jpg,c_0732,Training,meningioma,2,Training,meningioma,False,False
Training/meningioma/Tr-me_337.jpg,c_0849,Training,meningioma,2,Training,meningioma,False,False
Training/meningioma/Tr-me_710.jpg,c_0849,Training,meningioma,2,Training,meningioma,False,False
Training/meningioma/Tr-me_343.jpg,c_0940,Training,meningioma,2,Training,meningioma,False,False
Training/meningioma/Tr-me_820.jpg,c_0940,Training,meningioma,2,Training,meningioma,False,False
Training/meningioma/Tr-me_344.jpg,c_1056,Training,meningioma,2,Training,meningioma,False,False
Training/meningioma/Tr-me_949.jpg,c_1056,Training,meningioma,2,Training,meningioma,False,False
Training/meningioma/Tr-me_348.jpg,c_0945,Training,meningioma,2,Training,meningioma,False,False
Training/meningioma/Tr-me_827.jpg,c_0945,Training,meningioma,2,Training,meningioma,False,False
Training/meningioma/Tr-me_351.jpg,c_0603,Training,meningioma,2,Training,meningioma,False,False
Training/meningioma/Tr-me_354.jpg,c_0603,Training,meningioma,2,Training,meningioma,False,False
Training/meningioma/Tr-me_352.jpg,c_0660,Training,meningioma,2,Training,meningioma,False,False
Training/meningioma/Tr-me_449.jpg,c_0660,Training,meningioma,2,Training,meningioma,False,False
Training/meningioma/Tr-me_355.jpg,c_0630,Training,meningioma,2,Training,meningioma,False,False
Training/meningioma/Tr-me_4.jpg,c_0630,Training,meningioma,2,Training,meningioma,False,False
Training/meningioma/Tr-me_356.jpg,c_0923,Training,meningioma,2,Training,meningioma,False,False
Training/meningioma/Tr-me_801.jpg,c_0923,Training,meningioma,2,Training,meningioma,False,False
Training/meningioma/Tr-me_565.jpg,c_0738,Training,meningioma,4,Testing|Training,meningioma,True,False
Training/meningioma/Tr-me_361.jpg,c_1084,Training,meningioma,2,Training,meningioma,False,False
Training/meningioma/Tr-me_977.jpg,c_1084,Training,meningioma,2,Training,meningioma,False,False
Training/meningioma/Tr-me_362.jpg,c_0881,Training,meningioma,4,Training,meningioma,False,False
Training/meningioma/Tr-me_381.jpg,c_0881,Training,meningioma,4,Training,meningioma,False,False
Training/meningioma/Tr-me_728.jpg,c_0881,Training,meningioma,4,Training,meningioma,False,False
Training/meningioma/Tr-me_754.jpg,c_0881,Training,meningioma,4,Training,meningioma,False,False
Training/meningioma/Tr-me_363.jpg,c_0641,Training,meningioma,2,Training,meningioma,False,False
Training/meningioma/Tr-me_412.jpg,c_0641,Training,meningioma,2,Training,meningioma,False,False
Training/meningioma/Tr-me_364.jpg,c_0938,Training,meningioma,2,Training,meningioma,False,False
Training/meningioma/Tr-me_818.jpg,c_0938,Training,meningioma,2,Training,meningioma,False,False
Training/meningioma/Tr-me_367.jpg,c_0935,Training,meningioma,2,Training,meningioma,False,False
Training/meningioma/Tr-me_813.jpg,c_0935,Training,meningioma,2,Training,meningioma,False,False
Training/meningioma/Tr-me_369.jpg,c_0639,Training,meningioma,2,Training,meningioma,False,False
Training/meningioma/Tr-me_407.jpg,c_0639,Training,meningioma,2,Training,meningioma,False,False
Training/meningioma/Tr-me_37.jpg,c_0693,Training,meningioma,2,Training,meningioma,False,False
Training/meningioma/Tr-me_5.jpg,c_0693,Training,meningioma,2,Training,meningioma,False,False
Training/meningioma/Tr-me_371.jpg,c_1044,Training,meningioma,2,Training,meningioma,False,False
Training/meningioma/Tr-me_937.jpg,c_1044,Training,meningioma,2,Training,meningioma,False,False
Training/meningioma/Tr-me_375.jpg,c_1043,Training,meningioma,2,Training,meningioma,False,False
Training/meningioma/Tr-me_935.jpg,c_1043,Training,meningioma,2,Training,meningioma,False,False
Training/meningioma/Tr-me_38.jpg,c_0890,Training,meningioma,2,Training,meningioma,False,False
Training/meningioma/Tr-me_767.jpg,c_0890,Training,meningioma,2,Training,meningioma,False,False
Training/meningioma/Tr-me_380.jpg,c_0760,Training,meningioma,2,Training,meningioma,False,False
Training/meningioma/Tr-me_603.jpg,c_0760,Training,meningioma,2,Training,meningioma,False,False
Training/meningioma/Tr-me_387.jpg,c_0941,Training,meningioma,2,Training,meningioma,False,False
Training/meningioma/Tr-me_821.jpg,c_0941,Training,meningioma,2,Training,meningioma,False,False
Training/meningioma/Tr-me_390.jpg,c_1073,Training,meningioma,2,Training,meningioma,False,False
Training/meningioma/Tr-me_967.jpg,c_1073,Training,meningioma,2,Training,meningioma,False,False
Training/meningioma/Tr-me_392.jpg,c_0970,Training,meningioma,2,Training,meningioma,False,False
Training/meningioma/Tr-me_856.jpg,c_0970,Training,meningioma,2,Training,meningioma,False,False
Training/meningioma/Tr-me_393.jpg,c_0833,Training,meningioma,2,Training,meningioma,False,False
Training/meningioma/Tr-me_697.jpg,c_0833,Training,meningioma,2,Training,meningioma,False,False
Training/meningioma/Tr-me_409.jpg,c_1504,Training,meningioma,3,Training,meningioma|pituitary,False,True
Training/pituitary/Tr-pi_1309.jpg,c_1504,Training,pituitary,3,Training,meningioma|pituitary,False,True
Training/pituitary/Tr-pi_261.jpg,c_1504,Training,pituitary,3,Training,meningioma|pituitary,False,True
Training/meningioma/Tr-me_410.jpg,c_0759,Training,meningioma,2,Training,meningioma,False,False
Training/meningioma/Tr-me_600.jpg,c_0759,Training,meningioma,2,Training,meningioma,False,False
Training/meningioma/Tr-me_411.jpg,c_1076,Training,meningioma,2,Training,meningioma,False,False
Training/meningioma/Tr-me_97.jpg,c_1076,Training,meningioma,2,Training,meningioma,False,False
Training/meningioma/Tr-me_414.jpg,c_0817,Training,meningioma,2,Training,meningioma,False,False
Training/meningioma/Tr-me_674.jpg,c_0817,Training,meningioma,2,Training,meningioma,False,False
Training/meningioma/Tr-me_72.jpg,c_0853,Training,meningioma,4,Training,meningioma,False,False
Training/meningioma/Tr-me_419.jpg,c_1047,Training,meningioma,2,Training,meningioma,False,False
Training/meningioma/Tr-me_94.jpg,c_1047,Training,meningioma,2,Training,meningioma,False,False
Training/meningioma/Tr-me_42.jpg,c_0727,Training,meningioma,2,Training,meningioma,False,False
Training/meningioma/Tr-me_551.jpg,c_0727,Training,meningioma,2,Training,meningioma,False,False
Training/meningioma/Tr-me_423.jpg,c_0866,Training,meningioma,2,Training,meningioma,False,False
Training/meningioma/Tr-me_738.jpg,c_0866,Training,meningioma,2,Training,meningioma,False,False
Training/meningioma/Tr-me_425.jpg,c_0734,Training,meningioma,2,Training,meningioma,False,False
Training/meningioma/Tr-me_560.jpg,c_0734,Training,meningioma,2,Training,meningioma,False,False
Training/meningioma/Tr-me_426.jpg,c_1079,Training,meningioma,2,Training,meningioma,False,False
Training/meningioma/Tr-me_972.jpg,c_1079,Training,meningioma,2,Training,meningioma,False,False
Training/meningioma/Tr-me_429.jpg,c_1025,Training,meningioma,2,Training,meningioma,False,False
Training/meningioma/Tr-me_915.jpg,c_1025,Training,meningioma,2,Training,meningioma,False,False
Training/meningioma/Tr-me_430.jpg,c_0699,Training,meningioma,2,Training,meningioma,False,False
Training/meningioma/Tr-me_507.jpg,c_0699,Training,meningioma,2,Training,meningioma,False,False
Training/meningioma/Tr-me_433.jpg,c_0700,Training,meningioma,2,Training,meningioma,False,False
Training/meningioma/Tr-me_508.jpg,c_0700,Training,meningioma,2,Training,meningioma,False,False
Training/meningioma/Tr-me_434.jpg,c_0905,Training,meningioma,2,Training,meningioma,False,False
Training/meningioma/Tr-me_782.jpg,c_0905,Training,meningioma,2,Training,meningioma,False,False
Training/meningioma/Tr-me_435.jpg,c_0792,Training,meningioma,2,Training,meningioma,False,False
Training/meningioma/Tr-me_640.jpg,c_0792,Training,meningioma,2,Training,meningioma,False,False
Training/meningioma/Tr-me_440.jpg,c_0822,Training,meningioma,2,Training,meningioma,False,False
Training/meningioma/Tr-me_68.jpg,c_0822,Training,meningioma,2,Training,meningioma,False,False
Training/meningioma/Tr-me_442.jpg,c_0828,Training,meningioma,2,Training,meningioma,False,False
Training/meningioma/Tr-me_69.jpg,c_0828,Training,meningioma,2,Training,meningioma,False,False
Training/meningioma/Tr-me_444.jpg,c_0996,Training,meningioma,2,Training,meningioma,False,False
Training/meningioma/Tr-me_886.jpg,c_0996,Training,meningioma,2,Training,meningioma,False,False
Training/meningioma/Tr-me_446.jpg,c_0692,Training,meningioma,2,Training,meningioma,False,False
Training/meningioma/Tr-me_499.jpg,c_0692,Training,meningioma,2,Training,meningioma,False,False
Training/meningioma/Tr-me_447.jpg,c_0773,Training,meningioma,2,Training,meningioma,False,False
Training/meningioma/Tr-me_619.jpg,c_0773,Training,meningioma,2,Training,meningioma,False,False
Training/meningioma/Tr-me_45.jpg,c_0801,Training,meningioma,2,Training,meningioma,False,False
Training/meningioma/Tr-me_654.jpg,c_0801,Training,meningioma,2,Training,meningioma,False,False
Training/meningioma/Tr-me_451.jpg,c_0778,Training,meningioma,2,Training,meningioma,False,False
Training/meningioma/Tr-me_624.jpg,c_0778,Training,meningioma,2,Training,meningioma,False,False
Training/meningioma/Tr-me_455.jpg,c_0672,Training,meningioma,2,Training,meningioma,False,False
Training/meningioma/Tr-me_470.jpg,c_0672,Training,meningioma,2,Training,meningioma,False,False
Training/meningioma/Tr-me_457.jpg,c_1106,Training,meningioma,2,Training,meningioma,False,False
Training/meningioma/Tr-me_999.jpg,c_1106,Training,meningioma,2,Training,meningioma,False,False
Training/meningioma/Tr-me_46.jpg,c_0971,Training,meningioma,2,Training,meningioma,False,False
Training/meningioma/Tr-me_857.jpg,c_0971,Training,meningioma,2,Training,meningioma,False,False
Training/meningioma/Tr-me_460.jpg,c_0758,Training,meningioma,2,Training,meningioma,False,False
Training/meningioma/Tr-me_60.jpg,c_0758,Training,meningioma,2,Training,meningioma,False,False
Training/meningioma/Tr-me_944.jpg,c_1051,Training,meningioma,4,Testing|Training,meningioma,True,False
Training/meningioma/Tr-me_466.jpg,c_0986,Training,meningioma,2,Training,meningioma,False,False
Training/meningioma/Tr-me_876.jpg,c_0986,Training,meningioma,2,Training,meningioma,False,False
Training/meningioma/Tr-me_467.jpg,c_1011,Training,meningioma,2,Training,meningioma,False,False
Training/meningioma/Tr-me_90.jpg,c_1011,Training,meningioma,2,Training,meningioma,False,False
Training/meningioma/Tr-me_469.jpg,c_0963,Training,meningioma,2,Training,meningioma,False,False
Training/meningioma/Tr-me_849.jpg,c_0963,Training,meningioma,2,Training,meningioma,False,False
Training/meningioma/Tr-me_471.jpg,c_0722,Training,meningioma,2,Training,meningioma,False,False
Training/meningioma/Tr-me_544.jpg,c_0722,Training,meningioma,2,Training,meningioma,False,False
Training/meningioma/Tr-me_473.jpg,c_1075,Training,meningioma,2,Training,meningioma,False,False
Training/meningioma/Tr-me_969.jpg,c_1075,Training,meningioma,2,Training,meningioma,False,False
Training/meningioma/Tr-me_474.jpg,c_0953,Training,meningioma,2,Training,meningioma,False,False
Training/meningioma/Tr-me_835.jpg,c_0953,Training,meningioma,2,Training,meningioma,False,False
Training/meningioma/Tr-me_476.jpg,c_0730,Training,meningioma,2,Training,meningioma,False,False
Training/meningioma/Tr-me_554.jpg,c_0730,Training,meningioma,2,Training,meningioma,False,False
Training/meningioma/Tr-me_477.jpg,c_1100,Training,meningioma,2,Training,meningioma,False,False
Training/meningioma/Tr-me_993.jpg,c_1100,Training,meningioma,2,Training,meningioma,False,False
Training/meningioma/Tr-me_483.jpg,c_0909,Training,meningioma,2,Training,meningioma,False,False
Training/meningioma/Tr-me_786.jpg,c_0909,Training,meningioma,2,Training,meningioma,False,False
Training/meningioma/Tr-me_484.jpg,c_0921,Training,meningioma,2,Training,meningioma,False,False
Training/meningioma/Tr-me_798.jpg,c_0921,Training,meningioma,2,Training,meningioma,False,False
Training/meningioma/Tr-me_485.jpg,c_0782,Training,meningioma,2,Training,meningioma,False,False
Training/meningioma/Tr-me_63.jpg,c_0782,Training,meningioma,2,Training,meningioma,False,False
Training/meningioma/Tr-me_495.jpg,c_0902,Training,meningioma,2,Training,meningioma,False,False
Training/meningioma/Tr-me_78.jpg,c_0902,Training,meningioma,2,Training,meningioma,False,False
Training/meningioma/Tr-me_500.jpg,c_0995,Training,meningioma,2,Training,meningioma,False,False
Training/meningioma/Tr-me_884.jpg,c_0995,Training,meningioma,2,Training,meningioma,False,False
Training/meningioma/Tr-me_504.jpg,c_0745,Training,meningioma,2,Training,meningioma,False,False
Training/meningioma/Tr-me_580.jpg,c_0745,Training,meningioma,2,Training,meningioma,False,False
Training/meningioma/Tr-me_506.jpg,c_0740,Training,meningioma,2,Training,meningioma,False,False
Training/meningioma/Tr-me_569.jpg,c_0740,Training,meningioma,2,Training,meningioma,False,False
Training/meningioma/Tr-me_512.jpg,c_0753,Training,meningioma,2,Training,meningioma,False,False
Training/meningioma/Tr-me_591.jpg,c_0753,Training,meningioma,2,Training,meningioma,False,False
Training/meningioma/Tr-me_514.jpg,c_1031,Training,meningioma,2,Training,meningioma,False,False
Training/meningioma/Tr-me_922.jpg,c_1031,Training,meningioma,2,Training,meningioma,False,False
Training/meningioma/Tr-me_515.jpg,c_0742,Training,meningioma,2,Training,meningioma,False,False
Training/meningioma/Tr-me_574.jpg,c_0742,Training,meningioma,2,Training,meningioma,False,False
Training/meningioma/Tr-me_517.jpg,c_0797,Training,meningioma,2,Training,meningioma,False,False
Training/meningioma/Tr-me_649.jpg,c_0797,Training,meningioma,2,Training,meningioma,False,False
Training/meningioma/Tr-me_518.jpg,c_0898,Training,meningioma,2,Training,meningioma,False,False
Training/meningioma/Tr-me_775.jpg,c_0898,Training,meningioma,2,Training,meningioma,False,False
Training/meningioma/Tr-me_519.jpg,c_0956,Training,meningioma,2,Training,meningioma,False,False
Training/meningioma/Tr-me_842.jpg,c_0956,Training,meningioma,2,Training,meningioma,False,False
Training/meningioma/Tr-me_521.jpg,c_0751,Training,meningioma,2,Training,meningioma,False,False
Training/meningioma/Tr-me_59.jpg,c_0751,Training,meningioma,2,Training,meningioma,False,False
Training/meningioma/Tr-me_526.jpg,c_1074,Training,meningioma,2,Training,meningioma,False,False
Training/meningioma/Tr-me_968.jpg,c_1074,Training,meningioma,2,Training,meningioma,False,False
Training/meningioma/Tr-me_529.jpg,c_1021,Training,meningioma,2,Training,meningioma,False,False
Training/meningioma/Tr-me_911.jpg,c_1021,Training,meningioma,2,Training,meningioma,False,False
Training/meningioma/Tr-me_531.jpg,c_0776,Training,meningioma,2,Training,meningioma,False,False
Training/meningioma/Tr-me_621.jpg,c_0776,Training,meningioma,2,Training,meningioma,False,False
Training/meningioma/Tr-me_533.jpg,c_1971,Training,meningioma,2,Training,meningioma|pituitary,False,True
Training/pituitary/Tr-pi_91.jpg,c_1971,Training,pituitary,2,Training,meningioma|pituitary,False,True
Training/meningioma/Tr-me_536.jpg,c_0841,Training,meningioma,2,Training,meningioma,False,False
Training/meningioma/Tr-me_703.jpg,c_0841,Training,meningioma,2,Training,meningioma,False,False
Training/meningioma/Tr-me_537.jpg,c_0791,Training,meningioma,2,Training,meningioma,False,False
Training/meningioma/Tr-me_64.jpg,c_0791,Training,meningioma,2,Training,meningioma,False,False
Training/meningioma/Tr-me_54.jpg,c_0723,Training,meningioma,2,Training,meningioma,False,False
Training/meningioma/Tr-me_548.jpg,c_0723,Training,meningioma,2,Training,meningioma,False,False
Training/meningioma/Tr-me_546.jpg,c_0939,Training,meningioma,2,Training,meningioma,False,False
Training/meningioma/Tr-me_82.jpg,c_0939,Training,meningioma,2,Training,meningioma,False,False
Training/meningioma/Tr-me_547.jpg,c_0820,Training,meningioma,2,Training,meningioma,False,False
Training/meningioma/Tr-me_677.jpg,c_0820,Training,meningioma,2,Training,meningioma,False,False
Training/meningioma/Tr-me_555.jpg,c_0748,Training,meningioma,2,Training,meningioma,False,False
Training/meningioma/Tr-me_585.jpg,c_0748,Training,meningioma,2,Training,meningioma,False,False
Training/meningioma/Tr-me_56.jpg,c_0887,Training,meningioma,2,Training,meningioma,False,False
Training/meningioma/Tr-me_763.jpg,c_0887,Training,meningioma,2,Training,meningioma,False,False
Training/meningioma/Tr-me_566.jpg,c_0912,Training,meningioma,2,Training,meningioma,False,False
Training/meningioma/Tr-me_789.jpg,c_0912,Training,meningioma,2,Training,meningioma,False,False
Training/meningioma/Tr-me_568.jpg,c_1038,Training,meningioma,2,Training,meningioma,False,False
Training/meningioma/Tr-me_93.jpg,c_1038,Training,meningioma,2,Training,meningioma,False,False
Training/meningioma/Tr-me_57.jpg,c_0977,Training,meningioma,2,Training,meningioma,False,False
Training/meningioma/Tr-me_864.jpg,c_0977,Training,meningioma,2,Training,meningioma,False,False
Training/meningioma/Tr-me_570.jpg,c_0965,Training,meningioma,2,Training,meningioma,False,False
Training/meningioma/Tr-me_851.jpg,c_0965,Training,meningioma,2,Training,meningioma,False,False
Training/meningioma/Tr-me_572.jpg,c_0752,Training,meningioma,2,Training,meningioma,False,False
Training/meningioma/Tr-me_590.jpg,c_0752,Training,meningioma,2,Training,meningioma,False,False
Training/meningioma/Tr-me_573.jpg,c_0914,Training,meningioma,2,Training,meningioma,False,False
Training/meningioma/Tr-me_790.jpg,c_0914,Training,meningioma,2,Training,meningioma,False,False
Training/meningioma/Tr-me_575.jpg,c_1015,Training,meningioma,2,Training,meningioma,False,False
Training/meningioma/Tr-me_904.jpg,c_1015,Training,meningioma,2,Training,meningioma,False,False
Training/meningioma/Tr-me_578.jpg,c_0918,Training,meningioma,2,Training,meningioma,False,False
Training/meningioma/Tr-me_794.jpg,c_0918,Training,meningioma,2,Training,meningioma,False,False
Training/meningioma/Tr-me_58.jpg,c_0907,Training,meningioma,2,Training,meningioma,False,False
Training/meningioma/Tr-me_784.jpg,c_0907,Training,meningioma,2,Training,meningioma,False,False
Training/meningioma/Tr-me_581.jpg,c_0916,Training,meningioma,2,Training,meningioma,False,False
Training/meningioma/Tr-me_792.jpg,c_0916,Training,meningioma,2,Training,meningioma,False,False
Training/meningioma/Tr-me_584.jpg,c_1027,Training,meningioma,2,Training,meningioma,False,False
Training/meningioma/Tr-me_918.jpg,c_1027,Training,meningioma,2,Training,meningioma,False,False
Training/meningioma/Tr-me_588.jpg,c_0983,Training,meningioma,2,Training,meningioma,False,False
Training/meningioma/Tr-me_873.jpg,c_0983,Training,meningioma,2,Training,meningioma,False,False
Training/meningioma/Tr-me_595.jpg,c_0944,Training,meningioma,2,Training,meningioma,False,False
Training/meningioma/Tr-me_825.jpg,c_0944,Training,meningioma,2,Training,meningioma,False,False
Training/meningioma/Tr-me_596.jpg,c_1078,Training,meningioma,2,Training,meningioma,False,False
Training/meningioma/Tr-me_971.jpg,c_1078,Training,meningioma,2,Training,meningioma,False,False
Training/meningioma/Tr-me_6.jpg,c_0949,Training,meningioma,2,Training,meningioma,False,False
Training/meningioma/Tr-me_831.jpg,c_0949,Training,meningioma,2,Training,meningioma,False,False
Training/meningioma/Tr-me_601.jpg,c_1032,Training,meningioma,2,Training,meningioma,False,False
Training/meningioma/Tr-me_923.jpg,c_1032,Training,meningioma,2,Training,meningioma,False,False
Training/meningioma/Tr-me_602.jpg,c_0992,Training,meningioma,2,Training,meningioma,False,False
Training/meningioma/Tr-me_881.jpg,c_0992,Training,meningioma,2,Training,meningioma,False,False
Training/meningioma/Tr-me_604.jpg,c_0816,Training,meningioma,2,Training,meningioma,False,False
Training/meningioma/Tr-me_673.jpg,c_0816,Training,meningioma,2,Training,meningioma,False,False
Training/meningioma/Tr-me_610.jpg,c_1029,Training,meningioma,2,Training,meningioma,False,False
Training/meningioma/Tr-me_92.jpg,c_1029,Training,meningioma,2,Training,meningioma,False,False
Training/meningioma/Tr-me_612.jpg,c_0984,Training,meningioma,2,Training,meningioma,False,False
Training/meningioma/Tr-me_874.jpg,c_0984,Training,meningioma,2,Training,meningioma,False,False
Training/meningioma/Tr-me_614.jpg,c_1008,Training,meningioma,2,Training,meningioma,False,False
Training/meningioma/Tr-me_898.jpg,c_1008,Training,meningioma,2,Training,meningioma,False,False
Training/meningioma/Tr-me_623.jpg,c_0993,Training,meningioma,2,Training,meningioma,False,False
Training/meningioma/Tr-me_882.jpg,c_0993,Training,meningioma,2,Training,meningioma,False,False
Training/meningioma/Tr-me_626.jpg,c_0942,Training,meningioma,2,Training,meningioma,False,False
Training/meningioma/Tr-me_823.jpg,c_0942,Training,meningioma,2,Training,meningioma,False,False
Training/meningioma/Tr-me_629.jpg,c_1083,Training,meningioma,2,Training,meningioma,False,False
Training/meningioma/Tr-me_976.jpg,c_1083,Training,meningioma,2,Training,meningioma,False,False
Training/meningioma/Tr-me_643.jpg,c_1039,Training,meningioma,2,Training,meningioma,False,False
Training/meningioma/Tr-me_930.jpg,c_1039,Training,meningioma,2,Training,meningioma,False,False
Training/meningioma/Tr-me_645.jpg,c_0834,Training,meningioma,2,Training,meningioma,False,False
Training/meningioma/Tr-me_698.jpg,c_0834,Training,meningioma,2,Training,meningioma,False,False
Training/meningioma/Tr-me_650.jpg,c_0823,Training,meningioma,2,Training,meningioma,False,False
Training/meningioma/Tr-me_681.jpg,c_0823,Training,meningioma,2,Training,meningioma,False,False
Training/meningioma/Tr-me_652.jpg,c_1046,Training,meningioma,2,Training,meningioma,False,False
Training/meningioma/Tr-me_939.jpg,c_1046,Training,meningioma,2,Training,meningioma,False,False
Training/meningioma/Tr-me_657.jpg,c_0892,Training,meningioma,2,Training,meningioma,False,False
Training/meningioma/Tr-me_769.jpg,c_0892,Training,meningioma,2,Training,meningioma,False,False
Training/meningioma/Tr-me_662.jpg,c_1033,Training,meningioma,2,Training,meningioma,False,False
Training/meningioma/Tr-me_924.jpg,c_1033,Training,meningioma,2,Training,meningioma,False,False
Training/meningioma/Tr-me_664.jpg,c_0894,Training,meningioma,2,Training,meningioma,False,False
Training/meningioma/Tr-me_770.jpg,c_0894,Training,meningioma,2,Training,meningioma,False,False
Training/meningioma/Tr-me_680.jpg,c_0903,Training,meningioma,2,Training,meningioma,False,False
Training/meningioma/Tr-me_780.jpg,c_0903,Training,meningioma,2,Training,meningioma,False,False
Training/meningioma/Tr-me_683.jpg,c_1003,Training,meningioma,2,Training,meningioma,False,False
Training/meningioma/Tr-me_893.jpg,c_1003,Training,meningioma,2,Training,meningioma,False,False
Training/meningioma/Tr-me_685.jpg,c_0917,Training,meningioma,2,Training,meningioma,False,False
Training/meningioma/Tr-me_793.jpg,c_0917,Training,meningioma,2,Training,meningioma,False,False
Training/meningioma/Tr-me_690.jpg,c_0936,Training,meningioma,2,Training,meningioma,False,False
Training/meningioma/Tr-me_815.jpg,c_0936,Training,meningioma,2,Training,meningioma,False,False
Training/meningioma/Tr-me_711.jpg,c_1050,Training,meningioma,2,Training,meningioma,False,False
Training/meningioma/Tr-me_943.jpg,c_1050,Training,meningioma,2,Training,meningioma,False,False
Training/meningioma/Tr-me_713.jpg,c_1017,Training,meningioma,2,Training,meningioma,False,False
Training/meningioma/Tr-me_906.jpg,c_1017,Training,meningioma,2,Training,meningioma,False,False
Training/meningioma/Tr-me_721.jpg,c_0947,Training,meningioma,2,Training,meningioma,False,False
Training/meningioma/Tr-me_83.jpg,c_0947,Training,meningioma,2,Training,meningioma,False,False
Training/meningioma/Tr-me_723.jpg,c_0861,Training,meningioma,2,Training,meningioma,False,False
Training/meningioma/Tr-me_731.jpg,c_0861,Training,meningioma,2,Training,meningioma,False,False
Training/meningioma/Tr-me_732.jpg,c_1049,Training,meningioma,2,Training,meningioma,False,False
Training/meningioma/Tr-me_941.jpg,c_1049,Training,meningioma,2,Training,meningioma,False,False
Training/meningioma/Tr-me_743.jpg,c_1098,Training,meningioma,2,Training,meningioma,False,False
Training/meningioma/Tr-me_990.jpg,c_1098,Training,meningioma,2,Training,meningioma,False,False
Training/meningioma/Tr-me_76.jpg,c_0928,Training,meningioma,2,Training,meningioma,False,False
Training/meningioma/Tr-me_806.jpg,c_0928,Training,meningioma,2,Training,meningioma,False,False
Training/meningioma/Tr-me_762.jpg,c_1000,Training,meningioma,2,Training,meningioma,False,False
Training/meningioma/Tr-me_89.jpg,c_1000,Training,meningioma,2,Training,meningioma,False,False
Training/meningioma/Tr-me_766.jpg,c_0954,Training,meningioma,2,Training,meningioma,False,False
Training/meningioma/Tr-me_838.jpg,c_0954,Training,meningioma,2,Training,meningioma,False,False
Training/meningioma/Tr-me_778.jpg,c_0948,Training,meningioma,2,Training,meningioma,False,False
Training/meningioma/Tr-me_830.jpg,c_0948,Training,meningioma,2,Training,meningioma,False,False
Training/meningioma/Tr-me_80.jpg,c_1048,Training,meningioma,2,Training,meningioma,False,False
Training/meningioma/Tr-me_940.jpg,c_1048,Training,meningioma,2,Training,meningioma,False,False
Training/meningioma/Tr-me_800.jpg,c_1037,Training,meningioma,2,Training,meningioma,False,False
Training/meningioma/Tr-me_929.jpg,c_1037,Training,meningioma,2,Training,meningioma,False,False
Training/meningioma/Tr-me_819.jpg,c_1018,Training,meningioma,2,Training,meningioma,False,False
Training/meningioma/Tr-me_909.jpg,c_1018,Training,meningioma,2,Training,meningioma,False,False
Training/meningioma/Tr-me_822.jpg,c_0961,Training,meningioma,2,Training,meningioma,False,False
Training/meningioma/Tr-me_847.jpg,c_0961,Training,meningioma,2,Training,meningioma,False,False
Training/meningioma/Tr-me_828.jpg,c_1045,Training,meningioma,2,Training,meningioma,False,False
Training/meningioma/Tr-me_938.jpg,c_1045,Training,meningioma,2,Training,meningioma,False,False
Training/meningioma/Tr-me_837.jpg,c_0978,Training,meningioma,2,Training,meningioma,False,False
Training/meningioma/Tr-me_866.jpg,c_0978,Training,meningioma,2,Training,meningioma,False,False
Training/meningioma/Tr-me_839.jpg,c_1094,Training,meningioma,2,Training,meningioma,False,False
Training/meningioma/Tr-me_987.jpg,c_1094,Training,meningioma,2,Training,meningioma,False,False
Training/meningioma/Tr-me_84.jpg,c_0957,Training,meningioma,2,Training,meningioma,False,False
Training/meningioma/Tr-me_843.jpg,c_0957,Training,meningioma,2,Training,meningioma,False,False
Training/meningioma/Tr-me_891.jpg,c_1068,Training,meningioma,2,Training,meningioma,False,False
Training/meningioma/Tr-me_961.jpg,c_1068,Training,meningioma,2,Training,meningioma,False,False
Training/meningioma/Tr-me_900.jpg,c_1058,Training,meningioma,2,Training,meningioma,False,False
Training/meningioma/Tr-me_950.jpg,c_1058,Training,meningioma,2,Training,meningioma,False,False
Training/meningioma/Tr-me_933.jpg,c_1042,Training,meningioma,2,Training,meningioma,False,False
Training/meningioma/Tr-me_934.jpg,c_1042,Training,meningioma,2,Training,meningioma,False,False
Training/meningioma/Tr-me_964.jpg,c_1322,Training,meningioma,4,Training,meningioma|pituitary,False,True
Training/pituitary/Tr-pi_1380.jpg,c_1322,Training,pituitary,4,Training,meningioma|pituitary,False,True
Training/pituitary/Tr-pi_1155.jpg,c_1322,Training,pituitary,4,Training,meningioma|pituitary,False,True
Training/pituitary/Tr-pi_1098.jpg,c_1322,Training,pituitary,4,Training,meningioma|pituitary,False,True
Training/meningioma/Tr-me_981.jpg,c_1091,Training,meningioma,2,Training,meningioma,False,False
Training/meningioma/Tr-me_984.jpg,c_1091,Training,meningioma,2,Training,meningioma,False,False
Training/notumor/Tr-no_1000.jpg,c_1112,Training,notumor,2,Training,notumor,False,False
Training/notumor/Tr-no_105.jpg,c_1112,Training,notumor,2,Training,notumor,False,False
Training/notumor/Tr-no_1001.jpg,c_1200,Training,notumor,3,Training,notumor,False,False
Training/notumor/Tr-no_792.jpg,c_1200,Training,notumor,3,Training,notumor,False,False
Training/notumor/Tr-no_527.jpg,c_1200,Training,notumor,3,Training,notumor,False,False
Training/notumor/Tr-no_1009.jpg,c_1283,Training,notumor,19,Testing|Training,notumor,True,False
Training/notumor/Tr-no_743.jpg,c_1283,Training,notumor,19,Testing|Training,notumor,True,False
Training/notumor/Tr-no_406.jpg,c_1283,Training,notumor,19,Testing|Training,notumor,True,False
Training/notumor/Tr-no_1388.jpg,c_1283,Training,notumor,19,Testing|Training,notumor,True,False
Training/notumor/Tr-no_945.jpg,c_1283,Training,notumor,19,Testing|Training,notumor,True,False
Training/notumor/Tr-no_1014.jpg,c_1231,Training,notumor,5,Training,notumor,False,False
Training/notumor/Tr-no_1278.jpg,c_1231,Training,notumor,5,Training,notumor,False,False
Training/notumor/Tr-no_398.jpg,c_1231,Training,notumor,5,Training,notumor,False,False
Training/notumor/Tr-no_1199.jpg,c_1231,Training,notumor,5,Training,notumor,False,False
Training/notumor/Tr-no_697.jpg,c_1231,Training,notumor,5,Training,notumor,False,False
Training/notumor/Tr-no_1016.jpg,c_1253,Training,notumor,2,Training,notumor,False,False
Training/notumor/Tr-no_819.jpg,c_1253,Training,notumor,2,Training,notumor,False,False
Training/notumor/Tr-no_1021.jpg,c_1198,Training,notumor,2,Training,notumor,False,False
Training/notumor/Tr-no_503.jpg,c_1198,Training,notumor,2,Training,notumor,False,False
Training/notumor/Tr-no_1037.jpg,c_1157,Training,notumor,3,Training,notumor,False,False
Training/notumor/Tr-no_94.jpg,c_1157,Training,notumor,3,Training,notumor,False,False
Training/notumor/Tr-no_210.jpg,c_1157,Training,notumor,3,Training,notumor,False,False
Training/notumor/Tr-no_1040.jpg,c_1154,Training,notumor,4,Training,notumor,False,False
Training/notumor/Tr-no_415.jpg,c_1154,Training,notumor,4,Training,notumor,False,False
Training/notumor/Tr-no_908.jpg,c_1154,Training,notumor,4,Training,notumor,False,False
Training/notumor/Tr-no_171.jpg,c_1154,Training,notumor,4,Training,notumor,False,False
Training/notumor/Tr-no_1046.jpg,c_1186,Training,notumor,2,Training,notumor,False,False
Training/notumor/Tr-no_454.jpg,c_1186,Training,notumor,2,Training,notumor,False,False
Training/notumor/Tr-no_1048.jpg,c_1166,Training,notumor,3,Training,notumor,False,False
Training/notumor/Tr-no_198.jpg,c_1166,Training,notumor,3,Training,notumor,False,False
Training/notumor/Tr-no_299.jpg,c_1166,Training,notumor,3,Training,notumor,False,False
Training/notumor/Tr-no_1063.jpg,c_1169,Training,notumor,25,Testing|Training,notumor,True,False
Training/notumor/Tr-no_864.jpg,c_1169,Training,notumor,25,Testing|Training,notumor,True,False
Training/notumor/Tr-no_328.jpg,c_1169,Training,notumor,25,Testing|Training,notumor,True,False
Training/notumor/Tr-no_1069.jpg,c_1228,Training,notumor,2,Training,notumor,False,False
Training/notumor/Tr-no_688.jpg,c_1228,Training,notumor,2,Training,notumor,False,False
Training/notumor/Tr-no_1070.jpg,c_1183,Training,notumor,2,Training,notumor,False,False
Training/notumor/Tr-no_412.jpg,c_1183,Training,notumor,2,Training,notumor,False,False
Training/notumor/Tr-no_1077.jpg,c_1147,Training,notumor,2,Training,notumor,False,False
Training/notumor/Tr-no_1400.jpg,c_1147,Training,notumor,2,Training,notumor,False,False
Training/notumor/Tr-no_1079.jpg,c_1133,Training,notumor,3,Training,notumor,False,False
Training/notumor/Tr-no_62.jpg,c_1133,Training,notumor,3,Training,notumor,False,False
Training/notumor/Tr-no_129.jpg,c_1133,Training,notumor,3,Training,notumor,False,False
Training/notumor/Tr-no_1085.jpg,c_1230,Training,notumor,4,Training,notumor,False,False
Training/notumor/Tr-no_767.jpg,c_1230,Training,notumor,4,Training,notumor,False,False
Training/notumor/Tr-no_98.jpg,c_1230,Training,notumor,4,Training,notumor,False,False
Training/notumor/Tr-no_692.jpg,c_1230,Training,notumor,4,Training,notumor,False,False
Training/notumor/Tr-no_1089.jpg,c_1167,Training,notumor,4,Training,notumor,False,False
Training/notumor/Tr-no_193.jpg,c_1167,Training,notumor,4,Training,notumor,False,False
Training/notumor/Tr-no_438.jpg,c_1167,Training,notumor,4,Training,notumor,False,False
Training/notumor/Tr-no_323.jpg,c_1167,Training,notumor,4,Training,notumor,False,False
Training/notumor/Tr-no_1092.jpg,c_1257,Training,notumor,5,Training,notumor,False,False
Training/notumor/Tr-no_1308.jpg,c_1257,Training,notumor,5,Training,notumor,False,False
Training/notumor/Tr-no_711.jpg,c_1257,Training,notumor,5,Training,notumor,False,False
Training/notumor/Tr-no_432.jpg,c_1257,Training,notumor,5,Training,notumor,False,False
Training/notumor/Tr-no_84.jpg,c_1257,Training,notumor,5,Training,notumor,False,False
Training/notumor/Tr-no_1093.jpg,c_1131,Training,notumor,3,Training,notumor,False,False
Training/notumor/Tr-no_33.jpg,c_1131,Training,notumor,3,Training,notumor,False,False
Training/notumor/Tr-no_1258.jpg,c_1131,Training,notumor,3,Training,notumor,False,False
Training/notumor/Tr-no_1104.jpg,c_1155,Training,notumor,4,Training,notumor,False,False
Training/notumor/Tr-no_1373.jpg,c_1155,Training,notumor,4,Training,notumor,False,False
Training/notumor/Tr-no_1177.jpg,c_1155,Training,notumor,4,Training,notumor,False,False
Training/notumor/Tr-no_179.jpg,c_1155,Training,notumor,4,Training,notumor,False,False
Training/notumor/Tr-no_1105.jpg,c_1204,Training,notumor,2,Training,notumor,False,False
Training/notumor/Tr-no_569.jpg,c_1204,Training,notumor,2,Training,notumor,False,False
Training/notumor/Tr-no_1106.jpg,c_1229,Training,notumor,4,Training,notumor,False,False
Training/notumor/Tr-no_567.jpg,c_1229,Training,notumor,4,Training,notumor,False,False
Training/notumor/Tr-no_949.jpg,c_1229,Training,notumor,4,Training,notumor,False,False
Training/notumor/Tr-no_691.jpg,c_1229,Training,notumor,4,Training,notumor,False,False
Training/notumor/Tr-no_1109.jpg,c_1144,Training,notumor,2,Training,notumor,False,False
Training/notumor/Tr-no_1380.jpg,c_1144,Training,notumor,2,Training,notumor,False,False
Training/notumor/Tr-no_1114.jpg,c_1171,Training,notumor,4,Training,notumor,False,False
Training/notumor/Tr-no_979.jpg,c_1171,Training,notumor,4,Training,notumor,False,False
Training/notumor/Tr-no_869.jpg,c_1171,Training,notumor,4,Training,notumor,False,False
Training/notumor/Tr-no_350.jpg,c_1171,Training,notumor,4,Training,notumor,False,False
Training/notumor/Tr-no_112.jpg,c_1195,Training,notumor,5,Training,notumor,False,False
Training/notumor/Tr-no_308.jpg,c_1195,Training,notumor,5,Training,notumor,False,False
Training/notumor/Tr-no_1178.jpg,c_1195,Training,notumor,5,Training,notumor,False,False
Training/notumor/Tr-no_1265.jpg,c_1195,Training,notumor,5,Training,notumor,False,False
Training/notumor/Tr-no_494.jpg,c_1195,Training,notumor,5,Training,notumor,False,False
Training/notumor/Tr-no_954.jpg,c_1285,Training,notumor,33,Testing|Training,notumor,True,False
Training/notumor/Tr-no_1129.jpg,c_1240,Training,notumor,2,Training,notumor,False,False
Training/notumor/Tr-no_737.jpg,c_1240,Training,notumor,2,Training,notumor,False,False
Training/notumor/Tr-no_1131.jpg,c_1283,Training,notumor,19,Testing|Training,notumor,True,False
Training/notumor/Tr-no_915.jpg,c_1283,Training,notumor,19,Testing|Training,notumor,True,False
Training/notumor/Tr-no_580.jpg,c_1283,Training,notumor,19,Testing|Training,notumor,True,False
Training/notumor/Tr-no_1140.jpg,c_1280,Training,notumor,5,Training,notumor,False,False
Training/notumor/Tr-no_48.jpg,c_1280,Training,notumor,5,Training,notumor,False,False
Training/notumor/Tr-no_14.jpg,c_1280,Training,notumor,5,Training,notumor,False,False
Training/notumor/Tr-no_749.jpg,c_1280,Training,notumor,5,Training,notumor,False,False
Training/notumor/Tr-no_931.jpg,c_1280,Training,notumor,5,Training,notumor,False,False
Training/notumor/Tr-no_1141.jpg,c_1251,Training,notumor,5,Training,notumor,False,False
Training/notumor/Tr-no_1193.jpg,c_1251,Training,notumor,5,Training,notumor,False,False
Training/notumor/Tr-no_1340.jpg,c_1251,Training,notumor,5,Training,notumor,False,False
Training/notumor/Tr-no_546.jpg,c_1251,Training,notumor,5,Training,notumor,False,False
Training/notumor/Tr-no_815.jpg,c_1251,Training,notumor,5,Training,notumor,False,False
Training/notumor/Tr-no_1149.jpg,c_1205,Training,notumor,6,Training,notumor,False,False
Training/notumor/Tr-no_684.jpg,c_1205,Training,notumor,6,Training,notumor,False,False
Training/notumor/Tr-no_115.jpg,c_1125,Training,notumor,2,Training,notumor,False,False
Training/notumor/Tr-no_1188.jpg,c_1125,Training,notumor,2,Training,notumor,False,False
Training/notumor/Tr-no_1154.jpg,c_1128,Training,notumor,4,Training,notumor,False,False
Training/notumor/Tr-no_1360.jpg,c_1128,Training,notumor,4,Training,notumor,False,False
Training/notumor/Tr-no_854.jpg,c_1128,Training,notumor,4,Training,notumor,False,False
Training/notumor/Tr-no_1235.jpg,c_1128,Training,notumor,4,Training,notumor,False,False
Training/notumor/Tr-no_116.jpg,c_1126,Training,notumor,3,Training,notumor,False,False
Training/notumor/Tr-no_865.jpg,c_1126,Training,notumor,3,Training,notumor,False,False
Training/notumor/Tr-no_121.jpg,c_1126,Training,notumor,3,Training,notumor,False,False
Training/notumor/Tr-no_1160.jpg,c_1168,Training,notumor,2,Training,notumor,False,False
Training/notumor/Tr-no_327.jpg,c_1168,Training,notumor,2,Training,notumor,False,False
Training/notumor/Tr-no_1169.jpg,c_1152,Training,notumor,4,Training,notumor,False,False
Training/notumor/Tr-no_594.jpg,c_1152,Training,notumor,4,Training,notumor,False,False
Training/notumor/Tr-no_1336.jpg,c_1152,Training,notumor,4,Training,notumor,False,False
Training/notumor/Tr-no_165.jpg,c_1152,Training,notumor,4,Training,notumor,False,False
Training/notumor/Tr-no_1173.jpg,c_1244,Training,notumor,3,Training,notumor,False,False
Training/notumor/Tr-no_316.jpg,c_1244,Training,notumor,3,Training,notumor,False,False
Training/notumor/Tr-no_76.jpg,c_1244,Training,notumor,3,Training,notumor,False,False
Training/notumor/Tr-no_1179.jpg,c_1138,Training,notumor,2,Training,notumor,False,False
Training/notumor/Tr-no_1320.jpg,c_1138,Training,notumor,2,Training,notumor,False,False
Training/notumor/Tr-no_1180.jpg,c_1227,Training,notumor,2,Training,notumor,False,False
Training/notumor/Tr-no_677.jpg,c_1227,Training,notumor,2,Training,notumor,False,False
Training/notumor/Tr-no_1187.jpg,c_1185,Training,notumor,2,Training,notumor,False,False
Training/notumor/Tr-no_420.jpg,c_1185,Training,notumor,2,Training,notumor,False,False
Training/notumor/Tr-no_1194.jpg,c_1130,Training,notumor,2,Training,notumor,False,False
Training/notumor/Tr-no_1253.jpg,c_1130,Training,notumor,2,Training,notumor,False,False
Training/notumor/Tr-no_120.jpg,c_1188,Training,notumor,12,Testing|Training,notumor,True,False
Training/notumor/Tr-no_268.jpg,c_1188,Training,notumor,12,Testing|Training,notumor,True,False
Training/notumor/Tr-no_1205.jpg,c_1219,Training,notumor,2,Training,notumor,False,False
Training/notumor/Tr-no_639.jpg,c_1219,Training,notumor,2,Training,notumor,False,False
Training/notumor/Tr-no_1208.jpg,c_1181,Training,notumor,2,Training,notumor,False,False
Training/notumor/Tr-no_410.jpg,c_1181,Training,notumor,2,Training,notumor,False,False
Training/notumor/Tr-no_1210.jpg,c_1132,Training,notumor,11,Testing|Training,notumor,True,False
Training/notumor/Tr-no_1213.jpg,c_1273,Training,notumor,2,Training,notumor,False,False
Training/notumor/Tr-no_912.jpg,c_1273,Training,notumor,2,Training,notumor,False,False
Training/notumor/Tr-no_1221.jpg,c_1139,Training,notumor,9,Testing|Training,notumor,True,False
Training/notumor/Tr-no_1324.jpg,c_1139,Training,notumor,9,Testing|Training,notumor,True,False
Training/notumor/Tr-no_1223.jpg,c_1141,Training,notumor,4,Training,notumor,False,False
Training/notumor/Tr-no_1311.jpg,c_1141,Training,notumor,4,Training,notumor,False,False
Training/notumor/Tr-no_86.jpg,c_1141,Training,notumor,4,Training,notumor,False,False
Training/notumor/Tr-no_1332.jpg,c_1141,Training,notumor,4,Training,notumor,False,False
Training/notumor/Tr-no_1238.jpg,c_1202,Training,notumor,60,Testing|Training,notumor,True,False
Training/notumor/Tr-no_1365.jpg,c_1202,Training,notumor,60,Testing|Training,notumor,True,False
Training/notumor/Tr-no_1240.jpg,c_1297,Training,notumor,2,Training,notumor,False,False
Training/notumor/Tr-no_990.jpg,c_1297,Training,notumor,2,Training,notumor,False,False
Training/notumor/Tr-no_1245.jpg,c_1140,Training,notumor,2,Training,notumor,False,False
Training/notumor/Tr-no_133.jpg,c_1140,Training,notumor,2,Training,notumor,False,False
Training/notumor/Tr-no_1261.jpg,c_1211,Training,notumor,2,Training,notumor,False,False
Training/notumor/Tr-no_606.jpg,c_1211,Training,notumor,2,Training,notumor,False,False
Training/notumor/Tr-no_1267.jpg,c_1174,Training,notumor,3,Training,notumor,False,False
Training/notumor/Tr-no_387.jpg,c_1174,Training,notumor,3,Training,notumor,False,False
Training/notumor/Tr-no_380.jpg,c_1174,Training,notumor,3,Training,notumor,False,False
Training/notumor/Tr-no_1271.jpg,c_1158,Training,notumor,2,Training,notumor,False,False
Training/notumor/Tr-no_214.jpg,c_1158,Training,notumor,2,Training,notumor,False,False
Training/notumor/Tr-no_1273.jpg,c_1269,Training,notumor,5,Training,notumor,False,False
Training/notumor/Tr-no_710.jpg,c_1269,Training,notumor,5,Training,notumor,False,False
Training/notumor/Tr-no_886.jpg,c_1269,Training,notumor,5,Training,notumor,False,False
Training/notumor/Tr-no_1274.jpg,c_1272,Training,notumor,2,Training,notumor,False,False
Training/notumor/Tr-no_911.jpg,c_1272,Training,notumor,2,Training,notumor,False,False
Training/notumor/Tr-no_337.jpg,c_1170,Training,notumor,27,Testing|Training,notumor,True,False
Training/notumor/Tr-no_1288.jpg,c_1254,Training,notumor,3,Training,notumor,False,False
Training/notumor/Tr-no_863.jpg,c_1254,Training,notumor,3,Training,notumor,False,False
Training/notumor/Tr-no_831.jpg,c_1254,Training,notumor,3,Training,notumor,False,False
Training/notumor/Tr-no_1289.jpg,c_1151,Training,notumor,2,Training,notumor,False,False
Training/notumor/Tr-no_156.jpg,c_1151,Training,notumor,2,Training,notumor,False,False
Training/notumor/Tr-no_1291.jpg,c_1193,Training,notumor,2,Training,notumor,False,False
Training/notumor/Tr-no_490.jpg,c_1193,Training,notumor,2,Training,notumor,False,False
Training/notumor/Tr-no_1295.jpg,c_1165,Training,notumor,2,Training,notumor,False,False
Training/notumor/Tr-no_275.jpg,c_1165,Training,notumor,2,Training,notumor,False,False
Training/notumor/Tr-no_1305.jpg,c_1208,Training,notumor,2,Training,notumor,False,False
Training/notumor/Tr-no_591.jpg,c_1208,Training,notumor,2,Training,notumor,False,False
Training/notumor/Tr-no_1309.jpg,c_1232,Training,notumor,2,Training,notumor,False,False
Training/notumor/Tr-no_699.jpg,c_1232,Training,notumor,2,Training,notumor,False,False
Training/notumor/Tr-no_131.jpg,c_1243,Training,notumor,5,Training,notumor,False,False
Training/notumor/Tr-no_452.jpg,c_1243,Training,notumor,5,Training,notumor,False,False
Training/notumor/Tr-no_1327.jpg,c_1190,Training,notumor,3,Training,notumor,False,False
Training/notumor/Tr-no_71.jpg,c_1190,Training,notumor,3,Training,notumor,False,False
Training/notumor/Tr-no_483.jpg,c_1190,Training,notumor,3,Training,notumor,False,False
Training/notumor/Tr-no_1333.jpg,c_1164,Training,notumor,2,Training,notumor,False,False
Training/notumor/Tr-no_273.jpg,c_1164,Training,notumor,2,Training,notumor,False,False
Training/notumor/Tr-no_1334.jpg,c_1160,Training,notumor,2,Training,notumor,False,False
Training/notumor/Tr-no_235.jpg,c_1160,Training,notumor,2,Training,notumor,False,False
Training/notumor/Tr-no_1345.jpg,c_1191,Training,notumor,2,Training,notumor,False,False
Training/notumor/Tr-no_484.jpg,c_1191,Training,notumor,2,Training,notumor,False,False
Training/notumor/Tr-no_551.jpg,c_1202,Training,notumor,60,Testing|Training,notumor,True,False
Training/notumor/Tr-no_1374.jpg,c_1258,Training,notumor,2,Training,notumor,False,False
Training/notumor/Tr-no_840.jpg,c_1258,Training,notumor,2,Training,notumor,False,False
Training/notumor/Tr-no_1378.jpg,c_1205,Training,notumor,6,Training,notumor,False,False
Training/notumor/Tr-no_534.jpg,c_1205,Training,notumor,6,Training,notumor,False,False
Training/notumor/Tr-no_822.jpg,c_1205,Training,notumor,6,Training,notumor,False,False
Training/notumor/Tr-no_579.jpg,c_1205,Training,notumor,6,Training,notumor,False,False
Training/notumor/Tr-no_138.jpg,c_1145,Training,notumor,2,Training,notumor,False,False
Training/notumor/Tr-no_1383.jpg,c_1145,Training,notumor,2,Training,notumor,False,False
Training/notumor/Tr-no_1390.jpg,c_1216,Training,notumor,3,Training,notumor,False,False
Training/notumor/Tr-no_565.jpg,c_1216,Training,notumor,3,Training,notumor,False,False
Training/notumor/Tr-no_625.jpg,c_1216,Training,notumor,3,Training,notumor,False,False
Training/notumor/Tr-no_1393.jpg,c_1221,Training,notumor,2,Training,notumor,False,False
Training/notumor/Tr-no_642.jpg,c_1221,Training,notumor,2,Training,notumor,False,False
Training/notumor/Tr-no_1394.jpg,c_1159,Training,notumor,4,Training,notumor,False,False
Training/notumor/Tr-no_738.jpg,c_1159,Training,notumor,4,Training,notumor,False,False
Training/notumor/Tr-no_168.jpg,c_1159,Training,notumor,4,Training,notumor,False,False
Training/notumor/Tr-no_230.jpg,c_1159,Training,notumor,4,Training,notumor,False,False
Training/notumor/Tr-no_1395.jpg,c_1153,Training,notumor,2,Training,notumor,False,False
Training/notumor/Tr-no_17.jpg,c_1153,Training,notumor,2,Training,notumor,False,False
Training/notumor/Tr-no_1397.jpg,c_1222,Training,notumor,2,Training,notumor,False,False
Training/notumor/Tr-no_660.jpg,c_1222,Training,notumor,2,Training,notumor,False,False
Training/notumor/Tr-no_1398.jpg,c_1199,Training,notumor,2,Training,notumor,False,False
Training/notumor/Tr-no_516.jpg,c_1199,Training,notumor,2,Training,notumor,False,False
Training/notumor/Tr-no_163.jpg,c_1170,Training,notumor,27,Testing|Training,notumor,True,False
Training/notumor/Tr-no_983.jpg,c_1170,Training,notumor,27,Testing|Training,notumor,True,False
Training/notumor/Tr-no_419.jpg,c_1235,Training,notumor,16,Testing|Training,notumor,True,False
Training/notumor/Tr-no_183.jpg,c_1184,Training,notumor,8,Training,notumor,False,False
Training/notumor/Tr-no_790.jpg,c_1184,Training,notumor,8,Training,notumor,False,False
Training/notumor/Tr-no_22.jpg,c_1184,Training,notumor,8,Training,notumor,False,False
Training/notumor/Tr-no_282.jpg,c_1184,Training,notumor,8,Training,notumor,False,False
Training/notumor/Tr-no_632.jpg,c_1184,Training,notumor,8,Training,notumor,False,False
Training/notumor/Tr-no_263.jpg,c_1184,Training,notumor,8,Training,notumor,False,False
Training/notumor/Tr-no_812.jpg,c_1184,Training,notumor,8,Training,notumor,False,False
Training/notumor/Tr-no_726.jpg,c_1235,Training,notumor,16,Testing|Training,notumor,True,False
Training/notumor/Tr-no_417.jpg,c_1184,Training,notumor,8,Training,notumor,False,False
Training/notumor/Tr-no_225.jpg,c_1281,Training,notumor,2,Training,notumor,False,False
Training/notumor/Tr-no_940.jpg,c_1281,Training,notumor,2,Training,notumor,False,False
Training/notumor/Tr-no_228.jpg,c_1269,Training,notumor,5,Training,notumor,False,False
Training/notumor/Tr-no_574.jpg,c_1269,Training,notumor,5,Training,notumor,False,False
Training/notumor/Tr-no_242.jpg,c_1218,Training,notumor,2,Training,notumor,False,False
Training/notumor/Tr-no_630.jpg,c_1218,Training,notumor,2,Training,notumor,False,False
Training/notumor/Tr-no_250.jpg,c_1189,Training,notumor,2,Training,notumor,False,False
Training/notumor/Tr-no_472.jpg,c_1189,Training,notumor,2,Training,notumor,False,False
Training/notumor/Tr-no_26.jpg,c_1235,Training,notumor,16,Testing|Training,notumor,True,False
Training/notumor/Tr-no_265.jpg,c_1238,Training,notumor,12,Testing|Training,notumor,True,False
Training/notumor/Tr-no_729.jpg,c_1238,Training,notumor,12,Testing|Training,notumor,True,False
Training/notumor/Tr-no_980.jpg,c_1188,Training,notumor,12,Testing|Training,notumor,True,False
Training/notumor/Tr-no_471.jpg,c_1188,Training,notumor,12,Testing|Training,notumor,True,False
Training/notumor/Tr-no_292.jpg,c_1263,Training,notumor,2,Training,notumor,False,False
Training/notumor/Tr-no_846.jpg,c_1263,Training,notumor,2,Training,notumor,False,False
Training/notumor/Tr-no_3.jpg,c_1241,Training,notumor,2,Training,notumor,False,False
Training/notumor/Tr-no_747.jpg,c_1241,Training,notumor,2,Training,notumor,False,False
Training/notumor/Tr-no_31.jpg,c_1275,Training,notumor,2,Training,notumor,False,False
Training/notumor/Tr-no_919.jpg,c_1275,Training,notumor,2,Training,notumor,False,False
Training/notumor/Tr-no_315.jpg,c_1250,Training,notumor,3,Training,notumor,False,False
Training/notumor/Tr-no_935.jpg,c_1250,Training,notumor,3,Training,notumor,False,False
Training/notumor/Tr-no_8.jpg,c_1250,Training,notumor,3,Training,notumor,False,False
Training/notumor/Tr-no_325.jpg,c_1179,Training,notumor,2,Training,notumor,False,False
Training/notumor/Tr-no_389.jpg,c_1179,Training,notumor,2,Training,notumor,False,False
Training/notumor/Tr-no_349.jpg,c_1247,Training,notumor,2,Training,notumor,False,False
Training/notumor/Tr-no_779.jpg,c_1247,Training,notumor,2,Training,notumor,False,False
Training/notumor/Tr-no_353.jpg,c_1209,Training,notumor,5,Training,notumor,False,False
Training/notumor/Tr-no_685.jpg,c_1209,Training,notumor,5,Training,notumor,False,False
Training/notumor/Tr-no_862.jpg,c_1209,Training,notumor,5,Training,notumor,False,False
Training/notumor/Tr-no_988.jpg,c_1209,Training,notumor,5,Training,notumor,False,False
Training/notumor/Tr-no_596.jpg,c_1209,Training,notumor,5,Training,notumor,False,False
Training/notumor/Tr-no_355.jpg,c_1259,Training,notumor,61,Testing|Training,notumor,True,False
Training/notumor/Tr-no_356.jpg,c_1187,Training,notumor,2,Training,notumor,False,False
Training/notumor/Tr-no_463.jpg,c_1187,Training,notumor,2,Training,notumor,False,False
Training/notumor/Tr-no_361.jpg,c_1290,Training,notumor,2,Training,notumor,False,False
Training/notumor/Tr-no_961.jpg,c_1290,Training,notumor,2,Training,notumor,False,False
Training/notumor/Tr-no_394.jpg,c_1192,Training,notumor,5,Training,notumor,False,False
Training/notumor/Tr-no_676.jpg,c_1192,Training,notumor,5,Training,notumor,False,False
Training/notumor/Tr-no_922.jpg,c_1192,Training,notumor,5,Training,notumor,False,False
Training/notumor/Tr-no_589.jpg,c_1192,Training,notumor,5,Training,notumor,False,False
Training/notumor/Tr-no_485.jpg,c_1192,Training,notumor,5,Training,notumor,False,False
Training/notumor/Tr-no_40.jpg,c_1206,Training,notumor,2,Training,notumor,False,False
Training/notumor/Tr-no_581.jpg,c_1206,Training,notumor,2,Training,notumor,False,False
Training/notumor/Tr-no_421.jpg,c_1207,Training,notumor,2,Training,notumor,False,False
Training/notumor/Tr-no_582.jpg,c_1207,Training,notumor,2,Training,notumor,False,False
Training/notumor/Tr-no_423.jpg,c_1217,Training,notumor,3,Training,notumor,False,False
Training/notumor/Tr-no_474.jpg,c_1217,Training,notumor,3,Training,notumor,False,False
Training/notumor/Tr-no_63.jpg,c_1217,Training,notumor,3,Training,notumor,False,False
Training/notumor/Tr-no_431.jpg,c_1267,Training,notumor,2,Training,notumor,False,False
Training/notumor/Tr-no_874.jpg,c_1267,Training,notumor,2,Training,notumor,False,False
Training/notumor/Tr-no_433.jpg,c_1194,Training,notumor,2,Training,notumor,False,False
Training/notumor/Tr-no_492.jpg,c_1194,Training,notumor,2,Training,notumor,False,False
Training/notumor/Tr-no_442.jpg,c_1266,Training,notumor,2,Training,notumor,False,False
Training/notumor/Tr-no_872.jpg,c_1266,Training,notumor,2,Training,notumor,False,False
Training/notumor/Tr-no_669.jpg,c_1243,Training,notumor,5,Training,notumor,False,False
Training/notumor/Tr-no_757.jpg,c_1243,Training,notumor,5,Training,notumor,False,False
Training/notumor/Tr-no_455.jpg,c_1265,Training,notumor,2,Training,notumor,False,False
Training/notumor/Tr-no_866.jpg,c_1265,Training,notumor,2,Training,notumor,False,False
Training/notumor/Tr-no_456.jpg,c_1242,Training,notumor,2,Training,notumor,False,False
Training/notumor/Tr-no_75.jpg,c_1242,Training,notumor,2,Training,notumor,False,False
Training/notumor/Tr-no_486.jpg,c_1277,Training,notumor,2,Training,notumor,False,False
Training/notumor/Tr-no_920.jpg,c_1277,Training,notumor,2,Training,notumor,False,False
Training/notumor/Tr-no_493.jpg,c_1223,Training,notumor,2,Training,notumor,False,False
Training/notumor/Tr-no_664.jpg,c_1223,Training,notumor,2,Training,notumor,False,False
Training/notumor/Tr-no_518.jpg,c_1276,Training,notumor,2,Training,notumor,False,False
Training/notumor/Tr-no_92.jpg,c_1276,Training,notumor,2,Training,notumor,False,False
Training/notumor/Tr-no_519.jpg,c_1248,Training,notumor,2,Training,notumor,False,False
Training/notumor/Tr-no_786.jpg,c_1248,Training,notumor,2,Training,notumor,False,False
Training/notumor/Tr-no_524.jpg,c_1215,Training,notumor,2,Training,notumor,False,False
Training/notumor/Tr-no_617.jpg,c_1215,Training,notumor,2,Training,notumor,False,False
Training/notumor/Tr-no_539.jpg,c_1226,Training,notumor,3,Training,notumor,False,False
Training/notumor/Tr-no_543.jpg,c_1226,Training,notumor,3,Training,notumor,False,False
Training/notumor/Tr-no_674.jpg,c_1226,Training,notumor,3,Training,notumor,False,False
Training/notumor/Tr-no_577.jpg,c_1246,Training,notumor,2,Training,notumor,False,False
Training/notumor/Tr-no_764.jpg,c_1246,Training,notumor,2,Training,notumor,False,False
Training/notumor/Tr-no_58.jpg,c_1271,Training,notumor,2,Training,notumor,False,False
Training/notumor/Tr-no_906.jpg,c_1271,Training,notumor,2,Training,notumor,False,False
Training/notumor/Tr-no_605.jpg,c_1287,Training,notumor,2,Training,notumor,False,False
Training/notumor/Tr-no_957.jpg,c_1287,Training,notumor,2,Training,notumor,False,False
Training/notumor/Tr-no_638.jpg,c_1278,Training,notumor,2,Training,notumor,False,False
Training/notumor/Tr-no_93.jpg,c_1278,Training,notumor,2,Training,notumor,False,False
Training/notumor/Tr-no_649.jpg,c_1252,Training,notumor,2,Training,notumor,False,False
Training/notumor/Tr-no_817.jpg,c_1252,Training,notumor,2,Training,notumor,False,False
Training/notumor/Tr-no_653.jpg,c_1282,Training,notumor,5,Training,notumor,False,False
Training/notumor/Tr-no_67.jpg,c_1282,Training,notumor,5,Training,notumor,False,False
Training/notumor/Tr-no_91.jpg,c_1282,Training,notumor,5,Training,notumor,False,False
Training/notumor/Tr-no_802.jpg,c_1282,Training,notumor,5,Training,notumor,False,False
Training/notumor/Tr-no_941.jpg,c_1282,Training,notumor,5,Training,notumor,False,False
Training/notumor/Tr-no_662.jpg,c_1243,Training,notumor,5,Training,notumor,False,False
Training/notumor/Tr-no_698.jpg,c_1279,Training,notumor,2,Training,notumor,False,False
Training/notumor/Tr-no_930.jpg,c_1279,Training,notumor,2,Training,notumor,False,False
Training/notumor/Tr-no_702.jpg,c_1288,Training,notumor,2,Training,notumor,False,False
Training/notumor/Tr-no_959.jpg,c_1288,Training,notumor,2,Training,notumor,False,False
Training/notumor/Tr-no_750.jpg,c_1261,Training,notumor,2,Training,notumor,False,False
Training/notumor/Tr-no_843.jpg,c_1261,Training,notumor,2,Training,notumor,False,False
Training/notumor/Tr-no_754.jpg,c_1260,Training,notumor,2,Training,notumor,False,False
Training/notumor/Tr-no_842.jpg,c_1260,Training,notumor,2,Training,notumor,False,False
Training/notumor/Tr-no_766.jpg,c_1292,Training,notumor,2,Training,notumor,False,False
Training/notumor/Tr-no_967.jpg,c_1292,Training,notumor,2,Training,notumor,False,False
Training/notumor/Tr-no_801.jpg,c_1256,Training,notumor,16,Testing|Training,notumor,True,False
Training/notumor/Tr-no_813.jpg,c_1284,Training,notumor,2,Training,notumor,False,False
Training/notumor/Tr-no_946.jpg,c_1284,Training,notumor,2,Training,notumor,False,False
Training/notumor/Tr-no_880.jpg,c_1274,Training,notumor,2,Training,notumor,False,False
Training/notumor/Tr-no_918.jpg,c_1274,Training,notumor,2,Training,notumor,False,False
Training/notumor/Tr-no_933.jpg,c_1293,Training,notumor,2,Training,notumor,False,False
Training/notumor/Tr-no_969.jpg,c_1293,Training,notumor,2,Training,notumor,False,False
Training/pituitary/Tr-pi_1.jpg,c_1725,Training,pituitary,2,Training,pituitary,False,False
Training/pituitary/Tr-pi_613.jpg,c_1725,Training,pituitary,2,Training,pituitary,False,False
Training/pituitary/Tr-pi_10.jpg,c_1659,Training,pituitary,2,Training,pituitary,False,False
Training/pituitary/Tr-pi_521.jpg,c_1659,Training,pituitary,2,Training,pituitary,False,False
Training/pituitary/Tr-pi_100.jpg,c_1409,Training,pituitary,2,Training,pituitary,False,False
Training/pituitary/Tr-pi_134.jpg,c_1409,Training,pituitary,2,Training,pituitary,False,False
Training/pituitary/Tr-pi_1001.jpg,c_1304,Training,pituitary,2,Training,pituitary,False,False
Training/pituitary/Tr-pi_1036.jpg,c_1304,Training,pituitary,2,Training,pituitary,False,False
Training/pituitary/Tr-pi_1003.jpg,c_1668,Training,pituitary,4,Training,pituitary,False,False
Training/pituitary/Tr-pi_363.jpg,c_1668,Training,pituitary,4,Training,pituitary,False,False
Training/pituitary/Tr-pi_237.jpg,c_1668,Training,pituitary,4,Training,pituitary,False,False
Training/pituitary/Tr-pi_534.jpg,c_1668,Training,pituitary,4,Training,pituitary,False,False
Training/pituitary/Tr-pi_1004.jpg,c_1863,Training,pituitary,2,Training,pituitary,False,False
Training/pituitary/Tr-pi_785.jpg,c_1863,Training,pituitary,2,Training,pituitary,False,False
Training/pituitary/Tr-pi_1005.jpg,c_1315,Training,pituitary,2,Training,pituitary,False,False
Training/pituitary/Tr-pi_1075.jpg,c_1315,Training,pituitary,2,Training,pituitary,False,False
Training/pituitary/Tr-pi_1008.jpg,c_1553,Training,pituitary,2,Training,pituitary,False,False
Training/pituitary/Tr-pi_348.jpg,c_1553,Training,pituitary,2,Training,pituitary,False,False
Training/pituitary/Tr-pi_1009.jpg,c_1893,Training,pituitary,2,Training,pituitary,False,False
Training/pituitary/Tr-pi_821.jpg,c_1893,Training,pituitary,2,Training,pituitary,False,False
Training/pituitary/Tr-pi_101.jpg,c_1972,Training,pituitary,2,Training,pituitary,False,False
Training/pituitary/Tr-pi_910.jpg,c_1972,Training,pituitary,2,Training,pituitary,False,False
Training/pituitary/Tr-pi_1012.jpg,c_1829,Training,pituitary,2,Training,pituitary,False,False
Training/pituitary/Tr-pi_743.jpg,c_1829,Training,pituitary,2,Training,pituitary,False,False
Training/pituitary/Tr-pi_1013.jpg,c_1517,Training,pituitary,2,Training,pituitary,False,False
Training/pituitary/Tr-pi_29.jpg,c_1517,Training,pituitary,2,Training,pituitary,False,False
Training/pituitary/Tr-pi_1014.jpg,c_1426,Training,pituitary,2,Training,pituitary,False,False
Training/pituitary/Tr-pi_137.jpg,c_1426,Training,pituitary,2,Training,pituitary,False,False
Training/pituitary/Tr-pi_1016.jpg,c_1780,Training,pituitary,2,Training,pituitary,False,False
Training/pituitary/Tr-pi_684.jpg,c_1780,Training,pituitary,2,Training,pituitary,False,False
Training/pituitary/Tr-pi_1017.jpg,c_1346,Training,pituitary,2,Training,pituitary,False,False
Training/pituitary/Tr-pi_1166.jpg,c_1346,Training,pituitary,2,Training,pituitary,False,False
Training/pituitary/Tr-pi_1018.jpg,c_1805,Training,pituitary,2,Training,pituitary,False,False
Training/pituitary/Tr-pi_714.jpg,c_1805,Training,pituitary,2,Training,pituitary,False,False
Training/pituitary/Tr-pi_1019.jpg,c_1743,Training,pituitary,2,Training,pituitary,False,False
Training/pituitary/Tr-pi_637.jpg,c_1743,Training,pituitary,2,Training,pituitary,False,False
Training/pituitary/Tr-pi_102.jpg,c_1420,Training,pituitary,2,Training,pituitary,False,False
Training/pituitary/Tr-pi_1357.jpg,c_1420,Training,pituitary,2,Training,pituitary,False,False
Training/pituitary/Tr-pi_1021.jpg,c_1741,Training,pituitary,2,Training,pituitary,False,False
Training/pituitary/Tr-pi_632.jpg,c_1741,Training,pituitary,2,Training,pituitary,False,False
Training/pituitary/Tr-pi_1022.jpg,c_1888,Training,pituitary,2,Training,pituitary,False,False
Training/pituitary/Tr-pi_816.jpg,c_1888,Training,pituitary,2,Training,pituitary,False,False
Training/pituitary/Tr-pi_1024.jpg,c_1447,Training,pituitary,2,Training,pituitary,False,False
Training/pituitary/Tr-pi_153.jpg,c_1447,Training,pituitary,2,Training,pituitary,False,False
Training/pituitary/Tr-pi_1029.jpg,c_1531,Training,pituitary,3,Training,pituitary,False,False
Training/pituitary/Tr-pi_17.jpg,c_1531,Training,pituitary,3,Training,pituitary,False,False
Training/pituitary/Tr-pi_306.jpg,c_1531,Training,pituitary,3,Training,pituitary,False,False
Training/pituitary/Tr-pi_103.jpg,c_1472,Training,pituitary,2,Training,pituitary,False,False
Training/pituitary/Tr-pi_198.jpg,c_1472,Training,pituitary,2,Training,pituitary,False,False
Training/pituitary/Tr-pi_1030.jpg,c_2047,Training,pituitary,2,Training,pituitary,False,False
Training/pituitary/Tr-pi_993.jpg,c_2047,Training,pituitary,2,Training,pituitary,False,False
Training/pituitary/Tr-pi_1031.jpg,c_1639,Training,pituitary,2,Training,pituitary,False,False
Training/pituitary/Tr-pi_488.jpg,c_1639,Training,pituitary,2,Training,pituitary,False,False
Training/pituitary/Tr-pi_1032.jpg,c_1718,Training,pituitary,2,Training,pituitary,False,False
Training/pituitary/Tr-pi_605.jpg,c_1718,Training,pituitary,2,Training,pituitary,False,False
Training/pituitary/Tr-pi_1033.jpg,c_1682,Training,pituitary,2,Training,pituitary,False,False
Training/pituitary/Tr-pi_555.jpg,c_1682,Training,pituitary,2,Training,pituitary,False,False
Training/pituitary/Tr-pi_1035.jpg,c_1980,Training,pituitary,2,Training,pituitary,False,False
Training/pituitary/Tr-pi_920.jpg,c_1980,Training,pituitary,2,Training,pituitary,False,False
Training/pituitary/Tr-pi_1037.jpg,c_1450,Training,pituitary,2,Training,pituitary,False,False
Training/pituitary/Tr-pi_157.jpg,c_1450,Training,pituitary,2,Training,pituitary,False,False
Training/pituitary/Tr-pi_1038.jpg,c_1542,Training,pituitary,2,Training,pituitary,False,False
Training/pituitary/Tr-pi_324.jpg,c_1542,Training,pituitary,2,Training,pituitary,False,False
Training/pituitary/Tr-pi_104.jpg,c_2000,Training,pituitary,2,Training,pituitary,False,False
Training/pituitary/Tr-pi_941.jpg,c_2000,Training,pituitary,2,Training,pituitary,False,False
Training/pituitary/Tr-pi_1040.jpg,c_1532,Training,pituitary,2,Training,pituitary,False,False
Training/pituitary/Tr-pi_307.jpg,c_1532,Training,pituitary,2,Training,pituitary,False,False
Training/pituitary/Tr-pi_1042.jpg,c_1379,Training,pituitary,2,Training,pituitary,False,False
Training/pituitary/Tr-pi_1260.jpg,c_1379,Training,pituitary,2,Training,pituitary,False,False
Training/pituitary/Tr-pi_1043.jpg,c_1342,Training,pituitary,2,Training,pituitary,False,False
Training/pituitary/Tr-pi_1158.jpg,c_1342,Training,pituitary,2,Training,pituitary,False,False
Training/pituitary/Tr-pi_1044.jpg,c_1534,Training,pituitary,2,Training,pituitary,False,False
Training/pituitary/Tr-pi_31.jpg,c_1534,Training,pituitary,2,Training,pituitary,False,False
Training/pituitary/Tr-pi_1045.jpg,c_1348,Training,pituitary,4,Training,pituitary,False,False
Training/pituitary/Tr-pi_885.jpg,c_1348,Training,pituitary,4,Training,pituitary,False,False
Training/pituitary/Tr-pi_886.jpg,c_1348,Training,pituitary,4,Training,pituitary,False,False
Training/pituitary/Tr-pi_1170.jpg,c_1348,Training,pituitary,4,Training,pituitary,False,False
Training/pituitary/Tr-pi_1047.jpg,c_1761,Training,pituitary,2,Training,pituitary,False,False
Training/pituitary/Tr-pi_660.jpg,c_1761,Training,pituitary,2,Training,pituitary,False,False
Training/pituitary/Tr-pi_1048.jpg,c_1435,Training,pituitary,2,Training,pituitary,False,False
Training/pituitary/Tr-pi_1391.jpg,c_1435,Training,pituitary,2,Training,pituitary,False,False
Training/pituitary/Tr-pi_1050.jpg,c_1978,Training,pituitary,2,Training,pituitary,False,False
Training/pituitary/Tr-pi_917.jpg,c_1978,Training,pituitary,2,Training,pituitary,False,False
Training/pituitary/Tr-pi_1051.jpg,c_1596,Training,pituitary,2,Training,pituitary,False,False
Training/pituitary/Tr-pi_412.jpg,c_1596,Training,pituitary,2,Training,pituitary,False,False
Training/pituitary/Tr-pi_1052.jpg,c_1496,Training,pituitary,2,Training,pituitary,False,False
Training/pituitary/Tr-pi_243.jpg,c_1496,Training,pituitary,2,Training,pituitary,False,False
Training/pituitary/Tr-pi_1053.jpg,c_1747,Training,pituitary,2,Training,pituitary,False,False
Training/pituitary/Tr-pi_641.jpg,c_1747,Training,pituitary,2,Training,pituitary,False,False
Training/pituitary/Tr-pi_1054.jpg,c_1726,Training,pituitary,2,Training,pituitary,False,False
Training/pituitary/Tr-pi_614.jpg,c_1726,Training,pituitary,2,Training,pituitary,False,False
Training/pituitary/Tr-pi_1055.jpg,c_1882,Training,pituitary,2,Training,pituitary,False,False
Training/pituitary/Tr-pi_808.jpg,c_1882,Training,pituitary,2,Training,pituitary,False,False
Training/pituitary/Tr-pi_1056.jpg,c_1941,Training,pituitary,2,Training,pituitary,False,False
Training/pituitary/Tr-pi_879.jpg,c_1941,Training,pituitary,2,Training,pituitary,False,False
Training/pituitary/Tr-pi_1057.jpg,c_1339,Training,pituitary,2,Training,pituitary,False,False
Training/pituitary/Tr-pi_1147.jpg,c_1339,Training,pituitary,2,Training,pituitary,False,False
Training/pituitary/Tr-pi_1058.jpg,c_1593,Training,pituitary,2,Training,pituitary,False,False
Training/pituitary/Tr-pi_409.jpg,c_1593,Training,pituitary,2,Training,pituitary,False,False
Training/pituitary/Tr-pi_106.jpg,c_1579,Training,pituitary,2,Training,pituitary,False,False
Training/pituitary/Tr-pi_387.jpg,c_1579,Training,pituitary,2,Training,pituitary,False,False
Training/pituitary/Tr-pi_1060.jpg,c_1353,Training,pituitary,2,Training,pituitary,False,False
Training/pituitary/Tr-pi_1186.jpg,c_1353,Training,pituitary,2,Training,pituitary,False,False
Training/pituitary/Tr-pi_1061.jpg,c_1418,Training,pituitary,2,Training,pituitary,False,False
Training/pituitary/Tr-pi_1354.jpg,c_1418,Training,pituitary,2,Training,pituitary,False,False
Training/pituitary/Tr-pi_1064.jpg,c_1481,Training,pituitary,2,Training,pituitary,False,False
Training/pituitary/Tr-pi_213.jpg,c_1481,Training,pituitary,2,Training,pituitary,False,False
Training/pituitary/Tr-pi_1065.jpg,c_1651,Training,pituitary,3,Training,pituitary,False,False
Training/pituitary/Tr-pi_163.jpg,c_1651,Training,pituitary,3,Training,pituitary,False,False
Training/pituitary/Tr-pi_504.jpg,c_1651,Training,pituitary,3,Training,pituitary,False,False
Training/pituitary/Tr-pi_1066.jpg,c_1759,Training,pituitary,2,Training,pituitary,False,False
Training/pituitary/Tr-pi_656.jpg,c_1759,Training,pituitary,2,Training,pituitary,False,False
Training/pituitary/Tr-pi_1068.jpg,c_1316,Training,pituitary,2,Training,pituitary,False,False
Training/pituitary/Tr-pi_1079.jpg,c_1316,Training,pituitary,2,Training,pituitary,False,False
Training/pituitary/Tr-pi_107.jpg,c_1669,Training,pituitary,2,Training,pituitary,False,False
Training/pituitary/Tr-pi_538.jpg,c_1669,Training,pituitary,2,Training,pituitary,False,False
Training/pituitary/Tr-pi_1070.jpg,c_1468,Training,pituitary,2,Training,pituitary,False,False
Training/pituitary/Tr-pi_191.jpg,c_1468,Training,pituitary,2,Training,pituitary,False,False
Training/pituitary/Tr-pi_1072.jpg,c_1605,Training,pituitary,2,Training,pituitary,False,False
Training/pituitary/Tr-pi_432.jpg,c_1605,Training,pituitary,2,Training,pituitary,False,False
Training/pituitary/Tr-pi_1076.jpg,c_1422,Training,pituitary,2,Training,pituitary,False,False
Training/pituitary/Tr-pi_1361.jpg,c_1422,Training,pituitary,2,Training,pituitary,False,False
Training/pituitary/Tr-pi_1077.jpg,c_1962,Training,pituitary,2,Training,pituitary,False,False
Training/pituitary/Tr-pi_901.jpg,c_1962,Training,pituitary,2,Training,pituitary,False,False
Training/pituitary/Tr-pi_1078.jpg,c_1560,Training,pituitary,2,Training,pituitary,False,False
Training/pituitary/Tr-pi_357.jpg,c_1560,Training,pituitary,2,Training,pituitary,False,False
Training/pituitary/Tr-pi_108.jpg,c_1648,Training,pituitary,2,Training,pituitary,False,False
Training/pituitary/Tr-pi_498.jpg,c_1648,Training,pituitary,2,Training,pituitary,False,False
Training/pituitary/Tr-pi_1081.jpg,c_2022,Training,pituitary,2,Training,pituitary,False,False
Training/pituitary/Tr-pi_965.jpg,c_2022,Training,pituitary,2,Training,pituitary,False,False
Training/pituitary/Tr-pi_1083.jpg,c_1598,Training,pituitary,2,Training,pituitary,False,False
Training/pituitary/Tr-pi_418.jpg,c_1598,Training,pituitary,2,Training,pituitary,False,False
Training/pituitary/Tr-pi_1084.jpg,c_1536,Training,pituitary,2,Training,pituitary,False,False
Training/pituitary/Tr-pi_314.jpg,c_1536,Training,pituitary,2,Training,pituitary,False,False
Training/pituitary/Tr-pi_1085.jpg,c_2014,Training,pituitary,2,Training,pituitary,False,False
Training/pituitary/Tr-pi_956.jpg,c_2014,Training,pituitary,2,Training,pituitary,False,False
Training/pituitary/Tr-pi_1087.jpg,c_1443,Training,pituitary,2,Training,pituitary,False,False
Training/pituitary/Tr-pi_145.jpg,c_1443,Training,pituitary,2,Training,pituitary,False,False
Training/pituitary/Tr-pi_1088.jpg,c_1434,Training,pituitary,2,Training,pituitary,False,False
Training/pituitary/Tr-pi_1390.jpg,c_1434,Training,pituitary,2,Training,pituitary,False,False
Training/pituitary/Tr-pi_1089.jpg,c_2038,Training,pituitary,4,Training,pituitary,False,False
Training/pituitary/Tr-pi_687.jpg,c_2038,Training,pituitary,4,Training,pituitary,False,False
Training/pituitary/Tr-pi_327.jpg,c_2038,Training,pituitary,4,Training,pituitary,False,False
Training/pituitary/Tr-pi_982.jpg,c_2038,Training,pituitary,4,Training,pituitary,False,False
Training/pituitary/Tr-pi_109.jpg,c_1345,Training,pituitary,2,Training,pituitary,False,False
Training/pituitary/Tr-pi_1164.jpg,c_1345,Training,pituitary,2,Training,pituitary,False,False
Training/pituitary/Tr-pi_1091.jpg,c_1352,Training,pituitary,2,Training,pituitary,False,False
Training/pituitary/Tr-pi_1183.jpg,c_1352,Training,pituitary,2,Training,pituitary,False,False
Training/pituitary/Tr-pi_1093.jpg,c_1815,Training,pituitary,2,Training,pituitary,False,False
Training/pituitary/Tr-pi_724.jpg,c_1815,Training,pituitary,2,Training,pituitary,False,False
Training/pituitary/Tr-pi_1094.jpg,c_1836,Training,pituitary,4,Training,pituitary,False,False
Training/pituitary/Tr-pi_1348.jpg,c_1836,Training,pituitary,4,Training,pituitary,False,False
Training/pituitary/Tr-pi_752.jpg,c_1836,Training,pituitary,4,Training,pituitary,False,False
Training/pituitary/Tr-pi_1096.jpg,c_1951,Training,pituitary,2,Training,pituitary,False,False
Training/pituitary/Tr-pi_89.jpg,c_1951,Training,pituitary,2,Training,pituitary,False,False
Training/pituitary/Tr-pi_1097.jpg,c_1512,Training,pituitary,2,Training,pituitary,False,False
Training/pituitary/Tr-pi_282.jpg,c_1512,Training,pituitary,2,Training,pituitary,False,False
Training/pituitary/Tr-pi_1099.jpg,c_1451,Training,pituitary,2,Training,pituitary,False,False
Training/pituitary/Tr-pi_158.jpg,c_1451,Training,pituitary,2,Training,pituitary,False,False
Training/pituitary/Tr-pi_11.jpg,c_1604,Training,pituitary,2,Training,pituitary,False,False
Training/pituitary/Tr-pi_429.jpg,c_1604,Training,pituitary,2,Training,pituitary,False,False
Training/pituitary/Tr-pi_1102.jpg,c_1555,Training,pituitary,2,Training,pituitary,False,False
Training/pituitary/Tr-pi_350.jpg,c_1555,Training,pituitary,2,Training,pituitary,False,False
Training/pituitary/Tr-pi_1103.jpg,c_1431,Training,pituitary,2,Training,pituitary,False,False
Training/pituitary/Tr-pi_1382.jpg,c_1431,Training,pituitary,2,Training,pituitary,False,False
Training/pituitary/Tr-pi_1105.jpg,c_1419,Training,pituitary,2,Training,pituitary,False,False
Training/pituitary/Tr-pi_1356.jpg,c_1419,Training,pituitary,2,Training,pituitary,False,False
Training/pituitary/Tr-pi_111.jpg,c_1753,Training,pituitary,2,Training,pituitary,False,False
Training/pituitary/Tr-pi_649.jpg,c_1753,Training,pituitary,2,Training,pituitary,False,False
Training/pituitary/Tr-pi_1110.jpg,c_1832,Training,pituitary,2,Training,pituitary,False,False
Training/pituitary/Tr-pi_747.jpg,c_1832,Training,pituitary,2,Training,pituitary,False,False
Training/pituitary/Tr-pi_1111.jpg,c_1925,Training,pituitary,2,Training,pituitary,False,False
Training/pituitary/Tr-pi_858.jpg,c_1925,Training,pituitary,2,Training,pituitary,False,False
Training/pituitary/Tr-pi_1114.jpg,c_1692,Training,pituitary,2,Training,pituitary,False,False
Training/pituitary/Tr-pi_570.jpg,c_1692,Training,pituitary,2,Training,pituitary,False,False
Training/pituitary/Tr-pi_1115.jpg,c_1562,Training,pituitary,2,Training,pituitary,False,False
Training/pituitary/Tr-pi_36.jpg,c_1562,Training,pituitary,2,Training,pituitary,False,False
Training/pituitary/Tr-pi_1116.jpg,c_1357,Training,pituitary,2,Training,pituitary,False,False
Training/pituitary/Tr-pi_1193.jpg,c_1357,Training,pituitary,2,Training,pituitary,False,False
Training/pituitary/Tr-pi_1117.jpg,c_1694,Training,pituitary,2,Training,pituitary,False,False
Training/pituitary/Tr-pi_572.jpg,c_1694,Training,pituitary,2,Training,pituitary,False,False
Training/pituitary/Tr-pi_1120.jpg,c_1834,Training,pituitary,2,Training,pituitary,False,False
Training/pituitary/Tr-pi_750.jpg,c_1834,Training,pituitary,2,Training,pituitary,False,False
Training/pituitary/Tr-pi_1122.jpg,c_1354,Training,pituitary,6,Training,pituitary,False,False
Training/pituitary/Tr-pi_943.jpg,c_1354,Training,pituitary,6,Training,pituitary,False,False
Training/pituitary/Tr-pi_1196.jpg,c_1354,Training,pituitary,6,Training,pituitary,False,False
Training/pituitary/Tr-pi_863.jpg,c_1354,Training,pituitary,6,Training,pituitary,False,False
Training/pituitary/Tr-pi_384.jpg,c_1354,Training,pituitary,6,Training,pituitary,False,False
Training/pituitary/Tr-pi_1187.jpg,c_1354,Training,pituitary,6,Training,pituitary,False,False
Training/pituitary/Tr-pi_1123.jpg,c_1602,Training,pituitary,2,Training,pituitary,False,False
Training/pituitary/Tr-pi_425.jpg,c_1602,Training,pituitary,2,Training,pituitary,False,False
Training/pituitary/Tr-pi_1125.jpg,c_1461,Training,pituitary,2,Training,pituitary,False,False
Training/pituitary/Tr-pi_174.jpg,c_1461,Training,pituitary,2,Training,pituitary,False,False
Training/pituitary/Tr-pi_1127.jpg,c_1906,Training,pituitary,2,Training,pituitary,False,False
Training/pituitary/Tr-pi_838.jpg,c_1906,Training,pituitary,2,Training,pituitary,False,False
Training/pituitary/Tr-pi_1128.jpg,c_1561,Training,pituitary,2,Training,pituitary,False,False
Training/pituitary/Tr-pi_358.jpg,c_1561,Training,pituitary,2,Training,pituitary,False,False
Training/pituitary/Tr-pi_113.jpg,c_1350,Training,pituitary,2,Training,pituitary,False,False
Training/pituitary/Tr-pi_1177.jpg,c_1350,Training,pituitary,2,Training,pituitary,False,False
Training/pituitary/Tr-pi_565.jpg,c_1688,Training,pituitary,4,Testing|Training,pituitary,True,False
Training/pituitary/Tr-pi_1131.jpg,c_1505,Training,pituitary,2,Training,pituitary,False,False
Training/pituitary/Tr-pi_267.jpg,c_1505,Training,pituitary,2,Training,pituitary,False,False
Training/pituitary/Tr-pi_1134.jpg,c_2049,Training,pituitary,4,Training,pituitary,False,False
Training/pituitary/Tr-pi_995.jpg,c_2049,Training,pituitary,4,Training,pituitary,False,False
Training/pituitary/Tr-pi_1135.jpg,c_1847,Training,pituitary,2,Training,pituitary,False,False
Training/pituitary/Tr-pi_764.jpg,c_1847,Training,pituitary,2,Training,pituitary,False,False
Training/pituitary/Tr-pi_1136.jpg,c_1812,Training,pituitary,2,Training,pituitary,False,False
Training/pituitary/Tr-pi_721.jpg,c_1812,Training,pituitary,2,Training,pituitary,False,False
Training/pituitary/Tr-pi_1139.jpg,c_1365,Training,pituitary,2,Training,pituitary,False,False
Training/pituitary/Tr-pi_123.jpg,c_1365,Training,pituitary,2,Training,pituitary,False,False
Training/pituitary/Tr-pi_1142.jpg,c_1646,Training,pituitary,2,Training,pituitary,False,False
Training/pituitary/Tr-pi_496.jpg,c_1646,Training,pituitary,2,Training,pituitary,False,False
Training/pituitary/Tr-pi_1143.jpg,c_1471,Training,pituitary,2,Training,pituitary,False,False
Training/pituitary/Tr-pi_196.jpg,c_1471,Training,pituitary,2,Training,pituitary,False,False
Training/pituitary/Tr-pi_1145.jpg,c_1713,Training,pituitary,2,Training,pituitary,False,False
Training/pituitary/Tr-pi_6.jpg,c_1713,Training,pituitary,2,Training,pituitary,False,False
Training/pituitary/Tr-pi_1148.jpg,c_1762,Training,pituitary,2,Training,pituitary,False,False
Training/pituitary/Tr-pi_662.jpg,c_1762,Training,pituitary,2,Training,pituitary,False,False
Training/pituitary/Tr-pi_1149.jpg,c_1991,Training,pituitary,2,Training,pituitary,False,False
Training/pituitary/Tr-pi_932.jpg,c_1991,Training,pituitary,2,Training,pituitary,False,False
Training/pituitary/Tr-pi_115.jpg,c_1665,Training,pituitary,2,Training,pituitary,False,False
Training/pituitary/Tr-pi_53.jpg,c_1665,Training,pituitary,2,Training,pituitary,False,False
Training/pituitary/Tr-pi_1151.jpg,c_1717,Training,pituitary,2,Training,pituitary,False,False
Training/pituitary/Tr-pi_603.jpg,c_1717,Training,pituitary,2,Training,pituitary,False,False
Training/pituitary/Tr-pi_1154.jpg,c_1453,Training,pituitary,4,Training,pituitary,False,False
Training/pituitary/Tr-pi_1339.jpg,c_1453,Training,pituitary,4,Training,pituitary,False,False
Training/pituitary/Tr-pi_1211.jpg,c_1453,Training,pituitary,4,Training,pituitary,False,False
Training/pituitary/Tr-pi_160.jpg,c_1453,Training,pituitary,4,Training,pituitary,False,False
Training/pituitary/Tr-pi_1156.jpg,c_1344,Training,pituitary,2,Training,pituitary,False,False
Training/pituitary/Tr-pi_1163.jpg,c_1344,Training,pituitary,2,Training,pituitary,False,False
Training/pituitary/Tr-pi_1157.jpg,c_1370,Training,pituitary,2,Training,pituitary,False,False
Training/pituitary/Tr-pi_1240.jpg,c_1370,Training,pituitary,2,Training,pituitary,False,False
Training/pituitary/Tr-pi_116.jpg,c_1768,Training,pituitary,2,Training,pituitary,False,False
Training/pituitary/Tr-pi_67.jpg,c_1768,Training,pituitary,2,Training,pituitary,False,False
Training/pituitary/Tr-pi_1160.jpg,c_1586,Training,pituitary,2,Training,pituitary,False,False
Training/pituitary/Tr-pi_4.jpg,c_1586,Training,pituitary,2,Training,pituitary,False,False
Training/pituitary/Tr-pi_1162.jpg,c_1549,Training,pituitary,2,Training,pituitary,False,False
Training/pituitary/Tr-pi_338.jpg,c_1549,Training,pituitary,2,Training,pituitary,False,False
Training/pituitary/Tr-pi_1165.jpg,c_1985,Training,pituitary,2,Training,pituitary,False,False
Training/pituitary/Tr-pi_925.jpg,c_1985,Training,pituitary,2,Training,pituitary,False,False
Training/pituitary/Tr-pi_1167.jpg,c_1456,Training,pituitary,2,Training,pituitary,False,False
Training/pituitary/Tr-pi_169.jpg,c_1456,Training,pituitary,2,Training,pituitary,False,False
Training/pituitary/Tr-pi_1169.jpg,c_1510,Training,pituitary,2,Training,pituitary,False,False
Training/pituitary/Tr-pi_277.jpg,c_1510,Training,pituitary,2,Training,pituitary,False,False
Training/pituitary/Tr-pi_117.jpg,c_1356,Training,pituitary,2,Training,pituitary,False,False
Training/pituitary/Tr-pi_1190.jpg,c_1356,Training,pituitary,2,Training,pituitary,False,False
Training/pituitary/Tr-pi_1171.jpg,c_1848,Training,pituitary,2,Training,pituitary,False,False
Training/pituitary/Tr-pi_765.jpg,c_1848,Training,pituitary,2,Training,pituitary,False,False
Training/pituitary/Tr-pi_1172.jpg,c_1385,Training,pituitary,2,Training,pituitary,False,False
Training/pituitary/Tr-pi_1275.jpg,c_1385,Training,pituitary,2,Training,pituitary,False,False
Training/pituitary/Tr-pi_1173.jpg,c_1449,Training,pituitary,2,Training,pituitary,False,False
Training/pituitary/Tr-pi_156.jpg,c_1449,Training,pituitary,2,Training,pituitary,False,False
Training/pituitary/Tr-pi_1175.jpg,c_1650,Training,pituitary,2,Training,pituitary,False,False
Training/pituitary/Tr-pi_500.jpg,c_1650,Training,pituitary,2,Training,pituitary,False,False
Training/pituitary/Tr-pi_1176.jpg,c_1894,Training,pituitary,2,Training,pituitary,False,False
Training/pituitary/Tr-pi_823.jpg,c_1894,Training,pituitary,2,Training,pituitary,False,False
Training/pituitary/Tr-pi_1178.jpg,c_1681,Training,pituitary,2,Training,pituitary,False,False
Training/pituitary/Tr-pi_553.jpg,c_1681,Training,pituitary,2,Training,pituitary,False,False
Training/pituitary/Tr-pi_1179.jpg,c_1656,Training,pituitary,2,Training,pituitary,False,False
Training/pituitary/Tr-pi_517.jpg,c_1656,Training,pituitary,2,Training,pituitary,False,False
Training/pituitary/Tr-pi_118.jpg,c_1429,Training,pituitary,2,Training,pituitary,False,False
Training/pituitary/Tr-pi_1379.jpg,c_1429,Training,pituitary,2,Training,pituitary,False,False
Training/pituitary/Tr-pi_1180.jpg,c_1775,Training,pituitary,2,Training,pituitary,False,False
Training/pituitary/Tr-pi_677.jpg,c_1775,Training,pituitary,2,Training,pituitary,False,False
Training/pituitary/Tr-pi_1181.jpg,c_1766,Training,pituitary,2,Training,pituitary,False,False
Training/pituitary/Tr-pi_668.jpg,c_1766,Training,pituitary,2,Training,pituitary,False,False
Training/pituitary/Tr-pi_1184.jpg,c_1783,Training,pituitary,2,Training,pituitary,False,False
Training/pituitary/Tr-pi_689.jpg,c_1783,Training,pituitary,2,Training,pituitary,False,False
Training/pituitary/Tr-pi_1185.jpg,c_1695,Training,pituitary,2,Training,pituitary,False,False
Training/pituitary/Tr-pi_573.jpg,c_1695,Training,pituitary,2,Training,pituitary,False,False
Training/pituitary/Tr-pi_1188.jpg,c_1477,Training,pituitary,2,Training,pituitary,False,False
Training/pituitary/Tr-pi_207.jpg,c_1477,Training,pituitary,2,Training,pituitary,False,False
Training/pituitary/Tr-pi_119.jpg,c_1559,Training,pituitary,2,Training,pituitary,False,False
Training/pituitary/Tr-pi_355.jpg,c_1559,Training,pituitary,2,Training,pituitary,False,False
Training/pituitary/Tr-pi_1191.jpg,c_1814,Training,pituitary,2,Training,pituitary,False,False
Training/pituitary/Tr-pi_723.jpg,c_1814,Training,pituitary,2,Training,pituitary,False,False
Training/pituitary/Tr-pi_1192.jpg,c_1483,Training,pituitary,2,Training,pituitary,False,False
Training/pituitary/Tr-pi_216.jpg,c_1483,Training,pituitary,2,Training,pituitary,False,False
Training/pituitary/Tr-pi_1194.jpg,c_1623,Training,pituitary,2,Training,pituitary,False,False
Training/pituitary/Tr-pi_463.jpg,c_1623,Training,pituitary,2,Training,pituitary,False,False
Training/pituitary/Tr-pi_1195.jpg,c_1836,Training,pituitary,4,Training,pituitary,False,False
Training/pituitary/Tr-pi_1198.jpg,c_1965,Training,pituitary,2,Training,pituitary,False,False
Training/pituitary/Tr-pi_904.jpg,c_1965,Training,pituitary,2,Training,pituitary,False,False
Training/pituitary/Tr-pi_1199.jpg,c_1513,Training,pituitary,2,Training,pituitary,False,False
Training/pituitary/Tr-pi_283.jpg,c_1513,Training,pituitary,2,Training,pituitary,False,False
Training/pituitary/Tr-pi_12.jpg,c_1874,Training,pituitary,2,Training,pituitary,False,False
Training/pituitary/Tr-pi_798.jpg,c_1874,Training,pituitary,2,Training,pituitary,False,False
Training/pituitary/Tr-pi_120.jpg,c_1846,Training,pituitary,2,Training,pituitary,False,False
Training/pituitary/Tr-pi_763.jpg,c_1846,Training,pituitary,2,Training,pituitary,False,False
Training/pituitary/Tr-pi_1200.jpg,c_1463,Training,pituitary,2,Training,pituitary,False,False
Training/pituitary/Tr-pi_178.jpg,c_1463,Training,pituitary,2,Training,pituitary,False,False
Training/pituitary/Tr-pi_1201.jpg,c_1497,Training,pituitary,2,Training,pituitary,False,False
Training/pituitary/Tr-pi_244.jpg,c_1497,Training,pituitary,2,Training,pituitary,False,False
Training/pituitary/Tr-pi_1203.jpg,c_1661,Training,pituitary,2,Training,pituitary,False,False
Training/pituitary/Tr-pi_524.jpg,c_1661,Training,pituitary,2,Training,pituitary,False,False
Training/pituitary/Tr-pi_1204.jpg,c_1870,Training,pituitary,2,Training,pituitary,False,False
Training/pituitary/Tr-pi_793.jpg,c_1870,Training,pituitary,2,Training,pituitary,False,False
Training/pituitary/Tr-pi_1205.jpg,c_1546,Training,pituitary,2,Training,pituitary,False,False
Training/pituitary/Tr-pi_331.jpg,c_1546,Training,pituitary,2,Training,pituitary,False,False
Training/pituitary/Tr-pi_1206.jpg,c_1574,Training,pituitary,2,Training,pituitary,False,False
Training/pituitary/Tr-pi_377.jpg,c_1574,Training,pituitary,2,Training,pituitary,False,False
Training/pituitary/Tr-pi_1208.jpg,c_1852,Training,pituitary,2,Training,pituitary,False,False
Training/pituitary/Tr-pi_770.jpg,c_1852,Training,pituitary,2,Training,pituitary,False,False
Training/pituitary/Tr-pi_1209.jpg,c_1417,Training,pituitary,2,Training,pituitary,False,False
Training/pituitary/Tr-pi_1352.jpg,c_1417,Training,pituitary,2,Training,pituitary,False,False
Training/pituitary/Tr-pi_1210.jpg,c_1831,Training,pituitary,2,Training,pituitary,False,False
Training/pituitary/Tr-pi_746.jpg,c_1831,Training,pituitary,2,Training,pituitary,False,False
Training/pituitary/Tr-pi_1212.jpg,c_1442,Training,pituitary,2,Training,pituitary,False,False
Training/pituitary/Tr-pi_143.jpg,c_1442,Training,pituitary,2,Training,pituitary,False,False
Training/pituitary/Tr-pi_1213.jpg,c_1592,Training,pituitary,2,Training,pituitary,False,False
Training/pituitary/Tr-pi_407.jpg,c_1592,Training,pituitary,2,Training,pituitary,False,False
Training/pituitary/Tr-pi_1214.jpg,c_1416,Training,pituitary,2,Training,pituitary,False,False
Training/pituitary/Tr-pi_1351.jpg,c_1416,Training,pituitary,2,Training,pituitary,False,False
Training/pituitary/Tr-pi_1215.jpg,c_1544,Training,pituitary,2,Training,pituitary,False,False
Training/pituitary/Tr-pi_329.jpg,c_1544,Training,pituitary,2,Training,pituitary,False,False
Training/pituitary/Tr-pi_1216.jpg,c_1794,Training,pituitary,4,Training,pituitary,False,False
Training/pituitary/Tr-pi_34.jpg,c_1794,Training,pituitary,4,Training,pituitary,False,False
Training/pituitary/Tr-pi_700.jpg,c_1794,Training,pituitary,4,Training,pituitary,False,False
Training/pituitary/Tr-pi_1218.jpg,c_1660,Training,pituitary,2,Training,pituitary,False,False
Training/pituitary/Tr-pi_522.jpg,c_1660,Training,pituitary,2,Training,pituitary,False,False
Training/pituitary/Tr-pi_1219.jpg,c_1828,Training,pituitary,2,Training,pituitary,False,False
Training/pituitary/Tr-pi_742.jpg,c_1828,Training,pituitary,2,Training,pituitary,False,False
Training/pituitary/Tr-pi_122.jpg,c_2048,Training,pituitary,2,Training,pituitary,False,False
Training/pituitary/Tr-pi_994.jpg,c_2048,Training,pituitary,2,Training,pituitary,False,False
Training/pituitary/Tr-pi_1220.jpg,c_1722,Training,pituitary,2,Training,pituitary,False,False
Training/pituitary/Tr-pi_609.jpg,c_1722,Training,pituitary,2,Training,pituitary,False,False
Training/pituitary/Tr-pi_1221.jpg,c_1445,Training,pituitary,2,Training,pituitary,False,False
Training/pituitary/Tr-pi_150.jpg,c_1445,Training,pituitary,2,Training,pituitary,False,False
Training/pituitary/Tr-pi_1222.jpg,c_1433,Training,pituitary,2,Training,pituitary,False,False
Training/pituitary/Tr-pi_1389.jpg,c_1433,Training,pituitary,2,Training,pituitary,False,False
Training/pituitary/Tr-pi_1224.jpg,c_1595,Training,pituitary,5,Training,pituitary,False,False
Training/pituitary/Tr-pi_515.jpg,c_1595,Training,pituitary,5,Training,pituitary,False,False
Training/pituitary/Tr-pi_373.jpg,c_1595,Training,pituitary,5,Training,pituitary,False,False
Training/pituitary/Tr-pi_32.jpg,c_1595,Training,pituitary,5,Training,pituitary,False,False
Training/pituitary/Tr-pi_410.jpg,c_1595,Training,pituitary,5,Training,pituitary,False,False
Training/pituitary/Tr-pi_1227.jpg,c_1594,Training,pituitary,2,Training,pituitary,False,False
Training/pituitary/Tr-pi_41.jpg,c_1594,Training,pituitary,2,Training,pituitary,False,False
Training/pituitary/Tr-pi_1228.jpg,c_1860,Training,pituitary,2,Training,pituitary,False,False
Training/pituitary/Tr-pi_782.jpg,c_1860,Training,pituitary,2,Training,pituitary,False,False
Training/pituitary/Tr-pi_1229.jpg,c_1502,Training,pituitary,2,Training,pituitary,False,False
Training/pituitary/Tr-pi_259.jpg,c_1502,Training,pituitary,2,Training,pituitary,False,False
Training/pituitary/Tr-pi_1232.jpg,c_1630,Training,pituitary,2,Training,pituitary,False,False
Training/pituitary/Tr-pi_473.jpg,c_1630,Training,pituitary,2,Training,pituitary,False,False
Training/pituitary/Tr-pi_1234.jpg,c_1469,Training,pituitary,3,Training,pituitary,False,False
Training/pituitary/Tr-pi_812.jpg,c_1469,Training,pituitary,3,Training,pituitary,False,False
Training/pituitary/Tr-pi_193.jpg,c_1469,Training,pituitary,3,Training,pituitary,False,False
Training/pituitary/Tr-pi_1235.jpg,c_1700,Training,pituitary,2,Training,pituitary,False,False
Training/pituitary/Tr-pi_581.jpg,c_1700,Training,pituitary,2,Training,pituitary,False,False
Training/pituitary/Tr-pi_1236.jpg,c_1663,Training,pituitary,2,Training,pituitary,False,False
Training/pituitary/Tr-pi_526.jpg,c_1663,Training,pituitary,2,Training,pituitary,False,False
Training/pituitary/Tr-pi_1238.jpg,c_1841,Training,pituitary,2,Training,pituitary,False,False
Training/pituitary/Tr-pi_758.jpg,c_1841,Training,pituitary,2,Training,pituitary,False,False
Training/pituitary/Tr-pi_1239.jpg,c_1875,Training,pituitary,2,Training,pituitary,False,False
Training/pituitary/Tr-pi_799.jpg,c_1875,Training,pituitary,2,Training,pituitary,False,False
Training/pituitary/Tr-pi_124.jpg,c_2036,Training,pituitary,2,Training,pituitary,False,False
Training/pituitary/Tr-pi_980.jpg,c_2036,Training,pituitary,2,Training,pituitary,False,False
Training/pituitary/Tr-pi_1242.jpg,c_1809,Training,pituitary,2,Training,pituitary,False,False
Training/pituitary/Tr-pi_719.jpg,c_1809,Training,pituitary,2,Training,pituitary,False,False
Training/pituitary/Tr-pi_1244.jpg,c_2003,Training,pituitary,2,Training,pituitary,False,False
Training/pituitary/Tr-pi_945.jpg,c_2003,Training,pituitary,2,Training,pituitary,False,False
Training/pituitary/Tr-pi_1245.jpg,c_1387,Training,pituitary,2,Training,pituitary,False,False
Training/pituitary/Tr-pi_128.jpg,c_1387,Training,pituitary,2,Training,pituitary,False,False
Training/pituitary/Tr-pi_1246.jpg,c_1475,Training,pituitary,2,Training,pituitary,False,False
Training/pituitary/Tr-pi_202.jpg,c_1475,Training,pituitary,2,Training,pituitary,False,False
Training/pituitary/Tr-pi_1247.jpg,c_1395,Training,pituitary,2,Training,pituitary,False,False
Training/pituitary/Tr-pi_130.jpg,c_1395,Training,pituitary,2,Training,pituitary,False,False
Training/pituitary/Tr-pi_125.jpg,c_1798,Training,pituitary,2,Training,pituitary,False,False
Training/pituitary/Tr-pi_707.jpg,c_1798,Training,pituitary,2,Training,pituitary,False,False
Training/pituitary/Tr-pi_1251.jpg,c_1911,Training,pituitary,2,Training,pituitary,False,False
Training/pituitary/Tr-pi_844.jpg,c_1911,Training,pituitary,2,Training,pituitary,False,False
Training/pituitary/Tr-pi_1252.jpg,c_1631,Training,pituitary,5,Training,pituitary,False,False
Training/pituitary/Tr-pi_396.jpg,c_1631,Training,pituitary,5,Training,pituitary,False,False
Training/pituitary/Tr-pi_461.jpg,c_1631,Training,pituitary,5,Training,pituitary,False,False
Training/pituitary/Tr-pi_528.jpg,c_1631,Training,pituitary,5,Training,pituitary,False,False
Training/pituitary/Tr-pi_476.jpg,c_1631,Training,pituitary,5,Training,pituitary,False,False
Training/pituitary/Tr-pi_1256.jpg,c_1749,Training,pituitary,2,Training,pituitary,False,False
Training/pituitary/Tr-pi_643.jpg,c_1749,Training,pituitary,2,Training,pituitary,False,False
Training/pituitary/Tr-pi_1257.jpg,c_1425,Training,pituitary,2,Training,pituitary,False,False
Training/pituitary/Tr-pi_1369.jpg,c_1425,Training,pituitary,2,Training,pituitary,False,False
Training/pituitary/Tr-pi_126.jpg,c_1620,Training,pituitary,2,Training,pituitary,False,False
Training/pituitary/Tr-pi_46.jpg,c_1620,Training,pituitary,2,Training,pituitary,False,False
Training/pituitary/Tr-pi_1261.jpg,c_1430,Training,pituitary,2,Training,pituitary,False,False
Training/pituitary/Tr-pi_1381.jpg,c_1430,Training,pituitary,2,Training,pituitary,False,False
Training/pituitary/Tr-pi_1263.jpg,c_1804,Training,pituitary,2,Training,pituitary,False,False
Training/pituitary/Tr-pi_713.jpg,c_1804,Training,pituitary,2,Training,pituitary,False,False
Training/pituitary/Tr-pi_1265.jpg,c_1890,Training,pituitary,2,Training,pituitary,False,False
Training/pituitary/Tr-pi_818.jpg,c_1890,Training,pituitary,2,Training,pituitary,False,False
Training/pituitary/Tr-pi_1269.jpg,c_1728,Training,pituitary,2,Training,pituitary,False,False
Training/pituitary/Tr-pi_617.jpg,c_1728,Training,pituitary,2,Training,pituitary,False,False
Training/pituitary/Tr-pi_127.jpg,c_2029,Training,pituitary,2,Training,pituitary,False,False
Training/pituitary/Tr-pi_972.jpg,c_2029,Training,pituitary,2,Training,pituitary,False,False
Training/pituitary/Tr-pi_1271.jpg,c_1625,Training,pituitary,2,Training,pituitary,False,False
Training/pituitary/Tr-pi_468.jpg,c_1625,Training,pituitary,2,Training,pituitary,False,False
Training/pituitary/Tr-pi_1272.jpg,c_1825,Training,pituitary,2,Training,pituitary,False,False
Training/pituitary/Tr-pi_737.jpg,c_1825,Training,pituitary,2,Training,pituitary,False,False
Training/pituitary/Tr-pi_1274.jpg,c_1576,Training,pituitary,2,Training,pituitary,False,False
Training/pituitary/Tr-pi_379.jpg,c_1576,Training,pituitary,2,Training,pituitary,False,False
Training/pituitary/Tr-pi_1277.jpg,c_1455,Training,pituitary,2,Training,pituitary,False,False
Training/pituitary/Tr-pi_168.jpg,c_1455,Training,pituitary,2,Training,pituitary,False,False
Training/pituitary/Tr-pi_1278.jpg,c_2005,Training,pituitary,2,Training,pituitary,False,False
Training/pituitary/Tr-pi_947.jpg,c_2005,Training,pituitary,2,Training,pituitary,False,False
Training/pituitary/Tr-pi_1279.jpg,c_1506,Training,pituitary,2,Training,pituitary,False,False
Training/pituitary/Tr-pi_268.jpg,c_1506,Training,pituitary,2,Training,pituitary,False,False
Training/pituitary/Tr-pi_1280.jpg,c_1488,Training,pituitary,2,Training,pituitary,False,False
Training/pituitary/Tr-pi_227.jpg,c_1488,Training,pituitary,2,Training,pituitary,False,False
Training/pituitary/Tr-pi_1282.jpg,c_1745,Training,pituitary,2,Training,pituitary,False,False
Training/pituitary/Tr-pi_64.jpg,c_1745,Training,pituitary,2,Training,pituitary,False,False
Training/pituitary/Tr-pi_1285.jpg,c_1701,Training,pituitary,2,Training,pituitary,False,False
Training/pituitary/Tr-pi_583.jpg,c_1701,Training,pituitary,2,Training,pituitary,False,False
Training/pituitary/Tr-pi_1286.jpg,c_1438,Training,pituitary,2,Training,pituitary,False,False
Training/pituitary/Tr-pi_1397.jpg,c_1438,Training,pituitary,2,Training,pituitary,False,False
Training/pituitary/Tr-pi_1288.jpg,c_1666,Training,pituitary,2,Training,pituitary,False,False
Training/pituitary/Tr-pi_530.jpg,c_1666,Training,pituitary,2,Training,pituitary,False,False
Training/pituitary/Tr-pi_1289.jpg,c_1967,Training,pituitary,2,Training,pituitary,False,False
Training/pituitary/Tr-pi_906.jpg,c_1967,Training,pituitary,2,Training,pituitary,False,False
Training/pituitary/Tr-pi_1290.jpg,c_1491,Training,pituitary,2,Training,pituitary,False,False
Training/pituitary/Tr-pi_231.jpg,c_1491,Training,pituitary,2,Training,pituitary,False,False
Training/pituitary/Tr-pi_1291.jpg,c_1600,Training,pituitary,2,Training,pituitary,False,False
Training/pituitary/Tr-pi_423.jpg,c_1600,Training,pituitary,2,Training,pituitary,False,False
Training/pituitary/Tr-pi_1293.jpg,c_1686,Training,pituitary,2,Training,pituitary,False,False
Training/pituitary/Tr-pi_562.jpg,c_1686,Training,pituitary,2,Training,pituitary,False,False
Training/pituitary/Tr-pi_1295.jpg,c_1563,Training,pituitary,2,Training,pituitary,False,False
Training/pituitary/Tr-pi_361.jpg,c_1563,Training,pituitary,2,Training,pituitary,False,False
Training/pituitary/Tr-pi_1296.jpg,c_1981,Training,pituitary,2,Training,pituitary,False,False
Training/pituitary/Tr-pi_921.jpg,c_1981,Training,pituitary,2,Training,pituitary,False,False
Training/pituitary/Tr-pi_1297.jpg,c_1584,Training,pituitary,2,Training,pituitary,False,False
Training/pituitary/Tr-pi_398.jpg,c_1584,Training,pituitary,2,Training,pituitary,False,False
Training/pituitary/Tr-pi_1299.jpg,c_1565,Training,pituitary,2,Training,pituitary,False,False
Training/pituitary/Tr-pi_365.jpg,c_1565,Training,pituitary,2,Training,pituitary,False,False
Training/pituitary/Tr-pi_13.jpg,c_1849,Training,pituitary,2,Training,pituitary,False,False
Training/pituitary/Tr-pi_766.jpg,c_1849,Training,pituitary,2,Training,pituitary,False,False
Training/pituitary/Tr-pi_1300.jpg,c_1685,Training,pituitary,2,Training,pituitary,False,False
Training/pituitary/Tr-pi_558.jpg,c_1685,Training,pituitary,2,Training,pituitary,False,False
Training/pituitary/Tr-pi_1301.jpg,c_1947,Training,pituitary,2,Training,pituitary,False,False
Training/pituitary/Tr-pi_884.jpg,c_1947,Training,pituitary,2,Training,pituitary,False,False
Training/pituitary/Tr-pi_1302.jpg,c_1446,Training,pituitary,2,Training,pituitary,False,False
Training/pituitary/Tr-pi_152.jpg,c_1446,Training,pituitary,2,Training,pituitary,False,False
Training/pituitary/Tr-pi_1303.jpg,c_1691,Training,pituitary,2,Training,pituitary,False,False
Training/pituitary/Tr-pi_57.jpg,c_1691,Training,pituitary,2,Training,pituitary,False,False
Training/pituitary/Tr-pi_1305.jpg,c_2017,Training,pituitary,2,Training,pituitary,False,False
Training/pituitary/Tr-pi_96.jpg,c_2017,Training,pituitary,2,Training,pituitary,False,False
Training/pituitary/Tr-pi_1306.jpg,c_1956,Training,pituitary,2,Training,pituitary,False,False
Training/pituitary/Tr-pi_896.jpg,c_1956,Training,pituitary,2,Training,pituitary,False,False
Training/pituitary/Tr-pi_1307.jpg,c_1479,Training,pituitary,2,Training,pituitary,False,False
Training/pituitary/Tr-pi_21.jpg,c_1479,Training,pituitary,2,Training,pituitary,False,False
Training/pituitary/Tr-pi_131.jpg,c_1645,Training,pituitary,2,Training,pituitary,False,False
Training/pituitary/Tr-pi_495.jpg,c_1645,Training,pituitary,2,Training,pituitary,False,False
Training/pituitary/Tr-pi_1310.jpg,c_1397,Training,pituitary,2,Training,pituitary,False,False
Training/pituitary/Tr-pi_1316.jpg,c_1397,Training,pituitary,2,Training,pituitary,False,False
Training/pituitary/Tr-pi_1311.jpg,c_1459,Training,pituitary,2,Training,pituitary,False,False
Training/pituitary/Tr-pi_172.jpg,c_1459,Training,pituitary,2,Training,pituitary,False,False
Training/pituitary/Tr-pi_1312.jpg,c_1599,Training,pituitary,2,Training,pituitary,False,False
Training/pituitary/Tr-pi_420.jpg,c_1599,Training,pituitary,2,Training,pituitary,False,False
Training/pituitary/Tr-pi_1313.jpg,c_1895,Training,pituitary,2,Training,pituitary,False,False
Training/pituitary/Tr-pi_824.jpg,c_1895,Training,pituitary,2,Training,pituitary,False,False
Training/pituitary/Tr-pi_1314.jpg,c_1460,Training,pituitary,2,Training,pituitary,False,False
Training/pituitary/Tr-pi_173.jpg,c_1460,Training,pituitary,2,Training,pituitary,False,False
Training/pituitary/Tr-pi_1317.jpg,c_1896,Training,pituitary,2,Training,pituitary,False,False
Training/pituitary/Tr-pi_825.jpg,c_1896,Training,pituitary,2,Training,pituitary,False,False
Training/pituitary/Tr-pi_1318.jpg,c_1411,Training,pituitary,2,Training,pituitary,False,False
Training/pituitary/Tr-pi_1344.jpg,c_1411,Training,pituitary,2,Training,pituitary,False,False
Training/pituitary/Tr-pi_1321.jpg,c_1518,Training,pituitary,2,Training,pituitary,False,False
Training/pituitary/Tr-pi_290.jpg,c_1518,Training,pituitary,2,Training,pituitary,False,False
Training/pituitary/Tr-pi_1329.jpg,c_1557,Training,pituitary,2,Training,pituitary,False,False
Training/pituitary/Tr-pi_353.jpg,c_1557,Training,pituitary,2,Training,pituitary,False,False
Training/pituitary/Tr-pi_133.jpg,c_1428,Training,pituitary,2,Training,pituitary,False,False
Training/pituitary/Tr-pi_1374.jpg,c_1428,Training,pituitary,2,Training,pituitary,False,False
Training/pituitary/Tr-pi_1332.jpg,c_1662,Training,pituitary,2,Training,pituitary,False,False
Training/pituitary/Tr-pi_525.jpg,c_1662,Training,pituitary,2,Training,pituitary,False,False
Training/pituitary/Tr-pi_1338.jpg,c_1772,Training,pituitary,6,Testing|Training,pituitary,True,False
Training/pituitary/Tr-pi_1340.jpg,c_1973,Training,pituitary,2,Training,pituitary,False,False
Training/pituitary/Tr-pi_911.jpg,c_1973,Training,pituitary,2,Training,pituitary,False,False
Training/pituitary/Tr-pi_1341.jpg,c_1850,Training,pituitary,2,Training,pituitary,False,False
Training/pituitary/Tr-pi_767.jpg,c_1850,Training,pituitary,2,Training,pituitary,False,False
Training/pituitary/Tr-pi_1342.jpg,c_1732,Training,pituitary,2,Training,pituitary,False,False
Training/pituitary/Tr-pi_620.jpg,c_1732,Training,pituitary,2,Training,pituitary,False,False
Training/pituitary/Tr-pi_1349.jpg,c_1885,Training,pituitary,2,Training,pituitary,False,False
Training/pituitary/Tr-pi_813.jpg,c_1885,Training,pituitary,2,Training,pituitary,False,False
Training/pituitary/Tr-pi_1350.jpg,c_2034,Training,pituitary,2,Training,pituitary,False,False
Training/pituitary/Tr-pi_979.jpg,c_2034,Training,pituitary,2,Training,pituitary,False,False
Training/pituitary/Tr-pi_1355.jpg,c_1465,Training,pituitary,2,Training,pituitary,False,False
Training/pituitary/Tr-pi_183.jpg,c_1465,Training,pituitary,2,Training,pituitary,False,False
Training/pituitary/Tr-pi_1358.jpg,c_1737,Training,pituitary,2,Training,pituitary,False,False
Training/pituitary/Tr-pi_628.jpg,c_1737,Training,pituitary,2,Training,pituitary,False,False
Training/pituitary/Tr-pi_136.jpg,c_1554,Training,pituitary,4,Training,pituitary,False,False
Training/pituitary/Tr-pi_985.jpg,c_1554,Training,pituitary,4,Training,pituitary,False,False
Training/pituitary/Tr-pi_841.jpg,c_1554,Training,pituitary,4,Training,pituitary,False,False
Training/pituitary/Tr-pi_349.jpg,c_1554,Training,pituitary,4,Training,pituitary,False,False
Training/pituitary/Tr-pi_1360.jpg,c_1558,Training,pituitary,2,Training,pituitary,False,False
Training/pituitary/Tr-pi_354.jpg,c_1558,Training,pituitary,2,Training,pituitary,False,False
Training/pituitary/Tr-pi_1363.jpg,c_1881,Training,pituitary,2,Training,pituitary,False,False
Training/pituitary/Tr-pi_806.jpg,c_1881,Training,pituitary,2,Training,pituitary,False,False
Training/pituitary/Tr-pi_1365.jpg,c_1436,Training,pituitary,2,Training,pituitary,False,False
Training/pituitary/Tr-pi_1393.jpg,c_1436,Training,pituitary,2,Training,pituitary,False,False
Training/pituitary/Tr-pi_1367.jpg,c_1588,Training,pituitary,2,Training,pituitary,False,False
Training/pituitary/Tr-pi_400.jpg,c_1588,Training,pituitary,2,Training,pituitary,False,False
Training/pituitary/Tr-pi_1368.jpg,c_1458,Training,pituitary,2,Training,pituitary,False,False
Training/pituitary/Tr-pi_171.jpg,c_1458,Training,pituitary,2,Training,pituitary,False,False
Training/pituitary/Tr-pi_1371.jpg,c_1750,Training,pituitary,2,Training,pituitary,False,False
Training/pituitary/Tr-pi_644.jpg,c_1750,Training,pituitary,2,Training,pituitary,False,False
Training/pituitary/Tr-pi_1372.jpg,c_1854,Training,pituitary,2,Training,pituitary,False,False
Training/pituitary/Tr-pi_772.jpg,c_1854,Training,pituitary,2,Training,pituitary,False,False
Training/pituitary/Tr-pi_1375.jpg,c_1787,Training,pituitary,2,Training,pituitary,False,False
Training/pituitary/Tr-pi_692.jpg,c_1787,Training,pituitary,2,Training,pituitary,False,False
Training/pituitary/Tr-pi_1376.jpg,c_1892,Training,pituitary,2,Training,pituitary,False,False
Training/pituitary/Tr-pi_820.jpg,c_1892,Training,pituitary,2,Training,pituitary,False,False
Training/pituitary/Tr-pi_1377.jpg,c_1979,Training,pituitary,2,Training,pituitary,False,False
Training/pituitary/Tr-pi_919.jpg,c_1979,Training,pituitary,2,Training,pituitary,False,False
Training/pituitary/Tr-pi_1378.jpg,c_1921,Training,pituitary,2,Training,pituitary,False,False
Training/pituitary/Tr-pi_854.jpg,c_1921,Training,pituitary,2,Training,pituitary,False,False
Training/pituitary/Tr-pi_1383.jpg,c_1840,Training,pituitary,4,Training,pituitary,False,False
Training/pituitary/Tr-pi_35.jpg,c_1840,Training,pituitary,4,Training,pituitary,False,False
Training/pituitary/Tr-pi_757.jpg,c_1840,Training,pituitary,4,Training,pituitary,False,False
Training/pituitary/Tr-pi_1384.jpg,c_1785,Training,pituitary,2,Training,pituitary,False,False
Training/pituitary/Tr-pi_690.jpg,c_1785,Training,pituitary,2,Training,pituitary,False,False
Training/pituitary/Tr-pi_1385.jpg,c_1928,Training,pituitary,2,Training,pituitary,False,False
Training/pituitary/Tr-pi_861.jpg,c_1928,Training,pituitary,2,Training,pituitary,False,False
Training/pituitary/Tr-pi_1387.jpg,c_1966,Training,pituitary,2,Training,pituitary,False,False
Training/pituitary/Tr-pi_905.jpg,c_1966,Training,pituitary,2,Training,pituitary,False,False
Training/pituitary/Tr-pi_1392.jpg,c_1457,Training,pituitary,2,Training,pituitary,False,False
Training/pituitary/Tr-pi_170.jpg,c_1457,Training,pituitary,2,Training,pituitary,False,False
Training/pituitary/Tr-pi_1395.jpg,c_1538,Training,pituitary,2,Training,pituitary,False,False
Training/pituitary/Tr-pi_318.jpg,c_1538,Training,pituitary,2,Training,pituitary,False,False
Training/pituitary/Tr-pi_1396.jpg,c_1636,Training,pituitary,2,Training,pituitary,False,False
Training/pituitary/Tr-pi_484.jpg,c_1636,Training,pituitary,2,Training,pituitary,False,False
Training/pituitary/Tr-pi_1398.jpg,c_1529,Training,pituitary,2,Training,pituitary,False,False
Training/pituitary/Tr-pi_303.jpg,c_1529,Training,pituitary,2,Training,pituitary,False,False
Training/pituitary/Tr-pi_1399.jpg,c_1470,Training,pituitary,2,Training,pituitary,False,False
Training/pituitary/Tr-pi_195.jpg,c_1470,Training,pituitary,2,Training,pituitary,False,False
Training/pituitary/Tr-pi_146.jpg,c_1525,Training,pituitary,2,Training,pituitary,False,False
Training/pituitary/Tr-pi_298.jpg,c_1525,Training,pituitary,2,Training,pituitary,False,False
Training/pituitary/Tr-pi_147.jpg,c_1551,Training,pituitary,2,Training,pituitary,False,False
Training/pituitary/Tr-pi_344.jpg,c_1551,Training,pituitary,2,Training,pituitary,False,False
Training/pituitary/Tr-pi_148.jpg,c_1530,Training,pituitary,2,Training,pituitary,False,False
Training/pituitary/Tr-pi_305.jpg,c_1530,Training,pituitary,2,Training,pituitary,False,False
Training/pituitary/Tr-pi_149.jpg,c_1486,Training,pituitary,2,Training,pituitary,False,False
Training/pituitary/Tr-pi_222.jpg,c_1486,Training,pituitary,2,Training,pituitary,False,False
Training/pituitary/Tr-pi_151.jpg,c_1615,Training,pituitary,2,Training,pituitary,False,False
Training/pituitary/Tr-pi_449.jpg,c_1615,Training,pituitary,2,Training,pituitary,False,False
Training/pituitary/Tr-pi_155.jpg,c_1492,Training,pituitary,2,Training,pituitary,False,False
Training/pituitary/Tr-pi_234.jpg,c_1492,Training,pituitary,2,Training,pituitary,False,False
Training/pituitary/Tr-pi_16.jpg,c_1696,Training,pituitary,2,Training,pituitary,False,False
Training/pituitary/Tr-pi_574.jpg,c_1696,Training,pituitary,2,Training,pituitary,False,False
Training/pituitary/Tr-pi_161.jpg,c_2042,Training,pituitary,2,Training,pituitary,False,False
Training/pituitary/Tr-pi_988.jpg,c_2042,Training,pituitary,2,Training,pituitary,False,False
Training/pituitary/Tr-pi_162.jpg,c_1699,Training,pituitary,2,Training,pituitary,False,False
Training/pituitary/Tr-pi_580.jpg,c_1699,Training,pituitary,2,Training,pituitary,False,False
Training/pituitary/Tr-pi_164.jpg,c_1992,Training,pituitary,2,Training,pituitary,False,False
Training/pituitary/Tr-pi_933.jpg,c_1992,Training,pituitary,2,Training,pituitary,False,False
Training/pituitary/Tr-pi_175.jpg,c_1715,Training,pituitary,4,Training,pituitary,False,False
Training/pituitary/Tr-pi_394.jpg,c_1715,Training,pituitary,4,Training,pituitary,False,False
Training/pituitary/Tr-pi_511.jpg,c_1715,Training,pituitary,4,Training,pituitary,False,False
Training/pituitary/Tr-pi_601.jpg,c_1715,Training,pituitary,4,Training,pituitary,False,False
Training/pituitary/Tr-pi_177.jpg,c_1782,Training,pituitary,2,Training,pituitary,False,False
Training/pituitary/Tr-pi_688.jpg,c_1782,Training,pituitary,2,Training,pituitary,False,False
Training/pituitary/Tr-pi_18.jpg,c_1792,Training,pituitary,2,Training,pituitary,False,False
Training/pituitary/Tr-pi_7.jpg,c_1792,Training,pituitary,2,Training,pituitary,False,False
Training/pituitary/Tr-pi_180.jpg,c_1537,Training,pituitary,2,Training,pituitary,False,False
Training/pituitary/Tr-pi_315.jpg,c_1537,Training,pituitary,2,Training,pituitary,False,False
Training/pituitary/Tr-pi_184.jpg,c_1640,Training,pituitary,2,Training,pituitary,False,False
Training/pituitary/Tr-pi_489.jpg,c_1640,Training,pituitary,2,Training,pituitary,False,False
Training/pituitary/Tr-pi_186.jpg,c_1526,Training,pituitary,2,Training,pituitary,False,False
Training/pituitary/Tr-pi_3.jpg,c_1526,Training,pituitary,2,Training,pituitary,False,False
Training/pituitary/Tr-pi_187.jpg,c_1801,Training,pituitary,2,Training,pituitary,False,False
Training/pituitary/Tr-pi_710.jpg,c_1801,Training,pituitary,2,Training,pituitary,False,False
Training/pituitary/Tr-pi_188.jpg,c_1610,Training,pituitary,2,Training,pituitary,False,False
Training/pituitary/Tr-pi_438.jpg,c_1610,Training,pituitary,2,Training,pituitary,False,False
Training/pituitary/Tr-pi_190.jpg,c_1591,Training,pituitary,2,Training,pituitary,False,False
Training/pituitary/Tr-pi_404.jpg,c_1591,Training,pituitary,2,Training,pituitary,False,False
Training/pituitary/Tr-pi_192.jpg,c_2008,Training,pituitary,2,Training,pituitary,False,False
Training/pituitary/Tr-pi_950.jpg,c_2008,Training,pituitary,2,Training,pituitary,False,False
Training/pituitary/Tr-pi_197.jpg,c_1705,Training,pituitary,2,Training,pituitary,False,False
Training/pituitary/Tr-pi_590.jpg,c_1705,Training,pituitary,2,Training,pituitary,False,False
Training/pituitary/Tr-pi_2.jpg,c_1680,Training,pituitary,2,Training,pituitary,False,False
Training/pituitary/Tr-pi_552.jpg,c_1680,Training,pituitary,2,Training,pituitary,False,False
Training/pituitary/Tr-pi_20.jpg,c_1827,Training,pituitary,2,Training,pituitary,False,False
Training/pituitary/Tr-pi_739.jpg,c_1827,Training,pituitary,2,Training,pituitary,False,False
Training/pituitary/Tr-pi_200.jpg,c_1993,Training,pituitary,2,Training,pituitary,False,False
Training/pituitary/Tr-pi_934.jpg,c_1993,Training,pituitary,2,Training,pituitary,False,False
Training/pituitary/Tr-pi_205.jpg,c_1524,Training,pituitary,2,Training,pituitary,False,False
Training/pituitary/Tr-pi_297.jpg,c_1524,Training,pituitary,2,Training,pituitary,False,False
Training/pituitary/Tr-pi_206.jpg,c_1988,Training,pituitary,4,Training,pituitary,False,False
Training/pituitary/Tr-pi_634.jpg,c_1988,Training,pituitary,4,Training,pituitary,False,False
Training/pituitary/Tr-pi_405.jpg,c_1988,Training,pituitary,4,Training,pituitary,False,False
Training/pituitary/Tr-pi_928.jpg,c_1988,Training,pituitary,4,Training,pituitary,False,False
Training/pituitary/Tr-pi_208.jpg,c_1872,Training,pituitary,2,Training,pituitary,False,False
Training/pituitary/Tr-pi_796.jpg,c_1872,Training,pituitary,2,Training,pituitary,False,False
Training/pituitary/Tr-pi_211.jpg,c_1570,Training,pituitary,2,Training,pituitary,False,False
Training/pituitary/Tr-pi_37.jpg,c_1570,Training,pituitary,2,Training,pituitary,False,False
Training/pituitary/Tr-pi_212.jpg,c_1903,Training,pituitary,2,Training,pituitary,False,False
Training/pituitary/Tr-pi_834.jpg,c_1903,Training,pituitary,2,Training,pituitary,False,False
Training/pituitary/Tr-pi_214.jpg,c_1879,Training,pituitary,2,Training,pituitary,False,False
Training/pituitary/Tr-pi_801.jpg,c_1879,Training,pituitary,2,Training,pituitary,False,False
Training/pituitary/Tr-pi_217.jpg,c_1858,Training,pituitary,2,Training,pituitary,False,False
Training/pituitary/Tr-pi_777.jpg,c_1858,Training,pituitary,2,Training,pituitary,False,False
Training/pituitary/Tr-pi_218.jpg,c_1821,Training,pituitary,4,Training,pituitary,False,False
Training/pituitary/Tr-pi_559.jpg,c_1821,Training,pituitary,4,Training,pituitary,False,False
Training/pituitary/Tr-pi_733.jpg,c_1821,Training,pituitary,4,Training,pituitary,False,False
Training/pituitary/Tr-pi_22.jpg,c_2023,Training,pituitary,2,Training,pituitary,False,False
Training/pituitary/Tr-pi_967.jpg,c_2023,Training,pituitary,2,Training,pituitary,False,False
Training/pituitary/Tr-pi_223.jpg,c_2049,Training,pituitary,4,Training,pituitary,False,False
Training/pituitary/Tr-pi_959.jpg,c_2049,Training,pituitary,4,Training,pituitary,False,False
Training/pituitary/Tr-pi_224.jpg,c_1855,Training,pituitary,2,Training,pituitary,False,False
Training/pituitary/Tr-pi_773.jpg,c_1855,Training,pituitary,2,Training,pituitary,False,False
Training/pituitary/Tr-pi_226.jpg,c_1642,Training,pituitary,2,Training,pituitary,False,False
Training/pituitary/Tr-pi_491.jpg,c_1642,Training,pituitary,2,Training,pituitary,False,False
Training/pituitary/Tr-pi_229.jpg,c_1901,Training,pituitary,2,Training,pituitary,False,False
Training/pituitary/Tr-pi_832.jpg,c_1901,Training,pituitary,2,Training,pituitary,False,False
Training/pituitary/Tr-pi_230.jpg,c_1821,Training,pituitary,4,Training,pituitary,False,False
Training/pituitary/Tr-pi_232.jpg,c_1585,Training,pituitary,2,Training,pituitary,False,False
Training/pituitary/Tr-pi_399.jpg,c_1585,Training,pituitary,2,Training,pituitary,False,False
Training/pituitary/Tr-pi_233.jpg,c_1514,Training,pituitary,2,Training,pituitary,False,False
Training/pituitary/Tr-pi_284.jpg,c_1514,Training,pituitary,2,Training,pituitary,False,False
Training/pituitary/Tr-pi_236.jpg,c_1907,Training,pituitary,2,Training,pituitary,False,False
Training/pituitary/Tr-pi_839.jpg,c_1907,Training,pituitary,2,Training,pituitary,False,False
Training/pituitary/Tr-pi_238.jpg,c_1643,Training,pituitary,2,Training,pituitary,False,False
Training/pituitary/Tr-pi_493.jpg,c_1643,Training,pituitary,2,Training,pituitary,False,False
Training/pituitary/Tr-pi_239.jpg,c_1578,Training,pituitary,2,Training,pituitary,False,False
Training/pituitary/Tr-pi_386.jpg,c_1578,Training,pituitary,2,Training,pituitary,False,False
Training/pituitary/Tr-pi_24.jpg,c_1898,Training,pituitary,2,Training,pituitary,False,False
Training/pituitary/Tr-pi_827.jpg,c_1898,Training,pituitary,2,Training,pituitary,False,False
Training/pituitary/Tr-pi_242.jpg,c_1797,Training,pituitary,2,Training,pituitary,False,False
Training/pituitary/Tr-pi_706.jpg,c_1797,Training,pituitary,2,Training,pituitary,False,False
Training/pituitary/Tr-pi_245.jpg,c_1572,Training,pituitary,2,Training,pituitary,False,False
Training/pituitary/Tr-pi_371.jpg,c_1572,Training,pituitary,2,Training,pituitary,False,False
Training/pituitary/Tr-pi_246.jpg,c_2025,Training,pituitary,3,Training,pituitary,False,False
Training/pituitary/Tr-pi_698.jpg,c_2025,Training,pituitary,3,Training,pituitary,False,False
Training/pituitary/Tr-pi_969.jpg,c_2025,Training,pituitary,3,Training,pituitary,False,False
Training/pituitary/Tr-pi_247.jpg,c_1880,Training,pituitary,2,Training,pituitary,False,False
Training/pituitary/Tr-pi_802.jpg,c_1880,Training,pituitary,2,Training,pituitary,False,False
Training/pituitary/Tr-pi_249.jpg,c_1937,Training,pituitary,2,Training,pituitary,False,False
Training/pituitary/Tr-pi_875.jpg,c_1937,Training,pituitary,2,Training,pituitary,False,False
Training/pituitary/Tr-pi_250.jpg,c_1807,Training,pituitary,2,Training,pituitary,False,False
Training/pituitary/Tr-pi_716.jpg,c_1807,Training,pituitary,2,Training,pituitary,False,False
Training/pituitary/Tr-pi_253.jpg,c_1503,Training,pituitary,3,Training,pituitary,False,False
Training/pituitary/Tr-pi_966.jpg,c_1503,Training,pituitary,3,Training,pituitary,False,False
Training/pituitary/Tr-pi_260.jpg,c_1503,Training,pituitary,3,Training,pituitary,False,False
Training/pituitary/Tr-pi_254.jpg,c_2024,Training,pituitary,2,Training,pituitary,False,False
Training/pituitary/Tr-pi_968.jpg,c_2024,Training,pituitary,2,Training,pituitary,False,False
Training/pituitary/Tr-pi_255.jpg,c_1958,Training,pituitary,2,Training,pituitary,False,False
Training/pituitary/Tr-pi_899.jpg,c_1958,Training,pituitary,2,Training,pituitary,False,False
Training/pituitary/Tr-pi_256.jpg,c_1632,Training,pituitary,2,Training,pituitary,False,False
Training/pituitary/Tr-pi_477.jpg,c_1632,Training,pituitary,2,Training,pituitary,False,False
Training/pituitary/Tr-pi_257.jpg,c_1647,Training,pituitary,2,Training,pituitary,False,False
Training/pituitary/Tr-pi_497.jpg,c_1647,Training,pituitary,2,Training,pituitary,False,False
Training/pituitary/Tr-pi_26.jpg,c_1938,Training,pituitary,2,Training,pituitary,False,False
Training/pituitary/Tr-pi_876.jpg,c_1938,Training,pituitary,2,Training,pituitary,False,False
Training/pituitary/Tr-pi_262.jpg,c_1811,Training,pituitary,2,Training,pituitary,False,False
Training/pituitary/Tr-pi_720.jpg,c_1811,Training,pituitary,2,Training,pituitary,False,False
Training/pituitary/Tr-pi_263.jpg,c_1778,Training,pituitary,2,Training,pituitary,False,False
Training/pituitary/Tr-pi_682.jpg,c_1778,Training,pituitary,2,Training,pituitary,False,False
Training/pituitary/Tr-pi_264.jpg,c_1706,Training,pituitary,2,Training,pituitary,False,False
Training/pituitary/Tr-pi_592.jpg,c_1706,Training,pituitary,2,Training,pituitary,False,False
Training/pituitary/Tr-pi_265.jpg,c_1603,Training,pituitary,2,Training,pituitary,False,False
Training/pituitary/Tr-pi_427.jpg,c_1603,Training,pituitary,2,Training,pituitary,False,False
Training/pituitary/Tr-pi_266.jpg,c_1507,Training,pituitary,2,Training,pituitary,False,False
Training/pituitary/Tr-pi_269.jpg,c_1507,Training,pituitary,2,Training,pituitary,False,False
Training/pituitary/Tr-pi_27.jpg,c_1704,Training,pituitary,2,Training,pituitary,False,False
Training/pituitary/Tr-pi_59.jpg,c_1704,Training,pituitary,2,Training,pituitary,False,False
Training/pituitary/Tr-pi_270.jpg,c_1730,Training,pituitary,2,Training,pituitary,False,False
Training/pituitary/Tr-pi_619.jpg,c_1730,Training,pituitary,2,Training,pituitary,False,False
Training/pituitary/Tr-pi_272.jpg,c_1613,Training,pituitary,4,Training,pituitary,False,False
Training/pituitary/Tr-pi_789.jpg,c_1613,Training,pituitary,4,Training,pituitary,False,False
Training/pituitary/Tr-pi_762.jpg,c_1613,Training,pituitary,4,Training,pituitary,False,False
Training/pituitary/Tr-pi_444.jpg,c_1613,Training,pituitary,4,Training,pituitary,False,False
Training/pituitary/Tr-pi_273.jpg,c_1590,Training,pituitary,2,Training,pituitary,False,False
Training/pituitary/Tr-pi_403.jpg,c_1590,Training,pituitary,2,Training,pituitary,False,False
Training/pituitary/Tr-pi_275.jpg,c_1658,Training,pituitary,2,Training,pituitary,False,False
Training/pituitary/Tr-pi_520.jpg,c_1658,Training,pituitary,2,Training,pituitary,False,False
Training/pituitary/Tr-pi_279.jpg,c_1587,Training,pituitary,2,Training,pituitary,False,False
Training/pituitary/Tr-pi_40.jpg,c_1587,Training,pituitary,2,Training,pituitary,False,False
Training/pituitary/Tr-pi_28.jpg,c_1664,Training,pituitary,2,Training,pituitary,False,False
Training/pituitary/Tr-pi_529.jpg,c_1664,Training,pituitary,2,Training,pituitary,False,False
Training/pituitary/Tr-pi_280.jpg,c_1528,Training,pituitary,2,Training,pituitary,False,False
Training/pituitary/Tr-pi_302.jpg,c_1528,Training,pituitary,2,Training,pituitary,False,False
Training/pituitary/Tr-pi_286.jpg,c_1583,Training,pituitary,2,Training,pituitary,False,False
Training/pituitary/Tr-pi_397.jpg,c_1583,Training,pituitary,2,Training,pituitary,False,False
Training/pituitary/Tr-pi_287.jpg,c_1932,Training,pituitary,2,Training,pituitary,False,False
Training/pituitary/Tr-pi_869.jpg,c_1932,Training,pituitary,2,Training,pituitary,False,False
Training/pituitary/Tr-pi_289.jpg,c_1580,Training,pituitary,2,Training,pituitary,False,False
Training/pituitary/Tr-pi_391.jpg,c_1580,Training,pituitary,2,Training,pituitary,False,False
Training/pituitary/Tr-pi_299.jpg,c_2026,Training,pituitary,2,Training,pituitary,False,False
Training/pituitary/Tr-pi_97.jpg,c_2026,Training,pituitary,2,Training,pituitary,False,False
Training/pituitary/Tr-pi_30.jpg,c_1871,Training,pituitary,2,Training,pituitary,False,False
Training/pituitary/Tr-pi_794.jpg,c_1871,Training,pituitary,2,Training,pituitary,False,False
Training/pituitary/Tr-pi_300.jpg,c_1690,Training,pituitary,2,Training,pituitary,False,False
Training/pituitary/Tr-pi_568.jpg,c_1690,Training,pituitary,2,Training,pituitary,False,False
Training/pituitary/Tr-pi_304.jpg,c_1987,Training,pituitary,2,Training,pituitary,False,False
Training/pituitary/Tr-pi_927.jpg,c_1987,Training,pituitary,2,Training,pituitary,False,False
Training/pituitary/Tr-pi_309.jpg,c_1990,Training,pituitary,2,Training,pituitary,False,False
Training/pituitary/Tr-pi_93.jpg,c_1990,Training,pituitary,2,Training,pituitary,False,False
Training/pituitary/Tr-pi_311.jpg,c_1539,Training,pituitary,3,Training,pituitary,False,False
Training/pituitary/Tr-pi_611.jpg,c_1539,Training,pituitary,3,Training,pituitary,False,False
Training/pituitary/Tr-pi_320.jpg,c_1539,Training,pituitary,3,Training,pituitary,False,False
Training/pituitary/Tr-pi_312.jpg,c_1916,Training,pituitary,4,Testing|Training,pituitary,True,False
Training/pituitary/Tr-pi_317.jpg,c_1835,Training,pituitary,2,Training,pituitary,False,False
Training/pituitary/Tr-pi_751.jpg,c_1835,Training,pituitary,2,Training,pituitary,False,False
Training/pituitary/Tr-pi_319.jpg,c_1934,Training,pituitary,2,Training,pituitary,False,False
Training/pituitary/Tr-pi_870.jpg,c_1934,Training,pituitary,2,Training,pituitary,False,False
Training/pituitary/Tr-pi_323.jpg,c_1733,Training,pituitary,2,Training,pituitary,False,False
Training/pituitary/Tr-pi_621.jpg,c_1733,Training,pituitary,2,Training,pituitary,False,False
Training/pituitary/Tr-pi_326.jpg,c_1617,Training,pituitary,2,Training,pituitary,False,False
Training/pituitary/Tr-pi_456.jpg,c_1617,Training,pituitary,2,Training,pituitary,False,False
Training/pituitary/Tr-pi_328.jpg,c_1865,Training,pituitary,2,Training,pituitary,False,False
Training/pituitary/Tr-pi_788.jpg,c_1865,Training,pituitary,2,Training,pituitary,False,False
Training/pituitary/Tr-pi_330.jpg,c_1655,Training,pituitary,2,Training,pituitary,False,False
Training/pituitary/Tr-pi_516.jpg,c_1655,Training,pituitary,2,Training,pituitary,False,False
Training/pituitary/Tr-pi_332.jpg,c_1877,Training,pituitary,2,Training,pituitary,False,False
Training/pituitary/Tr-pi_80.jpg,c_1877,Training,pituitary,2,Training,pituitary,False,False
Training/pituitary/Tr-pi_335.jpg,c_1777,Training,pituitary,2,Training,pituitary,False,False
Training/pituitary/Tr-pi_679.jpg,c_1777,Training,pituitary,2,Training,pituitary,False,False
Training/pituitary/Tr-pi_336.jpg,c_1755,Training,pituitary,8,Testing|Training,pituitary,True,False
Training/pituitary/Tr-pi_337.jpg,c_2020,Training,pituitary,2,Training,pituitary,False,False
Training/pituitary/Tr-pi_963.jpg,c_2020,Training,pituitary,2,Training,pituitary,False,False
Training/pituitary/Tr-pi_341.jpg,c_1803,Training,pituitary,2,Training,pituitary,False,False
Training/pituitary/Tr-pi_712.jpg,c_1803,Training,pituitary,2,Training,pituitary,False,False
Training/pituitary/Tr-pi_343.jpg,c_1955,Training,pituitary,2,Training,pituitary,False,False
Training/pituitary/Tr-pi_894.jpg,c_1955,Training,pituitary,2,Training,pituitary,False,False
Training/pituitary/Tr-pi_346.jpg,c_1758,Training,pituitary,2,Training,pituitary,False,False
Training/pituitary/Tr-pi_655.jpg,c_1758,Training,pituitary,2,Training,pituitary,False,False
Training/pituitary/Tr-pi_347.jpg,c_1969,Training,pituitary,2,Training,pituitary,False,False
Training/pituitary/Tr-pi_908.jpg,c_1969,Training,pituitary,2,Training,pituitary,False,False
Training/pituitary/Tr-pi_351.jpg,c_1820,Training,pituitary,2,Training,pituitary,False,False
Training/pituitary/Tr-pi_729.jpg,c_1820,Training,pituitary,2,Training,pituitary,False,False
Training/pituitary/Tr-pi_356.jpg,c_1842,Training,pituitary,3,Training,pituitary,False,False
Training/pituitary/Tr-pi_77.jpg,c_1842,Training,pituitary,3,Training,pituitary,False,False
Training/pituitary/Tr-pi_759.jpg,c_1842,Training,pituitary,3,Training,pituitary,False,False
Training/pituitary/Tr-pi_359.jpg,c_1667,Training,pituitary,2,Training,pituitary,False,False
Training/pituitary/Tr-pi_532.jpg,c_1667,Training,pituitary,2,Training,pituitary,False,False
Training/pituitary/Tr-pi_360.jpg,c_1637,Training,pituitary,2,Training,pituitary,False,False
Training/pituitary/Tr-pi_485.jpg,c_1637,Training,pituitary,2,Training,pituitary,False,False
Training/pituitary/Tr-pi_362.jpg,c_1568,Training,pituitary,2,Training,pituitary,False,False
Training/pituitary/Tr-pi_368.jpg,c_1568,Training,pituitary,2,Training,pituitary,False,False
Training/pituitary/Tr-pi_372.jpg,c_1912,Training,pituitary,2,Training,pituitary,False,False
Training/pituitary/Tr-pi_845.jpg,c_1912,Training,pituitary,2,Training,pituitary,False,False
Training/pituitary/Tr-pi_375.jpg,c_2015,Training,pituitary,2,Training,pituitary,False,False
Training/pituitary/Tr-pi_957.jpg,c_2015,Training,pituitary,2,Training,pituitary,False,False
Training/pituitary/Tr-pi_38.jpg,c_1861,Training,pituitary,2,Training,pituitary,False,False
Training/pituitary/Tr-pi_783.jpg,c_1861,Training,pituitary,2,Training,pituitary,False,False
Training/pituitary/Tr-pi_381.jpg,c_1589,Training,pituitary,2,Training,pituitary,False,False
Training/pituitary/Tr-pi_402.jpg,c_1589,Training,pituitary,2,Training,pituitary,False,False
Training/pituitary/Tr-pi_383.jpg,c_1897,Training,pituitary,2,Training,pituitary,False,False
Training/pituitary/Tr-pi_826.jpg,c_1897,Training,pituitary,2,Training,pituitary,False,False
Training/pituitary/Tr-pi_385.jpg,c_1702,Training,pituitary,2,Training,pituitary,False,False
Training/pituitary/Tr-pi_584.jpg,c_1702,Training,pituitary,2,Training,pituitary,False,False
Training/pituitary/Tr-pi_388.jpg,c_1936,Training,pituitary,2,Training,pituitary,False,False
Training/pituitary/Tr-pi_872.jpg,c_1936,Training,pituitary,2,Training,pituitary,False,False
Training/pituitary/Tr-pi_389.jpg,c_1673,Training,pituitary,2,Training,pituitary,False,False
Training/pituitary/Tr-pi_544.jpg,c_1673,Training,pituitary,2,Training,pituitary,False,False
Training/pituitary/Tr-pi_390.jpg,c_1868,Training,pituitary,2,Training,pituitary,False,False
Training/pituitary/Tr-pi_791.jpg,c_1868,Training,pituitary,2,Training,pituitary,False,False
Training/pituitary/Tr-pi_395.jpg,c_1676,Training,pituitary,2,Training,pituitary,False,False
Training/pituitary/Tr-pi_547.jpg,c_1676,Training,pituitary,2,Training,pituitary,False,False
Training/pituitary/Tr-pi_401.jpg,c_1800,Training,pituitary,2,Training,pituitary,False,False
Training/pituitary/Tr-pi_71.jpg,c_1800,Training,pituitary,2,Training,pituitary,False,False
Training/pituitary/Tr-pi_408.jpg,c_1684,Training,pituitary,2,Training,pituitary,False,False
Training/pituitary/Tr-pi_557.jpg,c_1684,Training,pituitary,2,Training,pituitary,False,False
Training/pituitary/Tr-pi_411.jpg,c_1996,Training,pituitary,2,Training,pituitary,False,False
Training/pituitary/Tr-pi_938.jpg,c_1996,Training,pituitary,2,Training,pituitary,False,False
Training/pituitary/Tr-pi_413.jpg,c_1994,Training,pituitary,2,Training,pituitary,False,False
Training/pituitary/Tr-pi_935.jpg,c_1994,Training,pituitary,2,Training,pituitary,False,False
Training/pituitary/Tr-pi_414.jpg,c_2030,Training,pituitary,2,Training,pituitary,False,False
Training/pituitary/Tr-pi_973.jpg,c_2030,Training,pituitary,2,Training,pituitary,False,False
Training/pituitary/Tr-pi_416.jpg,c_1926,Training,pituitary,2,Training,pituitary,False,False
Training/pituitary/Tr-pi_859.jpg,c_1926,Training,pituitary,2,Training,pituitary,False,False
Training/pituitary/Tr-pi_417.jpg,c_1822,Training,pituitary,2,Training,pituitary,False,False
Training/pituitary/Tr-pi_734.jpg,c_1822,Training,pituitary,2,Training,pituitary,False,False
Training/pituitary/Tr-pi_419.jpg,c_1773,Training,pituitary,2,Training,pituitary,False,False
Training/pituitary/Tr-pi_674.jpg,c_1773,Training,pituitary,2,Training,pituitary,False,False
Training/pituitary/Tr-pi_42.jpg,c_1899,Training,pituitary,2,Training,pituitary,False,False
Training/pituitary/Tr-pi_828.jpg,c_1899,Training,pituitary,2,Training,pituitary,False,False
Training/pituitary/Tr-pi_421.jpg,c_1929,Training,pituitary,2,Training,pituitary,False,False
Training/pituitary/Tr-pi_862.jpg,c_1929,Training,pituitary,2,Training,pituitary,False,False
Training/pituitary/Tr-pi_422.jpg,c_1635,Training,pituitary,2,Training,pituitary,False,False
Training/pituitary/Tr-pi_483.jpg,c_1635,Training,pituitary,2,Training,pituitary,False,False
Training/pituitary/Tr-pi_426.jpg,c_2052,Training,pituitary,2,Training,pituitary,False,False
Training/pituitary/Tr-pi_999.jpg,c_2052,Training,pituitary,2,Training,pituitary,False,False
Training/pituitary/Tr-pi_428.jpg,c_1709,Training,pituitary,2,Training,pituitary,False,False
Training/pituitary/Tr-pi_596.jpg,c_1709,Training,pituitary,2,Training,pituitary,False,False
Training/pituitary/Tr-pi_43.jpg,c_1683,Training,pituitary,2,Training,pituitary,False,False
Training/pituitary/Tr-pi_556.jpg,c_1683,Training,pituitary,2,Training,pituitary,False,False
Training/pituitary/Tr-pi_431.jpg,c_2045,Training,pituitary,2,Training,pituitary,False,False
Training/pituitary/Tr-pi_990.jpg,c_2045,Training,pituitary,2,Training,pituitary,False,False
Training/pituitary/Tr-pi_437.jpg,c_1729,Training,pituitary,2,Training,pituitary,False,False
Training/pituitary/Tr-pi_618.jpg,c_1729,Training,pituitary,2,Training,pituitary,False,False
Training/pituitary/Tr-pi_439.jpg,c_1629,Training,pituitary,2,Training,pituitary,False,False
Training/pituitary/Tr-pi_472.jpg,c_1629,Training,pituitary,2,Training,pituitary,False,False
Training/pituitary/Tr-pi_440.jpg,c_1657,Training,pituitary,2,Training,pituitary,False,False
Training/pituitary/Tr-pi_52.jpg,c_1657,Training,pituitary,2,Training,pituitary,False,False
Training/pituitary/Tr-pi_446.jpg,c_1757,Training,pituitary,2,Training,pituitary,False,False
Training/pituitary/Tr-pi_653.jpg,c_1757,Training,pituitary,2,Training,pituitary,False,False
Training/pituitary/Tr-pi_447.jpg,c_1838,Training,pituitary,2,Training,pituitary,False,False
Training/pituitary/Tr-pi_754.jpg,c_1838,Training,pituitary,2,Training,pituitary,False,False
Training/pituitary/Tr-pi_450.jpg,c_1816,Training,pituitary,2,Training,pituitary,False,False
Training/pituitary/Tr-pi_725.jpg,c_1816,Training,pituitary,2,Training,pituitary,False,False
Training/pituitary/Tr-pi_453.jpg,c_1653,Training,pituitary,2,Training,pituitary,False,False
Training/pituitary/Tr-pi_51.jpg,c_1653,Training,pituitary,2,Training,pituitary,False,False
Training/pituitary/Tr-pi_455.jpg,c_1677,Training,pituitary,2,Training,pituitary,False,False
Training/pituitary/Tr-pi_548.jpg,c_1677,Training,pituitary,2,Training,pituitary,False,False
Training/pituitary/Tr-pi_465.jpg,c_1945,Training,pituitary,2,Training,pituitary,False,False
Training/pituitary/Tr-pi_882.jpg,c_1945,Training,pituitary,2,Training,pituitary,False,False
Training/pituitary/Tr-pi_466.jpg,c_1628,Training,pituitary,2,Training,pituitary,False,False
Training/pituitary/Tr-pi_471.jpg,c_1628,Training,pituitary,2,Training,pituitary,False,False
Training/pituitary/Tr-pi_470.jpg,c_1765,Training,pituitary,2,Training,pituitary,False,False
Training/pituitary/Tr-pi_666.jpg,c_1765,Training,pituitary,2,Training,pituitary,False,False
Training/pituitary/Tr-pi_475.jpg,c_1845,Training,pituitary,2,Training,pituitary,False,False
Training/pituitary/Tr-pi_761.jpg,c_1845,Training,pituitary,2,Training,pituitary,False,False
Training/pituitary/Tr-pi_479.jpg,c_1689,Training,pituitary,2,Training,pituitary,False,False
Training/pituitary/Tr-pi_567.jpg,c_1689,Training,pituitary,2,Training,pituitary,False,False
Training/pituitary/Tr-pi_48.jpg,c_1802,Training,pituitary,2,Training,pituitary,False,False
Training/pituitary/Tr-pi_711.jpg,c_1802,Training,pituitary,2,Training,pituitary,False,False
Training/pituitary/Tr-pi_481.jpg,c_2035,Training,pituitary,2,Training,pituitary,False,False
Training/pituitary/Tr-pi_98.jpg,c_2035,Training,pituitary,2,Training,pituitary,False,False
Training/pituitary/Tr-pi_482.jpg,c_1767,Training,pituitary,2,Training,pituitary,False,False
Training/pituitary/Tr-pi_669.jpg,c_1767,Training,pituitary,2,Training,pituitary,False,False
Training/pituitary/Tr-pi_486.jpg,c_1710,Training,pituitary,2,Training,pituitary,False,False
Training/pituitary/Tr-pi_597.jpg,c_1710,Training,pituitary,2,Training,pituitary,False,False
Training/pituitary/Tr-pi_503.jpg,c_1866,Training,pituitary,2,Training,pituitary,False,False
Training/pituitary/Tr-pi_79.jpg,c_1866,Training,pituitary,2,Training,pituitary,False,False
Training/pituitary/Tr-pi_505.jpg,c_1837,Training,pituitary,2,Training,pituitary,False,False
Training/pituitary/Tr-pi_753.jpg,c_1837,Training,pituitary,2,Training,pituitary,False,False
Training/pituitary/Tr-pi_508.jpg,c_2043,Training,pituitary,2,Training,pituitary,False,False
Training/pituitary/Tr-pi_989.jpg,c_2043,Training,pituitary,2,Training,pituitary,False,False
Training/pituitary/Tr-pi_509.jpg,c_1998,Training,pituitary,2,Training,pituitary,False,False
Training/pituitary/Tr-pi_94.jpg,c_1998,Training,pituitary,2,Training,pituitary,False,False
Training/pituitary/Tr-pi_512.jpg,c_1698,Training,pituitary,2,Training,pituitary,False,False
Training/pituitary/Tr-pi_58.jpg,c_1698,Training,pituitary,2,Training,pituitary,False,False
Training/pituitary/Tr-pi_518.jpg,c_1918,Training,pituitary,2,Training,pituitary,False,False
Training/pituitary/Tr-pi_850.jpg,c_1918,Training,pituitary,2,Training,pituitary,False,False
Training/pituitary/Tr-pi_519.jpg,c_1840,Training,pituitary,4,Training,pituitary,False,False
Training/pituitary/Tr-pi_527.jpg,c_1873,Training,pituitary,2,Training,pituitary,False,False
Training/pituitary/Tr-pi_797.jpg,c_1873,Training,pituitary,2,Training,pituitary,False,False
Training/pituitary/Tr-pi_531.jpg,c_1738,Training,pituitary,2,Training,pituitary,False,False
Training/pituitary/Tr-pi_629.jpg,c_1738,Training,pituitary,2,Training,pituitary,False,False
Training/pituitary/Tr-pi_533.jpg,c_1806,Training,pituitary,2,Training,pituitary,False,False
Training/pituitary/Tr-pi_715.jpg,c_1806,Training,pituitary,2,Training,pituitary,False,False
Training/pituitary/Tr-pi_536.jpg,c_1914,Training,pituitary,2,Training,pituitary,False,False
Training/pituitary/Tr-pi_847.jpg,c_1914,Training,pituitary,2,Training,pituitary,False,False
Training/pituitary/Tr-pi_537.jpg,c_1876,Training,pituitary,2,Training,pituitary,False,False
Training/pituitary/Tr-pi_8.jpg,c_1876,Training,pituitary,2,Training,pituitary,False,False
Training/pituitary/Tr-pi_540.jpg,c_1734,Training,pituitary,2,Training,pituitary,False,False
Training/pituitary/Tr-pi_622.jpg,c_1734,Training,pituitary,2,Training,pituitary,False,False
Training/pituitary/Tr-pi_541.jpg,c_2018,Training,pituitary,2,Training,pituitary,False,False
Training/pituitary/Tr-pi_960.jpg,c_2018,Training,pituitary,2,Training,pituitary,False,False
Training/pituitary/Tr-pi_542.jpg,c_1924,Training,pituitary,2,Training,pituitary,False,False
Training/pituitary/Tr-pi_857.jpg,c_1924,Training,pituitary,2,Training,pituitary,False,False
Training/pituitary/Tr-pi_549.jpg,c_1794,Training,pituitary,4,Training,pituitary,False,False
Training/pituitary/Tr-pi_551.jpg,c_1723,Training,pituitary,2,Training,pituitary,False,False
Training/pituitary/Tr-pi_610.jpg,c_1723,Training,pituitary,2,Training,pituitary,False,False
Training/pituitary/Tr-pi_554.jpg,c_1818,Training,pituitary,2,Training,pituitary,False,False
Training/pituitary/Tr-pi_727.jpg,c_1818,Training,pituitary,2,Training,pituitary,False,False
Training/pituitary/Tr-pi_56.jpg,c_1755,Training,pituitary,8,Testing|Training,pituitary,True,False
Training/pituitary/Tr-pi_560.jpg,c_1819,Training,pituitary,2,Training,pituitary,False,False
Training/pituitary/Tr-pi_728.jpg,c_1819,Training,pituitary,2,Training,pituitary,False,False
Training/pituitary/Tr-pi_561.jpg,c_1736,Training,pituitary,2,Training,pituitary,False,False
Training/pituitary/Tr-pi_627.jpg,c_1736,Training,pituitary,2,Training,pituitary,False,False
Training/pituitary/Tr-pi_569.jpg,c_1703,Training,pituitary,2,Training,pituitary,False,False
Training/pituitary/Tr-pi_587.jpg,c_1703,Training,pituitary,2,Training,pituitary,False,False
Training/pituitary/Tr-pi_576.jpg,c_2002,Training,pituitary,2,Training,pituitary,False,False
Training/pituitary/Tr-pi_944.jpg,c_2002,Training,pituitary,2,Training,pituitary,False,False
Training/pituitary/Tr-pi_577.jpg,c_1784,Training,pituitary,2,Training,pituitary,False,False
Training/pituitary/Tr-pi_69.jpg,c_1784,Training,pituitary,2,Training,pituitary,False,False
Training/pituitary/Tr-pi_585.jpg,c_1952,Training,pituitary,2,Training,pituitary,False,False
Training/pituitary/Tr-pi_890.jpg,c_1952,Training,pituitary,2,Training,pituitary,False,False
Training/pituitary/Tr-pi_588.jpg,c_1904,Training,pituitary,2,Training,pituitary,False,False
Training/pituitary/Tr-pi_836.jpg,c_1904,Training,pituitary,2,Training,pituitary,False,False
Training/pituitary/Tr-pi_589.jpg,c_1771,Training,pituitary,2,Training,pituitary,False,False
Training/pituitary/Tr-pi_672.jpg,c_1771,Training,pituitary,2,Training,pituitary,False,False
Training/pituitary/Tr-pi_591.jpg,c_1708,Training,pituitary,2,Training,pituitary,False,False
Training/pituitary/Tr-pi_595.jpg,c_1708,Training,pituitary,2,Training,pituitary,False,False
Training/pituitary/Tr-pi_60.jpg,c_2010,Training,pituitary,2,Training,pituitary,False,False
Training/pituitary/Tr-pi_952.jpg,c_2010,Training,pituitary,2,Training,pituitary,False,False
Training/pituitary/Tr-pi_604.jpg,c_1742,Training,pituitary,2,Training,pituitary,False,False
Training/pituitary/Tr-pi_636.jpg,c_1742,Training,pituitary,2,Training,pituitary,False,False
Training/pituitary/Tr-pi_615.jpg,c_1751,Training,pituitary,2,Training,pituitary,False,False
Training/pituitary/Tr-pi_646.jpg,c_1751,Training,pituitary,2,Training,pituitary,False,False
Training/pituitary/Tr-pi_623.jpg,c_2031,Training,pituitary,2,Training,pituitary,False,False
Training/pituitary/Tr-pi_976.jpg,c_2031,Training,pituitary,2,Training,pituitary,False,False
Training/pituitary/Tr-pi_630.jpg,c_1891,Training,pituitary,2,Training,pituitary,False,False
Training/pituitary/Tr-pi_82.jpg,c_1891,Training,pituitary,2,Training,pituitary,False,False
Training/pituitary/Tr-pi_635.jpg,c_1769,Training,pituitary,2,Training,pituitary,False,False
Training/pituitary/Tr-pi_670.jpg,c_1769,Training,pituitary,2,Training,pituitary,False,False
Training/pituitary/Tr-pi_639.jpg,c_1764,Training,pituitary,2,Training,pituitary,False,False
Training/pituitary/Tr-pi_665.jpg,c_1764,Training,pituitary,2,Training,pituitary,False,False
Training/pituitary/Tr-pi_645.jpg,c_1961,Training,pituitary,2,Training,pituitary,False,False
Training/pituitary/Tr-pi_900.jpg,c_1961,Training,pituitary,2,Training,pituitary,False,False
Training/pituitary/Tr-pi_65.jpg,c_1851,Training,pituitary,2,Training,pituitary,False,False
Training/pituitary/Tr-pi_768.jpg,c_1851,Training,pituitary,2,Training,pituitary,False,False
Training/pituitary/Tr-pi_654.jpg,c_1922,Training,pituitary,2,Training,pituitary,False,False
Training/pituitary/Tr-pi_855.jpg,c_1922,Training,pituitary,2,Training,pituitary,False,False
Training/pituitary/Tr-pi_658.jpg,c_1788,Training,pituitary,2,Training,pituitary,False,False
Training/pituitary/Tr-pi_695.jpg,c_1788,Training,pituitary,2,Training,pituitary,False,False
Training/pituitary/Tr-pi_661.jpg,c_1935,Training,pituitary,2,Training,pituitary,False,False
Training/pituitary/Tr-pi_871.jpg,c_1935,Training,pituitary,2,Training,pituitary,False,False
Training/pituitary/Tr-pi_664.jpg,c_1776,Training,pituitary,2,Training,pituitary,False,False
Training/pituitary/Tr-pi_678.jpg,c_1776,Training,pituitary,2,Training,pituitary,False,False
Training/pituitary/Tr-pi_667.jpg,c_1931,Training,pituitary,2,Training,pituitary,False,False
Training/pituitary/Tr-pi_868.jpg,c_1931,Training,pituitary,2,Training,pituitary,False,False
Training/pituitary/Tr-pi_675.jpg,c_1942,Training,pituitary,2,Training,pituitary,False,False
Training/pituitary/Tr-pi_88.jpg,c_1942,Training,pituitary,2,Training,pituitary,False,False
Training/pituitary/Tr-pi_680.jpg,c_1810,Training,pituitary,2,Training,pituitary,False,False
Training/pituitary/Tr-pi_72.jpg,c_1810,Training,pituitary,2,Training,pituitary,False,False
Training/pituitary/Tr-pi_703.jpg,c_1984,Training,pituitary,2,Training,pituitary,False,False
Training/pituitary/Tr-pi_924.jpg,c_1984,Training,pituitary,2,Training,pituitary,False,False
Training/pituitary/Tr-pi_705.jpg,c_1813,Training,pituitary,2,Training,pituitary,False,False
Training/pituitary/Tr-pi_722.jpg,c_1813,Training,pituitary,2,Training,pituitary,False,False
Training/pituitary/Tr-pi_730.jpg,c_1915,Training,pituitary,2,Training,pituitary,False,False
Training/pituitary/Tr-pi_848.jpg,c_1915,Training,pituitary,2,Training,pituitary,False,False
Training/pituitary/Tr-pi_732.jpg,c_2019,Training,pituitary,2,Training,pituitary,False,False
Training/pituitary/Tr-pi_961.jpg,c_2019,Training,pituitary,2,Training,pituitary,False,False
Training/pituitary/Tr-pi_74.jpg,c_2004,Training,pituitary,2,Training,pituitary,False,False
Training/pituitary/Tr-pi_946.jpg,c_2004,Training,pituitary,2,Training,pituitary,False,False
Training/pituitary/Tr-pi_745.jpg,c_1884,Training,pituitary,2,Training,pituitary,False,False
Training/pituitary/Tr-pi_811.jpg,c_1884,Training,pituitary,2,Training,pituitary,False,False
Training/pituitary/Tr-pi_756.jpg,c_2012,Training,pituitary,2,Training,pituitary,False,False
Training/pituitary/Tr-pi_954.jpg,c_2012,Training,pituitary,2,Training,pituitary,False,False
Training/pituitary/Tr-pi_775.jpg,c_1864,Training,pituitary,2,Training,pituitary,False,False
Training/pituitary/Tr-pi_786.jpg,c_1864,Training,pituitary,2,Training,pituitary,False,False
Training/pituitary/Tr-pi_779.jpg,c_2021,Training,pituitary,2,Training,pituitary,False,False
Training/pituitary/Tr-pi_964.jpg,c_2021,Training,pituitary,2,Training,pituitary,False,False
Training/pituitary/Tr-pi_780.jpg,c_1933,Training,pituitary,2,Training,pituitary,False,False
Training/pituitary/Tr-pi_87.jpg,c_1933,Training,pituitary,2,Training,pituitary,False,False
Training/pituitary/Tr-pi_781.jpg,c_1960,Training,pituitary,2,Training,pituitary,False,False
Training/pituitary/Tr-pi_90.jpg,c_1960,Training,pituitary,2,Training,pituitary,False,False
Training/pituitary/Tr-pi_805.jpg,c_1940,Training,pituitary,2,Training,pituitary,False,False
Training/pituitary/Tr-pi_878.jpg,c_1940,Training,pituitary,2,Training,pituitary,False,False
Training/pituitary/Tr-pi_807.jpg,c_1919,Training,pituitary,2,Training,pituitary,False,False
Training/pituitary/Tr-pi_851.jpg,c_1919,Training,pituitary,2,Training,pituitary,False,False
Training/pituitary/Tr-pi_81.jpg,c_1948,Training,pituitary,2,Training,pituitary,False,False
Training/pituitary/Tr-pi_887.jpg,c_1948,Training,pituitary,2,Training,pituitary,False,False
Training/pituitary/Tr-pi_810.jpg,c_1908,Training,pituitary,2,Training,pituitary,False,False
Training/pituitary/Tr-pi_84.jpg,c_1908,Training,pituitary,2,Training,pituitary,False,False
Training/pituitary/Tr-pi_830.jpg,c_1977,Training,pituitary,2,Training,pituitary,False,False
Training/pituitary/Tr-pi_916.jpg,c_1977,Training,pituitary,2,Training,pituitary,False,False
Training/pituitary/Tr-pi_835.jpg,c_1923,Training,pituitary,2,Training,pituitary,False,False
Training/pituitary/Tr-pi_856.jpg,c_1923,Training,pituitary,2,Training,pituitary,False,False
Training/pituitary/Tr-pi_840.jpg,c_1957,Training,pituitary,2,Training,pituitary,False,False
Training/pituitary/Tr-pi_898.jpg,c_1957,Training,pituitary,2,Training,pituitary,False,False
Training/pituitary/Tr-pi_86.jpg,c_2001,Training,pituitary,2,Training,pituitary,False,False
Training/pituitary/Tr-pi_942.jpg,c_2001,Training,pituitary,2,Training,pituitary,False,False
Training/pituitary/Tr-pi_864.jpg,c_2033,Training,pituitary,2,Training,pituitary,False,False
Training/pituitary/Tr-pi_978.jpg,c_2033,Training,pituitary,2,Training,pituitary,False,False
Training/pituitary/Tr-pi_866.jpg,c_1989,Training,pituitary,2,Training,pituitary,False,False
Training/pituitary/Tr-pi_929.jpg,c_1989,Training,pituitary,2,Training,pituitary,False,False
Training/pituitary/Tr-pi_873.jpg,c_1959,Training,pituitary,2,Training,pituitary,False,False
Training/pituitary/Tr-pi_9.jpg,c_1959,Training,pituitary,2,Training,pituitary,False,False
Training/pituitary/Tr-pi_874.jpg,c_2006,Training,pituitary,2,Training,pituitary,False,False
Training/pituitary/Tr-pi_948.jpg,c_2006,Training,pituitary,2,Training,pituitary,False,False
Training/pituitary/Tr-pi_893.jpg,c_1964,Training,pituitary,4,Testing|Training,pituitary,True,False
Training/pituitary/Tr-pi_912.jpg,c_2044,Training,pituitary,2,Training,pituitary,False,False
Training/pituitary/Tr-pi_99.jpg,c_2044,Training,pituitary,2,Training,pituitary,False,False
Training/pituitary/Tr-pi_918.jpg,c_2037,Training,pituitary,2,Training,pituitary,False,False
Training/pituitary/Tr-pi_981.jpg,c_2037,Training,pituitary,2,Training,pituitary,False,False
Training/pituitary/Tr-pi_92.jpg,c_2016,Training,pituitary,2,Training,pituitary,False,False
Training/pituitary/Tr-pi_958.jpg,c_2016,Training,pituitary,2,Training,pituitary,False,False
Training/pituitary/Tr-pi_930.jpg,c_2028,Training,pituitary,2,Training,pituitary,False,False
Training/pituitary/Tr-pi_971.jpg,c_2028,Training,pituitary,2,Training,pituitary,False,False
Training/pituitary/Tr-pi_931.jpg,c_1999,Training,pituitary,2,Training,pituitary,False,False
Training/pituitary/Tr-pi_940.jpg,c_1999,Training,pituitary,2,Training,pituitary,False,False
Training/pituitary/Tr-pi_974.jpg,c_2032,Training,pituitary,2,Training,pituitary,False,False
Training/pituitary/Tr-pi_977.jpg,c_2032,Training,pituitary,2,Training,pituitary,False,False
Training/pituitary/Tr-pi_975.jpg,c_2051,Training,pituitary,2,Training,pituitary,False,False
Training/pituitary/Tr-pi_997.jpg,c_2051,Training,pituitary,2,Training,pituitary,False,False
